,user_id,name,property_id,month,payment_date,payment_amount,monthly_rent,paid
0,1,George Mcdaniel,3659ee5e-f7fe-447b-92a5-5e3310040c4e,2024-01,2024-01-12,25795.0,25795,True
1,1,George Mcdaniel,3659ee5e-f7fe-447b-92a5-5e3310040c4e,2024-02,2024-02-17,19952.09,25795,True
2,1,George Mcdaniel,3659ee5e-f7fe-447b-92a5-5e3310040c4e,2024-02,2024-02-28,5842.91,25795,True
3,1,George Mcdaniel,3659ee5e-f7fe-447b-92a5-5e3310040c4e,2024-03,2024-03-04,25795.0,25795,True
4,1,George Mcdaniel,3659ee5e-f7fe-447b-92a5-5e3310040c4e,2024-04,2024-04-09,9896.81,25795,True
5,1,George Mcdaniel,3659ee5e-f7fe-447b-92a5-5e3310040c4e,2024-04,2024-04-18,5700.43,25795,True
6,1,George Mcdaniel,3659ee5e-f7fe-447b-92a5-5e3310040c4e,2024-04,2024-04-25,10197.76,25795,True
7,1,George Mcdaniel,3659ee5e-f7fe-447b-92a5-5e3310040c4e,2024-05,2024-05-06,761.03,25795,True
8,1,George Mcdaniel,3659ee5e-f7fe-447b-92a5-5e3310040c4e,2024-05,2024-05-09,22866.79,25795,True
9,1,George Mcdaniel,3659ee5e-f7fe-447b-92a5-5e3310040c4e,2024-05,2024-05-19,2167.18,25795,True
10,1,George Mcdaniel,3659ee5e-f7fe-447b-92a5-5e3310040c4e,2024-06,2024-06-15,25795.0,25795,True
11,2,Jamie Jones,9512dc7e-13b8-44ed-bdeb-e795538c7d58,2024-01,2024-01-04,2630.98,10860,True
12,2,Jamie Jones,9512dc7e-13b8-44ed-bdeb-e795538c7d58,2024-01,2024-01-15,3378.96,10860,True
13,2,Jamie Jones,9512dc7e-13b8-44ed-bdeb-e795538c7d58,2024-01,2024-01-26,4850.06,10860,True
14,2,Jamie Jones,9512dc7e-13b8-44ed-bdeb-e795538c7d58,2024-02,2024-02-06,10860.0,10860,True
15,2,Jamie Jones,9512dc7e-13b8-44ed-bdeb-e795538c7d58,2024-03,2024-03-06,10860.0,10860,True
16,2,Jamie Jones,9512dc7e-13b8-44ed-bdeb-e795538c7d58,2024-04,2024-04-22,10860.0,10860,True
17,2,Jamie Jones,9512dc7e-13b8-44ed-bdeb-e795538c7d58,2024-05,2024-05-06,1171.06,10860,True
18,2,Jamie Jones,9512dc7e-13b8-44ed-bdeb-e795538c7d58,2024-05,2024-05-10,601.75,10860,True
19,2,Jamie Jones,9512dc7e-13b8-44ed-bdeb-e795538c7d58,2024-05,2024-05-12,9087.2,10860,True
20,2,Jamie Jones,9512dc7e-13b8-44ed-bdeb-e795538c7d58,2024-06,2024-06-22,10860.0,10860,True
21,3,Kathy Case,7251635b-599d-40ce-a6db-453a5dbd6cb8,2024-01,2024-01-20,48158.0,48158,True
22,3,Kathy Case,7251635b-599d-40ce-a6db-453a5dbd6cb8,2024-02,2024-02-08,40724.52,48158,True
23,3,Kathy Case,7251635b-599d-40ce-a6db-453a5dbd6cb8,2024-02,2024-02-26,7433.48,48158,True
24,3,Kathy Case,7251635b-599d-40ce-a6db-453a5dbd6cb8,2024-03,2024-03-07,39456.78,48158,True
25,3,Kathy Case,7251635b-599d-40ce-a6db-453a5dbd6cb8,2024-03,2024-03-09,6669.48,48158,True
26,3,Kathy Case,7251635b-599d-40ce-a6db-453a5dbd6cb8,2024-03,2024-03-18,2031.74,48158,True
27,3,Kathy Case,7251635b-599d-40ce-a6db-453a5dbd6cb8,2024-04,2024-04-14,48158.0,48158,True
28,3,Kathy Case,7251635b-599d-40ce-a6db-453a5dbd6cb8,2024-05,2024-05-06,48158.0,48158,True
29,3,Kathy Case,7251635b-599d-40ce-a6db-453a5dbd6cb8,2024-06,2024-06-13,48158.0,48158,True
30,4,Tina Hawkins,51bff8b2-d30f-4f5e-b445-d398be7d8cf9,2024-01,2024-01-15,12122.4,21284,True
31,4,Tina Hawkins,51bff8b2-d30f-4f5e-b445-d398be7d8cf9,2024-01,2024-01-18,9161.6,21284,True
32,4,Tina Hawkins,51bff8b2-d30f-4f5e-b445-d398be7d8cf9,2024-02,2024-02-07,21284.0,21284,True
33,4,Tina Hawkins,51bff8b2-d30f-4f5e-b445-d398be7d8cf9,2024-03,2024-03-16,2676.94,21284,True
34,4,Tina Hawkins,51bff8b2-d30f-4f5e-b445-d398be7d8cf9,2024-03,2024-03-25,18607.06,21284,True
35,4,Tina Hawkins,51bff8b2-d30f-4f5e-b445-d398be7d8cf9,2024-04,2024-04-19,4940.56,21284,True
36,4,Tina Hawkins,51bff8b2-d30f-4f5e-b445-d398be7d8cf9,2024-04,2024-04-23,16343.44,21284,True
37,4,Tina Hawkins,51bff8b2-d30f-4f5e-b445-d398be7d8cf9,2024-05,2024-05-08,21284.0,21284,True
38,4,Tina Hawkins,51bff8b2-d30f-4f5e-b445-d398be7d8cf9,2024-06,2024-06-08,19555.68,21284,True
39,4,Tina Hawkins,51bff8b2-d30f-4f5e-b445-d398be7d8cf9,2024-06,2024-06-19,1728.32,21284,True
40,5,James Rodriguez,fe309761-1168-4191-b133-700adcd645e8,2024-01,2024-01-17,14410.95,16265,True
41,5,James Rodriguez,fe309761-1168-4191-b133-700adcd645e8,2024-01,2024-01-27,1854.05,16265,True
42,5,James Rodriguez,fe309761-1168-4191-b133-700adcd645e8,2024-02,2024-02-21,16265.0,16265,True
43,5,James Rodriguez,fe309761-1168-4191-b133-700adcd645e8,2024-03,2024-03-02,15120.93,16265,True
44,5,James Rodriguez,fe309761-1168-4191-b133-700adcd645e8,2024-03,2024-03-24,1144.07,16265,True
45,5,James Rodriguez,fe309761-1168-4191-b133-700adcd645e8,2024-04,2024-04-02,16265.0,16265,True
46,5,James Rodriguez,fe309761-1168-4191-b133-700adcd645e8,2024-05,2024-05-25,16265.0,16265,True
47,5,James Rodriguez,fe309761-1168-4191-b133-700adcd645e8,2024-06,2024-06-11,9115.02,16265,True
48,5,James Rodriguez,fe309761-1168-4191-b133-700adcd645e8,2024-06,2024-06-22,7149.98,16265,True
49,6,Gary Boone,88d90c69-0673-4f69-b018-1b3d56504320,2024-01,2024-01-12,5344.64,26850,True
50,6,Gary Boone,88d90c69-0673-4f69-b018-1b3d56504320,2024-01,2024-01-21,21505.36,26850,True
51,6,Gary Boone,88d90c69-0673-4f69-b018-1b3d56504320,2024-02,2024-02-14,5241.44,26850,True
52,6,Gary Boone,88d90c69-0673-4f69-b018-1b3d56504320,2024-02,2024-02-17,3149.3,26850,True
53,6,Gary Boone,88d90c69-0673-4f69-b018-1b3d56504320,2024-02,2024-02-25,18459.26,26850,True
54,6,Gary Boone,88d90c69-0673-4f69-b018-1b3d56504320,2024-03,2024-03-04,26850.0,26850,True
55,6,Gary Boone,88d90c69-0673-4f69-b018-1b3d56504320,2024-04,2024-04-02,6199.13,26850,True
56,6,Gary Boone,88d90c69-0673-4f69-b018-1b3d56504320,2024-04,2024-04-26,20650.87,26850,True
57,6,Gary Boone,88d90c69-0673-4f69-b018-1b3d56504320,2024-05,2024-05-15,26850.0,26850,True
58,6,Gary Boone,88d90c69-0673-4f69-b018-1b3d56504320,2024-06,2024-06-03,4854.18,26850,True
59,6,Gary Boone,88d90c69-0673-4f69-b018-1b3d56504320,2024-06,2024-06-06,978.91,26850,True
60,6,Gary Boone,88d90c69-0673-4f69-b018-1b3d56504320,2024-06,2024-06-18,21016.91,26850,True
61,7,James Carey,b1f1067d-1a40-424a-9405-033d46ee3b1c,2024-01,2024-01-05,3728.64,47194,True
62,7,James Carey,b1f1067d-1a40-424a-9405-033d46ee3b1c,2024-01,2024-01-19,18613.15,47194,True
63,7,James Carey,b1f1067d-1a40-424a-9405-033d46ee3b1c,2024-01,2024-01-22,24852.21,47194,True
64,7,James Carey,b1f1067d-1a40-424a-9405-033d46ee3b1c,2024-02,2024-02-06,4875.29,47194,True
65,7,James Carey,b1f1067d-1a40-424a-9405-033d46ee3b1c,2024-02,2024-02-07,29877.36,47194,True
66,7,James Carey,b1f1067d-1a40-424a-9405-033d46ee3b1c,2024-02,2024-02-27,12441.35,47194,True
67,7,James Carey,b1f1067d-1a40-424a-9405-033d46ee3b1c,2024-03,2024-03-06,29145.3,47194,True
68,7,James Carey,b1f1067d-1a40-424a-9405-033d46ee3b1c,2024-03,2024-03-10,18048.7,47194,True
69,7,James Carey,b1f1067d-1a40-424a-9405-033d46ee3b1c,2024-04,2024-04-07,47194.0,47194,True
70,7,James Carey,b1f1067d-1a40-424a-9405-033d46ee3b1c,2024-05,2024-05-15,16506.62,47194,True
71,7,James Carey,b1f1067d-1a40-424a-9405-033d46ee3b1c,2024-05,2024-05-20,25193.86,47194,True
72,7,James Carey,b1f1067d-1a40-424a-9405-033d46ee3b1c,2024-05,2024-05-26,5493.52,47194,True
73,7,James Carey,b1f1067d-1a40-424a-9405-033d46ee3b1c,2024-06,2024-06-12,39976.7,47194,True
74,7,James Carey,b1f1067d-1a40-424a-9405-033d46ee3b1c,2024-06,2024-06-25,7217.3,47194,True
75,8,Diana English,86fe8dfc-c8f1-448e-80d4-ba5f5af7160a,2024-01,2024-01-09,31962.0,31962,True
76,8,Diana English,86fe8dfc-c8f1-448e-80d4-ba5f5af7160a,2024-02,2024-02-08,15870.61,31962,True
77,8,Diana English,86fe8dfc-c8f1-448e-80d4-ba5f5af7160a,2024-02,2024-02-27,16091.39,31962,True
78,8,Diana English,86fe8dfc-c8f1-448e-80d4-ba5f5af7160a,2024-03,2024-03-10,3838.72,31962,True
79,8,Diana English,86fe8dfc-c8f1-448e-80d4-ba5f5af7160a,2024-03,2024-03-21,6001.27,31962,True
80,8,Diana English,86fe8dfc-c8f1-448e-80d4-ba5f5af7160a,2024-03,2024-03-23,22122.02,31962,True
81,8,Diana English,86fe8dfc-c8f1-448e-80d4-ba5f5af7160a,2024-04,2024-04-02,13348.18,31962,True
82,8,Diana English,86fe8dfc-c8f1-448e-80d4-ba5f5af7160a,2024-04,2024-04-15,3566.27,31962,True
83,8,Diana English,86fe8dfc-c8f1-448e-80d4-ba5f5af7160a,2024-04,2024-04-22,15047.55,31962,True
84,8,Diana English,86fe8dfc-c8f1-448e-80d4-ba5f5af7160a,2024-05,2024-05-08,16274.31,31962,True
85,8,Diana English,86fe8dfc-c8f1-448e-80d4-ba5f5af7160a,2024-05,2024-05-09,9128.56,31962,True
86,8,Diana English,86fe8dfc-c8f1-448e-80d4-ba5f5af7160a,2024-05,2024-05-18,6559.13,31962,True
87,8,Diana English,86fe8dfc-c8f1-448e-80d4-ba5f5af7160a,2024-06,2024-06-02,2540.65,31962,True
88,8,Diana English,86fe8dfc-c8f1-448e-80d4-ba5f5af7160a,2024-06,2024-06-22,29421.35,31962,True
89,9,James Contreras,61d9b513-8ea8-4399-bc39-b0193642dbe5,2024-01,2024-01-13,21831.05,26023,False
90,9,James Contreras,61d9b513-8ea8-4399-bc39-b0193642dbe5,2024-01,2024-01-17,2004.72,26023,False
91,9,James Contreras,61d9b513-8ea8-4399-bc39-b0193642dbe5,2024-01,2024-01-23,2187.22,26023,False
92,9,James Contreras,61d9b513-8ea8-4399-bc39-b0193642dbe5,2024-02,2024-02-24,13721.73,26023,True
93,9,James Contreras,61d9b513-8ea8-4399-bc39-b0193642dbe5,2024-02,2024-02-28,12301.27,26023,True
94,9,James Contreras,61d9b513-8ea8-4399-bc39-b0193642dbe5,2024-03,2024-03-25,26023.0,26023,True
95,9,James Contreras,61d9b513-8ea8-4399-bc39-b0193642dbe5,2024-04,2024-04-08,26023.0,26023,True
96,9,James Contreras,61d9b513-8ea8-4399-bc39-b0193642dbe5,2024-05,2024-05-15,13687.13,26023,True
97,9,James Contreras,61d9b513-8ea8-4399-bc39-b0193642dbe5,2024-05,2024-05-18,3949.13,26023,True
98,9,James Contreras,61d9b513-8ea8-4399-bc39-b0193642dbe5,2024-05,2024-05-22,8386.75,26023,True
99,9,James Contreras,61d9b513-8ea8-4399-bc39-b0193642dbe5,2024-06,2024-06-07,11401.73,26023,True
100,9,James Contreras,61d9b513-8ea8-4399-bc39-b0193642dbe5,2024-06,2024-06-18,7664.56,26023,True
101,9,James Contreras,61d9b513-8ea8-4399-bc39-b0193642dbe5,2024-06,2024-06-27,6956.71,26023,True
102,10,Anna Mahoney,813633c9-f261-48fe-a029-1858b0ae0691,2024-01,2024-01-02,9962.7,11685,True
103,10,Anna Mahoney,813633c9-f261-48fe-a029-1858b0ae0691,2024-01,2024-01-12,1722.3,11685,True
104,10,Anna Mahoney,813633c9-f261-48fe-a029-1858b0ae0691,2024-02,2024-02-06,3269.42,11685,True
105,10,Anna Mahoney,813633c9-f261-48fe-a029-1858b0ae0691,2024-02,2024-02-09,2472.2,11685,True
106,10,Anna Mahoney,813633c9-f261-48fe-a029-1858b0ae0691,2024-02,2024-02-16,5943.38,11685,True
107,10,Anna Mahoney,813633c9-f261-48fe-a029-1858b0ae0691,2024-03,2024-03-14,3640.27,11685,False
108,10,Anna Mahoney,813633c9-f261-48fe-a029-1858b0ae0691,2024-03,2024-03-20,1165.75,11685,False
109,10,Anna Mahoney,813633c9-f261-48fe-a029-1858b0ae0691,2024-03,2024-03-25,6878.97,11685,False
110,10,Anna Mahoney,813633c9-f261-48fe-a029-1858b0ae0691,2024-04,2024-04-11,4207.86,11685,True
111,10,Anna Mahoney,813633c9-f261-48fe-a029-1858b0ae0691,2024-04,2024-04-21,7256.08,11685,True
112,10,Anna Mahoney,813633c9-f261-48fe-a029-1858b0ae0691,2024-04,2024-04-28,221.06,11685,True
113,10,Anna Mahoney,813633c9-f261-48fe-a029-1858b0ae0691,2024-05,2024-05-13,6489.96,11685,True
114,10,Anna Mahoney,813633c9-f261-48fe-a029-1858b0ae0691,2024-05,2024-05-26,5195.04,11685,True
115,10,Anna Mahoney,813633c9-f261-48fe-a029-1858b0ae0691,2024-06,2024-06-09,3326.35,11685,True
116,10,Anna Mahoney,813633c9-f261-48fe-a029-1858b0ae0691,2024-06,2024-06-10,7388.68,11685,True
117,10,Anna Mahoney,813633c9-f261-48fe-a029-1858b0ae0691,2024-06,2024-06-17,969.97,11685,True
118,11,Todd Rivas,df668b6c-522c-4248-a995-4fb86488e765,2024-01,2024-01-04,5454.35,10769,True
119,11,Todd Rivas,df668b6c-522c-4248-a995-4fb86488e765,2024-01,2024-01-06,5314.65,10769,True
120,11,Todd Rivas,df668b6c-522c-4248-a995-4fb86488e765,2024-02,2024-02-04,10769.0,10769,True
121,11,Todd Rivas,df668b6c-522c-4248-a995-4fb86488e765,2024-03,2024-03-07,10769.0,10769,True
122,11,Todd Rivas,df668b6c-522c-4248-a995-4fb86488e765,2024-04,2024-04-10,2332.98,10769,True
123,11,Todd Rivas,df668b6c-522c-4248-a995-4fb86488e765,2024-04,2024-04-18,4956.14,10769,True
124,11,Todd Rivas,df668b6c-522c-4248-a995-4fb86488e765,2024-04,2024-04-21,3479.88,10769,True
125,11,Todd Rivas,df668b6c-522c-4248-a995-4fb86488e765,2024-05,2024-05-17,7515.93,10769,True
126,11,Todd Rivas,df668b6c-522c-4248-a995-4fb86488e765,2024-05,2024-05-26,3253.07,10769,True
127,11,Todd Rivas,df668b6c-522c-4248-a995-4fb86488e765,2024-06,2024-06-05,1041.77,10769,True
128,11,Todd Rivas,df668b6c-522c-4248-a995-4fb86488e765,2024-06,2024-06-06,9727.23,10769,True
129,12,Dillon Ayers,b80c6e19-34db-4769-9416-bda437d56150,2024-01,2024-01-07,7488.81,12433,True
130,12,Dillon Ayers,b80c6e19-34db-4769-9416-bda437d56150,2024-01,2024-01-28,4944.19,12433,True
131,12,Dillon Ayers,b80c6e19-34db-4769-9416-bda437d56150,2024-02,2024-02-06,7565.88,12433,True
132,12,Dillon Ayers,b80c6e19-34db-4769-9416-bda437d56150,2024-02,2024-02-10,4867.12,12433,True
133,12,Dillon Ayers,b80c6e19-34db-4769-9416-bda437d56150,2024-03,2024-03-13,12433.0,12433,True
134,12,Dillon Ayers,b80c6e19-34db-4769-9416-bda437d56150,2024-04,2024-04-02,6984.14,12433,True
135,12,Dillon Ayers,b80c6e19-34db-4769-9416-bda437d56150,2024-04,2024-04-04,5448.86,12433,True
136,12,Dillon Ayers,b80c6e19-34db-4769-9416-bda437d56150,2024-05,2024-05-11,3789.76,12433,True
137,12,Dillon Ayers,b80c6e19-34db-4769-9416-bda437d56150,2024-05,2024-05-14,2060.7,12433,True
138,12,Dillon Ayers,b80c6e19-34db-4769-9416-bda437d56150,2024-05,2024-05-22,6582.55,12433,True
139,12,Dillon Ayers,b80c6e19-34db-4769-9416-bda437d56150,2024-06,2024-06-04,65.04,12433,True
140,12,Dillon Ayers,b80c6e19-34db-4769-9416-bda437d56150,2024-06,2024-06-08,12367.96,12433,True
141,13,Kim Duncan,86c74490-4bc9-47c0-8d4f-bd7b48ed0b43,2024-01,2024-01-07,15311.0,15311,True
142,13,Kim Duncan,86c74490-4bc9-47c0-8d4f-bd7b48ed0b43,2024-02,2024-02-06,6407.72,15311,True
143,13,Kim Duncan,86c74490-4bc9-47c0-8d4f-bd7b48ed0b43,2024-02,2024-02-09,8903.28,15311,True
144,13,Kim Duncan,86c74490-4bc9-47c0-8d4f-bd7b48ed0b43,2024-03,2024-03-06,291.71,15311,False
145,13,Kim Duncan,86c74490-4bc9-47c0-8d4f-bd7b48ed0b43,2024-03,2024-03-19,9008.05,15311,False
146,13,Kim Duncan,86c74490-4bc9-47c0-8d4f-bd7b48ed0b43,2024-03,2024-03-26,6011.23,15311,False
147,13,Kim Duncan,86c74490-4bc9-47c0-8d4f-bd7b48ed0b43,2024-04,2024-04-02,387.72,15311,True
148,13,Kim Duncan,86c74490-4bc9-47c0-8d4f-bd7b48ed0b43,2024-04,2024-04-16,6637.11,15311,True
149,13,Kim Duncan,86c74490-4bc9-47c0-8d4f-bd7b48ed0b43,2024-04,2024-04-24,8286.17,15311,True
150,13,Kim Duncan,86c74490-4bc9-47c0-8d4f-bd7b48ed0b43,2024-05,2024-05-06,15311.0,15311,True
151,13,Kim Duncan,86c74490-4bc9-47c0-8d4f-bd7b48ed0b43,2024-06,2024-06-15,6869.48,15311,True
152,13,Kim Duncan,86c74490-4bc9-47c0-8d4f-bd7b48ed0b43,2024-06,2024-06-16,8441.52,15311,True
153,14,Scott Collins,49097e6d-d6a4-482c-b58d-ec592bc28bec,2024-01,2024-01-08,15270.49,47819,True
154,14,Scott Collins,49097e6d-d6a4-482c-b58d-ec592bc28bec,2024-01,2024-01-12,32548.51,47819,True
155,14,Scott Collins,49097e6d-d6a4-482c-b58d-ec592bc28bec,2024-02,2024-02-26,47819.0,47819,True
156,14,Scott Collins,49097e6d-d6a4-482c-b58d-ec592bc28bec,2024-03,2024-03-17,47819.0,47819,True
157,14,Scott Collins,49097e6d-d6a4-482c-b58d-ec592bc28bec,2024-04,2024-04-08,47819.0,47819,True
158,14,Scott Collins,49097e6d-d6a4-482c-b58d-ec592bc28bec,2024-05,2024-05-27,3128.98,47819,True
159,14,Scott Collins,49097e6d-d6a4-482c-b58d-ec592bc28bec,2024-05,2024-05-28,44690.02,47819,True
160,14,Scott Collins,49097e6d-d6a4-482c-b58d-ec592bc28bec,2024-06,2024-06-09,38492.22,47819,True
161,14,Scott Collins,49097e6d-d6a4-482c-b58d-ec592bc28bec,2024-06,2024-06-14,4767.23,47819,True
162,14,Scott Collins,49097e6d-d6a4-482c-b58d-ec592bc28bec,2024-06,2024-06-28,4559.55,47819,True
163,15,Tracy Harrison,0ce5bf22-dc5b-4dff-9cfd-26f0544773db,2024-01,2024-01-16,32002.56,49188,True
164,15,Tracy Harrison,0ce5bf22-dc5b-4dff-9cfd-26f0544773db,2024-01,2024-01-18,17185.44,49188,True
165,15,Tracy Harrison,0ce5bf22-dc5b-4dff-9cfd-26f0544773db,2024-02,2024-02-13,49188.0,49188,True
166,15,Tracy Harrison,0ce5bf22-dc5b-4dff-9cfd-26f0544773db,2024-03,2024-03-03,41481.25,49188,False
167,15,Tracy Harrison,0ce5bf22-dc5b-4dff-9cfd-26f0544773db,2024-03,2024-03-09,5863.89,49188,False
168,15,Tracy Harrison,0ce5bf22-dc5b-4dff-9cfd-26f0544773db,2024-03,2024-03-12,1842.85,49188,False
169,15,Tracy Harrison,0ce5bf22-dc5b-4dff-9cfd-26f0544773db,2024-04,2024-04-22,49188.0,49188,True
170,15,Tracy Harrison,0ce5bf22-dc5b-4dff-9cfd-26f0544773db,2024-05,2024-05-03,30713.79,49188,False
171,15,Tracy Harrison,0ce5bf22-dc5b-4dff-9cfd-26f0544773db,2024-05,2024-05-05,13565.06,49188,False
172,15,Tracy Harrison,0ce5bf22-dc5b-4dff-9cfd-26f0544773db,2024-05,2024-05-13,4909.14,49188,False
173,15,Tracy Harrison,0ce5bf22-dc5b-4dff-9cfd-26f0544773db,2024-06,2024-06-27,49188.0,49188,True
174,16,Anita Riddle,2a47d3dc-5774-46a7-b006-66f99ab4acf3,2024-01,2024-01-02,9042.56,27568,True
175,16,Anita Riddle,2a47d3dc-5774-46a7-b006-66f99ab4acf3,2024-01,2024-01-03,18525.44,27568,True
176,16,Anita Riddle,2a47d3dc-5774-46a7-b006-66f99ab4acf3,2024-02,2024-02-21,27568.0,27568,True
177,16,Anita Riddle,2a47d3dc-5774-46a7-b006-66f99ab4acf3,2024-03,2024-03-24,27568.0,27568,True
178,16,Anita Riddle,2a47d3dc-5774-46a7-b006-66f99ab4acf3,2024-04,2024-04-10,8170.06,27568,True
179,16,Anita Riddle,2a47d3dc-5774-46a7-b006-66f99ab4acf3,2024-04,2024-04-23,18699.75,27568,True
180,16,Anita Riddle,2a47d3dc-5774-46a7-b006-66f99ab4acf3,2024-04,2024-04-28,698.19,27568,True
181,16,Anita Riddle,2a47d3dc-5774-46a7-b006-66f99ab4acf3,2024-05,2024-05-05,6528.0,27568,True
182,16,Anita Riddle,2a47d3dc-5774-46a7-b006-66f99ab4acf3,2024-05,2024-05-07,21040.0,27568,True
183,16,Anita Riddle,2a47d3dc-5774-46a7-b006-66f99ab4acf3,2024-06,2024-06-11,27568.0,27568,True
184,17,Carmen Harrison,d98d64dc-803c-4bee-8c42-41ffc32eb867,2024-01,2024-01-03,29769.0,29769,True
185,17,Carmen Harrison,d98d64dc-803c-4bee-8c42-41ffc32eb867,2024-02,2024-02-06,18276.57,29769,True
186,17,Carmen Harrison,d98d64dc-803c-4bee-8c42-41ffc32eb867,2024-02,2024-02-25,11492.43,29769,True
187,17,Carmen Harrison,d98d64dc-803c-4bee-8c42-41ffc32eb867,2024-03,2024-03-08,13903.5,29769,True
188,17,Carmen Harrison,d98d64dc-803c-4bee-8c42-41ffc32eb867,2024-03,2024-03-16,15865.5,29769,True
189,17,Carmen Harrison,d98d64dc-803c-4bee-8c42-41ffc32eb867,2024-04,2024-04-21,29769.0,29769,True
190,17,Carmen Harrison,d98d64dc-803c-4bee-8c42-41ffc32eb867,2024-05,2024-05-24,29769.0,29769,True
191,17,Carmen Harrison,d98d64dc-803c-4bee-8c42-41ffc32eb867,2024-06,2024-06-04,17197.42,29769,True
192,17,Carmen Harrison,d98d64dc-803c-4bee-8c42-41ffc32eb867,2024-06,2024-06-25,12571.58,29769,True
193,18,Kelly Page,ebe12a04-4445-4bb2-aff6-4e65b779336d,2024-01,2024-01-19,174.48,38693,True
194,18,Kelly Page,ebe12a04-4445-4bb2-aff6-4e65b779336d,2024-01,2024-01-24,30653.45,38693,True
195,18,Kelly Page,ebe12a04-4445-4bb2-aff6-4e65b779336d,2024-01,2024-01-26,7865.07,38693,True
196,18,Kelly Page,ebe12a04-4445-4bb2-aff6-4e65b779336d,2024-02,2024-02-04,38693.0,38693,True
197,18,Kelly Page,ebe12a04-4445-4bb2-aff6-4e65b779336d,2024-03,2024-03-10,18876.67,38693,True
198,18,Kelly Page,ebe12a04-4445-4bb2-aff6-4e65b779336d,2024-03,2024-03-16,13201.04,38693,True
199,18,Kelly Page,ebe12a04-4445-4bb2-aff6-4e65b779336d,2024-03,2024-03-28,6615.29,38693,True
200,18,Kelly Page,ebe12a04-4445-4bb2-aff6-4e65b779336d,2024-04,2024-04-05,33314.0,38693,True
201,18,Kelly Page,ebe12a04-4445-4bb2-aff6-4e65b779336d,2024-04,2024-04-13,5379.0,38693,True
202,18,Kelly Page,ebe12a04-4445-4bb2-aff6-4e65b779336d,2024-05,2024-05-16,38693.0,38693,True
203,18,Kelly Page,ebe12a04-4445-4bb2-aff6-4e65b779336d,2024-06,2024-06-17,38693.0,38693,True
204,19,Matthew Wood,9c611122-c6d2-4979-8b0d-d6097fc61760,2024-01,2024-01-26,16396.0,16396,True
205,19,Matthew Wood,9c611122-c6d2-4979-8b0d-d6097fc61760,2024-02,2024-02-03,6881.15,16396,True
206,19,Matthew Wood,9c611122-c6d2-4979-8b0d-d6097fc61760,2024-02,2024-02-17,9514.85,16396,True
207,19,Matthew Wood,9c611122-c6d2-4979-8b0d-d6097fc61760,2024-03,2024-03-05,5259.91,16396,True
208,19,Matthew Wood,9c611122-c6d2-4979-8b0d-d6097fc61760,2024-03,2024-03-13,441.37,16396,True
209,19,Matthew Wood,9c611122-c6d2-4979-8b0d-d6097fc61760,2024-03,2024-03-25,10694.73,16396,True
210,19,Matthew Wood,9c611122-c6d2-4979-8b0d-d6097fc61760,2024-04,2024-04-05,521.57,16396,True
211,19,Matthew Wood,9c611122-c6d2-4979-8b0d-d6097fc61760,2024-04,2024-04-14,2713.14,16396,True
212,19,Matthew Wood,9c611122-c6d2-4979-8b0d-d6097fc61760,2024-04,2024-04-16,13161.29,16396,True
213,19,Matthew Wood,9c611122-c6d2-4979-8b0d-d6097fc61760,2024-05,2024-05-16,9503.49,16396,True
214,19,Matthew Wood,9c611122-c6d2-4979-8b0d-d6097fc61760,2024-05,2024-05-25,6892.51,16396,True
215,19,Matthew Wood,9c611122-c6d2-4979-8b0d-d6097fc61760,2024-06,2024-06-05,892.44,16396,True
216,19,Matthew Wood,9c611122-c6d2-4979-8b0d-d6097fc61760,2024-06,2024-06-08,8467.7,16396,True
217,19,Matthew Wood,9c611122-c6d2-4979-8b0d-d6097fc61760,2024-06,2024-06-18,7035.86,16396,True
218,20,Tracy Price,23b95bc2-8eb7-4304-8d06-301207f5b985,2024-01,2024-01-21,37480.0,37480,True
219,20,Tracy Price,23b95bc2-8eb7-4304-8d06-301207f5b985,2024-02,2024-02-02,37480.0,37480,True
220,20,Tracy Price,23b95bc2-8eb7-4304-8d06-301207f5b985,2024-03,2024-03-11,37480.0,37480,True
221,20,Tracy Price,23b95bc2-8eb7-4304-8d06-301207f5b985,2024-04,2024-04-28,37480.0,37480,True
222,20,Tracy Price,23b95bc2-8eb7-4304-8d06-301207f5b985,2024-05,2024-05-05,30869.19,37480,False
223,20,Tracy Price,23b95bc2-8eb7-4304-8d06-301207f5b985,2024-05,2024-05-14,3526.91,37480,False
224,20,Tracy Price,23b95bc2-8eb7-4304-8d06-301207f5b985,2024-05,2024-05-25,3083.89,37480,False
225,20,Tracy Price,23b95bc2-8eb7-4304-8d06-301207f5b985,2024-06,2024-06-09,8771.49,37480,True
226,20,Tracy Price,23b95bc2-8eb7-4304-8d06-301207f5b985,2024-06,2024-06-20,20376.86,37480,True
227,20,Tracy Price,23b95bc2-8eb7-4304-8d06-301207f5b985,2024-06,2024-06-24,8331.65,37480,True
228,21,Darryl Nguyen,008211ed-e44d-4aa7-b4dd-b70b90fe6f8c,2024-01,2024-01-28,35658.0,35658,True
229,21,Darryl Nguyen,008211ed-e44d-4aa7-b4dd-b70b90fe6f8c,2024-02,2024-02-11,13036.83,35658,True
230,21,Darryl Nguyen,008211ed-e44d-4aa7-b4dd-b70b90fe6f8c,2024-02,2024-02-13,1010.15,35658,True
231,21,Darryl Nguyen,008211ed-e44d-4aa7-b4dd-b70b90fe6f8c,2024-02,2024-02-22,21611.02,35658,True
232,21,Darryl Nguyen,008211ed-e44d-4aa7-b4dd-b70b90fe6f8c,2024-03,2024-03-11,20739.49,35658,True
233,21,Darryl Nguyen,008211ed-e44d-4aa7-b4dd-b70b90fe6f8c,2024-03,2024-03-27,14918.51,35658,True
234,21,Darryl Nguyen,008211ed-e44d-4aa7-b4dd-b70b90fe6f8c,2024-04,2024-04-21,35658.0,35658,True
235,21,Darryl Nguyen,008211ed-e44d-4aa7-b4dd-b70b90fe6f8c,2024-05,2024-05-11,35658.0,35658,True
236,21,Darryl Nguyen,008211ed-e44d-4aa7-b4dd-b70b90fe6f8c,2024-06,2024-06-11,35658.0,35658,True
237,22,Michael Ruiz,87bcae82-9e46-422e-a151-284e0dacf6ba,2024-01,2024-01-16,28942.0,28942,True
238,22,Michael Ruiz,87bcae82-9e46-422e-a151-284e0dacf6ba,2024-02,2024-02-07,18279.41,28942,True
239,22,Michael Ruiz,87bcae82-9e46-422e-a151-284e0dacf6ba,2024-02,2024-02-13,10662.59,28942,True
240,22,Michael Ruiz,87bcae82-9e46-422e-a151-284e0dacf6ba,2024-03,2024-03-24,18140.07,28942,True
241,22,Michael Ruiz,87bcae82-9e46-422e-a151-284e0dacf6ba,2024-03,2024-03-26,10801.93,28942,True
242,22,Michael Ruiz,87bcae82-9e46-422e-a151-284e0dacf6ba,2024-04,2024-04-11,13562.76,28942,True
243,22,Michael Ruiz,87bcae82-9e46-422e-a151-284e0dacf6ba,2024-04,2024-04-15,11862.42,28942,True
244,22,Michael Ruiz,87bcae82-9e46-422e-a151-284e0dacf6ba,2024-04,2024-04-19,3516.82,28942,True
245,22,Michael Ruiz,87bcae82-9e46-422e-a151-284e0dacf6ba,2024-05,2024-05-07,28942.0,28942,True
246,22,Michael Ruiz,87bcae82-9e46-422e-a151-284e0dacf6ba,2024-06,2024-06-17,28942.0,28942,True
247,23,Christine Bryant,2b03300f-2a18-473b-8ccb-dddeed7c96a7,2024-01,2024-01-04,28431.0,28431,True
248,23,Christine Bryant,2b03300f-2a18-473b-8ccb-dddeed7c96a7,2024-02,2024-02-05,22688.33,28431,True
249,23,Christine Bryant,2b03300f-2a18-473b-8ccb-dddeed7c96a7,2024-02,2024-02-12,236.98,28431,True
250,23,Christine Bryant,2b03300f-2a18-473b-8ccb-dddeed7c96a7,2024-02,2024-02-19,5505.69,28431,True
251,23,Christine Bryant,2b03300f-2a18-473b-8ccb-dddeed7c96a7,2024-03,2024-03-13,28431.0,28431,True
252,23,Christine Bryant,2b03300f-2a18-473b-8ccb-dddeed7c96a7,2024-04,2024-04-12,21274.19,28431,True
253,23,Christine Bryant,2b03300f-2a18-473b-8ccb-dddeed7c96a7,2024-04,2024-04-19,7156.81,28431,True
254,23,Christine Bryant,2b03300f-2a18-473b-8ccb-dddeed7c96a7,2024-05,2024-05-04,25597.01,28431,True
255,23,Christine Bryant,2b03300f-2a18-473b-8ccb-dddeed7c96a7,2024-05,2024-05-17,2833.99,28431,True
256,23,Christine Bryant,2b03300f-2a18-473b-8ccb-dddeed7c96a7,2024-06,2024-06-10,12030.12,28431,True
257,23,Christine Bryant,2b03300f-2a18-473b-8ccb-dddeed7c96a7,2024-06,2024-06-19,5454.53,28431,True
258,23,Christine Bryant,2b03300f-2a18-473b-8ccb-dddeed7c96a7,2024-06,2024-06-27,10946.35,28431,True
259,24,Katie Mitchell,ceeb1cfe-fff8-4304-ba1c-e4cfc49e5ad8,2024-01,2024-01-05,11165.57,12747,True
260,24,Katie Mitchell,ceeb1cfe-fff8-4304-ba1c-e4cfc49e5ad8,2024-01,2024-01-15,773.38,12747,True
261,24,Katie Mitchell,ceeb1cfe-fff8-4304-ba1c-e4cfc49e5ad8,2024-01,2024-01-23,808.06,12747,True
262,24,Katie Mitchell,ceeb1cfe-fff8-4304-ba1c-e4cfc49e5ad8,2024-02,2024-02-04,2227.26,12747,True
263,24,Katie Mitchell,ceeb1cfe-fff8-4304-ba1c-e4cfc49e5ad8,2024-02,2024-02-07,5087.85,12747,True
264,24,Katie Mitchell,ceeb1cfe-fff8-4304-ba1c-e4cfc49e5ad8,2024-02,2024-02-25,5431.89,12747,True
265,24,Katie Mitchell,ceeb1cfe-fff8-4304-ba1c-e4cfc49e5ad8,2024-03,2024-03-08,12747.0,12747,True
266,24,Katie Mitchell,ceeb1cfe-fff8-4304-ba1c-e4cfc49e5ad8,2024-04,2024-04-19,12747.0,12747,True
267,24,Katie Mitchell,ceeb1cfe-fff8-4304-ba1c-e4cfc49e5ad8,2024-05,2024-05-10,8312.06,12747,True
268,24,Katie Mitchell,ceeb1cfe-fff8-4304-ba1c-e4cfc49e5ad8,2024-05,2024-05-11,4434.94,12747,True
269,24,Katie Mitchell,ceeb1cfe-fff8-4304-ba1c-e4cfc49e5ad8,2024-06,2024-06-11,10328.09,12747,True
270,24,Katie Mitchell,ceeb1cfe-fff8-4304-ba1c-e4cfc49e5ad8,2024-06,2024-06-12,2418.91,12747,True
271,25,Heather Le,ba28aba0-cae3-48d9-b379-deff307173f8,2024-01,2024-01-06,1486.85,10189,True
272,25,Heather Le,ba28aba0-cae3-48d9-b379-deff307173f8,2024-01,2024-01-14,8558.13,10189,True
273,25,Heather Le,ba28aba0-cae3-48d9-b379-deff307173f8,2024-01,2024-01-27,144.03,10189,True
274,25,Heather Le,ba28aba0-cae3-48d9-b379-deff307173f8,2024-02,2024-02-06,3201.32,10189,True
275,25,Heather Le,ba28aba0-cae3-48d9-b379-deff307173f8,2024-02,2024-02-21,6987.68,10189,True
276,25,Heather Le,ba28aba0-cae3-48d9-b379-deff307173f8,2024-03,2024-03-28,10189.0,10189,True
277,25,Heather Le,ba28aba0-cae3-48d9-b379-deff307173f8,2024-04,2024-04-06,2529.5,10189,True
278,25,Heather Le,ba28aba0-cae3-48d9-b379-deff307173f8,2024-04,2024-04-12,1615.87,10189,True
279,25,Heather Le,ba28aba0-cae3-48d9-b379-deff307173f8,2024-04,2024-04-26,6043.63,10189,True
280,25,Heather Le,ba28aba0-cae3-48d9-b379-deff307173f8,2024-05,2024-05-02,4448.8,10189,True
281,25,Heather Le,ba28aba0-cae3-48d9-b379-deff307173f8,2024-05,2024-05-03,592.65,10189,True
282,25,Heather Le,ba28aba0-cae3-48d9-b379-deff307173f8,2024-05,2024-05-21,5147.55,10189,True
283,25,Heather Le,ba28aba0-cae3-48d9-b379-deff307173f8,2024-06,2024-06-06,10189.0,10189,True
284,26,Michael Martinez,4c85f0cf-f2ab-4a36-a02e-aa0b4bb359c1,2024-01,2024-01-24,29118.0,29118,True
285,26,Michael Martinez,4c85f0cf-f2ab-4a36-a02e-aa0b4bb359c1,2024-02,2024-02-11,29118.0,29118,True
286,26,Michael Martinez,4c85f0cf-f2ab-4a36-a02e-aa0b4bb359c1,2024-03,2024-03-11,14761.07,29118,True
287,26,Michael Martinez,4c85f0cf-f2ab-4a36-a02e-aa0b4bb359c1,2024-03,2024-03-19,14356.93,29118,True
288,26,Michael Martinez,4c85f0cf-f2ab-4a36-a02e-aa0b4bb359c1,2024-04,2024-04-05,23889.0,29118,True
289,26,Michael Martinez,4c85f0cf-f2ab-4a36-a02e-aa0b4bb359c1,2024-04,2024-04-13,1576.09,29118,True
290,26,Michael Martinez,4c85f0cf-f2ab-4a36-a02e-aa0b4bb359c1,2024-04,2024-04-14,3652.91,29118,True
291,26,Michael Martinez,4c85f0cf-f2ab-4a36-a02e-aa0b4bb359c1,2024-05,2024-05-20,29118.0,29118,True
292,26,Michael Martinez,4c85f0cf-f2ab-4a36-a02e-aa0b4bb359c1,2024-06,2024-06-02,22290.33,29118,True
293,26,Michael Martinez,4c85f0cf-f2ab-4a36-a02e-aa0b4bb359c1,2024-06,2024-06-16,4855.62,29118,True
294,26,Michael Martinez,4c85f0cf-f2ab-4a36-a02e-aa0b4bb359c1,2024-06,2024-06-17,1972.05,29118,True
295,27,Rebekah Hunter,268d3656-c3ed-4611-8f6e-9e507722ae63,2024-01,2024-01-05,629.81,45773,True
296,27,Rebekah Hunter,268d3656-c3ed-4611-8f6e-9e507722ae63,2024-01,2024-01-11,4466.37,45773,True
297,27,Rebekah Hunter,268d3656-c3ed-4611-8f6e-9e507722ae63,2024-01,2024-01-23,40676.82,45773,True
298,27,Rebekah Hunter,268d3656-c3ed-4611-8f6e-9e507722ae63,2024-02,2024-02-02,17662.5,45773,True
299,27,Rebekah Hunter,268d3656-c3ed-4611-8f6e-9e507722ae63,2024-02,2024-02-07,28110.5,45773,True
300,27,Rebekah Hunter,268d3656-c3ed-4611-8f6e-9e507722ae63,2024-03,2024-03-09,11472.89,45773,True
301,27,Rebekah Hunter,268d3656-c3ed-4611-8f6e-9e507722ae63,2024-03,2024-03-11,34300.11,45773,True
302,27,Rebekah Hunter,268d3656-c3ed-4611-8f6e-9e507722ae63,2024-04,2024-04-18,20934.93,45773,True
303,27,Rebekah Hunter,268d3656-c3ed-4611-8f6e-9e507722ae63,2024-04,2024-04-21,24838.07,45773,True
304,27,Rebekah Hunter,268d3656-c3ed-4611-8f6e-9e507722ae63,2024-05,2024-05-06,45773.0,45773,True
305,27,Rebekah Hunter,268d3656-c3ed-4611-8f6e-9e507722ae63,2024-06,2024-06-03,23468.44,45773,True
306,27,Rebekah Hunter,268d3656-c3ed-4611-8f6e-9e507722ae63,2024-06,2024-06-04,15048.12,45773,True
307,27,Rebekah Hunter,268d3656-c3ed-4611-8f6e-9e507722ae63,2024-06,2024-06-13,7256.44,45773,True
308,28,Tony Washington,f2c99ba0-6b7d-423e-8f5e-fed8a1e2c239,2024-01,2024-01-25,11899.0,11899,True
309,28,Tony Washington,f2c99ba0-6b7d-423e-8f5e-fed8a1e2c239,2024-02,2024-02-14,11899.0,11899,True
310,28,Tony Washington,f2c99ba0-6b7d-423e-8f5e-fed8a1e2c239,2024-03,2024-03-06,3420.71,11899,True
311,28,Tony Washington,f2c99ba0-6b7d-423e-8f5e-fed8a1e2c239,2024-03,2024-03-15,5918.97,11899,True
312,28,Tony Washington,f2c99ba0-6b7d-423e-8f5e-fed8a1e2c239,2024-03,2024-03-26,2559.32,11899,True
313,28,Tony Washington,f2c99ba0-6b7d-423e-8f5e-fed8a1e2c239,2024-04,2024-04-04,6375.68,11899,True
314,28,Tony Washington,f2c99ba0-6b7d-423e-8f5e-fed8a1e2c239,2024-04,2024-04-18,218.92,11899,True
315,28,Tony Washington,f2c99ba0-6b7d-423e-8f5e-fed8a1e2c239,2024-04,2024-04-26,5304.4,11899,True
316,28,Tony Washington,f2c99ba0-6b7d-423e-8f5e-fed8a1e2c239,2024-05,2024-05-11,1009.65,11899,True
317,28,Tony Washington,f2c99ba0-6b7d-423e-8f5e-fed8a1e2c239,2024-05,2024-05-26,583.03,11899,True
318,28,Tony Washington,f2c99ba0-6b7d-423e-8f5e-fed8a1e2c239,2024-05,2024-05-28,10306.32,11899,True
319,28,Tony Washington,f2c99ba0-6b7d-423e-8f5e-fed8a1e2c239,2024-06,2024-06-28,11899.0,11899,True
320,29,Donna Ellis,19ce6a2f-0884-4f18-b4e7-891b8a6d1c66,2024-01,2024-01-07,1189.37,11267,True
321,29,Donna Ellis,19ce6a2f-0884-4f18-b4e7-891b8a6d1c66,2024-01,2024-01-09,6579.25,11267,True
322,29,Donna Ellis,19ce6a2f-0884-4f18-b4e7-891b8a6d1c66,2024-01,2024-01-18,3498.38,11267,True
323,29,Donna Ellis,19ce6a2f-0884-4f18-b4e7-891b8a6d1c66,2024-02,2024-02-16,7631.36,11267,True
324,29,Donna Ellis,19ce6a2f-0884-4f18-b4e7-891b8a6d1c66,2024-02,2024-02-25,3635.64,11267,True
325,29,Donna Ellis,19ce6a2f-0884-4f18-b4e7-891b8a6d1c66,2024-03,2024-03-03,11267.0,11267,True
326,29,Donna Ellis,19ce6a2f-0884-4f18-b4e7-891b8a6d1c66,2024-04,2024-04-13,6865.8,11267,True
327,29,Donna Ellis,19ce6a2f-0884-4f18-b4e7-891b8a6d1c66,2024-04,2024-04-19,657.74,11267,True
328,29,Donna Ellis,19ce6a2f-0884-4f18-b4e7-891b8a6d1c66,2024-04,2024-04-28,3743.46,11267,True
329,29,Donna Ellis,19ce6a2f-0884-4f18-b4e7-891b8a6d1c66,2024-05,2024-05-05,11267.0,11267,True
330,29,Donna Ellis,19ce6a2f-0884-4f18-b4e7-891b8a6d1c66,2024-06,2024-06-18,11267.0,11267,True
331,30,Bruce Lewis,d4ca3fad-f296-4f02-9d06-04623ad83ee6,2024-01,2024-01-12,41551.0,41551,True
332,30,Bruce Lewis,d4ca3fad-f296-4f02-9d06-04623ad83ee6,2024-02,2024-02-18,41551.0,41551,True
333,30,Bruce Lewis,d4ca3fad-f296-4f02-9d06-04623ad83ee6,2024-03,2024-03-10,26276.66,41551,True
334,30,Bruce Lewis,d4ca3fad-f296-4f02-9d06-04623ad83ee6,2024-03,2024-03-15,15274.34,41551,True
335,30,Bruce Lewis,d4ca3fad-f296-4f02-9d06-04623ad83ee6,2024-04,2024-04-08,41551.0,41551,True
336,30,Bruce Lewis,d4ca3fad-f296-4f02-9d06-04623ad83ee6,2024-05,2024-05-14,5019.51,41551,True
337,30,Bruce Lewis,d4ca3fad-f296-4f02-9d06-04623ad83ee6,2024-05,2024-05-16,3628.82,41551,True
338,30,Bruce Lewis,d4ca3fad-f296-4f02-9d06-04623ad83ee6,2024-05,2024-05-20,32902.68,41551,True
339,30,Bruce Lewis,d4ca3fad-f296-4f02-9d06-04623ad83ee6,2024-06,2024-06-14,32670.01,41551,True
340,30,Bruce Lewis,d4ca3fad-f296-4f02-9d06-04623ad83ee6,2024-06,2024-06-28,8880.99,41551,True
341,31,Connie Hatfield,4b42597b-ef11-4d4a-8c54-d707fda61212,2024-01,2024-01-02,11039.8,21394,True
342,31,Connie Hatfield,4b42597b-ef11-4d4a-8c54-d707fda61212,2024-01,2024-01-10,10354.2,21394,True
343,31,Connie Hatfield,4b42597b-ef11-4d4a-8c54-d707fda61212,2024-02,2024-02-04,4555.11,21394,True
344,31,Connie Hatfield,4b42597b-ef11-4d4a-8c54-d707fda61212,2024-02,2024-02-21,11859.2,21394,True
345,31,Connie Hatfield,4b42597b-ef11-4d4a-8c54-d707fda61212,2024-02,2024-02-26,4979.69,21394,True
346,31,Connie Hatfield,4b42597b-ef11-4d4a-8c54-d707fda61212,2024-03,2024-03-14,21394.0,21394,True
347,31,Connie Hatfield,4b42597b-ef11-4d4a-8c54-d707fda61212,2024-04,2024-04-08,16025.09,21394,True
348,31,Connie Hatfield,4b42597b-ef11-4d4a-8c54-d707fda61212,2024-04,2024-04-10,4463.04,21394,True
349,31,Connie Hatfield,4b42597b-ef11-4d4a-8c54-d707fda61212,2024-04,2024-04-17,905.87,21394,True
350,31,Connie Hatfield,4b42597b-ef11-4d4a-8c54-d707fda61212,2024-05,2024-05-06,7839.78,21394,True
351,31,Connie Hatfield,4b42597b-ef11-4d4a-8c54-d707fda61212,2024-05,2024-05-11,5206.92,21394,True
352,31,Connie Hatfield,4b42597b-ef11-4d4a-8c54-d707fda61212,2024-05,2024-05-13,8347.3,21394,True
353,31,Connie Hatfield,4b42597b-ef11-4d4a-8c54-d707fda61212,2024-06,2024-06-04,5289.86,21394,True
354,31,Connie Hatfield,4b42597b-ef11-4d4a-8c54-d707fda61212,2024-06,2024-06-23,528.63,21394,True
355,31,Connie Hatfield,4b42597b-ef11-4d4a-8c54-d707fda61212,2024-06,2024-06-25,15575.51,21394,True
356,32,Laurie Nunez,b07789f8-2352-43cb-9036-3c41bd2a4e70,2024-01,2024-01-14,7533.72,13556,True
357,32,Laurie Nunez,b07789f8-2352-43cb-9036-3c41bd2a4e70,2024-01,2024-01-18,6022.28,13556,True
358,32,Laurie Nunez,b07789f8-2352-43cb-9036-3c41bd2a4e70,2024-02,2024-02-14,9096.56,13556,True
359,32,Laurie Nunez,b07789f8-2352-43cb-9036-3c41bd2a4e70,2024-02,2024-02-21,1660.62,13556,True
360,32,Laurie Nunez,b07789f8-2352-43cb-9036-3c41bd2a4e70,2024-02,2024-02-23,2798.82,13556,True
361,32,Laurie Nunez,b07789f8-2352-43cb-9036-3c41bd2a4e70,2024-03,2024-03-05,1978.11,13556,True
362,32,Laurie Nunez,b07789f8-2352-43cb-9036-3c41bd2a4e70,2024-03,2024-03-16,3811.05,13556,True
363,32,Laurie Nunez,b07789f8-2352-43cb-9036-3c41bd2a4e70,2024-03,2024-03-28,7766.84,13556,True
364,32,Laurie Nunez,b07789f8-2352-43cb-9036-3c41bd2a4e70,2024-04,2024-04-07,13556.0,13556,True
365,32,Laurie Nunez,b07789f8-2352-43cb-9036-3c41bd2a4e70,2024-05,2024-05-07,10763.73,13556,True
366,32,Laurie Nunez,b07789f8-2352-43cb-9036-3c41bd2a4e70,2024-05,2024-05-08,2792.27,13556,True
367,32,Laurie Nunez,b07789f8-2352-43cb-9036-3c41bd2a4e70,2024-06,2024-06-05,13556.0,13556,True
368,33,Melissa Harris,bfd061c8-fe00-4e7e-a28f-4330fe6efa80,2024-01,2024-01-07,13890.0,13890,True
369,33,Melissa Harris,bfd061c8-fe00-4e7e-a28f-4330fe6efa80,2024-02,2024-02-03,10905.46,13890,True
370,33,Melissa Harris,bfd061c8-fe00-4e7e-a28f-4330fe6efa80,2024-02,2024-02-22,2984.54,13890,True
371,33,Melissa Harris,bfd061c8-fe00-4e7e-a28f-4330fe6efa80,2024-03,2024-03-03,4723.74,13890,True
372,33,Melissa Harris,bfd061c8-fe00-4e7e-a28f-4330fe6efa80,2024-03,2024-03-06,3778.55,13890,True
373,33,Melissa Harris,bfd061c8-fe00-4e7e-a28f-4330fe6efa80,2024-03,2024-03-23,5387.71,13890,True
374,33,Melissa Harris,bfd061c8-fe00-4e7e-a28f-4330fe6efa80,2024-04,2024-04-05,1510.6,13890,True
375,33,Melissa Harris,bfd061c8-fe00-4e7e-a28f-4330fe6efa80,2024-04,2024-04-18,10350.45,13890,True
376,33,Melissa Harris,bfd061c8-fe00-4e7e-a28f-4330fe6efa80,2024-04,2024-04-26,2028.95,13890,True
377,33,Melissa Harris,bfd061c8-fe00-4e7e-a28f-4330fe6efa80,2024-05,2024-05-18,13890.0,13890,True
378,33,Melissa Harris,bfd061c8-fe00-4e7e-a28f-4330fe6efa80,2024-06,2024-06-10,1911.65,13890,True
379,33,Melissa Harris,bfd061c8-fe00-4e7e-a28f-4330fe6efa80,2024-06,2024-06-18,9546.49,13890,True
380,33,Melissa Harris,bfd061c8-fe00-4e7e-a28f-4330fe6efa80,2024-06,2024-06-26,2431.87,13890,True
381,34,Susan Wright,a83ee467-0ebb-433a-a208-36eca56567f5,2024-01,2024-01-09,3072.29,40740,True
382,34,Susan Wright,a83ee467-0ebb-433a-a208-36eca56567f5,2024-01,2024-01-16,13624.65,40740,True
383,34,Susan Wright,a83ee467-0ebb-433a-a208-36eca56567f5,2024-01,2024-01-25,24043.06,40740,True
384,34,Susan Wright,a83ee467-0ebb-433a-a208-36eca56567f5,2024-02,2024-02-10,40740.0,40740,True
385,34,Susan Wright,a83ee467-0ebb-433a-a208-36eca56567f5,2024-03,2024-03-07,7018.87,40740,True
386,34,Susan Wright,a83ee467-0ebb-433a-a208-36eca56567f5,2024-03,2024-03-17,33721.13,40740,True
387,34,Susan Wright,a83ee467-0ebb-433a-a208-36eca56567f5,2024-04,2024-04-19,38384.92,40740,True
388,34,Susan Wright,a83ee467-0ebb-433a-a208-36eca56567f5,2024-04,2024-04-26,2355.08,40740,True
389,34,Susan Wright,a83ee467-0ebb-433a-a208-36eca56567f5,2024-05,2024-05-17,39392.52,40740,True
390,34,Susan Wright,a83ee467-0ebb-433a-a208-36eca56567f5,2024-05,2024-05-26,1347.48,40740,True
391,34,Susan Wright,a83ee467-0ebb-433a-a208-36eca56567f5,2024-06,2024-06-11,40740.0,40740,True
392,35,Seth Morgan,5c015917-6fc2-41c9-b300-0b226bee4617,2024-01,2024-01-09,970.5,24502,True
393,35,Seth Morgan,5c015917-6fc2-41c9-b300-0b226bee4617,2024-01,2024-01-19,23531.5,24502,True
394,35,Seth Morgan,5c015917-6fc2-41c9-b300-0b226bee4617,2024-02,2024-02-06,4635.83,24502,True
395,35,Seth Morgan,5c015917-6fc2-41c9-b300-0b226bee4617,2024-02,2024-02-07,25.43,24502,True
396,35,Seth Morgan,5c015917-6fc2-41c9-b300-0b226bee4617,2024-02,2024-02-10,19840.74,24502,True
397,35,Seth Morgan,5c015917-6fc2-41c9-b300-0b226bee4617,2024-03,2024-03-20,24502.0,24502,True
398,35,Seth Morgan,5c015917-6fc2-41c9-b300-0b226bee4617,2024-04,2024-04-07,5211.64,24502,True
399,35,Seth Morgan,5c015917-6fc2-41c9-b300-0b226bee4617,2024-04,2024-04-12,17465.34,24502,True
400,35,Seth Morgan,5c015917-6fc2-41c9-b300-0b226bee4617,2024-04,2024-04-15,1825.02,24502,True
401,35,Seth Morgan,5c015917-6fc2-41c9-b300-0b226bee4617,2024-05,2024-05-08,8853.85,24502,True
402,35,Seth Morgan,5c015917-6fc2-41c9-b300-0b226bee4617,2024-05,2024-05-09,14896.0,24502,True
403,35,Seth Morgan,5c015917-6fc2-41c9-b300-0b226bee4617,2024-05,2024-05-14,752.15,24502,True
404,35,Seth Morgan,5c015917-6fc2-41c9-b300-0b226bee4617,2024-06,2024-06-06,1877.81,24502,True
405,35,Seth Morgan,5c015917-6fc2-41c9-b300-0b226bee4617,2024-06,2024-06-13,8064.67,24502,True
406,35,Seth Morgan,5c015917-6fc2-41c9-b300-0b226bee4617,2024-06,2024-06-17,14559.52,24502,True
407,36,James Werner,c88e1ba4-eeb8-4953-8ec2-923ae06fec6b,2024-01,2024-01-02,31082.38,31777,True
408,36,James Werner,c88e1ba4-eeb8-4953-8ec2-923ae06fec6b,2024-01,2024-01-08,694.62,31777,True
409,36,James Werner,c88e1ba4-eeb8-4953-8ec2-923ae06fec6b,2024-02,2024-02-08,13923.04,31777,True
410,36,James Werner,c88e1ba4-eeb8-4953-8ec2-923ae06fec6b,2024-02,2024-02-28,17853.96,31777,True
411,36,James Werner,c88e1ba4-eeb8-4953-8ec2-923ae06fec6b,2024-03,2024-03-05,2134.67,31777,True
412,36,James Werner,c88e1ba4-eeb8-4953-8ec2-923ae06fec6b,2024-03,2024-03-06,25764.74,31777,True
413,36,James Werner,c88e1ba4-eeb8-4953-8ec2-923ae06fec6b,2024-03,2024-03-12,3877.59,31777,True
414,36,James Werner,c88e1ba4-eeb8-4953-8ec2-923ae06fec6b,2024-04,2024-04-08,12074.42,31777,False
415,36,James Werner,c88e1ba4-eeb8-4953-8ec2-923ae06fec6b,2024-04,2024-04-15,7378.9,31777,False
416,36,James Werner,c88e1ba4-eeb8-4953-8ec2-923ae06fec6b,2024-04,2024-04-27,12323.67,31777,False
417,36,James Werner,c88e1ba4-eeb8-4953-8ec2-923ae06fec6b,2024-05,2024-05-04,31777.0,31777,True
418,36,James Werner,c88e1ba4-eeb8-4953-8ec2-923ae06fec6b,2024-06,2024-06-23,31777.0,31777,True
419,37,Brittany Jones,fc96fbbe-d5e7-4550-8fed-4688fb22f555,2024-01,2024-01-15,8375.74,20627,True
420,37,Brittany Jones,fc96fbbe-d5e7-4550-8fed-4688fb22f555,2024-01,2024-01-20,5227.49,20627,True
421,37,Brittany Jones,fc96fbbe-d5e7-4550-8fed-4688fb22f555,2024-01,2024-01-22,7023.77,20627,True
422,37,Brittany Jones,fc96fbbe-d5e7-4550-8fed-4688fb22f555,2024-02,2024-02-14,8095.71,20627,True
423,37,Brittany Jones,fc96fbbe-d5e7-4550-8fed-4688fb22f555,2024-02,2024-02-24,12531.29,20627,True
424,37,Brittany Jones,fc96fbbe-d5e7-4550-8fed-4688fb22f555,2024-03,2024-03-02,20627.0,20627,True
425,37,Brittany Jones,fc96fbbe-d5e7-4550-8fed-4688fb22f555,2024-04,2024-04-06,8771.45,20627,True
426,37,Brittany Jones,fc96fbbe-d5e7-4550-8fed-4688fb22f555,2024-04,2024-04-19,11855.55,20627,True
427,37,Brittany Jones,fc96fbbe-d5e7-4550-8fed-4688fb22f555,2024-05,2024-05-23,15872.49,20627,True
428,37,Brittany Jones,fc96fbbe-d5e7-4550-8fed-4688fb22f555,2024-05,2024-05-26,4754.51,20627,True
429,37,Brittany Jones,fc96fbbe-d5e7-4550-8fed-4688fb22f555,2024-06,2024-06-08,16126.86,20627,True
430,37,Brittany Jones,fc96fbbe-d5e7-4550-8fed-4688fb22f555,2024-06,2024-06-12,3486.0,20627,True
431,37,Brittany Jones,fc96fbbe-d5e7-4550-8fed-4688fb22f555,2024-06,2024-06-20,1014.14,20627,True
432,38,Hannah Erickson,70b459c7-378c-4345-bc3a-f14c22250372,2024-01,2024-01-03,6757.62,18792,True
433,38,Hannah Erickson,70b459c7-378c-4345-bc3a-f14c22250372,2024-01,2024-01-15,12034.38,18792,True
434,38,Hannah Erickson,70b459c7-378c-4345-bc3a-f14c22250372,2024-02,2024-02-08,7158.11,18792,True
435,38,Hannah Erickson,70b459c7-378c-4345-bc3a-f14c22250372,2024-02,2024-02-20,11633.89,18792,True
436,38,Hannah Erickson,70b459c7-378c-4345-bc3a-f14c22250372,2024-03,2024-03-03,549.74,18792,True
437,38,Hannah Erickson,70b459c7-378c-4345-bc3a-f14c22250372,2024-03,2024-03-08,17733.29,18792,True
438,38,Hannah Erickson,70b459c7-378c-4345-bc3a-f14c22250372,2024-03,2024-03-26,508.98,18792,True
439,38,Hannah Erickson,70b459c7-378c-4345-bc3a-f14c22250372,2024-04,2024-04-08,2118.74,18792,True
440,38,Hannah Erickson,70b459c7-378c-4345-bc3a-f14c22250372,2024-04,2024-04-17,16196.72,18792,True
441,38,Hannah Erickson,70b459c7-378c-4345-bc3a-f14c22250372,2024-04,2024-04-23,476.55,18792,True
442,38,Hannah Erickson,70b459c7-378c-4345-bc3a-f14c22250372,2024-05,2024-05-08,4810.64,18792,True
443,38,Hannah Erickson,70b459c7-378c-4345-bc3a-f14c22250372,2024-05,2024-05-16,13981.36,18792,True
444,38,Hannah Erickson,70b459c7-378c-4345-bc3a-f14c22250372,2024-06,2024-06-14,14613.71,18792,True
445,38,Hannah Erickson,70b459c7-378c-4345-bc3a-f14c22250372,2024-06,2024-06-18,2566.08,18792,True
446,38,Hannah Erickson,70b459c7-378c-4345-bc3a-f14c22250372,2024-06,2024-06-24,1612.21,18792,True
447,39,Tracey Hoffman,421b24bd-f0ca-4179-a776-0e6b6ab372d7,2024-01,2024-01-05,8446.17,18433,True
448,39,Tracey Hoffman,421b24bd-f0ca-4179-a776-0e6b6ab372d7,2024-01,2024-01-23,6225.46,18433,True
449,39,Tracey Hoffman,421b24bd-f0ca-4179-a776-0e6b6ab372d7,2024-01,2024-01-27,3761.38,18433,True
450,39,Tracey Hoffman,421b24bd-f0ca-4179-a776-0e6b6ab372d7,2024-02,2024-02-11,3371.35,18433,True
451,39,Tracey Hoffman,421b24bd-f0ca-4179-a776-0e6b6ab372d7,2024-02,2024-02-16,15061.65,18433,True
452,39,Tracey Hoffman,421b24bd-f0ca-4179-a776-0e6b6ab372d7,2024-03,2024-03-24,13547.59,18433,True
453,39,Tracey Hoffman,421b24bd-f0ca-4179-a776-0e6b6ab372d7,2024-03,2024-03-26,4885.41,18433,True
454,39,Tracey Hoffman,421b24bd-f0ca-4179-a776-0e6b6ab372d7,2024-04,2024-04-17,18433.0,18433,True
455,39,Tracey Hoffman,421b24bd-f0ca-4179-a776-0e6b6ab372d7,2024-05,2024-05-02,8145.45,18433,True
456,39,Tracey Hoffman,421b24bd-f0ca-4179-a776-0e6b6ab372d7,2024-05,2024-05-04,9681.88,18433,True
457,39,Tracey Hoffman,421b24bd-f0ca-4179-a776-0e6b6ab372d7,2024-05,2024-05-23,605.67,18433,True
458,39,Tracey Hoffman,421b24bd-f0ca-4179-a776-0e6b6ab372d7,2024-06,2024-06-03,3751.66,18433,True
459,39,Tracey Hoffman,421b24bd-f0ca-4179-a776-0e6b6ab372d7,2024-06,2024-06-26,14681.34,18433,True
460,40,Benjamin Sullivan,a3de58d4-4959-4734-ba65-377f39625ecd,2024-01,2024-01-08,9625.04,21016,True
461,40,Benjamin Sullivan,a3de58d4-4959-4734-ba65-377f39625ecd,2024-01,2024-01-13,4922.09,21016,True
462,40,Benjamin Sullivan,a3de58d4-4959-4734-ba65-377f39625ecd,2024-01,2024-01-24,6468.87,21016,True
463,40,Benjamin Sullivan,a3de58d4-4959-4734-ba65-377f39625ecd,2024-02,2024-02-23,21016.0,21016,True
464,40,Benjamin Sullivan,a3de58d4-4959-4734-ba65-377f39625ecd,2024-03,2024-03-18,3990.8,21016,True
465,40,Benjamin Sullivan,a3de58d4-4959-4734-ba65-377f39625ecd,2024-03,2024-03-26,17025.2,21016,True
466,40,Benjamin Sullivan,a3de58d4-4959-4734-ba65-377f39625ecd,2024-04,2024-04-12,21016.0,21016,True
467,40,Benjamin Sullivan,a3de58d4-4959-4734-ba65-377f39625ecd,2024-05,2024-05-11,21016.0,21016,True
468,40,Benjamin Sullivan,a3de58d4-4959-4734-ba65-377f39625ecd,2024-06,2024-06-05,4270.55,21016,True
469,40,Benjamin Sullivan,a3de58d4-4959-4734-ba65-377f39625ecd,2024-06,2024-06-10,6208.29,21016,True
470,40,Benjamin Sullivan,a3de58d4-4959-4734-ba65-377f39625ecd,2024-06,2024-06-15,10537.16,21016,True
471,41,Ian West,8d448ebd-caf3-403e-8fb8-01530f90165a,2024-01,2024-01-05,11555.04,33897,True
472,41,Ian West,8d448ebd-caf3-403e-8fb8-01530f90165a,2024-01,2024-01-21,7734.88,33897,True
473,41,Ian West,8d448ebd-caf3-403e-8fb8-01530f90165a,2024-01,2024-01-24,14607.08,33897,True
474,41,Ian West,8d448ebd-caf3-403e-8fb8-01530f90165a,2024-02,2024-02-08,12369.49,33897,True
475,41,Ian West,8d448ebd-caf3-403e-8fb8-01530f90165a,2024-02,2024-02-19,21527.51,33897,True
476,41,Ian West,8d448ebd-caf3-403e-8fb8-01530f90165a,2024-03,2024-03-09,25218.59,33897,True
477,41,Ian West,8d448ebd-caf3-403e-8fb8-01530f90165a,2024-03,2024-03-13,8678.41,33897,True
478,41,Ian West,8d448ebd-caf3-403e-8fb8-01530f90165a,2024-04,2024-04-04,1063.97,33897,True
479,41,Ian West,8d448ebd-caf3-403e-8fb8-01530f90165a,2024-04,2024-04-08,32833.03,33897,True
480,41,Ian West,8d448ebd-caf3-403e-8fb8-01530f90165a,2024-05,2024-05-04,27017.0,33897,True
481,41,Ian West,8d448ebd-caf3-403e-8fb8-01530f90165a,2024-05,2024-05-14,3835.74,33897,True
482,41,Ian West,8d448ebd-caf3-403e-8fb8-01530f90165a,2024-05,2024-05-18,3044.26,33897,True
483,41,Ian West,8d448ebd-caf3-403e-8fb8-01530f90165a,2024-06,2024-06-12,33897.0,33897,True
484,42,Mrs. Jamie Nelson MD,bb83bc07-47dc-498e-b181-413a001998ff,2024-01,2024-01-09,6055.25,12612,True
485,42,Mrs. Jamie Nelson MD,bb83bc07-47dc-498e-b181-413a001998ff,2024-01,2024-01-13,4097.15,12612,True
486,42,Mrs. Jamie Nelson MD,bb83bc07-47dc-498e-b181-413a001998ff,2024-01,2024-01-14,2459.6,12612,True
487,42,Mrs. Jamie Nelson MD,bb83bc07-47dc-498e-b181-413a001998ff,2024-02,2024-02-09,12612.0,12612,True
488,42,Mrs. Jamie Nelson MD,bb83bc07-47dc-498e-b181-413a001998ff,2024-03,2024-03-17,9405.29,12612,True
489,42,Mrs. Jamie Nelson MD,bb83bc07-47dc-498e-b181-413a001998ff,2024-03,2024-03-28,3206.71,12612,True
490,42,Mrs. Jamie Nelson MD,bb83bc07-47dc-498e-b181-413a001998ff,2024-04,2024-04-04,8847.15,12612,True
491,42,Mrs. Jamie Nelson MD,bb83bc07-47dc-498e-b181-413a001998ff,2024-04,2024-04-27,3764.85,12612,True
492,42,Mrs. Jamie Nelson MD,bb83bc07-47dc-498e-b181-413a001998ff,2024-05,2024-05-23,12612.0,12612,True
493,42,Mrs. Jamie Nelson MD,bb83bc07-47dc-498e-b181-413a001998ff,2024-06,2024-06-07,6045.45,12612,True
494,42,Mrs. Jamie Nelson MD,bb83bc07-47dc-498e-b181-413a001998ff,2024-06,2024-06-12,3080.97,12612,True
495,42,Mrs. Jamie Nelson MD,bb83bc07-47dc-498e-b181-413a001998ff,2024-06,2024-06-13,3485.59,12612,True
496,43,Nathan Holloway,b224341d-7364-438c-abad-51b74c217b17,2024-01,2024-01-12,8326.56,33483,True
497,43,Nathan Holloway,b224341d-7364-438c-abad-51b74c217b17,2024-01,2024-01-26,25156.44,33483,True
498,43,Nathan Holloway,b224341d-7364-438c-abad-51b74c217b17,2024-02,2024-02-07,14957.22,33483,True
499,43,Nathan Holloway,b224341d-7364-438c-abad-51b74c217b17,2024-02,2024-02-15,10792.68,33483,True
500,43,Nathan Holloway,b224341d-7364-438c-abad-51b74c217b17,2024-02,2024-02-19,7733.1,33483,True
501,43,Nathan Holloway,b224341d-7364-438c-abad-51b74c217b17,2024-03,2024-03-08,6387.51,33483,True
502,43,Nathan Holloway,b224341d-7364-438c-abad-51b74c217b17,2024-03,2024-03-10,2348.99,33483,True
503,43,Nathan Holloway,b224341d-7364-438c-abad-51b74c217b17,2024-03,2024-03-17,24746.5,33483,True
504,43,Nathan Holloway,b224341d-7364-438c-abad-51b74c217b17,2024-04,2024-04-25,33483.0,33483,True
505,43,Nathan Holloway,b224341d-7364-438c-abad-51b74c217b17,2024-05,2024-05-17,19780.54,33483,True
506,43,Nathan Holloway,b224341d-7364-438c-abad-51b74c217b17,2024-05,2024-05-25,13702.46,33483,True
507,43,Nathan Holloway,b224341d-7364-438c-abad-51b74c217b17,2024-06,2024-06-14,17816.37,33483,True
508,43,Nathan Holloway,b224341d-7364-438c-abad-51b74c217b17,2024-06,2024-06-18,15666.63,33483,True
509,44,Tammy Sanchez,2276f85c-da89-46b2-aafc-ed26c82ffc69,2024-01,2024-01-12,16516.71,27159,True
510,44,Tammy Sanchez,2276f85c-da89-46b2-aafc-ed26c82ffc69,2024-01,2024-01-23,413.5,27159,True
511,44,Tammy Sanchez,2276f85c-da89-46b2-aafc-ed26c82ffc69,2024-01,2024-01-25,10228.79,27159,True
512,44,Tammy Sanchez,2276f85c-da89-46b2-aafc-ed26c82ffc69,2024-02,2024-02-20,8867.94,27159,True
513,44,Tammy Sanchez,2276f85c-da89-46b2-aafc-ed26c82ffc69,2024-02,2024-02-22,18291.06,27159,True
514,44,Tammy Sanchez,2276f85c-da89-46b2-aafc-ed26c82ffc69,2024-03,2024-03-09,25427.55,27159,True
515,44,Tammy Sanchez,2276f85c-da89-46b2-aafc-ed26c82ffc69,2024-03,2024-03-17,1731.45,27159,True
516,44,Tammy Sanchez,2276f85c-da89-46b2-aafc-ed26c82ffc69,2024-04,2024-04-27,27159.0,27159,True
517,44,Tammy Sanchez,2276f85c-da89-46b2-aafc-ed26c82ffc69,2024-05,2024-05-04,21470.91,27159,True
518,44,Tammy Sanchez,2276f85c-da89-46b2-aafc-ed26c82ffc69,2024-05,2024-05-07,2185.05,27159,True
519,44,Tammy Sanchez,2276f85c-da89-46b2-aafc-ed26c82ffc69,2024-05,2024-05-12,3503.04,27159,True
520,44,Tammy Sanchez,2276f85c-da89-46b2-aafc-ed26c82ffc69,2024-06,2024-06-25,27159.0,27159,True
521,45,Keith Gray,62dacc9f-4563-4699-9a30-326191e0707e,2024-01,2024-01-05,7450.38,24541,True
522,45,Keith Gray,62dacc9f-4563-4699-9a30-326191e0707e,2024-01,2024-01-21,6806.71,24541,True
523,45,Keith Gray,62dacc9f-4563-4699-9a30-326191e0707e,2024-01,2024-01-27,10283.91,24541,True
524,45,Keith Gray,62dacc9f-4563-4699-9a30-326191e0707e,2024-02,2024-02-04,3452.17,24541,True
525,45,Keith Gray,62dacc9f-4563-4699-9a30-326191e0707e,2024-02,2024-02-05,1630.94,24541,True
526,45,Keith Gray,62dacc9f-4563-4699-9a30-326191e0707e,2024-02,2024-02-27,19457.89,24541,True
527,45,Keith Gray,62dacc9f-4563-4699-9a30-326191e0707e,2024-03,2024-03-02,7825.49,24541,True
528,45,Keith Gray,62dacc9f-4563-4699-9a30-326191e0707e,2024-03,2024-03-22,16715.51,24541,True
529,45,Keith Gray,62dacc9f-4563-4699-9a30-326191e0707e,2024-04,2024-04-05,23227.09,24541,True
530,45,Keith Gray,62dacc9f-4563-4699-9a30-326191e0707e,2024-04,2024-04-12,1313.91,24541,True
531,45,Keith Gray,62dacc9f-4563-4699-9a30-326191e0707e,2024-05,2024-05-19,24541.0,24541,True
532,45,Keith Gray,62dacc9f-4563-4699-9a30-326191e0707e,2024-06,2024-06-13,24075.55,24541,True
533,45,Keith Gray,62dacc9f-4563-4699-9a30-326191e0707e,2024-06,2024-06-18,465.45,24541,True
534,46,Mario Ruiz,b35c2955-1d8a-4a6b-9ada-5acff2ca6866,2024-01,2024-01-05,26194.96,45920,True
535,46,Mario Ruiz,b35c2955-1d8a-4a6b-9ada-5acff2ca6866,2024-01,2024-01-16,8108.94,45920,True
536,46,Mario Ruiz,b35c2955-1d8a-4a6b-9ada-5acff2ca6866,2024-01,2024-01-24,11616.11,45920,True
537,46,Mario Ruiz,b35c2955-1d8a-4a6b-9ada-5acff2ca6866,2024-02,2024-02-13,45920.0,45920,True
538,46,Mario Ruiz,b35c2955-1d8a-4a6b-9ada-5acff2ca6866,2024-03,2024-03-09,34840.39,45920,True
539,46,Mario Ruiz,b35c2955-1d8a-4a6b-9ada-5acff2ca6866,2024-03,2024-03-23,11079.61,45920,True
540,46,Mario Ruiz,b35c2955-1d8a-4a6b-9ada-5acff2ca6866,2024-04,2024-04-08,45920.0,45920,True
541,46,Mario Ruiz,b35c2955-1d8a-4a6b-9ada-5acff2ca6866,2024-05,2024-05-26,45920.0,45920,True
542,46,Mario Ruiz,b35c2955-1d8a-4a6b-9ada-5acff2ca6866,2024-06,2024-06-21,45920.0,45920,True
543,47,Kenneth Small,35babaf2-d9d4-44d2-a843-a85b0832e757,2024-01,2024-01-08,8238.19,36531,True
544,47,Kenneth Small,35babaf2-d9d4-44d2-a843-a85b0832e757,2024-01,2024-01-16,16916.43,36531,True
545,47,Kenneth Small,35babaf2-d9d4-44d2-a843-a85b0832e757,2024-01,2024-01-24,11376.38,36531,True
546,47,Kenneth Small,35babaf2-d9d4-44d2-a843-a85b0832e757,2024-02,2024-02-12,29890.29,36531,True
547,47,Kenneth Small,35babaf2-d9d4-44d2-a843-a85b0832e757,2024-02,2024-02-28,6640.71,36531,True
548,47,Kenneth Small,35babaf2-d9d4-44d2-a843-a85b0832e757,2024-03,2024-03-14,16432.93,36531,True
549,47,Kenneth Small,35babaf2-d9d4-44d2-a843-a85b0832e757,2024-03,2024-03-26,20098.07,36531,True
550,47,Kenneth Small,35babaf2-d9d4-44d2-a843-a85b0832e757,2024-04,2024-04-16,36531.0,36531,True
551,47,Kenneth Small,35babaf2-d9d4-44d2-a843-a85b0832e757,2024-05,2024-05-25,36531.0,36531,True
552,47,Kenneth Small,35babaf2-d9d4-44d2-a843-a85b0832e757,2024-06,2024-06-14,36531.0,36531,True
553,48,Amanda Lucero,6d6262bd-64e5-4c5d-af3e-a2d76b81adee,2024-01,2024-01-28,11585.0,11585,True
554,48,Amanda Lucero,6d6262bd-64e5-4c5d-af3e-a2d76b81adee,2024-02,2024-02-23,11585.0,11585,True
555,48,Amanda Lucero,6d6262bd-64e5-4c5d-af3e-a2d76b81adee,2024-03,2024-03-02,5786.18,11585,True
556,48,Amanda Lucero,6d6262bd-64e5-4c5d-af3e-a2d76b81adee,2024-03,2024-03-23,5798.82,11585,True
557,48,Amanda Lucero,6d6262bd-64e5-4c5d-af3e-a2d76b81adee,2024-04,2024-04-14,8563.35,11585,True
558,48,Amanda Lucero,6d6262bd-64e5-4c5d-af3e-a2d76b81adee,2024-04,2024-04-17,3021.65,11585,True
559,48,Amanda Lucero,6d6262bd-64e5-4c5d-af3e-a2d76b81adee,2024-05,2024-05-05,7358.95,11585,False
560,48,Amanda Lucero,6d6262bd-64e5-4c5d-af3e-a2d76b81adee,2024-05,2024-05-09,1855.0,11585,False
561,48,Amanda Lucero,6d6262bd-64e5-4c5d-af3e-a2d76b81adee,2024-05,2024-05-17,2371.04,11585,False
562,48,Amanda Lucero,6d6262bd-64e5-4c5d-af3e-a2d76b81adee,2024-06,2024-06-02,3561.25,11585,True
563,48,Amanda Lucero,6d6262bd-64e5-4c5d-af3e-a2d76b81adee,2024-06,2024-06-25,678.37,11585,True
564,48,Amanda Lucero,6d6262bd-64e5-4c5d-af3e-a2d76b81adee,2024-06,2024-06-26,7345.38,11585,True
565,49,David Richardson,00328786-1bbd-44e3-9c40-58bfd9f4c1d4,2024-01,2024-01-24,13943.0,13943,True
566,49,David Richardson,00328786-1bbd-44e3-9c40-58bfd9f4c1d4,2024-02,2024-02-10,7106.79,13943,True
567,49,David Richardson,00328786-1bbd-44e3-9c40-58bfd9f4c1d4,2024-02,2024-02-28,6836.21,13943,True
568,49,David Richardson,00328786-1bbd-44e3-9c40-58bfd9f4c1d4,2024-03,2024-03-06,13943.0,13943,True
569,49,David Richardson,00328786-1bbd-44e3-9c40-58bfd9f4c1d4,2024-04,2024-04-20,13943.0,13943,True
570,49,David Richardson,00328786-1bbd-44e3-9c40-58bfd9f4c1d4,2024-05,2024-05-08,10040.76,13943,True
571,49,David Richardson,00328786-1bbd-44e3-9c40-58bfd9f4c1d4,2024-05,2024-05-09,3902.24,13943,True
572,49,David Richardson,00328786-1bbd-44e3-9c40-58bfd9f4c1d4,2024-06,2024-06-10,13943.0,13943,True
573,50,Michael Patterson,83277cc8-2893-4b42-8dbd-33ee4108d825,2024-01,2024-01-03,33939.0,33939,True
574,50,Michael Patterson,83277cc8-2893-4b42-8dbd-33ee4108d825,2024-02,2024-02-02,2909.26,33939,True
575,50,Michael Patterson,83277cc8-2893-4b42-8dbd-33ee4108d825,2024-02,2024-02-27,28194.74,33939,True
576,50,Michael Patterson,83277cc8-2893-4b42-8dbd-33ee4108d825,2024-02,2024-02-28,2835.0,33939,True
577,50,Michael Patterson,83277cc8-2893-4b42-8dbd-33ee4108d825,2024-03,2024-03-07,33939.0,33939,True
578,50,Michael Patterson,83277cc8-2893-4b42-8dbd-33ee4108d825,2024-04,2024-04-02,33939.0,33939,True
579,50,Michael Patterson,83277cc8-2893-4b42-8dbd-33ee4108d825,2024-05,2024-05-06,1065.07,33939,True
580,50,Michael Patterson,83277cc8-2893-4b42-8dbd-33ee4108d825,2024-05,2024-05-10,23411.61,33939,True
581,50,Michael Patterson,83277cc8-2893-4b42-8dbd-33ee4108d825,2024-05,2024-05-24,9462.33,33939,True
582,50,Michael Patterson,83277cc8-2893-4b42-8dbd-33ee4108d825,2024-06,2024-06-03,18265.92,33939,True
583,50,Michael Patterson,83277cc8-2893-4b42-8dbd-33ee4108d825,2024-06,2024-06-04,15673.08,33939,True
584,51,Angela Harper,06e02838-d07a-49d8-86ad-79008888535f,2024-01,2024-01-04,24431.56,29457,True
585,51,Angela Harper,06e02838-d07a-49d8-86ad-79008888535f,2024-01,2024-01-26,5025.44,29457,True
586,51,Angela Harper,06e02838-d07a-49d8-86ad-79008888535f,2024-02,2024-02-28,29457.0,29457,True
587,51,Angela Harper,06e02838-d07a-49d8-86ad-79008888535f,2024-03,2024-03-19,23229.63,29457,False
588,51,Angela Harper,06e02838-d07a-49d8-86ad-79008888535f,2024-03,2024-03-22,3716.39,29457,False
589,51,Angela Harper,06e02838-d07a-49d8-86ad-79008888535f,2024-03,2024-03-23,2510.97,29457,False
590,51,Angela Harper,06e02838-d07a-49d8-86ad-79008888535f,2024-04,2024-04-18,9329.68,29457,True
591,51,Angela Harper,06e02838-d07a-49d8-86ad-79008888535f,2024-04,2024-04-26,20127.32,29457,True
592,51,Angela Harper,06e02838-d07a-49d8-86ad-79008888535f,2024-05,2024-05-07,1997.24,29457,True
593,51,Angela Harper,06e02838-d07a-49d8-86ad-79008888535f,2024-05,2024-05-19,14806.43,29457,True
594,51,Angela Harper,06e02838-d07a-49d8-86ad-79008888535f,2024-05,2024-05-20,12653.33,29457,True
595,51,Angela Harper,06e02838-d07a-49d8-86ad-79008888535f,2024-06,2024-06-26,29457.0,29457,True
596,52,Stephen Morrison,770a4d6d-8b22-4404-bb27-48f4dcc00755,2024-01,2024-01-11,2072.81,11021,False
597,52,Stephen Morrison,770a4d6d-8b22-4404-bb27-48f4dcc00755,2024-01,2024-01-13,8791.14,11021,False
598,52,Stephen Morrison,770a4d6d-8b22-4404-bb27-48f4dcc00755,2024-01,2024-01-27,157.04,11021,False
599,52,Stephen Morrison,770a4d6d-8b22-4404-bb27-48f4dcc00755,2024-02,2024-02-14,3633.18,11021,True
600,52,Stephen Morrison,770a4d6d-8b22-4404-bb27-48f4dcc00755,2024-02,2024-02-21,7387.82,11021,True
601,52,Stephen Morrison,770a4d6d-8b22-4404-bb27-48f4dcc00755,2024-03,2024-03-03,8126.18,11021,True
602,52,Stephen Morrison,770a4d6d-8b22-4404-bb27-48f4dcc00755,2024-03,2024-03-13,2090.12,11021,True
603,52,Stephen Morrison,770a4d6d-8b22-4404-bb27-48f4dcc00755,2024-03,2024-03-27,804.71,11021,True
604,52,Stephen Morrison,770a4d6d-8b22-4404-bb27-48f4dcc00755,2024-04,2024-04-09,3965.92,11021,True
605,52,Stephen Morrison,770a4d6d-8b22-4404-bb27-48f4dcc00755,2024-04,2024-04-28,7055.08,11021,True
606,52,Stephen Morrison,770a4d6d-8b22-4404-bb27-48f4dcc00755,2024-05,2024-05-08,11021.0,11021,True
607,52,Stephen Morrison,770a4d6d-8b22-4404-bb27-48f4dcc00755,2024-06,2024-06-03,1462.98,11021,True
608,52,Stephen Morrison,770a4d6d-8b22-4404-bb27-48f4dcc00755,2024-06,2024-06-15,9558.02,11021,True
609,53,Zoe Montgomery,c94f8ae2-9abf-4f28-9474-ffd7e0529037,2024-01,2024-01-05,5147.65,21653,True
610,53,Zoe Montgomery,c94f8ae2-9abf-4f28-9474-ffd7e0529037,2024-01,2024-01-15,6832.98,21653,True
611,53,Zoe Montgomery,c94f8ae2-9abf-4f28-9474-ffd7e0529037,2024-01,2024-01-16,9672.37,21653,True
612,53,Zoe Montgomery,c94f8ae2-9abf-4f28-9474-ffd7e0529037,2024-02,2024-02-12,21653.0,21653,True
613,53,Zoe Montgomery,c94f8ae2-9abf-4f28-9474-ffd7e0529037,2024-03,2024-03-02,21653.0,21653,True
614,53,Zoe Montgomery,c94f8ae2-9abf-4f28-9474-ffd7e0529037,2024-04,2024-04-16,15401.6,21653,True
615,53,Zoe Montgomery,c94f8ae2-9abf-4f28-9474-ffd7e0529037,2024-04,2024-04-18,6251.4,21653,True
616,53,Zoe Montgomery,c94f8ae2-9abf-4f28-9474-ffd7e0529037,2024-05,2024-05-04,3893.56,21653,True
617,53,Zoe Montgomery,c94f8ae2-9abf-4f28-9474-ffd7e0529037,2024-05,2024-05-05,6191.04,21653,True
618,53,Zoe Montgomery,c94f8ae2-9abf-4f28-9474-ffd7e0529037,2024-05,2024-05-20,11568.4,21653,True
619,53,Zoe Montgomery,c94f8ae2-9abf-4f28-9474-ffd7e0529037,2024-06,2024-06-05,21653.0,21653,True
620,54,Robert White,432e09a9-99cf-4fd2-8389-5891523a81f3,2024-01,2024-01-08,4352.39,23417,True
621,54,Robert White,432e09a9-99cf-4fd2-8389-5891523a81f3,2024-01,2024-01-12,19064.61,23417,True
622,54,Robert White,432e09a9-99cf-4fd2-8389-5891523a81f3,2024-02,2024-02-14,15232.65,23417,True
623,54,Robert White,432e09a9-99cf-4fd2-8389-5891523a81f3,2024-02,2024-02-18,7408.9,23417,True
624,54,Robert White,432e09a9-99cf-4fd2-8389-5891523a81f3,2024-02,2024-02-28,775.46,23417,True
625,54,Robert White,432e09a9-99cf-4fd2-8389-5891523a81f3,2024-03,2024-03-03,3861.54,23417,True
626,54,Robert White,432e09a9-99cf-4fd2-8389-5891523a81f3,2024-03,2024-03-12,19555.46,23417,True
627,54,Robert White,432e09a9-99cf-4fd2-8389-5891523a81f3,2024-04,2024-04-02,17239.3,23417,True
628,54,Robert White,432e09a9-99cf-4fd2-8389-5891523a81f3,2024-04,2024-04-05,5934.17,23417,True
629,54,Robert White,432e09a9-99cf-4fd2-8389-5891523a81f3,2024-04,2024-04-13,243.53,23417,True
630,54,Robert White,432e09a9-99cf-4fd2-8389-5891523a81f3,2024-05,2024-05-14,12412.05,23417,True
631,54,Robert White,432e09a9-99cf-4fd2-8389-5891523a81f3,2024-05,2024-05-26,11004.95,23417,True
632,54,Robert White,432e09a9-99cf-4fd2-8389-5891523a81f3,2024-06,2024-06-02,23417.0,23417,True
633,55,Brett Jackson,46ee4083-62fb-4e77-8e6e-04955caa5dd8,2024-01,2024-01-06,12881.15,19692,True
634,55,Brett Jackson,46ee4083-62fb-4e77-8e6e-04955caa5dd8,2024-01,2024-01-15,6810.85,19692,True
635,55,Brett Jackson,46ee4083-62fb-4e77-8e6e-04955caa5dd8,2024-02,2024-02-13,15721.88,19692,True
636,55,Brett Jackson,46ee4083-62fb-4e77-8e6e-04955caa5dd8,2024-02,2024-02-15,3970.12,19692,True
637,55,Brett Jackson,46ee4083-62fb-4e77-8e6e-04955caa5dd8,2024-03,2024-03-17,6230.3,19692,True
638,55,Brett Jackson,46ee4083-62fb-4e77-8e6e-04955caa5dd8,2024-03,2024-03-20,9373.13,19692,True
639,55,Brett Jackson,46ee4083-62fb-4e77-8e6e-04955caa5dd8,2024-03,2024-03-25,4088.57,19692,True
640,55,Brett Jackson,46ee4083-62fb-4e77-8e6e-04955caa5dd8,2024-04,2024-04-16,14344.94,19692,True
641,55,Brett Jackson,46ee4083-62fb-4e77-8e6e-04955caa5dd8,2024-04,2024-04-25,5347.06,19692,True
642,55,Brett Jackson,46ee4083-62fb-4e77-8e6e-04955caa5dd8,2024-05,2024-05-08,19692.0,19692,True
643,55,Brett Jackson,46ee4083-62fb-4e77-8e6e-04955caa5dd8,2024-06,2024-06-08,17417.45,19692,True
644,55,Brett Jackson,46ee4083-62fb-4e77-8e6e-04955caa5dd8,2024-06,2024-06-21,2274.55,19692,True
645,56,Marc Taylor,02a8b6c8-cc40-49b5-8bf6-58217467bfe2,2024-01,2024-01-03,5570.09,16873,True
646,56,Marc Taylor,02a8b6c8-cc40-49b5-8bf6-58217467bfe2,2024-01,2024-01-28,11302.91,16873,True
647,56,Marc Taylor,02a8b6c8-cc40-49b5-8bf6-58217467bfe2,2024-02,2024-02-08,8962.8,16873,True
648,56,Marc Taylor,02a8b6c8-cc40-49b5-8bf6-58217467bfe2,2024-02,2024-02-20,3938.35,16873,True
649,56,Marc Taylor,02a8b6c8-cc40-49b5-8bf6-58217467bfe2,2024-02,2024-02-27,3971.85,16873,True
650,56,Marc Taylor,02a8b6c8-cc40-49b5-8bf6-58217467bfe2,2024-03,2024-03-09,16873.0,16873,True
651,56,Marc Taylor,02a8b6c8-cc40-49b5-8bf6-58217467bfe2,2024-04,2024-04-03,13822.02,16873,True
652,56,Marc Taylor,02a8b6c8-cc40-49b5-8bf6-58217467bfe2,2024-04,2024-04-04,3050.98,16873,True
653,56,Marc Taylor,02a8b6c8-cc40-49b5-8bf6-58217467bfe2,2024-05,2024-05-05,15832.16,16873,True
654,56,Marc Taylor,02a8b6c8-cc40-49b5-8bf6-58217467bfe2,2024-05,2024-05-19,1040.84,16873,True
655,56,Marc Taylor,02a8b6c8-cc40-49b5-8bf6-58217467bfe2,2024-06,2024-06-05,15850.32,16873,True
656,56,Marc Taylor,02a8b6c8-cc40-49b5-8bf6-58217467bfe2,2024-06,2024-06-22,1022.68,16873,True
657,57,Matthew Black,3af5eaea-57f5-4027-a6f6-27d41dedd9f5,2024-01,2024-01-02,3956.37,15675,True
658,57,Matthew Black,3af5eaea-57f5-4027-a6f6-27d41dedd9f5,2024-01,2024-01-10,6930.91,15675,True
659,57,Matthew Black,3af5eaea-57f5-4027-a6f6-27d41dedd9f5,2024-01,2024-01-24,4787.72,15675,True
660,57,Matthew Black,3af5eaea-57f5-4027-a6f6-27d41dedd9f5,2024-02,2024-02-24,15675.0,15675,True
661,57,Matthew Black,3af5eaea-57f5-4027-a6f6-27d41dedd9f5,2024-03,2024-03-08,7116.42,15675,True
662,57,Matthew Black,3af5eaea-57f5-4027-a6f6-27d41dedd9f5,2024-03,2024-03-24,1205.79,15675,True
663,57,Matthew Black,3af5eaea-57f5-4027-a6f6-27d41dedd9f5,2024-03,2024-03-25,7352.79,15675,True
664,57,Matthew Black,3af5eaea-57f5-4027-a6f6-27d41dedd9f5,2024-04,2024-04-10,13244.81,15675,True
665,57,Matthew Black,3af5eaea-57f5-4027-a6f6-27d41dedd9f5,2024-04,2024-04-14,2430.19,15675,True
666,57,Matthew Black,3af5eaea-57f5-4027-a6f6-27d41dedd9f5,2024-05,2024-05-08,3780.93,15675,False
667,57,Matthew Black,3af5eaea-57f5-4027-a6f6-27d41dedd9f5,2024-05,2024-05-13,11237.8,15675,False
668,57,Matthew Black,3af5eaea-57f5-4027-a6f6-27d41dedd9f5,2024-05,2024-05-28,656.26,15675,False
669,57,Matthew Black,3af5eaea-57f5-4027-a6f6-27d41dedd9f5,2024-06,2024-06-16,14870.61,15675,True
670,57,Matthew Black,3af5eaea-57f5-4027-a6f6-27d41dedd9f5,2024-06,2024-06-18,804.39,15675,True
671,58,Samantha Mitchell,7d4e75ea-47da-458d-a8c5-1a2bbfb00a53,2024-01,2024-01-05,10161.0,10161,True
672,58,Samantha Mitchell,7d4e75ea-47da-458d-a8c5-1a2bbfb00a53,2024-02,2024-02-12,10161.0,10161,True
673,58,Samantha Mitchell,7d4e75ea-47da-458d-a8c5-1a2bbfb00a53,2024-03,2024-03-09,10161.0,10161,True
674,58,Samantha Mitchell,7d4e75ea-47da-458d-a8c5-1a2bbfb00a53,2024-04,2024-04-05,10161.0,10161,True
675,58,Samantha Mitchell,7d4e75ea-47da-458d-a8c5-1a2bbfb00a53,2024-05,2024-05-23,9005.71,10161,True
676,58,Samantha Mitchell,7d4e75ea-47da-458d-a8c5-1a2bbfb00a53,2024-05,2024-05-24,1155.29,10161,True
677,58,Samantha Mitchell,7d4e75ea-47da-458d-a8c5-1a2bbfb00a53,2024-06,2024-06-18,5844.63,10161,True
678,58,Samantha Mitchell,7d4e75ea-47da-458d-a8c5-1a2bbfb00a53,2024-06,2024-06-25,4316.37,10161,True
679,59,Anthony Santos,7612df38-b131-48d5-8327-a0c6e5115572,2024-01,2024-01-17,2173.4,47065,True
680,59,Anthony Santos,7612df38-b131-48d5-8327-a0c6e5115572,2024-01,2024-01-28,44891.6,47065,True
681,59,Anthony Santos,7612df38-b131-48d5-8327-a0c6e5115572,2024-02,2024-02-22,47065.0,47065,True
682,59,Anthony Santos,7612df38-b131-48d5-8327-a0c6e5115572,2024-03,2024-03-02,25644.49,47065,True
683,59,Anthony Santos,7612df38-b131-48d5-8327-a0c6e5115572,2024-03,2024-03-21,12229.29,47065,True
684,59,Anthony Santos,7612df38-b131-48d5-8327-a0c6e5115572,2024-03,2024-03-22,9191.22,47065,True
685,59,Anthony Santos,7612df38-b131-48d5-8327-a0c6e5115572,2024-04,2024-04-18,47065.0,47065,True
686,59,Anthony Santos,7612df38-b131-48d5-8327-a0c6e5115572,2024-05,2024-05-04,32514.65,47065,True
687,59,Anthony Santos,7612df38-b131-48d5-8327-a0c6e5115572,2024-05,2024-05-06,14550.35,47065,True
688,59,Anthony Santos,7612df38-b131-48d5-8327-a0c6e5115572,2024-06,2024-06-05,19842.52,47065,False
689,59,Anthony Santos,7612df38-b131-48d5-8327-a0c6e5115572,2024-06,2024-06-18,12987.28,47065,False
690,59,Anthony Santos,7612df38-b131-48d5-8327-a0c6e5115572,2024-06,2024-06-19,14235.19,47065,False
691,60,Mrs. Belinda Torres MD,2e3e92ab-9a4f-49e1-9d73-090af1e1b256,2024-01,2024-01-18,22949.92,36557,True
692,60,Mrs. Belinda Torres MD,2e3e92ab-9a4f-49e1-9d73-090af1e1b256,2024-01,2024-01-23,13607.08,36557,True
693,60,Mrs. Belinda Torres MD,2e3e92ab-9a4f-49e1-9d73-090af1e1b256,2024-02,2024-02-02,18435.25,36557,True
694,60,Mrs. Belinda Torres MD,2e3e92ab-9a4f-49e1-9d73-090af1e1b256,2024-02,2024-02-04,826.59,36557,True
695,60,Mrs. Belinda Torres MD,2e3e92ab-9a4f-49e1-9d73-090af1e1b256,2024-02,2024-02-17,17295.16,36557,True
696,60,Mrs. Belinda Torres MD,2e3e92ab-9a4f-49e1-9d73-090af1e1b256,2024-03,2024-03-17,3941.01,36557,True
697,60,Mrs. Belinda Torres MD,2e3e92ab-9a4f-49e1-9d73-090af1e1b256,2024-03,2024-03-28,32615.99,36557,True
698,60,Mrs. Belinda Torres MD,2e3e92ab-9a4f-49e1-9d73-090af1e1b256,2024-04,2024-04-05,9268.31,36557,True
699,60,Mrs. Belinda Torres MD,2e3e92ab-9a4f-49e1-9d73-090af1e1b256,2024-04,2024-04-27,27288.69,36557,True
700,60,Mrs. Belinda Torres MD,2e3e92ab-9a4f-49e1-9d73-090af1e1b256,2024-05,2024-05-21,3256.83,36557,True
701,60,Mrs. Belinda Torres MD,2e3e92ab-9a4f-49e1-9d73-090af1e1b256,2024-05,2024-05-28,33300.17,36557,True
702,60,Mrs. Belinda Torres MD,2e3e92ab-9a4f-49e1-9d73-090af1e1b256,2024-06,2024-06-05,10474.97,36557,True
703,60,Mrs. Belinda Torres MD,2e3e92ab-9a4f-49e1-9d73-090af1e1b256,2024-06,2024-06-17,14370.13,36557,True
704,60,Mrs. Belinda Torres MD,2e3e92ab-9a4f-49e1-9d73-090af1e1b256,2024-06,2024-06-19,11711.9,36557,True
705,61,Sara Dawson DDS,a6a171bd-92d4-487e-ac32-e1e5873c32d3,2024-01,2024-01-04,42027.29,43763,True
706,61,Sara Dawson DDS,a6a171bd-92d4-487e-ac32-e1e5873c32d3,2024-01,2024-01-12,1735.71,43763,True
707,61,Sara Dawson DDS,a6a171bd-92d4-487e-ac32-e1e5873c32d3,2024-02,2024-02-05,7688.57,43763,True
708,61,Sara Dawson DDS,a6a171bd-92d4-487e-ac32-e1e5873c32d3,2024-02,2024-02-07,35320.06,43763,True
709,61,Sara Dawson DDS,a6a171bd-92d4-487e-ac32-e1e5873c32d3,2024-02,2024-02-22,754.37,43763,True
710,61,Sara Dawson DDS,a6a171bd-92d4-487e-ac32-e1e5873c32d3,2024-03,2024-03-06,10275.23,43763,True
711,61,Sara Dawson DDS,a6a171bd-92d4-487e-ac32-e1e5873c32d3,2024-03,2024-03-17,18630.06,43763,True
712,61,Sara Dawson DDS,a6a171bd-92d4-487e-ac32-e1e5873c32d3,2024-03,2024-03-20,14857.71,43763,True
713,61,Sara Dawson DDS,a6a171bd-92d4-487e-ac32-e1e5873c32d3,2024-04,2024-04-11,18000.99,43763,True
714,61,Sara Dawson DDS,a6a171bd-92d4-487e-ac32-e1e5873c32d3,2024-04,2024-04-17,6273.74,43763,True
715,61,Sara Dawson DDS,a6a171bd-92d4-487e-ac32-e1e5873c32d3,2024-04,2024-04-27,19488.27,43763,True
716,61,Sara Dawson DDS,a6a171bd-92d4-487e-ac32-e1e5873c32d3,2024-05,2024-05-04,6097.86,43763,True
717,61,Sara Dawson DDS,a6a171bd-92d4-487e-ac32-e1e5873c32d3,2024-05,2024-05-21,12483.94,43763,True
718,61,Sara Dawson DDS,a6a171bd-92d4-487e-ac32-e1e5873c32d3,2024-05,2024-05-27,25181.2,43763,True
719,61,Sara Dawson DDS,a6a171bd-92d4-487e-ac32-e1e5873c32d3,2024-06,2024-06-03,43763.0,43763,True
720,62,Gabrielle Davis,9d59e1f0-5d81-4593-b436-153164f6370e,2024-01,2024-01-22,42606.0,42606,True
721,62,Gabrielle Davis,9d59e1f0-5d81-4593-b436-153164f6370e,2024-02,2024-02-08,33861.87,42606,True
722,62,Gabrielle Davis,9d59e1f0-5d81-4593-b436-153164f6370e,2024-02,2024-02-10,8744.13,42606,True
723,62,Gabrielle Davis,9d59e1f0-5d81-4593-b436-153164f6370e,2024-03,2024-03-17,21006.71,42606,True
724,62,Gabrielle Davis,9d59e1f0-5d81-4593-b436-153164f6370e,2024-03,2024-03-20,221.28,42606,True
725,62,Gabrielle Davis,9d59e1f0-5d81-4593-b436-153164f6370e,2024-03,2024-03-27,21378.02,42606,True
726,62,Gabrielle Davis,9d59e1f0-5d81-4593-b436-153164f6370e,2024-04,2024-04-23,42606.0,42606,True
727,62,Gabrielle Davis,9d59e1f0-5d81-4593-b436-153164f6370e,2024-05,2024-05-14,22702.22,42606,True
728,62,Gabrielle Davis,9d59e1f0-5d81-4593-b436-153164f6370e,2024-05,2024-05-19,2980.17,42606,True
729,62,Gabrielle Davis,9d59e1f0-5d81-4593-b436-153164f6370e,2024-05,2024-05-27,16923.61,42606,True
730,62,Gabrielle Davis,9d59e1f0-5d81-4593-b436-153164f6370e,2024-06,2024-06-18,42606.0,42606,True
731,63,Anthony Moore,559822c6-348e-4a73-b578-b0d81bd39a63,2024-01,2024-01-08,21534.0,21534,True
732,63,Anthony Moore,559822c6-348e-4a73-b578-b0d81bd39a63,2024-02,2024-02-05,10785.73,21534,True
733,63,Anthony Moore,559822c6-348e-4a73-b578-b0d81bd39a63,2024-02,2024-02-12,2042.17,21534,True
734,63,Anthony Moore,559822c6-348e-4a73-b578-b0d81bd39a63,2024-02,2024-02-23,8706.1,21534,True
735,63,Anthony Moore,559822c6-348e-4a73-b578-b0d81bd39a63,2024-03,2024-03-23,21534.0,21534,True
736,63,Anthony Moore,559822c6-348e-4a73-b578-b0d81bd39a63,2024-04,2024-04-02,21534.0,21534,True
737,63,Anthony Moore,559822c6-348e-4a73-b578-b0d81bd39a63,2024-05,2024-05-02,3345.2,21534,True
738,63,Anthony Moore,559822c6-348e-4a73-b578-b0d81bd39a63,2024-05,2024-05-14,18188.8,21534,True
739,63,Anthony Moore,559822c6-348e-4a73-b578-b0d81bd39a63,2024-06,2024-06-10,18537.67,21534,True
740,63,Anthony Moore,559822c6-348e-4a73-b578-b0d81bd39a63,2024-06,2024-06-17,2996.33,21534,True
741,64,Elizabeth Porter,75ea8861-8dd8-49ac-8bf7-ea7b9f1b424a,2024-01,2024-01-12,39127.0,39127,True
742,64,Elizabeth Porter,75ea8861-8dd8-49ac-8bf7-ea7b9f1b424a,2024-02,2024-02-21,10011.71,39127,True
743,64,Elizabeth Porter,75ea8861-8dd8-49ac-8bf7-ea7b9f1b424a,2024-02,2024-02-22,8699.21,39127,True
744,64,Elizabeth Porter,75ea8861-8dd8-49ac-8bf7-ea7b9f1b424a,2024-02,2024-02-27,20416.08,39127,True
745,64,Elizabeth Porter,75ea8861-8dd8-49ac-8bf7-ea7b9f1b424a,2024-03,2024-03-12,25298.65,39127,True
746,64,Elizabeth Porter,75ea8861-8dd8-49ac-8bf7-ea7b9f1b424a,2024-03,2024-03-24,13037.17,39127,True
747,64,Elizabeth Porter,75ea8861-8dd8-49ac-8bf7-ea7b9f1b424a,2024-03,2024-03-28,791.18,39127,True
748,64,Elizabeth Porter,75ea8861-8dd8-49ac-8bf7-ea7b9f1b424a,2024-04,2024-04-05,25503.62,39127,True
749,64,Elizabeth Porter,75ea8861-8dd8-49ac-8bf7-ea7b9f1b424a,2024-04,2024-04-26,13623.38,39127,True
750,64,Elizabeth Porter,75ea8861-8dd8-49ac-8bf7-ea7b9f1b424a,2024-05,2024-05-04,11130.87,39127,False
751,64,Elizabeth Porter,75ea8861-8dd8-49ac-8bf7-ea7b9f1b424a,2024-05,2024-05-11,21528.13,39127,False
752,64,Elizabeth Porter,75ea8861-8dd8-49ac-8bf7-ea7b9f1b424a,2024-05,2024-05-17,6467.99,39127,False
753,64,Elizabeth Porter,75ea8861-8dd8-49ac-8bf7-ea7b9f1b424a,2024-06,2024-06-12,7742.95,39127,True
754,64,Elizabeth Porter,75ea8861-8dd8-49ac-8bf7-ea7b9f1b424a,2024-06,2024-06-14,27431.55,39127,True
755,64,Elizabeth Porter,75ea8861-8dd8-49ac-8bf7-ea7b9f1b424a,2024-06,2024-06-27,3952.5,39127,True
756,65,Charles Harris,e7a46bc6-5f47-4980-a433-2b9b6ffb1ecb,2024-01,2024-01-04,21927.4,35851,False
757,65,Charles Harris,e7a46bc6-5f47-4980-a433-2b9b6ffb1ecb,2024-01,2024-01-08,7999.05,35851,False
758,65,Charles Harris,e7a46bc6-5f47-4980-a433-2b9b6ffb1ecb,2024-01,2024-01-21,5924.54,35851,False
759,65,Charles Harris,e7a46bc6-5f47-4980-a433-2b9b6ffb1ecb,2024-02,2024-02-11,420.55,35851,True
760,65,Charles Harris,e7a46bc6-5f47-4980-a433-2b9b6ffb1ecb,2024-02,2024-02-28,35430.45,35851,True
761,65,Charles Harris,e7a46bc6-5f47-4980-a433-2b9b6ffb1ecb,2024-03,2024-03-21,22186.19,35851,True
762,65,Charles Harris,e7a46bc6-5f47-4980-a433-2b9b6ffb1ecb,2024-03,2024-03-22,13664.81,35851,True
763,65,Charles Harris,e7a46bc6-5f47-4980-a433-2b9b6ffb1ecb,2024-04,2024-04-05,7670.25,35851,True
764,65,Charles Harris,e7a46bc6-5f47-4980-a433-2b9b6ffb1ecb,2024-04,2024-04-19,9364.2,35851,True
765,65,Charles Harris,e7a46bc6-5f47-4980-a433-2b9b6ffb1ecb,2024-04,2024-04-26,18816.56,35851,True
766,65,Charles Harris,e7a46bc6-5f47-4980-a433-2b9b6ffb1ecb,2024-05,2024-05-03,35851.0,35851,True
767,65,Charles Harris,e7a46bc6-5f47-4980-a433-2b9b6ffb1ecb,2024-06,2024-06-03,18324.93,35851,True
768,65,Charles Harris,e7a46bc6-5f47-4980-a433-2b9b6ffb1ecb,2024-06,2024-06-06,15369.2,35851,True
769,65,Charles Harris,e7a46bc6-5f47-4980-a433-2b9b6ffb1ecb,2024-06,2024-06-18,2156.87,35851,True
770,66,Dr. Jordan Hancock,7b886803-35a3-4f43-9ec0-4ec72ae660bb,2024-01,2024-01-09,2191.72,11016,True
771,66,Dr. Jordan Hancock,7b886803-35a3-4f43-9ec0-4ec72ae660bb,2024-01,2024-01-18,2184.79,11016,True
772,66,Dr. Jordan Hancock,7b886803-35a3-4f43-9ec0-4ec72ae660bb,2024-01,2024-01-23,6639.49,11016,True
773,66,Dr. Jordan Hancock,7b886803-35a3-4f43-9ec0-4ec72ae660bb,2024-02,2024-02-10,11016.0,11016,True
774,66,Dr. Jordan Hancock,7b886803-35a3-4f43-9ec0-4ec72ae660bb,2024-03,2024-03-18,11016.0,11016,True
775,66,Dr. Jordan Hancock,7b886803-35a3-4f43-9ec0-4ec72ae660bb,2024-04,2024-04-17,11016.0,11016,True
776,66,Dr. Jordan Hancock,7b886803-35a3-4f43-9ec0-4ec72ae660bb,2024-05,2024-05-07,280.34,11016,True
777,66,Dr. Jordan Hancock,7b886803-35a3-4f43-9ec0-4ec72ae660bb,2024-05,2024-05-20,4438.38,11016,True
778,66,Dr. Jordan Hancock,7b886803-35a3-4f43-9ec0-4ec72ae660bb,2024-05,2024-05-26,6297.28,11016,True
779,66,Dr. Jordan Hancock,7b886803-35a3-4f43-9ec0-4ec72ae660bb,2024-06,2024-06-22,6708.01,11016,True
780,66,Dr. Jordan Hancock,7b886803-35a3-4f43-9ec0-4ec72ae660bb,2024-06,2024-06-25,4307.99,11016,True
781,67,Jennifer Rivera,091126a1-0b1d-4cfa-bc66-3e822302da4d,2024-01,2024-01-07,34253.0,34253,True
782,67,Jennifer Rivera,091126a1-0b1d-4cfa-bc66-3e822302da4d,2024-02,2024-02-08,18140.66,34253,True
783,67,Jennifer Rivera,091126a1-0b1d-4cfa-bc66-3e822302da4d,2024-02,2024-02-28,16112.34,34253,True
784,67,Jennifer Rivera,091126a1-0b1d-4cfa-bc66-3e822302da4d,2024-03,2024-03-13,21425.85,34253,True
785,67,Jennifer Rivera,091126a1-0b1d-4cfa-bc66-3e822302da4d,2024-03,2024-03-17,11418.17,34253,True
786,67,Jennifer Rivera,091126a1-0b1d-4cfa-bc66-3e822302da4d,2024-03,2024-03-27,1408.98,34253,True
787,67,Jennifer Rivera,091126a1-0b1d-4cfa-bc66-3e822302da4d,2024-04,2024-04-17,34253.0,34253,True
788,67,Jennifer Rivera,091126a1-0b1d-4cfa-bc66-3e822302da4d,2024-05,2024-05-05,34253.0,34253,True
789,67,Jennifer Rivera,091126a1-0b1d-4cfa-bc66-3e822302da4d,2024-06,2024-06-20,34253.0,34253,True
790,68,Krystal Walls,3c2455fc-b15b-47ca-b61e-5c1d2b66b089,2024-01,2024-01-14,34276.0,34276,True
791,68,Krystal Walls,3c2455fc-b15b-47ca-b61e-5c1d2b66b089,2024-02,2024-02-07,6117.59,34276,True
792,68,Krystal Walls,3c2455fc-b15b-47ca-b61e-5c1d2b66b089,2024-02,2024-02-17,16220.13,34276,True
793,68,Krystal Walls,3c2455fc-b15b-47ca-b61e-5c1d2b66b089,2024-02,2024-02-28,11938.28,34276,True
794,68,Krystal Walls,3c2455fc-b15b-47ca-b61e-5c1d2b66b089,2024-03,2024-03-23,34276.0,34276,True
795,68,Krystal Walls,3c2455fc-b15b-47ca-b61e-5c1d2b66b089,2024-04,2024-04-05,28017.44,34276,True
796,68,Krystal Walls,3c2455fc-b15b-47ca-b61e-5c1d2b66b089,2024-04,2024-04-10,3891.35,34276,True
797,68,Krystal Walls,3c2455fc-b15b-47ca-b61e-5c1d2b66b089,2024-04,2024-04-16,2367.21,34276,True
798,68,Krystal Walls,3c2455fc-b15b-47ca-b61e-5c1d2b66b089,2024-05,2024-05-16,34276.0,34276,True
799,68,Krystal Walls,3c2455fc-b15b-47ca-b61e-5c1d2b66b089,2024-06,2024-06-06,34276.0,34276,True
800,69,Brianna Johnson,58442695-42ba-4a87-8bd5-88808f729916,2024-01,2024-01-12,2833.68,33247,True
801,69,Brianna Johnson,58442695-42ba-4a87-8bd5-88808f729916,2024-01,2024-01-17,30413.32,33247,True
802,69,Brianna Johnson,58442695-42ba-4a87-8bd5-88808f729916,2024-02,2024-02-02,11799.92,33247,True
803,69,Brianna Johnson,58442695-42ba-4a87-8bd5-88808f729916,2024-02,2024-02-12,17983.6,33247,True
804,69,Brianna Johnson,58442695-42ba-4a87-8bd5-88808f729916,2024-02,2024-02-16,3463.49,33247,True
805,69,Brianna Johnson,58442695-42ba-4a87-8bd5-88808f729916,2024-03,2024-03-09,25331.37,33247,True
806,69,Brianna Johnson,58442695-42ba-4a87-8bd5-88808f729916,2024-03,2024-03-11,1999.73,33247,True
807,69,Brianna Johnson,58442695-42ba-4a87-8bd5-88808f729916,2024-03,2024-03-13,5915.91,33247,True
808,69,Brianna Johnson,58442695-42ba-4a87-8bd5-88808f729916,2024-04,2024-04-12,33231.44,33247,True
809,69,Brianna Johnson,58442695-42ba-4a87-8bd5-88808f729916,2024-04,2024-04-27,15.56,33247,True
810,69,Brianna Johnson,58442695-42ba-4a87-8bd5-88808f729916,2024-05,2024-05-20,23801.6,33247,True
811,69,Brianna Johnson,58442695-42ba-4a87-8bd5-88808f729916,2024-05,2024-05-28,9445.4,33247,True
812,69,Brianna Johnson,58442695-42ba-4a87-8bd5-88808f729916,2024-06,2024-06-04,10227.31,33247,True
813,69,Brianna Johnson,58442695-42ba-4a87-8bd5-88808f729916,2024-06,2024-06-18,4186.6,33247,True
814,69,Brianna Johnson,58442695-42ba-4a87-8bd5-88808f729916,2024-06,2024-06-26,18833.09,33247,True
815,70,Linda Hunter,74acf783-5401-46ae-b161-4f46fd87a36e,2024-01,2024-01-17,34300.0,34300,True
816,70,Linda Hunter,74acf783-5401-46ae-b161-4f46fd87a36e,2024-02,2024-02-08,7406.08,34300,True
817,70,Linda Hunter,74acf783-5401-46ae-b161-4f46fd87a36e,2024-02,2024-02-11,142.79,34300,True
818,70,Linda Hunter,74acf783-5401-46ae-b161-4f46fd87a36e,2024-02,2024-02-22,26751.14,34300,True
819,70,Linda Hunter,74acf783-5401-46ae-b161-4f46fd87a36e,2024-03,2024-03-18,32486.34,34300,True
820,70,Linda Hunter,74acf783-5401-46ae-b161-4f46fd87a36e,2024-03,2024-03-27,1813.66,34300,True
821,70,Linda Hunter,74acf783-5401-46ae-b161-4f46fd87a36e,2024-04,2024-04-09,34300.0,34300,True
822,70,Linda Hunter,74acf783-5401-46ae-b161-4f46fd87a36e,2024-05,2024-05-03,8143.36,34300,True
823,70,Linda Hunter,74acf783-5401-46ae-b161-4f46fd87a36e,2024-05,2024-05-12,3236.18,34300,True
824,70,Linda Hunter,74acf783-5401-46ae-b161-4f46fd87a36e,2024-05,2024-05-13,22920.46,34300,True
825,70,Linda Hunter,74acf783-5401-46ae-b161-4f46fd87a36e,2024-06,2024-06-25,24144.37,34300,True
826,70,Linda Hunter,74acf783-5401-46ae-b161-4f46fd87a36e,2024-06,2024-06-28,10155.63,34300,True
827,71,Carrie Brown,323f3983-3462-4e3b-981c-bdd60eef8d0d,2024-01,2024-01-07,17450.05,18529,True
828,71,Carrie Brown,323f3983-3462-4e3b-981c-bdd60eef8d0d,2024-01,2024-01-22,1078.95,18529,True
829,71,Carrie Brown,323f3983-3462-4e3b-981c-bdd60eef8d0d,2024-02,2024-02-15,12186.85,18529,True
830,71,Carrie Brown,323f3983-3462-4e3b-981c-bdd60eef8d0d,2024-02,2024-02-24,6342.15,18529,True
831,71,Carrie Brown,323f3983-3462-4e3b-981c-bdd60eef8d0d,2024-03,2024-03-02,17675.8,18529,True
832,71,Carrie Brown,323f3983-3462-4e3b-981c-bdd60eef8d0d,2024-03,2024-03-24,853.2,18529,True
833,71,Carrie Brown,323f3983-3462-4e3b-981c-bdd60eef8d0d,2024-04,2024-04-22,14895.05,18529,True
834,71,Carrie Brown,323f3983-3462-4e3b-981c-bdd60eef8d0d,2024-04,2024-04-28,3633.95,18529,True
835,71,Carrie Brown,323f3983-3462-4e3b-981c-bdd60eef8d0d,2024-05,2024-05-07,1630.03,18529,False
836,71,Carrie Brown,323f3983-3462-4e3b-981c-bdd60eef8d0d,2024-05,2024-05-17,16607.8,18529,False
837,71,Carrie Brown,323f3983-3462-4e3b-981c-bdd60eef8d0d,2024-05,2024-05-24,291.17,18529,False
838,71,Carrie Brown,323f3983-3462-4e3b-981c-bdd60eef8d0d,2024-06,2024-06-16,8195.0,18529,True
839,71,Carrie Brown,323f3983-3462-4e3b-981c-bdd60eef8d0d,2024-06,2024-06-19,2211.11,18529,True
840,71,Carrie Brown,323f3983-3462-4e3b-981c-bdd60eef8d0d,2024-06,2024-06-28,8122.89,18529,True
841,72,Jonathan Bell,f1b879f2-f5d0-46db-8bbc-2d6a8a36b1c3,2024-01,2024-01-14,15217.04,27262,True
842,72,Jonathan Bell,f1b879f2-f5d0-46db-8bbc-2d6a8a36b1c3,2024-01,2024-01-19,7813.95,27262,True
843,72,Jonathan Bell,f1b879f2-f5d0-46db-8bbc-2d6a8a36b1c3,2024-01,2024-01-24,4231.01,27262,True
844,72,Jonathan Bell,f1b879f2-f5d0-46db-8bbc-2d6a8a36b1c3,2024-02,2024-02-25,27262.0,27262,True
845,72,Jonathan Bell,f1b879f2-f5d0-46db-8bbc-2d6a8a36b1c3,2024-03,2024-03-14,6926.82,27262,True
846,72,Jonathan Bell,f1b879f2-f5d0-46db-8bbc-2d6a8a36b1c3,2024-03,2024-03-15,2061.53,27262,True
847,72,Jonathan Bell,f1b879f2-f5d0-46db-8bbc-2d6a8a36b1c3,2024-03,2024-03-17,18273.66,27262,True
848,72,Jonathan Bell,f1b879f2-f5d0-46db-8bbc-2d6a8a36b1c3,2024-04,2024-04-24,27262.0,27262,True
849,72,Jonathan Bell,f1b879f2-f5d0-46db-8bbc-2d6a8a36b1c3,2024-05,2024-05-04,23174.02,27262,True
850,72,Jonathan Bell,f1b879f2-f5d0-46db-8bbc-2d6a8a36b1c3,2024-05,2024-05-21,4087.98,27262,True
851,72,Jonathan Bell,f1b879f2-f5d0-46db-8bbc-2d6a8a36b1c3,2024-06,2024-06-16,2488.95,27262,False
852,72,Jonathan Bell,f1b879f2-f5d0-46db-8bbc-2d6a8a36b1c3,2024-06,2024-06-21,23496.04,27262,False
853,72,Jonathan Bell,f1b879f2-f5d0-46db-8bbc-2d6a8a36b1c3,2024-06,2024-06-27,1277.0,27262,False
854,73,Sheila Sweeney,d477d4b9-0cf6-43e4-95ab-27beeecf5193,2024-01,2024-01-21,19268.0,19268,True
855,73,Sheila Sweeney,d477d4b9-0cf6-43e4-95ab-27beeecf5193,2024-02,2024-02-09,19268.0,19268,True
856,73,Sheila Sweeney,d477d4b9-0cf6-43e4-95ab-27beeecf5193,2024-03,2024-03-04,13674.4,19268,True
857,73,Sheila Sweeney,d477d4b9-0cf6-43e4-95ab-27beeecf5193,2024-03,2024-03-07,5593.6,19268,True
858,73,Sheila Sweeney,d477d4b9-0cf6-43e4-95ab-27beeecf5193,2024-04,2024-04-03,3344.7,19268,True
859,73,Sheila Sweeney,d477d4b9-0cf6-43e4-95ab-27beeecf5193,2024-04,2024-04-19,14263.31,19268,True
860,73,Sheila Sweeney,d477d4b9-0cf6-43e4-95ab-27beeecf5193,2024-04,2024-04-23,1659.99,19268,True
861,73,Sheila Sweeney,d477d4b9-0cf6-43e4-95ab-27beeecf5193,2024-05,2024-05-05,19268.0,19268,True
862,73,Sheila Sweeney,d477d4b9-0cf6-43e4-95ab-27beeecf5193,2024-06,2024-06-10,19268.0,19268,True
863,74,Mrs. Christine Downs,32a51e17-0164-4dd6-ad1b-ad5d6a0f9d38,2024-01,2024-01-07,23675.1,31271,True
864,74,Mrs. Christine Downs,32a51e17-0164-4dd6-ad1b-ad5d6a0f9d38,2024-01,2024-01-27,7595.9,31271,True
865,74,Mrs. Christine Downs,32a51e17-0164-4dd6-ad1b-ad5d6a0f9d38,2024-02,2024-02-06,22027.06,31271,True
866,74,Mrs. Christine Downs,32a51e17-0164-4dd6-ad1b-ad5d6a0f9d38,2024-02,2024-02-17,9243.94,31271,True
867,74,Mrs. Christine Downs,32a51e17-0164-4dd6-ad1b-ad5d6a0f9d38,2024-03,2024-03-03,13715.91,31271,True
868,74,Mrs. Christine Downs,32a51e17-0164-4dd6-ad1b-ad5d6a0f9d38,2024-03,2024-03-18,17146.2,31271,True
869,74,Mrs. Christine Downs,32a51e17-0164-4dd6-ad1b-ad5d6a0f9d38,2024-03,2024-03-24,408.89,31271,True
870,74,Mrs. Christine Downs,32a51e17-0164-4dd6-ad1b-ad5d6a0f9d38,2024-04,2024-04-15,31271.0,31271,True
871,74,Mrs. Christine Downs,32a51e17-0164-4dd6-ad1b-ad5d6a0f9d38,2024-05,2024-05-11,31271.0,31271,True
872,74,Mrs. Christine Downs,32a51e17-0164-4dd6-ad1b-ad5d6a0f9d38,2024-06,2024-06-21,11753.01,31271,True
873,74,Mrs. Christine Downs,32a51e17-0164-4dd6-ad1b-ad5d6a0f9d38,2024-06,2024-06-24,19517.99,31271,True
874,75,David Rojas,5db3110b-a866-441f-8cd9-5bade5fd2dd3,2024-01,2024-01-26,22185.0,22185,True
875,75,David Rojas,5db3110b-a866-441f-8cd9-5bade5fd2dd3,2024-02,2024-02-08,1600.92,22185,True
876,75,David Rojas,5db3110b-a866-441f-8cd9-5bade5fd2dd3,2024-02,2024-02-13,13849.08,22185,True
877,75,David Rojas,5db3110b-a866-441f-8cd9-5bade5fd2dd3,2024-02,2024-02-25,6735.01,22185,True
878,75,David Rojas,5db3110b-a866-441f-8cd9-5bade5fd2dd3,2024-03,2024-03-15,13158.3,22185,True
879,75,David Rojas,5db3110b-a866-441f-8cd9-5bade5fd2dd3,2024-03,2024-03-26,9026.7,22185,True
880,75,David Rojas,5db3110b-a866-441f-8cd9-5bade5fd2dd3,2024-04,2024-04-13,16321.6,22185,True
881,75,David Rojas,5db3110b-a866-441f-8cd9-5bade5fd2dd3,2024-04,2024-04-26,5863.4,22185,True
882,75,David Rojas,5db3110b-a866-441f-8cd9-5bade5fd2dd3,2024-05,2024-05-09,18654.69,22185,True
883,75,David Rojas,5db3110b-a866-441f-8cd9-5bade5fd2dd3,2024-05,2024-05-12,727.03,22185,True
884,75,David Rojas,5db3110b-a866-441f-8cd9-5bade5fd2dd3,2024-05,2024-05-14,2803.28,22185,True
885,75,David Rojas,5db3110b-a866-441f-8cd9-5bade5fd2dd3,2024-06,2024-06-04,9596.27,22185,True
886,75,David Rojas,5db3110b-a866-441f-8cd9-5bade5fd2dd3,2024-06,2024-06-05,12588.73,22185,True
887,76,Gabrielle Allen,1515f046-678d-4503-8ea9-e5fb15a60865,2024-01,2024-01-07,10620.55,31243,True
888,76,Gabrielle Allen,1515f046-678d-4503-8ea9-e5fb15a60865,2024-01,2024-01-09,8879.8,31243,True
889,76,Gabrielle Allen,1515f046-678d-4503-8ea9-e5fb15a60865,2024-01,2024-01-11,11742.65,31243,True
890,76,Gabrielle Allen,1515f046-678d-4503-8ea9-e5fb15a60865,2024-02,2024-02-03,20281.97,31243,True
891,76,Gabrielle Allen,1515f046-678d-4503-8ea9-e5fb15a60865,2024-02,2024-02-21,10961.03,31243,True
892,76,Gabrielle Allen,1515f046-678d-4503-8ea9-e5fb15a60865,2024-03,2024-03-15,736.08,31243,False
893,76,Gabrielle Allen,1515f046-678d-4503-8ea9-e5fb15a60865,2024-03,2024-03-22,1840.19,31243,False
894,76,Gabrielle Allen,1515f046-678d-4503-8ea9-e5fb15a60865,2024-03,2024-03-28,28666.72,31243,False
895,76,Gabrielle Allen,1515f046-678d-4503-8ea9-e5fb15a60865,2024-04,2024-04-14,7532.25,31243,True
896,76,Gabrielle Allen,1515f046-678d-4503-8ea9-e5fb15a60865,2024-04,2024-04-17,10495.5,31243,True
897,76,Gabrielle Allen,1515f046-678d-4503-8ea9-e5fb15a60865,2024-04,2024-04-28,13215.26,31243,True
898,76,Gabrielle Allen,1515f046-678d-4503-8ea9-e5fb15a60865,2024-05,2024-05-11,10790.12,31243,True
899,76,Gabrielle Allen,1515f046-678d-4503-8ea9-e5fb15a60865,2024-05,2024-05-26,20452.88,31243,True
900,76,Gabrielle Allen,1515f046-678d-4503-8ea9-e5fb15a60865,2024-06,2024-06-13,31243.0,31243,True
901,77,Brenda Welch,6cecb349-1d9f-499e-8982-ec9e9f4b7f96,2024-01,2024-01-16,49099.0,49099,True
902,77,Brenda Welch,6cecb349-1d9f-499e-8982-ec9e9f4b7f96,2024-02,2024-02-20,14341.29,49099,True
903,77,Brenda Welch,6cecb349-1d9f-499e-8982-ec9e9f4b7f96,2024-02,2024-02-28,34757.71,49099,True
904,77,Brenda Welch,6cecb349-1d9f-499e-8982-ec9e9f4b7f96,2024-03,2024-03-22,4564.66,49099,True
905,77,Brenda Welch,6cecb349-1d9f-499e-8982-ec9e9f4b7f96,2024-03,2024-03-26,44534.34,49099,True
906,77,Brenda Welch,6cecb349-1d9f-499e-8982-ec9e9f4b7f96,2024-04,2024-04-07,20640.79,49099,True
907,77,Brenda Welch,6cecb349-1d9f-499e-8982-ec9e9f4b7f96,2024-04,2024-04-26,28458.21,49099,True
908,77,Brenda Welch,6cecb349-1d9f-499e-8982-ec9e9f4b7f96,2024-05,2024-05-03,1792.61,49099,True
909,77,Brenda Welch,6cecb349-1d9f-499e-8982-ec9e9f4b7f96,2024-05,2024-05-08,47306.39,49099,True
910,77,Brenda Welch,6cecb349-1d9f-499e-8982-ec9e9f4b7f96,2024-06,2024-06-14,1972.62,49099,True
911,77,Brenda Welch,6cecb349-1d9f-499e-8982-ec9e9f4b7f96,2024-06,2024-06-21,33692.3,49099,True
912,77,Brenda Welch,6cecb349-1d9f-499e-8982-ec9e9f4b7f96,2024-06,2024-06-28,13434.08,49099,True
913,78,Tina Munoz,52a83b8b-0601-464d-8913-2280e1e763e5,2024-01,2024-01-18,18571.0,18571,True
914,78,Tina Munoz,52a83b8b-0601-464d-8913-2280e1e763e5,2024-02,2024-02-13,18571.0,18571,True
915,78,Tina Munoz,52a83b8b-0601-464d-8913-2280e1e763e5,2024-03,2024-03-05,7258.78,18571,True
916,78,Tina Munoz,52a83b8b-0601-464d-8913-2280e1e763e5,2024-03,2024-03-10,11312.22,18571,True
917,78,Tina Munoz,52a83b8b-0601-464d-8913-2280e1e763e5,2024-04,2024-04-02,7786.94,18571,True
918,78,Tina Munoz,52a83b8b-0601-464d-8913-2280e1e763e5,2024-04,2024-04-03,385.58,18571,True
919,78,Tina Munoz,52a83b8b-0601-464d-8913-2280e1e763e5,2024-04,2024-04-17,10398.49,18571,True
920,78,Tina Munoz,52a83b8b-0601-464d-8913-2280e1e763e5,2024-05,2024-05-17,13713.89,18571,True
921,78,Tina Munoz,52a83b8b-0601-464d-8913-2280e1e763e5,2024-05,2024-05-27,4857.11,18571,True
922,78,Tina Munoz,52a83b8b-0601-464d-8913-2280e1e763e5,2024-06,2024-06-12,968.21,18571,True
923,78,Tina Munoz,52a83b8b-0601-464d-8913-2280e1e763e5,2024-06,2024-06-18,4168.25,18571,True
924,78,Tina Munoz,52a83b8b-0601-464d-8913-2280e1e763e5,2024-06,2024-06-26,13434.54,18571,True
925,79,Rachel Johnson,b490a44e-277a-4e0d-8afb-aaf193aa9671,2024-01,2024-01-23,8989.35,49976,True
926,79,Rachel Johnson,b490a44e-277a-4e0d-8afb-aaf193aa9671,2024-01,2024-01-24,40986.65,49976,True
927,79,Rachel Johnson,b490a44e-277a-4e0d-8afb-aaf193aa9671,2024-02,2024-02-04,49976.0,49976,True
928,79,Rachel Johnson,b490a44e-277a-4e0d-8afb-aaf193aa9671,2024-03,2024-03-10,2821.93,49976,True
929,79,Rachel Johnson,b490a44e-277a-4e0d-8afb-aaf193aa9671,2024-03,2024-03-13,42469.11,49976,True
930,79,Rachel Johnson,b490a44e-277a-4e0d-8afb-aaf193aa9671,2024-03,2024-03-16,4684.96,49976,True
931,79,Rachel Johnson,b490a44e-277a-4e0d-8afb-aaf193aa9671,2024-04,2024-04-02,49976.0,49976,True
932,79,Rachel Johnson,b490a44e-277a-4e0d-8afb-aaf193aa9671,2024-05,2024-05-04,9216.7,49976,False
933,79,Rachel Johnson,b490a44e-277a-4e0d-8afb-aaf193aa9671,2024-05,2024-05-14,36406.93,49976,False
934,79,Rachel Johnson,b490a44e-277a-4e0d-8afb-aaf193aa9671,2024-05,2024-05-26,4352.36,49976,False
935,79,Rachel Johnson,b490a44e-277a-4e0d-8afb-aaf193aa9671,2024-06,2024-06-06,1357.45,49976,True
936,79,Rachel Johnson,b490a44e-277a-4e0d-8afb-aaf193aa9671,2024-06,2024-06-08,29354.67,49976,True
937,79,Rachel Johnson,b490a44e-277a-4e0d-8afb-aaf193aa9671,2024-06,2024-06-23,19263.88,49976,True
938,80,Randy Hubbard,eac5ab77-8ec4-4084-abcf-0331e01f4512,2024-01,2024-01-07,4803.96,48044,True
939,80,Randy Hubbard,eac5ab77-8ec4-4084-abcf-0331e01f4512,2024-01,2024-01-18,29164.01,48044,True
940,80,Randy Hubbard,eac5ab77-8ec4-4084-abcf-0331e01f4512,2024-01,2024-01-25,14076.03,48044,True
941,80,Randy Hubbard,eac5ab77-8ec4-4084-abcf-0331e01f4512,2024-02,2024-02-10,4544.7,48044,True
942,80,Randy Hubbard,eac5ab77-8ec4-4084-abcf-0331e01f4512,2024-02,2024-02-25,43499.3,48044,True
943,80,Randy Hubbard,eac5ab77-8ec4-4084-abcf-0331e01f4512,2024-03,2024-03-11,48044.0,48044,True
944,80,Randy Hubbard,eac5ab77-8ec4-4084-abcf-0331e01f4512,2024-04,2024-04-08,7595.7,48044,True
945,80,Randy Hubbard,eac5ab77-8ec4-4084-abcf-0331e01f4512,2024-04,2024-04-12,26450.2,48044,True
946,80,Randy Hubbard,eac5ab77-8ec4-4084-abcf-0331e01f4512,2024-04,2024-04-17,13998.11,48044,True
947,80,Randy Hubbard,eac5ab77-8ec4-4084-abcf-0331e01f4512,2024-05,2024-05-07,47600.55,48044,True
948,80,Randy Hubbard,eac5ab77-8ec4-4084-abcf-0331e01f4512,2024-05,2024-05-09,443.45,48044,True
949,80,Randy Hubbard,eac5ab77-8ec4-4084-abcf-0331e01f4512,2024-06,2024-06-17,48044.0,48044,True
950,81,Wendy Gibson,04d228da-c052-4bc1-b2b5-c45127d26368,2024-01,2024-01-18,12568.0,12568,True
951,81,Wendy Gibson,04d228da-c052-4bc1-b2b5-c45127d26368,2024-02,2024-02-25,12568.0,12568,True
952,81,Wendy Gibson,04d228da-c052-4bc1-b2b5-c45127d26368,2024-03,2024-03-02,4604.66,12568,True
953,81,Wendy Gibson,04d228da-c052-4bc1-b2b5-c45127d26368,2024-03,2024-03-13,7963.34,12568,True
954,81,Wendy Gibson,04d228da-c052-4bc1-b2b5-c45127d26368,2024-04,2024-04-05,1114.16,12568,False
955,81,Wendy Gibson,04d228da-c052-4bc1-b2b5-c45127d26368,2024-04,2024-04-18,3084.74,12568,False
956,81,Wendy Gibson,04d228da-c052-4bc1-b2b5-c45127d26368,2024-04,2024-04-28,8369.09,12568,False
957,81,Wendy Gibson,04d228da-c052-4bc1-b2b5-c45127d26368,2024-05,2024-05-20,3720.71,12568,True
958,81,Wendy Gibson,04d228da-c052-4bc1-b2b5-c45127d26368,2024-05,2024-05-24,3808.66,12568,True
959,81,Wendy Gibson,04d228da-c052-4bc1-b2b5-c45127d26368,2024-05,2024-05-25,5038.64,12568,True
960,81,Wendy Gibson,04d228da-c052-4bc1-b2b5-c45127d26368,2024-06,2024-06-07,6402.66,12568,True
961,81,Wendy Gibson,04d228da-c052-4bc1-b2b5-c45127d26368,2024-06,2024-06-24,2224.14,12568,True
962,81,Wendy Gibson,04d228da-c052-4bc1-b2b5-c45127d26368,2024-06,2024-06-26,3941.2,12568,True
963,82,Juan Ross,0b397e6a-6693-4e54-a2da-324279bab9a1,2024-01,2024-01-06,852.68,12027,True
964,82,Juan Ross,0b397e6a-6693-4e54-a2da-324279bab9a1,2024-01,2024-01-24,11174.32,12027,True
965,82,Juan Ross,0b397e6a-6693-4e54-a2da-324279bab9a1,2024-02,2024-02-18,5434.05,12027,True
966,82,Juan Ross,0b397e6a-6693-4e54-a2da-324279bab9a1,2024-02,2024-02-20,730.67,12027,True
967,82,Juan Ross,0b397e6a-6693-4e54-a2da-324279bab9a1,2024-02,2024-02-27,5862.28,12027,True
968,82,Juan Ross,0b397e6a-6693-4e54-a2da-324279bab9a1,2024-03,2024-03-05,9337.42,12027,True
969,82,Juan Ross,0b397e6a-6693-4e54-a2da-324279bab9a1,2024-03,2024-03-06,2689.58,12027,True
970,82,Juan Ross,0b397e6a-6693-4e54-a2da-324279bab9a1,2024-04,2024-04-08,3516.06,12027,False
971,82,Juan Ross,0b397e6a-6693-4e54-a2da-324279bab9a1,2024-04,2024-04-10,7100.39,12027,False
972,82,Juan Ross,0b397e6a-6693-4e54-a2da-324279bab9a1,2024-04,2024-04-25,1410.54,12027,False
973,82,Juan Ross,0b397e6a-6693-4e54-a2da-324279bab9a1,2024-05,2024-05-08,1587.26,12027,True
974,82,Juan Ross,0b397e6a-6693-4e54-a2da-324279bab9a1,2024-05,2024-05-09,2160.16,12027,True
975,82,Juan Ross,0b397e6a-6693-4e54-a2da-324279bab9a1,2024-05,2024-05-22,8279.58,12027,True
976,82,Juan Ross,0b397e6a-6693-4e54-a2da-324279bab9a1,2024-06,2024-06-15,12027.0,12027,True
977,83,Russell Lucas MD,a6d98381-6c48-464a-83f2-2520e416e619,2024-01,2024-01-05,12695.0,12695,True
978,83,Russell Lucas MD,a6d98381-6c48-464a-83f2-2520e416e619,2024-02,2024-02-03,6429.62,12695,True
979,83,Russell Lucas MD,a6d98381-6c48-464a-83f2-2520e416e619,2024-02,2024-02-08,1822.9,12695,True
980,83,Russell Lucas MD,a6d98381-6c48-464a-83f2-2520e416e619,2024-02,2024-02-27,4442.48,12695,True
981,83,Russell Lucas MD,a6d98381-6c48-464a-83f2-2520e416e619,2024-03,2024-03-14,4441.5,12695,True
982,83,Russell Lucas MD,a6d98381-6c48-464a-83f2-2520e416e619,2024-03,2024-03-16,8253.5,12695,True
983,83,Russell Lucas MD,a6d98381-6c48-464a-83f2-2520e416e619,2024-04,2024-04-08,12695.0,12695,True
984,83,Russell Lucas MD,a6d98381-6c48-464a-83f2-2520e416e619,2024-05,2024-05-11,10171.83,12695,True
985,83,Russell Lucas MD,a6d98381-6c48-464a-83f2-2520e416e619,2024-05,2024-05-21,997.57,12695,True
986,83,Russell Lucas MD,a6d98381-6c48-464a-83f2-2520e416e619,2024-05,2024-05-25,1525.6,12695,True
987,83,Russell Lucas MD,a6d98381-6c48-464a-83f2-2520e416e619,2024-06,2024-06-08,12695.0,12695,True
988,84,Jamie Wiggins,f0d5d662-1b77-439b-aedb-14d13a32c9ca,2024-01,2024-01-05,4629.42,15258,True
989,84,Jamie Wiggins,f0d5d662-1b77-439b-aedb-14d13a32c9ca,2024-01,2024-01-07,2733.56,15258,True
990,84,Jamie Wiggins,f0d5d662-1b77-439b-aedb-14d13a32c9ca,2024-01,2024-01-17,7895.02,15258,True
991,84,Jamie Wiggins,f0d5d662-1b77-439b-aedb-14d13a32c9ca,2024-02,2024-02-03,13015.93,15258,True
992,84,Jamie Wiggins,f0d5d662-1b77-439b-aedb-14d13a32c9ca,2024-02,2024-02-20,1479.92,15258,True
993,84,Jamie Wiggins,f0d5d662-1b77-439b-aedb-14d13a32c9ca,2024-02,2024-02-25,762.16,15258,True
994,84,Jamie Wiggins,f0d5d662-1b77-439b-aedb-14d13a32c9ca,2024-03,2024-03-19,14808.16,15258,True
995,84,Jamie Wiggins,f0d5d662-1b77-439b-aedb-14d13a32c9ca,2024-03,2024-03-23,449.84,15258,True
996,84,Jamie Wiggins,f0d5d662-1b77-439b-aedb-14d13a32c9ca,2024-04,2024-04-28,15258.0,15258,True
997,84,Jamie Wiggins,f0d5d662-1b77-439b-aedb-14d13a32c9ca,2024-05,2024-05-05,15258.0,15258,True
998,84,Jamie Wiggins,f0d5d662-1b77-439b-aedb-14d13a32c9ca,2024-06,2024-06-08,2483.16,15258,True
999,84,Jamie Wiggins,f0d5d662-1b77-439b-aedb-14d13a32c9ca,2024-06,2024-06-09,11206.88,15258,True
1000,84,Jamie Wiggins,f0d5d662-1b77-439b-aedb-14d13a32c9ca,2024-06,2024-06-25,1567.96,15258,True
1001,85,Curtis Griffin,f5bf8d83-23d7-4423-acbe-ad1f6b97780a,2024-01,2024-01-27,32002.0,32002,True
1002,85,Curtis Griffin,f5bf8d83-23d7-4423-acbe-ad1f6b97780a,2024-02,2024-02-11,13970.02,32002,True
1003,85,Curtis Griffin,f5bf8d83-23d7-4423-acbe-ad1f6b97780a,2024-02,2024-02-23,18031.98,32002,True
1004,85,Curtis Griffin,f5bf8d83-23d7-4423-acbe-ad1f6b97780a,2024-03,2024-03-11,39.07,32002,True
1005,85,Curtis Griffin,f5bf8d83-23d7-4423-acbe-ad1f6b97780a,2024-03,2024-03-16,23922.92,32002,True
1006,85,Curtis Griffin,f5bf8d83-23d7-4423-acbe-ad1f6b97780a,2024-03,2024-03-18,8040.01,32002,True
1007,85,Curtis Griffin,f5bf8d83-23d7-4423-acbe-ad1f6b97780a,2024-04,2024-04-05,32002.0,32002,True
1008,85,Curtis Griffin,f5bf8d83-23d7-4423-acbe-ad1f6b97780a,2024-05,2024-05-05,12313.43,32002,True
1009,85,Curtis Griffin,f5bf8d83-23d7-4423-acbe-ad1f6b97780a,2024-05,2024-05-25,7004.02,32002,True
1010,85,Curtis Griffin,f5bf8d83-23d7-4423-acbe-ad1f6b97780a,2024-05,2024-05-28,12684.55,32002,True
1011,85,Curtis Griffin,f5bf8d83-23d7-4423-acbe-ad1f6b97780a,2024-06,2024-06-18,601.83,32002,True
1012,85,Curtis Griffin,f5bf8d83-23d7-4423-acbe-ad1f6b97780a,2024-06,2024-06-20,7279.03,32002,True
1013,85,Curtis Griffin,f5bf8d83-23d7-4423-acbe-ad1f6b97780a,2024-06,2024-06-28,24121.14,32002,True
1014,86,Ann Adams,b4d0e92c-c107-41ba-9866-9c160a611236,2024-01,2024-01-13,43645.7,49504,True
1015,86,Ann Adams,b4d0e92c-c107-41ba-9866-9c160a611236,2024-01,2024-01-20,5858.3,49504,True
1016,86,Ann Adams,b4d0e92c-c107-41ba-9866-9c160a611236,2024-02,2024-02-17,49504.0,49504,True
1017,86,Ann Adams,b4d0e92c-c107-41ba-9866-9c160a611236,2024-03,2024-03-10,49504.0,49504,True
1018,86,Ann Adams,b4d0e92c-c107-41ba-9866-9c160a611236,2024-04,2024-04-23,49504.0,49504,True
1019,86,Ann Adams,b4d0e92c-c107-41ba-9866-9c160a611236,2024-05,2024-05-06,9908.29,49504,True
1020,86,Ann Adams,b4d0e92c-c107-41ba-9866-9c160a611236,2024-05,2024-05-16,15293.6,49504,True
1021,86,Ann Adams,b4d0e92c-c107-41ba-9866-9c160a611236,2024-05,2024-05-27,24302.11,49504,True
1022,86,Ann Adams,b4d0e92c-c107-41ba-9866-9c160a611236,2024-06,2024-06-05,2939.7,49504,True
1023,86,Ann Adams,b4d0e92c-c107-41ba-9866-9c160a611236,2024-06,2024-06-24,46564.3,49504,True
1024,87,Hannah Payne,127674cd-493d-4887-b714-798c96a28c74,2024-01,2024-01-17,30477.97,43159,True
1025,87,Hannah Payne,127674cd-493d-4887-b714-798c96a28c74,2024-01,2024-01-18,12681.03,43159,True
1026,87,Hannah Payne,127674cd-493d-4887-b714-798c96a28c74,2024-02,2024-02-10,23205.83,43159,False
1027,87,Hannah Payne,127674cd-493d-4887-b714-798c96a28c74,2024-02,2024-02-19,10154.82,43159,False
1028,87,Hannah Payne,127674cd-493d-4887-b714-798c96a28c74,2024-02,2024-02-20,9798.34,43159,False
1029,87,Hannah Payne,127674cd-493d-4887-b714-798c96a28c74,2024-03,2024-03-13,21484.72,43159,True
1030,87,Hannah Payne,127674cd-493d-4887-b714-798c96a28c74,2024-03,2024-03-19,13321.33,43159,True
1031,87,Hannah Payne,127674cd-493d-4887-b714-798c96a28c74,2024-03,2024-03-23,8352.95,43159,True
1032,87,Hannah Payne,127674cd-493d-4887-b714-798c96a28c74,2024-04,2024-04-17,43159.0,43159,True
1033,87,Hannah Payne,127674cd-493d-4887-b714-798c96a28c74,2024-05,2024-05-07,42874.31,43159,True
1034,87,Hannah Payne,127674cd-493d-4887-b714-798c96a28c74,2024-05,2024-05-19,284.69,43159,True
1035,87,Hannah Payne,127674cd-493d-4887-b714-798c96a28c74,2024-06,2024-06-26,43159.0,43159,True
1036,88,Jane Carpenter,e07a70c8-c296-465d-9193-3aa9a9fc391c,2024-01,2024-01-12,23986.0,23986,True
1037,88,Jane Carpenter,e07a70c8-c296-465d-9193-3aa9a9fc391c,2024-02,2024-02-14,23986.0,23986,True
1038,88,Jane Carpenter,e07a70c8-c296-465d-9193-3aa9a9fc391c,2024-03,2024-03-04,8109.28,23986,True
1039,88,Jane Carpenter,e07a70c8-c296-465d-9193-3aa9a9fc391c,2024-03,2024-03-10,12746.08,23986,True
1040,88,Jane Carpenter,e07a70c8-c296-465d-9193-3aa9a9fc391c,2024-03,2024-03-18,3130.64,23986,True
1041,88,Jane Carpenter,e07a70c8-c296-465d-9193-3aa9a9fc391c,2024-04,2024-04-06,19631.48,23986,True
1042,88,Jane Carpenter,e07a70c8-c296-465d-9193-3aa9a9fc391c,2024-04,2024-04-07,4354.52,23986,True
1043,88,Jane Carpenter,e07a70c8-c296-465d-9193-3aa9a9fc391c,2024-05,2024-05-21,11353.36,23986,True
1044,88,Jane Carpenter,e07a70c8-c296-465d-9193-3aa9a9fc391c,2024-05,2024-05-26,12632.64,23986,True
1045,88,Jane Carpenter,e07a70c8-c296-465d-9193-3aa9a9fc391c,2024-06,2024-06-02,17069.41,23986,False
1046,88,Jane Carpenter,e07a70c8-c296-465d-9193-3aa9a9fc391c,2024-06,2024-06-12,3957.6,23986,False
1047,88,Jane Carpenter,e07a70c8-c296-465d-9193-3aa9a9fc391c,2024-06,2024-06-28,2958.98,23986,False
1048,89,Krystal Harris,419f6696-b068-4bfe-8274-ecb03961ea6c,2024-01,2024-01-03,153.17,22666,True
1049,89,Krystal Harris,419f6696-b068-4bfe-8274-ecb03961ea6c,2024-01,2024-01-23,10407.67,22666,True
1050,89,Krystal Harris,419f6696-b068-4bfe-8274-ecb03961ea6c,2024-01,2024-01-24,12105.16,22666,True
1051,89,Krystal Harris,419f6696-b068-4bfe-8274-ecb03961ea6c,2024-02,2024-02-11,8934.24,22666,True
1052,89,Krystal Harris,419f6696-b068-4bfe-8274-ecb03961ea6c,2024-02,2024-02-12,5160.23,22666,True
1053,89,Krystal Harris,419f6696-b068-4bfe-8274-ecb03961ea6c,2024-02,2024-02-22,8571.54,22666,True
1054,89,Krystal Harris,419f6696-b068-4bfe-8274-ecb03961ea6c,2024-03,2024-03-28,22666.0,22666,True
1055,89,Krystal Harris,419f6696-b068-4bfe-8274-ecb03961ea6c,2024-04,2024-04-06,22666.0,22666,True
1056,89,Krystal Harris,419f6696-b068-4bfe-8274-ecb03961ea6c,2024-05,2024-05-12,1721.26,22666,True
1057,89,Krystal Harris,419f6696-b068-4bfe-8274-ecb03961ea6c,2024-05,2024-05-15,20944.74,22666,True
1058,89,Krystal Harris,419f6696-b068-4bfe-8274-ecb03961ea6c,2024-06,2024-06-04,9505.67,22666,True
1059,89,Krystal Harris,419f6696-b068-4bfe-8274-ecb03961ea6c,2024-06,2024-06-14,13160.33,22666,True
1060,90,Erik Johnson,5c0ebe1a-b665-40c7-bd42-4a8b6a6065b3,2024-01,2024-01-11,48660.0,48660,True
1061,90,Erik Johnson,5c0ebe1a-b665-40c7-bd42-4a8b6a6065b3,2024-02,2024-02-03,30022.05,48660,True
1062,90,Erik Johnson,5c0ebe1a-b665-40c7-bd42-4a8b6a6065b3,2024-02,2024-02-16,18637.95,48660,True
1063,90,Erik Johnson,5c0ebe1a-b665-40c7-bd42-4a8b6a6065b3,2024-03,2024-03-08,48660.0,48660,True
1064,90,Erik Johnson,5c0ebe1a-b665-40c7-bd42-4a8b6a6065b3,2024-04,2024-04-08,48660.0,48660,True
1065,90,Erik Johnson,5c0ebe1a-b665-40c7-bd42-4a8b6a6065b3,2024-05,2024-05-03,35320.19,48660,True
1066,90,Erik Johnson,5c0ebe1a-b665-40c7-bd42-4a8b6a6065b3,2024-05,2024-05-07,13339.81,48660,True
1067,90,Erik Johnson,5c0ebe1a-b665-40c7-bd42-4a8b6a6065b3,2024-06,2024-06-17,9130.55,48660,True
1068,90,Erik Johnson,5c0ebe1a-b665-40c7-bd42-4a8b6a6065b3,2024-06,2024-06-27,14514.95,48660,True
1069,90,Erik Johnson,5c0ebe1a-b665-40c7-bd42-4a8b6a6065b3,2024-06,2024-06-28,25014.5,48660,True
1070,91,Mary Santiago MD,d280d59c-77d1-49a7-8c1e-4d30af0f5ef9,2024-01,2024-01-07,3298.24,13561,True
1071,91,Mary Santiago MD,d280d59c-77d1-49a7-8c1e-4d30af0f5ef9,2024-01,2024-01-21,7738.81,13561,True
1072,91,Mary Santiago MD,d280d59c-77d1-49a7-8c1e-4d30af0f5ef9,2024-01,2024-01-26,2523.95,13561,True
1073,91,Mary Santiago MD,d280d59c-77d1-49a7-8c1e-4d30af0f5ef9,2024-02,2024-02-12,237.02,13561,True
1074,91,Mary Santiago MD,d280d59c-77d1-49a7-8c1e-4d30af0f5ef9,2024-02,2024-02-19,9915.74,13561,True
1075,91,Mary Santiago MD,d280d59c-77d1-49a7-8c1e-4d30af0f5ef9,2024-02,2024-02-28,3408.24,13561,True
1076,91,Mary Santiago MD,d280d59c-77d1-49a7-8c1e-4d30af0f5ef9,2024-03,2024-03-04,261.77,13561,True
1077,91,Mary Santiago MD,d280d59c-77d1-49a7-8c1e-4d30af0f5ef9,2024-03,2024-03-13,11474.56,13561,True
1078,91,Mary Santiago MD,d280d59c-77d1-49a7-8c1e-4d30af0f5ef9,2024-03,2024-03-23,1824.67,13561,True
1079,91,Mary Santiago MD,d280d59c-77d1-49a7-8c1e-4d30af0f5ef9,2024-04,2024-04-14,2159.2,13561,True
1080,91,Mary Santiago MD,d280d59c-77d1-49a7-8c1e-4d30af0f5ef9,2024-04,2024-04-18,11401.8,13561,True
1081,91,Mary Santiago MD,d280d59c-77d1-49a7-8c1e-4d30af0f5ef9,2024-05,2024-05-14,13561.0,13561,True
1082,91,Mary Santiago MD,d280d59c-77d1-49a7-8c1e-4d30af0f5ef9,2024-06,2024-06-02,8401.66,13561,True
1083,91,Mary Santiago MD,d280d59c-77d1-49a7-8c1e-4d30af0f5ef9,2024-06,2024-06-16,2405.73,13561,True
1084,91,Mary Santiago MD,d280d59c-77d1-49a7-8c1e-4d30af0f5ef9,2024-06,2024-06-18,2753.61,13561,True
1085,92,Joseph Cox,e8d09466-1266-4e5c-bbcb-9e50be0e116f,2024-01,2024-01-10,15775.26,36854,True
1086,92,Joseph Cox,e8d09466-1266-4e5c-bbcb-9e50be0e116f,2024-01,2024-01-13,21078.74,36854,True
1087,92,Joseph Cox,e8d09466-1266-4e5c-bbcb-9e50be0e116f,2024-02,2024-02-11,36854.0,36854,True
1088,92,Joseph Cox,e8d09466-1266-4e5c-bbcb-9e50be0e116f,2024-03,2024-03-07,14523.26,36854,True
1089,92,Joseph Cox,e8d09466-1266-4e5c-bbcb-9e50be0e116f,2024-03,2024-03-11,22330.74,36854,True
1090,92,Joseph Cox,e8d09466-1266-4e5c-bbcb-9e50be0e116f,2024-04,2024-04-08,19157.11,36854,True
1091,92,Joseph Cox,e8d09466-1266-4e5c-bbcb-9e50be0e116f,2024-04,2024-04-14,15704.4,36854,True
1092,92,Joseph Cox,e8d09466-1266-4e5c-bbcb-9e50be0e116f,2024-04,2024-04-22,1992.49,36854,True
1093,92,Joseph Cox,e8d09466-1266-4e5c-bbcb-9e50be0e116f,2024-05,2024-05-14,3339.88,36854,True
1094,92,Joseph Cox,e8d09466-1266-4e5c-bbcb-9e50be0e116f,2024-05,2024-05-16,24753.87,36854,True
1095,92,Joseph Cox,e8d09466-1266-4e5c-bbcb-9e50be0e116f,2024-05,2024-05-19,8760.25,36854,True
1096,92,Joseph Cox,e8d09466-1266-4e5c-bbcb-9e50be0e116f,2024-06,2024-06-15,24780.06,36854,True
1097,92,Joseph Cox,e8d09466-1266-4e5c-bbcb-9e50be0e116f,2024-06,2024-06-23,12073.94,36854,True
1098,93,Madison Cooper,8c0acb30-836c-485d-9a5c-6aac17428e72,2024-01,2024-01-27,48952.0,48952,True
1099,93,Madison Cooper,8c0acb30-836c-485d-9a5c-6aac17428e72,2024-02,2024-02-03,72.68,48952,True
1100,93,Madison Cooper,8c0acb30-836c-485d-9a5c-6aac17428e72,2024-02,2024-02-04,28542.38,48952,True
1101,93,Madison Cooper,8c0acb30-836c-485d-9a5c-6aac17428e72,2024-02,2024-02-11,20336.94,48952,True
1102,93,Madison Cooper,8c0acb30-836c-485d-9a5c-6aac17428e72,2024-03,2024-03-18,48952.0,48952,True
1103,93,Madison Cooper,8c0acb30-836c-485d-9a5c-6aac17428e72,2024-04,2024-04-11,13983.01,48952,True
1104,93,Madison Cooper,8c0acb30-836c-485d-9a5c-6aac17428e72,2024-04,2024-04-14,7840.35,48952,True
1105,93,Madison Cooper,8c0acb30-836c-485d-9a5c-6aac17428e72,2024-04,2024-04-17,27128.64,48952,True
1106,93,Madison Cooper,8c0acb30-836c-485d-9a5c-6aac17428e72,2024-05,2024-05-25,48952.0,48952,True
1107,93,Madison Cooper,8c0acb30-836c-485d-9a5c-6aac17428e72,2024-06,2024-06-06,48952.0,48952,True
1108,94,Kristine Russell,8901b0f0-8fb2-476c-babb-d6eed1d19d8d,2024-01,2024-01-04,13305.69,32662,True
1109,94,Kristine Russell,8901b0f0-8fb2-476c-babb-d6eed1d19d8d,2024-01,2024-01-08,7773.88,32662,True
1110,94,Kristine Russell,8901b0f0-8fb2-476c-babb-d6eed1d19d8d,2024-01,2024-01-11,11582.43,32662,True
1111,94,Kristine Russell,8901b0f0-8fb2-476c-babb-d6eed1d19d8d,2024-02,2024-02-02,12970.73,32662,True
1112,94,Kristine Russell,8901b0f0-8fb2-476c-babb-d6eed1d19d8d,2024-02,2024-02-17,7973.21,32662,True
1113,94,Kristine Russell,8901b0f0-8fb2-476c-babb-d6eed1d19d8d,2024-02,2024-02-22,11718.06,32662,True
1114,94,Kristine Russell,8901b0f0-8fb2-476c-babb-d6eed1d19d8d,2024-03,2024-03-09,2976.32,32662,True
1115,94,Kristine Russell,8901b0f0-8fb2-476c-babb-d6eed1d19d8d,2024-03,2024-03-22,22579.14,32662,True
1116,94,Kristine Russell,8901b0f0-8fb2-476c-babb-d6eed1d19d8d,2024-03,2024-03-24,7106.54,32662,True
1117,94,Kristine Russell,8901b0f0-8fb2-476c-babb-d6eed1d19d8d,2024-04,2024-04-20,32662.0,32662,True
1118,94,Kristine Russell,8901b0f0-8fb2-476c-babb-d6eed1d19d8d,2024-05,2024-05-09,32662.0,32662,True
1119,94,Kristine Russell,8901b0f0-8fb2-476c-babb-d6eed1d19d8d,2024-06,2024-06-07,16662.87,32662,True
1120,94,Kristine Russell,8901b0f0-8fb2-476c-babb-d6eed1d19d8d,2024-06,2024-06-08,5557.76,32662,True
1121,94,Kristine Russell,8901b0f0-8fb2-476c-babb-d6eed1d19d8d,2024-06,2024-06-16,10441.37,32662,True
1122,95,Rose Gonzales,ed04626b-5c10-44d0-ba03-e6e38f8e3051,2024-01,2024-01-17,18392.0,18392,True
1123,95,Rose Gonzales,ed04626b-5c10-44d0-ba03-e6e38f8e3051,2024-02,2024-02-05,18392.0,18392,True
1124,95,Rose Gonzales,ed04626b-5c10-44d0-ba03-e6e38f8e3051,2024-03,2024-03-06,6380.25,18392,True
1125,95,Rose Gonzales,ed04626b-5c10-44d0-ba03-e6e38f8e3051,2024-03,2024-03-20,7907.59,18392,True
1126,95,Rose Gonzales,ed04626b-5c10-44d0-ba03-e6e38f8e3051,2024-03,2024-03-27,4104.16,18392,True
1127,95,Rose Gonzales,ed04626b-5c10-44d0-ba03-e6e38f8e3051,2024-04,2024-04-02,18392.0,18392,True
1128,95,Rose Gonzales,ed04626b-5c10-44d0-ba03-e6e38f8e3051,2024-05,2024-05-09,18392.0,18392,True
1129,95,Rose Gonzales,ed04626b-5c10-44d0-ba03-e6e38f8e3051,2024-06,2024-06-09,1445.79,18392,True
1130,95,Rose Gonzales,ed04626b-5c10-44d0-ba03-e6e38f8e3051,2024-06,2024-06-18,16946.21,18392,True
1131,96,Mrs. Mary Mendoza,c2700e62-c165-4b28-9d74-0c90ce889cfb,2024-01,2024-01-05,24902.34,40535,True
1132,96,Mrs. Mary Mendoza,c2700e62-c165-4b28-9d74-0c90ce889cfb,2024-01,2024-01-14,15632.66,40535,True
1133,96,Mrs. Mary Mendoza,c2700e62-c165-4b28-9d74-0c90ce889cfb,2024-02,2024-02-25,40535.0,40535,True
1134,96,Mrs. Mary Mendoza,c2700e62-c165-4b28-9d74-0c90ce889cfb,2024-03,2024-03-02,14944.24,40535,True
1135,96,Mrs. Mary Mendoza,c2700e62-c165-4b28-9d74-0c90ce889cfb,2024-03,2024-03-13,13324.17,40535,True
1136,96,Mrs. Mary Mendoza,c2700e62-c165-4b28-9d74-0c90ce889cfb,2024-03,2024-03-23,12266.59,40535,True
1137,96,Mrs. Mary Mendoza,c2700e62-c165-4b28-9d74-0c90ce889cfb,2024-04,2024-04-11,3337.12,40535,True
1138,96,Mrs. Mary Mendoza,c2700e62-c165-4b28-9d74-0c90ce889cfb,2024-04,2024-04-26,33950.94,40535,True
1139,96,Mrs. Mary Mendoza,c2700e62-c165-4b28-9d74-0c90ce889cfb,2024-04,2024-04-27,3246.94,40535,True
1140,96,Mrs. Mary Mendoza,c2700e62-c165-4b28-9d74-0c90ce889cfb,2024-05,2024-05-20,40535.0,40535,True
1141,96,Mrs. Mary Mendoza,c2700e62-c165-4b28-9d74-0c90ce889cfb,2024-06,2024-06-15,40535.0,40535,True
1142,97,Paul Lewis,89f7f9bc-0669-4782-b1ec-8d8bfc2a70dd,2024-01,2024-01-11,18749.95,23067,True
1143,97,Paul Lewis,89f7f9bc-0669-4782-b1ec-8d8bfc2a70dd,2024-01,2024-01-17,4317.05,23067,True
1144,97,Paul Lewis,89f7f9bc-0669-4782-b1ec-8d8bfc2a70dd,2024-02,2024-02-18,6177.86,23067,True
1145,97,Paul Lewis,89f7f9bc-0669-4782-b1ec-8d8bfc2a70dd,2024-02,2024-02-28,16889.14,23067,True
1146,97,Paul Lewis,89f7f9bc-0669-4782-b1ec-8d8bfc2a70dd,2024-03,2024-03-07,1734.2,23067,True
1147,97,Paul Lewis,89f7f9bc-0669-4782-b1ec-8d8bfc2a70dd,2024-03,2024-03-17,1644.19,23067,True
1148,97,Paul Lewis,89f7f9bc-0669-4782-b1ec-8d8bfc2a70dd,2024-03,2024-03-19,19688.61,23067,True
1149,97,Paul Lewis,89f7f9bc-0669-4782-b1ec-8d8bfc2a70dd,2024-04,2024-04-09,9534.96,23067,True
1150,97,Paul Lewis,89f7f9bc-0669-4782-b1ec-8d8bfc2a70dd,2024-04,2024-04-19,944.96,23067,True
1151,97,Paul Lewis,89f7f9bc-0669-4782-b1ec-8d8bfc2a70dd,2024-04,2024-04-28,12587.09,23067,True
1152,97,Paul Lewis,89f7f9bc-0669-4782-b1ec-8d8bfc2a70dd,2024-05,2024-05-22,23067.0,23067,True
1153,97,Paul Lewis,89f7f9bc-0669-4782-b1ec-8d8bfc2a70dd,2024-06,2024-06-07,15300.1,23067,True
1154,97,Paul Lewis,89f7f9bc-0669-4782-b1ec-8d8bfc2a70dd,2024-06,2024-06-14,2034.15,23067,True
1155,97,Paul Lewis,89f7f9bc-0669-4782-b1ec-8d8bfc2a70dd,2024-06,2024-06-24,5732.75,23067,True
1156,98,Ian Caldwell,3166dccd-6e9d-42a1-bdaa-e031f4b2e0e1,2024-01,2024-01-16,10005.83,33599,True
1157,98,Ian Caldwell,3166dccd-6e9d-42a1-bdaa-e031f4b2e0e1,2024-01,2024-01-24,23593.17,33599,True
1158,98,Ian Caldwell,3166dccd-6e9d-42a1-bdaa-e031f4b2e0e1,2024-02,2024-02-16,33599.0,33599,True
1159,98,Ian Caldwell,3166dccd-6e9d-42a1-bdaa-e031f4b2e0e1,2024-03,2024-03-03,25912.51,33599,True
1160,98,Ian Caldwell,3166dccd-6e9d-42a1-bdaa-e031f4b2e0e1,2024-03,2024-03-15,2645.04,33599,True
1161,98,Ian Caldwell,3166dccd-6e9d-42a1-bdaa-e031f4b2e0e1,2024-03,2024-03-18,5041.45,33599,True
1162,98,Ian Caldwell,3166dccd-6e9d-42a1-bdaa-e031f4b2e0e1,2024-04,2024-04-14,21886.24,33599,True
1163,98,Ian Caldwell,3166dccd-6e9d-42a1-bdaa-e031f4b2e0e1,2024-04,2024-04-24,11712.76,33599,True
1164,98,Ian Caldwell,3166dccd-6e9d-42a1-bdaa-e031f4b2e0e1,2024-05,2024-05-17,33599.0,33599,True
1165,98,Ian Caldwell,3166dccd-6e9d-42a1-bdaa-e031f4b2e0e1,2024-06,2024-06-11,33599.0,33599,True
1166,99,Abigail Pierce,38004804-4811-4041-9cad-751b06a7bb8f,2024-01,2024-01-08,2812.5,45222,True
1167,99,Abigail Pierce,38004804-4811-4041-9cad-751b06a7bb8f,2024-01,2024-01-10,42409.5,45222,True
1168,99,Abigail Pierce,38004804-4811-4041-9cad-751b06a7bb8f,2024-02,2024-02-17,45222.0,45222,True
1169,99,Abigail Pierce,38004804-4811-4041-9cad-751b06a7bb8f,2024-03,2024-03-08,32872.69,45222,True
1170,99,Abigail Pierce,38004804-4811-4041-9cad-751b06a7bb8f,2024-03,2024-03-10,12349.31,45222,True
1171,99,Abigail Pierce,38004804-4811-4041-9cad-751b06a7bb8f,2024-04,2024-04-25,45222.0,45222,True
1172,99,Abigail Pierce,38004804-4811-4041-9cad-751b06a7bb8f,2024-05,2024-05-24,45222.0,45222,True
1173,99,Abigail Pierce,38004804-4811-4041-9cad-751b06a7bb8f,2024-06,2024-06-25,45222.0,45222,True
1174,100,Dennis Terry,b492f2aa-9900-4fa1-9741-44cd57082738,2024-01,2024-01-16,21837.0,21837,True
1175,100,Dennis Terry,b492f2aa-9900-4fa1-9741-44cd57082738,2024-02,2024-02-15,7732.74,21837,True
1176,100,Dennis Terry,b492f2aa-9900-4fa1-9741-44cd57082738,2024-02,2024-02-23,1454.23,21837,True
1177,100,Dennis Terry,b492f2aa-9900-4fa1-9741-44cd57082738,2024-02,2024-02-26,12650.03,21837,True
1178,100,Dennis Terry,b492f2aa-9900-4fa1-9741-44cd57082738,2024-03,2024-03-13,4881.65,21837,True
1179,100,Dennis Terry,b492f2aa-9900-4fa1-9741-44cd57082738,2024-03,2024-03-22,16955.35,21837,True
1180,100,Dennis Terry,b492f2aa-9900-4fa1-9741-44cd57082738,2024-04,2024-04-13,8535.07,21837,True
1181,100,Dennis Terry,b492f2aa-9900-4fa1-9741-44cd57082738,2024-04,2024-04-16,8348.75,21837,True
1182,100,Dennis Terry,b492f2aa-9900-4fa1-9741-44cd57082738,2024-04,2024-04-24,4953.18,21837,True
1183,100,Dennis Terry,b492f2aa-9900-4fa1-9741-44cd57082738,2024-05,2024-05-14,4867.19,21837,True
1184,100,Dennis Terry,b492f2aa-9900-4fa1-9741-44cd57082738,2024-05,2024-05-18,7461.82,21837,True
1185,100,Dennis Terry,b492f2aa-9900-4fa1-9741-44cd57082738,2024-05,2024-05-19,9507.99,21837,True
1186,100,Dennis Terry,b492f2aa-9900-4fa1-9741-44cd57082738,2024-06,2024-06-02,11125.14,21837,True
1187,100,Dennis Terry,b492f2aa-9900-4fa1-9741-44cd57082738,2024-06,2024-06-18,10711.86,21837,True
