tenant_id,age,city_tier,employer_type,income_monthly,rent_amount,deposit_multiple,lease_term_months,tenure_months_on_platform,avg_days_late,late_payment_rate,failed_txn_rate,payment_method,rent_to_income,default_flag,dpd_next_month
1,24,Tier1,SME,23482,7068,1,21,6,1,0.19858246915784142,0.026209270554281704,UPI,0.30099650796354654,0,5
2,47,Tier2,Startup,47415,19739,3,14,8,0,0.4889099952249631,0.059963123579332124,Card,0.4163028577454392,0,3
3,43,Tier3,MNC,40212,7995,2,15,12,1,0.1875929642049052,0.30586371962545567,Wallet,0.19882124738883916,0,2
4,35,Tier2,SME,62360,12774,3,21,17,3,0.21383562943586953,0.005420397215352388,NetBanking,0.20484284797947402,0,2
5,35,Tier1,SME,44246,13437,2,8,9,2,0.1042015441184948,0.0752292275254258,UPI,0.3036884690141482,0,2
6,50,Tier1,Startup,50408,12589,1,20,15,1,0.11269986571680646,0.10467467020417845,NetBanking,0.2497421044278686,0,3
7,23,Tier3,Gig,50955,14254,1,15,2,4,0.3932206758435124,0.06907901843768668,Card,0.27973702286331076,0,4
8,44,Tier3,Gig,59036,22992,1,18,16,2,0.16847957993017176,0.06640399388606084,UPI,0.3894572803035436,0,2
9,27,Tier2,Startup,49429,8206,2,9,3,4,0.08548887628650084,0.026047092062066853,UPI,0.16601590159622892,0,1
10,24,Tier2,SME,38764,14197,1,17,13,2,0.04178366908548871,0.17642977524055145,UPI,0.3662418739036219,0,1
11,38,Tier1,Startup,61715,10890,2,10,9,0,0.10472728318335031,0.060410730846132424,Card,0.17645629101515029,0,1
12,54,Tier1,SME,81349,32885,2,15,10,1,0.2514665604453309,0.004931152961843141,NetBanking,0.4042459034530234,0,4
13,46,Tier1,MNC,62569,13175,2,15,1,2,0.1813004615492261,0.08332104217902216,UPI,0.21056753344307885,0,2
14,46,Tier1,Startup,47803,17710,2,23,9,0,0.12977888693862596,0.16420306469670154,UPI,0.3704788402401523,0,1
15,45,Tier1,Startup,57537,18847,0,18,1,1,0.1953682153030881,0.030556156917764834,Card,0.327563133288145,0,0
16,47,Tier2,SME,18987,5044,1,16,9,3,0.20653074280084824,0.018639682802552748,UPI,0.26565544846473904,0,3
17,38,Tier1,Gig,57211,13173,2,13,7,1,0.2657228409487863,0.05701337256116669,Card,0.23025292338885878,0,6
18,25,Tier1,Startup,51992,8695,2,12,3,3,0.3096243232796589,0.05579913063925814,UPI,0.16723726727188798,0,6
19,49,Tier2,SME,41330,10581,2,17,8,1,0.224523397966162,0.05835557320418619,UPI,0.2560125816598113,0,2
20,36,Tier1,MNC,44958,9448,2,21,3,5,0.08377090684884297,0.040558160465822016,UPI,0.21015169713955248,1,31
21,38,Tier1,MNC,51795,9881,2,16,1,1,0.17952058611312635,0.10548493614389197,UPI,0.19077130997200503,0,3
22,33,Tier2,SME,79849,29667,1,17,0,3,0.12580294857415344,0.13521026550795406,UPI,0.3715387794462047,0,4
23,27,Tier1,SME,81841,17493,0,11,6,1,0.07137635346221609,0.16166576535800184,UPI,0.2137437225840349,0,2
24,52,Tier2,MNC,41437,8989,2,16,13,2,0.06460962471607888,0.03528371096839507,UPI,0.21693172768298863,0,0
25,47,Tier3,MNC,49638,12515,2,16,10,1,0.12845338991255573,0.110877198150353,NetBanking,0.252125387807728,0,2
26,42,Tier1,MNC,50148,14482,2,18,2,1,0.14717152862000812,0.030729804396658626,UPI,0.2887851958203717,0,3
27,34,Tier3,Startup,76190,23170,1,11,7,5,0.353920479091076,0.07811943219530151,UPI,0.3041081506759417,0,1
28,48,Tier3,Startup,62910,21978,2,12,10,1,0.3231255445736914,0.0565539124707551,Card,0.34935622317596565,0,1
29,39,Tier2,SME,61855,20199,1,12,4,2,0.3098727537289561,0.03509336732643405,Card,0.3265540376687414,0,0
30,36,Tier2,MNC,70725,20828,1,13,2,1,0.49487737725213293,0.0011005714098381934,NetBanking,0.2944927536231884,0,1
31,36,Tier2,MNC,48071,12891,1,11,4,1,0.11676075831020133,0.04638374466286683,Wallet,0.26816583803124544,0,2
32,28,Tier2,MNC,87277,20050,2,9,1,4,0.21674035358018173,0.042151141164128055,Card,0.22972833621687272,0,1
33,24,Tier2,SME,59965,21766,1,15,4,3,0.4844698882553113,0.17998788675369554,UPI,0.36297840406904025,1,31
34,39,Tier1,MNC,42881,10516,1,21,9,2,0.0675300295143826,0.030763266771411807,Card,0.24523681817121804,0,3
35,51,Tier3,SME,55407,22432,1,6,14,3,0.0718356156734131,0.17656953579255966,UPI,0.4048585918746729,0,0
36,23,Tier2,Gig,84638,27579,1,17,15,2,0.17609128272038202,0.12055141617806674,Card,0.3258465464684893,0,2
37,50,Tier2,SME,51497,17518,2,20,12,4,0.16916134672391142,0.1113229236409458,UPI,0.34017515583432045,0,0
38,49,Tier1,Gig,78991,23905,2,20,6,1,0.08529032549760912,0.044662286235684946,Card,0.3026294134774848,1,61
39,30,Tier1,MNC,47493,20353,2,21,16,4,0.33792214513820784,0.08655949041039872,UPI,0.42854736487482364,0,3
40,42,Tier2,MNC,44686,12354,1,11,16,1,0.2475955079380307,0.052014573650028297,UPI,0.27646242671082666,0,0
41,26,Tier2,Gig,73191,20353,1,7,6,1,0.3093171960365886,0.19688673857403227,Card,0.2780806383298493,0,2
42,46,Tier1,SME,42520,17769,1,23,0,2,0.13634354797798917,0.07349947885369863,NetBanking,0.41789746001881467,0,3
43,44,Tier1,Startup,76450,25341,2,18,7,3,0.06137933512129094,0.016387064561319997,UPI,0.3314715500327011,0,3
44,33,Tier1,Gig,67032,19087,2,12,8,0,0.11233539421314157,0.0967978940437313,Card,0.28474459959422366,0,4
45,23,Tier2,SME,42528,9723,1,21,12,4,0.2838913866461226,0.02351683344663611,Card,0.22862584650112866,0,2
46,54,Tier1,SME,58571,13091,3,12,2,4,0.07768068932268807,0.1997569026626623,UPI,0.22350651346229364,1,41
47,36,Tier3,SME,49024,19140,1,19,9,4,0.15844964191935867,0.10259254159562577,Card,0.3904210182767624,0,0
48,51,Tier1,MNC,66979,15662,2,23,5,3,0.29456785647754524,0.020375234410336864,Wallet,0.2338344854357336,0,3
49,44,Tier1,MNC,97755,14831,2,19,8,0,0.412467016647595,0.015355311893044421,UPI,0.15171602475576698,0,0
50,47,Tier1,MNC,52585,8194,2,17,0,2,0.1325420119189886,0.06254581855059962,Card,0.15582390415517733,0,1
51,46,Tier2,Gig,70675,31345,2,9,9,0,0.27180504779968384,0.02894061817276726,UPI,0.44350902016271665,0,2
52,27,Tier1,Startup,60488,19232,0,22,0,4,0.34952733878022785,0.16500826407723798,UPI,0.3179473614601243,0,5
53,33,Tier2,MNC,60481,17945,2,13,15,2,0.22524770231851396,0.015691149863148127,UPI,0.2967047502521453,0,2
54,36,Tier3,MNC,56695,24115,1,17,12,1,0.12826736985311124,0.05559973954532397,UPI,0.42534615045418467,0,1
55,37,Tier1,Startup,42851,10948,2,17,16,2,0.06587292061819637,0.0358416485180462,NetBanking,0.25548995356001025,0,1
56,22,Tier2,Gig,66702,25913,0,10,11,2,0.24034155351661887,0.15938275633713217,UPI,0.3884891007765884,0,2
57,39,Tier1,MNC,54225,19875,1,16,17,1,0.05327359406475646,0.1337509833781555,UPI,0.3665283540802213,0,1
58,26,Tier1,SME,41903,12282,3,13,3,2,0.20642000255428297,0.1964199775557639,Wallet,0.2931055055723934,0,0
59,46,Tier1,Gig,80283,30699,1,12,0,0,0.0680005165988145,0.16336834245569992,UPI,0.3823848137214603,1,37
60,44,Tier1,Gig,61980,27254,1,21,16,1,0.3030412298021744,0.04282802178394431,Card,0.43972249112616973,0,2
61,52,Tier2,Gig,55438,11652,1,18,11,2,0.05044243119986777,0.028484671568604784,Wallet,0.21018074245102636,0,4
62,46,Tier2,MNC,86801,13476,2,14,12,1,0.09991816201540205,0.14867305894905478,NetBanking,0.15525166760751605,0,4
63,33,Tier2,MNC,23278,9228,2,6,5,4,0.12775841101947547,0.05462381629495407,NetBanking,0.39642580977747227,0,1
64,53,Tier2,SME,85456,23165,3,18,6,4,0.2661817034482457,0.19229154642960916,Wallet,0.27107517318854146,0,6
65,34,Tier2,MNC,42396,13283,2,19,12,2,0.11613360165928707,0.15605516802698532,UPI,0.313307859232003,0,0
66,32,Tier1,Gig,64230,13921,1,8,7,5,0.21990795505550947,0.05807431473820134,Wallet,0.21673672738595673,0,1
67,51,Tier1,MNC,48238,19417,0,19,1,2,0.0753032970185439,0.08979488906032472,UPI,0.4025249803059828,0,1
68,33,Tier1,Startup,41539,15218,1,13,5,0,0.30283761906053264,0.07359585268341243,UPI,0.366354510219312,0,1
69,23,Tier2,Gig,86277,37617,2,19,6,0,0.11972439356060212,0.08630863237095125,NetBanking,0.4360026426509962,0,3
70,36,Tier3,Gig,97124,28416,3,21,14,3,0.3908142520772922,0.01176895410221768,UPI,0.29257444092088464,0,0
71,48,Tier1,Startup,55575,24618,0,18,6,0,0.3637504520699799,0.061741295525114766,UPI,0.4429689608636977,0,3
72,27,Tier2,Gig,66709,20229,1,22,8,4,0.3626891803441112,0.02137280451473425,UPI,0.3032424410499333,0,1
73,36,Tier2,MNC,61139,20568,2,7,10,4,0.31961931394188414,0.08269325414035321,UPI,0.33641374572695004,0,3
74,25,Tier2,SME,94610,33325,2,11,2,3,0.2853047787943408,0.07243152645358587,UPI,0.35223549307684177,0,0
75,44,Tier2,MNC,17736,5266,2,7,10,3,0.18744456724678643,0.09607689296422246,UPI,0.2969102390617952,0,2
76,37,Tier2,Gig,67542,21534,1,9,3,1,0.04108993861053777,0.028199387104432344,Card,0.3188238429421693,0,3
77,32,Tier2,Gig,45457,9863,1,12,15,1,0.2502245644696951,0.27867732800463596,NetBanking,0.216974283388697,0,4
78,28,Tier3,MNC,15000,3880,1,6,5,5,0.3177378984511518,0.07608097349425175,UPI,0.25866666666666666,0,1
79,40,Tier1,MNC,52789,19035,1,13,5,2,0.10394012250842104,0.14309200259089286,UPI,0.3605864858209097,0,0
80,43,Tier3,SME,96960,15678,2,8,7,1,0.23054614111464355,0.06776764511298777,NetBanking,0.16169554455445545,0,2
81,52,Tier1,MNC,46879,16882,1,8,6,1,0.11928620002955734,0.08811056587680442,UPI,0.36011860321252587,0,2
82,35,Tier2,Gig,75815,18281,1,21,10,1,0.061139943279202795,0.14539095825105097,UPI,0.24112642616896393,0,1
83,26,Tier1,MNC,83973,19444,3,19,13,1,0.09727701428867762,0.18776114081632234,UPI,0.23155061746037417,0,5
84,49,Tier1,Startup,59746,21391,2,14,17,2,0.19850782620579252,0.015348014663189927,UPI,0.35803233689284636,0,2
85,42,Tier1,SME,62409,13385,1,16,15,1,0.04715881225873849,0.0648664929977446,UPI,0.21447227162748964,0,4
86,44,Tier1,SME,25674,11258,3,11,4,1,0.2595044841858476,0.003986144742775582,NetBanking,0.43849809145438967,0,1
87,24,Tier1,MNC,45676,20426,1,14,10,2,0.3427487715354254,0.08087285563719987,UPI,0.4471932743672826,0,3
88,31,Tier1,Gig,78140,22459,2,19,5,1,0.18339366622869258,0.256355187972065,UPI,0.2874200153570515,0,2
89,47,Tier1,Startup,61213,16553,1,15,14,1,0.29205297940650765,0.06333027350705095,UPI,0.2704164148138467,0,1
90,49,Tier1,SME,67346,11698,2,20,0,3,0.1470083250325629,0.05885285920422801,UPI,0.17369999703026162,0,0
91,35,Tier2,SME,62663,24029,1,14,17,6,0.1449025628487759,0.09842039077010936,UPI,0.38346392608078134,0,1
92,48,Tier3,Gig,103840,20645,1,12,6,5,0.01753052618644243,0.0977742734379113,UPI,0.19881548536209553,0,1
93,49,Tier2,Gig,51389,22092,3,22,13,3,0.09583759872655447,0.09533976885193578,Card,0.42989744887038084,0,2
94,34,Tier1,Gig,92108,41188,2,22,12,1,0.0819010721094767,0.08400241325471217,UPI,0.4471707126416815,0,1
95,51,Tier1,Startup,62670,11701,1,10,6,4,0.10493378274796754,0.07041870306614768,UPI,0.18670815382160524,0,1
96,30,Tier3,Gig,93883,33319,0,14,17,2,0.2555033413116608,0.03478897624694235,Wallet,0.3548991830256809,0,0
97,29,Tier1,MNC,35500,10287,0,19,4,4,0.2431220662950953,0.016292558717920912,Wallet,0.28977464788732393,0,5
98,44,Tier1,Startup,63693,19894,1,10,13,2,0.09994671495790279,0.1789716345318698,Card,0.3123420156061106,0,0
99,42,Tier3,SME,52126,10627,2,19,16,4,0.37294329713161556,0.13284511972282223,UPI,0.20387138855849288,0,2
100,25,Tier3,SME,62789,23047,1,22,2,4,0.3948436190996129,0.19323762476212336,NetBanking,0.3670547388873847,0,2
101,49,Tier1,Gig,84447,16888,3,10,16,2,0.0952463382865806,0.09029899420033281,UPI,0.1999834215543477,0,1
102,27,Tier2,Gig,67576,28083,2,8,16,2,0.27544996687248835,0.09954607983232858,UPI,0.4155765360483012,0,0
103,48,Tier1,SME,84407,24156,3,23,6,2,0.25844330324915726,0.03234088073462188,Card,0.28618479509993244,0,2
104,21,Tier2,SME,46595,15863,2,23,15,0,0.11950887890369642,0.23220524600138567,Card,0.340444253675287,0,1
105,48,Tier1,Gig,43543,18572,1,21,0,2,0.20220003478479512,0.04343412451342605,UPI,0.4265209103644673,1,61
106,47,Tier1,Gig,60322,22402,2,17,3,3,0.3638090963982139,0.09298322524883823,UPI,0.37137362819535163,0,4
107,47,Tier2,Startup,59226,18493,1,7,13,1,0.15342877267677266,0.011894677808731616,Wallet,0.31224462229426264,0,1
108,43,Tier1,MNC,56282,15241,1,22,16,2,0.33407874114982516,0.11857220616734072,UPI,0.27079705767385664,0,3
109,37,Tier2,SME,40827,11784,2,9,2,0,0.40621007161430756,0.0616163291127939,Card,0.28863252259534133,0,1
110,44,Tier1,Gig,83973,21203,2,9,12,0,0.4353422247972863,0.03211658624029844,UPI,0.252497826682386,0,2
111,30,Tier3,Startup,52743,22882,1,18,1,0,0.12081716613242248,0.11054543946000804,Card,0.4338395616479912,0,2
112,47,Tier2,Startup,88521,19993,1,13,14,1,0.04833051606784519,0.0410855177775803,UPI,0.22585601156787655,0,2
113,39,Tier1,Startup,60254,16437,1,21,16,1,0.08418073399933036,0.04303783819908866,UPI,0.27279516712583396,0,1
114,36,Tier2,SME,72968,27980,2,21,8,4,0.34865002976418386,0.10519228821993533,UPI,0.3834557614296678,0,3
115,38,Tier1,SME,71154,18450,1,20,1,0,0.16600601778175947,0.018041863582355627,Card,0.2592967366557045,0,3
116,40,Tier1,Gig,43514,18101,2,21,3,2,0.39050277503111863,0.05890150284893203,UPI,0.41598106356574893,0,1
117,22,Tier1,MNC,67344,15012,2,15,9,2,0.3560886653041497,0.06693377949968968,UPI,0.2229151817533856,0,1
118,25,Tier3,Startup,98566,15711,1,21,14,0,0.49465253097629375,0.003373135668003689,UPI,0.15939573483757077,1,78
119,29,Tier2,Startup,65032,22021,2,22,9,0,0.21893179282315767,0.015512676062021214,UPI,0.3386179111821872,0,5
120,24,Tier3,Gig,78025,23600,3,11,8,1,0.3996191910074957,0.12473315192774356,UPI,0.3024671579621916,1,54
121,35,Tier3,SME,73865,31755,2,13,10,2,0.08125336453240636,0.015615297556176513,Card,0.4299059094293644,1,53
122,43,Tier3,Startup,66140,18316,1,17,17,1,0.0605470166228372,0.042245662970186185,Card,0.2769277290595706,1,61
123,43,Tier1,MNC,63729,12151,1,21,14,1,0.297622628608908,0.060361012405448035,UPI,0.19066672943244048,0,2
124,37,Tier3,MNC,70946,17660,2,13,2,1,0.3181280789421178,0.06397820194040924,Card,0.24892171510726468,0,1
125,50,Tier2,SME,75265,20168,2,10,3,2,0.4151979714283351,0.10413136433408185,UPI,0.2679598751079519,0,1
126,40,Tier1,MNC,32956,10708,3,11,6,1,0.18265456865304086,0.051551147057706914,UPI,0.324918072581624,0,3
127,23,Tier2,Gig,64946,15090,1,20,4,5,0.28510884635107225,0.07607639447556325,Card,0.23234687278662272,0,3
128,47,Tier1,Gig,56318,17745,2,15,13,0,0.16675830650859505,0.08438992587330589,Card,0.3150857629887425,1,99
129,40,Tier1,MNC,52169,22036,1,10,17,3,0.2548544907645915,0.04488270941031745,Card,0.4223964423316529,0,1
130,42,Tier1,Gig,85919,23809,0,18,10,4,0.21832718952295377,0.08577042982139715,UPI,0.27710983600833344,0,3
131,40,Tier1,SME,45337,15662,1,17,16,3,0.10513719286588483,0.08807538288011993,UPI,0.3454573527141187,0,1
132,39,Tier1,Startup,32104,7020,0,15,7,2,0.1492547103500123,0.06647149502012091,NetBanking,0.21866434089210068,0,1
133,24,Tier3,Gig,75914,29636,2,17,12,2,0.08029754529719656,0.09579842755333998,NetBanking,0.39038912453565877,0,2
134,40,Tier2,SME,31592,7294,1,10,12,1,0.0843046962103786,0.12258229959671438,UPI,0.23088123575588756,0,0
135,48,Tier2,MNC,21441,6945,2,9,5,1,0.05568582568381748,0.02473177946206686,UPI,0.32391213096404087,0,2
136,31,Tier1,MNC,78165,18765,2,20,13,1,0.26369304983073627,0.0075100103828651624,Card,0.24006908462867013,0,2
137,41,Tier1,SME,63174,10753,1,18,9,3,0.3855811973415065,0.12277615584322189,UPI,0.17021242916389653,0,4
138,22,Tier1,Gig,69454,17078,2,23,10,2,0.3593575953868748,0.07359417574993263,Card,0.24588936562329022,0,1
139,32,Tier2,SME,51151,10926,1,22,4,1,0.07697948626717067,0.036798175577402954,UPI,0.21360286211413265,0,3
140,35,Tier1,SME,32311,13499,0,12,5,2,0.30064978827253336,0.17238999125588766,UPI,0.41778341741202685,1,66
141,54,Tier2,MNC,36284,8339,3,14,15,1,0.34412197771006237,0.13984391357492218,UPI,0.2298258185426083,0,2
142,28,Tier2,Gig,54556,24131,0,21,11,3,0.21222249074530314,0.056028716538945214,Card,0.44231615221057263,1,102
143,30,Tier2,SME,34551,10285,1,6,2,0,0.26610146141230656,0.071131208527555,Card,0.2976758993950971,0,0
144,34,Tier3,Startup,66141,14307,2,21,9,1,0.21092793584608024,0.07746091299338029,NetBanking,0.21631060915317277,0,3
145,54,Tier1,Startup,50750,13570,1,9,11,1,0.14611109867377456,0.08130085842340537,UPI,0.26738916256157635,0,1
146,50,Tier3,MNC,63700,13060,1,10,14,0,0.21976894556817175,0.05800103802049817,UPI,0.20502354788069074,0,1
147,22,Tier2,MNC,63102,25247,2,14,15,1,0.07372907612092221,0.1042690588850533,Wallet,0.40009825362112134,0,3
148,28,Tier2,SME,67735,12598,2,18,11,6,0.07816519821033477,0.046988949642459275,UPI,0.18598951797445928,0,1
149,48,Tier2,SME,69989,28839,2,12,0,1,0.3047229634335488,0.03580458525058618,NetBanking,0.4120504650730829,0,2
150,22,Tier2,Startup,53121,8699,2,22,8,2,0.17434211804822874,0.06040912606614396,Card,0.16375821238305002,0,0
151,50,Tier3,Gig,63679,15275,1,20,3,1,0.3002083535172704,0.29502293324847,UPI,0.23987499803702947,1,110
152,30,Tier1,MNC,64720,12424,1,19,0,4,0.11698654705196615,0.05477605019348073,UPI,0.1919653893695921,0,3
153,52,Tier2,SME,15000,5333,1,19,16,2,0.4124641361858432,0.045437320829351625,UPI,0.3555333333333333,0,1
154,30,Tier2,MNC,72930,22148,0,6,3,1,0.38555933334656306,0.15362873144779837,Card,0.30368846839435076,0,1
155,35,Tier1,MNC,62998,27202,3,20,4,2,0.27142533317908224,0.06939932686328415,Card,0.4317914854439823,0,6
156,43,Tier3,Startup,71280,18522,2,16,6,2,0.16432210636654335,0.13491421301700518,UPI,0.25984848484848483,0,2
157,25,Tier1,Startup,34263,5558,1,9,8,1,0.4022051190161942,0.1587600414629571,Card,0.16221580130169572,0,2
158,39,Tier2,Startup,53684,20319,1,20,10,1,0.3331640862928685,0.052208732074138384,UPI,0.3784926607555324,1,59
159,38,Tier1,MNC,38169,12361,1,7,5,2,0.06001213864496467,0.06496186797538399,UPI,0.3238491969923236,0,2
160,47,Tier1,SME,74892,29824,2,17,14,4,0.16043635326555036,0.006450838760990809,UPI,0.3982267798963841,0,2
161,54,Tier2,SME,31897,8862,1,16,2,1,0.1352086165714546,0.021117119217993734,UPI,0.2778317710129479,0,1
162,43,Tier1,Gig,41426,15387,3,6,17,1,0.12970465924197502,0.022466150593838413,UPI,0.3714333993144402,0,2
163,34,Tier1,Startup,70686,14230,1,12,15,2,0.16843941274361462,0.03507049822189598,Card,0.2013128483716719,0,4
164,34,Tier1,Gig,47412,21328,1,8,10,1,0.1440569153447563,0.03087959052035092,NetBanking,0.44984392137011725,0,3
165,35,Tier1,MNC,41432,8373,3,23,0,3,0.18981619890619766,0.10507390918139739,Wallet,0.20209017184784708,0,2
166,48,Tier2,SME,78134,31170,2,20,13,0,0.08066554441989889,0.09170452337376121,UPI,0.39893004325901654,0,3
167,31,Tier3,Startup,78954,16874,1,23,12,3,0.1920988102533783,0.06708478338808554,NetBanking,0.2137193809053373,0,4
168,26,Tier1,SME,74441,28641,1,14,11,2,0.1260241719999197,0.10094339733876262,UPI,0.38474765250332477,0,2
169,32,Tier2,Startup,76974,31434,2,11,5,2,0.3861489313805337,0.039750858562650336,UPI,0.40837165796242886,0,3
170,21,Tier1,SME,55368,22866,2,23,7,3,0.261189092769487,0.057501594271005,Card,0.41298222800173384,0,3
171,24,Tier2,Gig,55908,16365,2,11,7,3,0.23191313640763297,0.2614182734262154,UPI,0.29271302854689846,0,2
172,24,Tier1,MNC,47038,13106,2,13,10,1,0.4012792427687567,0.14415660367308294,UPI,0.27862579191292147,0,2
173,47,Tier1,Gig,63354,25350,3,8,5,1,0.15997795221220804,0.0358935683057357,UPI,0.40013258831328724,0,1
174,45,Tier1,SME,49442,16011,2,20,7,2,0.27753784328367953,0.06493824329943214,UPI,0.32383398729824847,0,1
175,44,Tier2,SME,51338,17269,1,8,16,0,0.09554141649897405,0.060414565346791384,Card,0.3363785110444505,1,71
176,36,Tier2,SME,71998,15898,1,6,8,1,0.03675153437343613,0.054313164193043204,Wallet,0.22081168921358926,0,1
177,45,Tier1,MNC,83690,23755,2,20,10,1,0.08580211122891589,0.14934109058064043,UPI,0.28384514278886364,0,2
178,26,Tier2,Gig,67965,17727,1,21,16,0,0.28723208227751024,0.013010902815465448,Card,0.2608254248510263,0,3
179,51,Tier2,Gig,95886,33521,1,21,17,2,0.10053540280255958,0.03557751934868891,NetBanking,0.34959222409945145,0,5
180,38,Tier1,Gig,45889,9588,2,21,10,1,0.08972011739533138,0.07157537531154493,UPI,0.2089389614068731,0,4
181,52,Tier2,Gig,23240,6314,1,8,4,1,0.3948355955409755,0.0573952776694935,Card,0.2716867469879518,1,59
182,26,Tier3,Startup,74292,30060,3,12,1,4,0.05575268265192661,0.11297490921959953,UPI,0.4046196091099984,0,3
183,37,Tier1,SME,44563,13989,1,19,15,2,0.14035563092009978,0.05071839409113431,UPI,0.3139151313870251,0,3
184,44,Tier2,Gig,54526,22836,2,11,9,3,0.20493442287985092,0.07430398081242727,UPI,0.41880937534387264,0,3
185,37,Tier1,MNC,24604,5406,2,20,10,1,0.14829117526265856,0.024868650004951958,UPI,0.21972037067143554,0,3
186,36,Tier2,Gig,42015,11847,0,22,17,1,0.15356101912434514,0.043552496147539685,NetBanking,0.28197072474116386,0,5
187,26,Tier1,SME,29955,8990,1,23,6,2,0.27117842526392344,0.017500977341235922,Wallet,0.300116841929561,0,1
188,33,Tier2,Startup,51313,13863,0,19,1,0,0.05865376182667937,0.014002994512968372,UPI,0.2701654551478183,0,4
189,29,Tier1,SME,52108,18516,2,20,12,2,0.0755239090841418,0.12605035989341976,UPI,0.35533891149151764,0,2
190,31,Tier2,SME,61799,12027,2,16,17,1,0.07919559320675403,0.08225062690207266,UPI,0.1946147995922264,0,3
191,44,Tier3,MNC,84794,25931,0,7,3,1,0.26696201596938357,0.05185721578878786,UPI,0.30581173196216715,0,3
192,42,Tier1,SME,73538,14092,1,13,17,5,0.11589786538459172,0.15982019152611493,UPI,0.19162881775408633,0,3
193,41,Tier3,SME,27556,9334,3,23,9,2,0.1624548397860938,0.08256503467848954,Card,0.33872840760632894,1,75
194,33,Tier3,MNC,72160,28797,1,22,10,1,0.35227333301277336,0.013497971510816,UPI,0.39907150776053213,0,3
195,53,Tier3,MNC,62235,9708,3,10,17,1,0.37982523285903647,0.21747317993275755,UPI,0.1559893950349482,0,3
196,23,Tier1,SME,58043,16663,1,19,5,0,0.1513199098533784,0.06939058505122889,Card,0.28708026807711523,0,1
197,32,Tier2,SME,59546,17733,0,11,13,2,0.2031083268496668,0.04880773305651315,UPI,0.29780337890034597,0,1
198,25,Tier1,Gig,64091,23462,2,13,0,3,0.1637718848049965,0.04460208018503046,Card,0.3660732396124261,0,2
199,32,Tier1,MNC,46162,7959,1,17,12,2,0.20854206189700975,0.09977024206994835,Card,0.17241454009791604,0,0
200,53,Tier3,SME,56352,15316,2,14,0,4,0.14007265790961543,0.009757392405831844,UPI,0.2717915956842703,0,2
201,33,Tier2,MNC,83678,32269,2,16,0,5,0.25761843775688864,0.0616151005812241,UPI,0.38563302182174525,0,1
202,51,Tier2,SME,45921,14219,2,7,6,0,0.07856103315323713,0.052121545325718846,NetBanking,0.30964046950197077,0,4
203,37,Tier1,SME,39402,14773,2,11,6,3,0.05603593454983474,0.14909592273502922,UPI,0.37493020658849807,0,2
204,44,Tier2,Startup,58765,15232,2,20,14,2,0.10699748933699985,0.06570191738322473,Card,0.2592019058963669,0,3
205,36,Tier2,SME,37388,15928,2,17,16,3,0.12449783644971406,0.026306052517240545,UPI,0.4260190435433829,0,2
206,30,Tier1,SME,25544,4424,2,21,16,2,0.22039014133010887,0.17257505627680808,UPI,0.17319135609145006,0,2
207,46,Tier3,MNC,53110,9419,2,23,11,4,0.2736480296331717,0.01843574003447269,Card,0.17734889851252117,0,0
208,53,Tier1,SME,88972,27451,2,12,2,3,0.23250404758927556,0.11906802951105097,Card,0.308535269522996,0,3
209,29,Tier1,SME,59227,17249,1,10,12,1,0.09371442557671189,0.09250011259721432,NetBanking,0.29123541627973726,0,1
210,47,Tier2,Startup,63571,21712,1,11,8,2,0.26418326484797044,0.0936151646473152,Card,0.3415393811643674,0,4
211,29,Tier3,SME,17397,3805,1,16,9,3,0.19562630708271606,0.04245015387744516,NetBanking,0.21871587055239408,0,3
212,45,Tier1,Startup,68762,14976,1,10,9,1,0.4350876940742437,0.08896254910718708,UPI,0.21779471219568947,0,2
213,47,Tier1,SME,61867,23183,1,13,15,0,0.12351772304380729,0.08171854596417508,Card,0.3747231965345014,0,1
214,36,Tier1,MNC,46701,11092,1,9,6,1,0.09153748491194132,0.033210698219470494,Card,0.23751097406907776,0,3
215,46,Tier3,MNC,63601,23417,1,12,17,2,0.2636094267584461,0.01889409085489938,UPI,0.3681860348107734,0,4
216,30,Tier1,MNC,63402,21696,2,23,9,3,0.04881717779496119,0.06804113963040681,UPI,0.3421974070218605,0,1
217,23,Tier2,SME,38810,6791,2,13,12,4,0.20770744400470817,0.1298101209818079,UPI,0.1749806750837413,0,4
218,24,Tier3,Gig,66637,24211,1,19,16,1,0.11684943375096152,0.03182143579172277,Card,0.3633266803727659,0,3
219,36,Tier1,Startup,83942,34739,3,13,14,2,0.23079430724604574,0.03305040831665914,UPI,0.4138452741178433,0,3
220,51,Tier2,SME,55441,21898,3,13,7,2,0.14345802926848064,0.30354992351837223,NetBanking,0.3949784455547339,0,1
221,25,Tier2,MNC,42648,6510,2,17,3,2,0.11283643528306547,0.07990345601380307,UPI,0.15264490714687676,0,1
222,36,Tier2,Gig,56448,17606,0,7,2,3,0.3123758661406018,0.00975855611371343,UPI,0.3118976757369615,0,1
223,44,Tier1,MNC,77092,32687,1,12,6,2,0.3325674639762677,0.11726848868180965,UPI,0.4239998962278836,0,2
224,27,Tier1,SME,35473,11692,1,8,11,2,0.12073518868978023,0.3523865147000245,NetBanking,0.3296027964931074,0,3
225,45,Tier1,Gig,71571,16969,2,9,14,2,0.15840990233957772,0.13323809017383093,UPI,0.23709323608724203,0,2
226,31,Tier2,SME,46439,9676,2,18,0,3,0.15150221050357301,0.054628990247673995,UPI,0.20835935312991236,0,2
227,48,Tier2,MNC,64841,23049,2,9,8,6,0.20829935818831802,0.06457661581520688,UPI,0.3554695331657439,0,3
228,40,Tier1,MNC,48713,18577,2,9,16,1,0.4842399249449611,0.09683621168741315,UPI,0.3813561061728902,0,3
229,39,Tier1,Startup,48659,20620,3,16,14,5,0.1693451533998242,0.18846528415720717,UPI,0.42376538769806205,0,0
230,27,Tier3,MNC,90461,38148,2,12,16,2,0.267919957703611,0.15766342072217315,UPI,0.42170659179093756,0,2
231,36,Tier1,Startup,31818,8011,3,8,17,0,0.20925193191980776,0.02947425044912232,UPI,0.25177572443271107,0,3
232,50,Tier1,SME,69707,23084,2,23,1,4,0.08496987339332604,0.026396655554861106,UPI,0.331157559499046,0,0
233,21,Tier2,SME,94626,17075,1,22,12,4,0.0570110881657269,0.11283890555104155,UPI,0.18044723437533025,0,1
234,46,Tier1,MNC,73710,13145,2,16,9,5,0.35658381389895444,0.1129355858497905,UPI,0.178334011667345,0,1
235,37,Tier1,Gig,33378,5722,1,15,8,0,0.524178899932152,0.08504208383177024,UPI,0.1714302834202169,0,1
236,45,Tier1,SME,34368,14714,1,20,14,3,0.06321074855202816,0.031048502206452774,UPI,0.4281308193668529,0,1
237,43,Tier1,Startup,44967,8801,3,23,16,2,0.12659870758705571,0.24202094108855096,Card,0.19572130673605087,0,1
238,35,Tier2,SME,63158,18612,1,7,8,2,0.1444264199734196,0.21873004050844871,Wallet,0.29468950885081857,0,1
239,31,Tier2,MNC,64518,18059,1,7,11,6,0.11784747581902213,0.06694798203793993,UPI,0.27990638271490126,0,1
240,42,Tier2,SME,34566,8552,3,11,8,1,0.3516042676583788,0.023649304576144416,UPI,0.2474107504484175,0,2
241,25,Tier1,SME,42544,13244,1,11,11,0,0.20249950914755876,0.3172848453361944,UPI,0.3113012410680707,0,2
242,40,Tier2,SME,43770,6602,1,22,17,0,0.1623096040762225,0.05715366368920025,UPI,0.15083390450079964,0,2
243,24,Tier1,Gig,56385,14888,0,15,14,1,0.08449167239278939,0.08638282021570767,UPI,0.26404185510330763,0,2
244,43,Tier2,Gig,99693,29290,2,20,4,3,0.011328840611170385,0.09722110292158058,Card,0.29380197205420644,1,91
245,42,Tier1,Startup,41336,16162,1,18,15,3,0.456847032976478,0.04902696179986959,UPI,0.3909909038126573,0,2
246,23,Tier2,SME,40460,14577,0,19,9,2,0.10878586752025678,0.09657948093499655,UPI,0.36028175976272864,0,0
247,46,Tier1,SME,37337,15118,2,23,10,1,0.4087235856438475,0.11632058833732188,UPI,0.40490666095294214,0,1
248,35,Tier1,Startup,72710,19114,1,16,2,1,0.10473673229312803,0.08589781080909761,Card,0.2628799339843213,0,1
249,47,Tier1,MNC,59173,11377,2,19,8,2,0.06691293799044169,0.06320420603828543,Card,0.1922667432781843,0,2
250,22,Tier1,Gig,42075,11373,1,10,5,2,0.24965817366956677,0.0907572192633298,UPI,0.2703030303030303,0,0
251,27,Tier1,Gig,52744,23150,2,10,1,4,0.17518339488967313,0.0980576383730198,UPI,0.43891248293644775,1,86
252,37,Tier2,MNC,44169,9465,2,16,15,2,0.18945445131318328,0.10127700773041702,UPI,0.2142905657814304,0,1
253,27,Tier2,Gig,65917,13343,1,22,2,3,0.03591242461803453,0.061673975912784146,UPI,0.202421226694176,0,2
254,32,Tier1,Gig,113687,49260,1,6,12,0,0.25936768085942286,0.08820686534360028,UPI,0.43329492378196277,0,3
255,43,Tier3,SME,71017,30890,1,15,13,0,0.18294087242126925,0.00477848550823192,UPI,0.43496627568047086,0,1
256,25,Tier2,Gig,58140,11323,1,9,11,2,0.37117929439142794,0.08447542652645594,NetBanking,0.19475404196766427,0,2
257,44,Tier3,MNC,46700,17785,1,21,15,0,0.47626715521749796,0.20237241498617237,Card,0.38083511777301926,0,3
258,24,Tier2,MNC,33131,9240,1,15,2,2,0.4097381468034506,0.0491152860513806,Card,0.2788928797802662,0,4
259,26,Tier2,SME,74673,22227,1,6,0,3,0.316814248194397,0.16130909566808055,UPI,0.2976577879554859,0,0
260,40,Tier2,SME,73587,22047,1,6,15,3,0.08471957871325125,0.02110223725611547,NetBanking,0.2996045497166619,0,2
261,47,Tier2,SME,50677,22323,1,17,3,3,0.037873342891906116,0.02303391172514029,UPI,0.44049568837934366,0,1
262,26,Tier3,Gig,84266,17308,2,10,5,2,0.22350266609553263,0.05597202336525104,UPI,0.20539719459805852,0,3
263,31,Tier1,MNC,60422,23076,1,6,12,3,0.18342023112722522,0.0931577302440292,NetBanking,0.3819138724305716,0,1
264,52,Tier1,MNC,75495,11452,2,8,9,2,0.2575295889238134,0.03842715356888641,Card,0.15169216504404265,0,2
265,54,Tier1,Startup,65923,22320,2,8,3,0,0.25154313380910454,0.16565261642387258,Card,0.3385768244770414,0,2
266,40,Tier3,MNC,56457,19523,1,12,4,2,0.3422463086571067,0.05746309184058051,Wallet,0.34580300051366525,0,2
267,36,Tier1,Startup,40902,15383,1,18,15,3,0.3600751302125002,0.01602038478685443,UPI,0.37609407852916726,1,43
268,32,Tier2,SME,57089,24422,1,21,9,5,0.16894362433886445,0.06856116501441215,UPI,0.42778819036942317,0,3
269,41,Tier2,Gig,76841,28903,2,15,16,2,0.2844505092762028,0.2128976880976934,UPI,0.37614034174464156,0,0
270,41,Tier3,Startup,49837,18421,1,23,10,1,0.08570817258186424,0.08050369779537102,UPI,0.3696249774264101,0,2
271,31,Tier1,MNC,68794,15556,1,20,11,2,0.10989394298691495,0.07194484902095638,Card,0.22612437131145158,0,0
272,21,Tier2,MNC,38345,17172,3,8,6,1,0.21331215382390617,0.024090315245312507,UPI,0.4478289216325466,0,1
273,26,Tier3,MNC,75601,21963,2,19,0,1,0.3509562639736331,0.027816143489126293,UPI,0.29051203026414996,0,5
274,53,Tier1,Gig,66258,18236,0,10,9,0,0.1259622756420517,0.17741027575879237,Card,0.2752271423828066,0,0
275,35,Tier2,Startup,35957,10807,3,23,13,1,0.4692011747449702,0.09384374890614808,Wallet,0.30055343882971325,0,1
276,37,Tier1,SME,55519,14891,1,21,7,3,0.2452142335310616,0.042902704057395734,Card,0.2682144851312163,1,72
277,36,Tier2,MNC,78628,25797,0,7,15,1,0.16756731153382276,0.040718434890512405,UPI,0.3280892302996388,0,2
278,47,Tier2,Gig,34819,8874,1,9,12,5,0.17435803126405483,0.017433066878309245,UPI,0.25486085183376894,1,63
279,23,Tier1,MNC,38580,8564,3,13,9,3,0.082464173603157,0.08299443574597377,Card,0.22198030067392432,0,5
280,23,Tier1,Startup,58610,25108,1,19,9,1,0.1713734458865044,0.05196294480678055,Card,0.42839105954615253,0,0
281,30,Tier1,Startup,102666,43976,2,15,4,1,0.09495674657339648,0.09303746179132524,UPI,0.4283404437691154,0,1
282,37,Tier1,MNC,46548,13911,2,7,15,3,0.3640227606355992,0.17808458241544672,NetBanking,0.2988527971126579,0,2
283,43,Tier2,SME,69905,30663,2,17,1,2,0.03677184617527816,0.2261060932360746,UPI,0.4386381517774122,0,2
284,37,Tier1,MNC,65202,17911,1,17,0,1,0.3947276923569236,0.03731887919619005,UPI,0.27470016257170027,0,3
285,35,Tier1,SME,48209,12833,0,22,14,1,0.6300715217792506,0.0484524849772851,UPI,0.26619510879711256,0,3
286,52,Tier2,Gig,63222,26873,2,10,0,1,0.11379695759826577,0.07454404413827893,UPI,0.425057733067603,0,2
287,26,Tier2,Startup,51043,17348,1,6,9,2,0.15636805389914799,0.1469537748185905,UPI,0.3398703054287561,0,3
288,40,Tier2,Gig,52843,20014,2,19,3,1,0.08471508232019753,0.3045564555967113,UPI,0.37874458301004865,0,1
289,39,Tier3,SME,26774,7331,0,18,12,3,0.228670602846216,0.06264814361617806,UPI,0.2738104130873235,0,1
290,37,Tier1,MNC,59511,16192,2,15,2,1,0.11785356916742583,0.006593437268375795,UPI,0.2720841525096201,0,1
291,48,Tier2,Startup,77981,13645,2,18,4,3,0.0979142960609595,0.0840405150040812,NetBanking,0.17497852040881753,0,1
292,30,Tier1,SME,61148,26906,2,9,9,4,0.2810264559332677,0.20743361131450969,NetBanking,0.4400143913128802,0,3
293,53,Tier2,MNC,81810,17866,1,8,6,1,0.21424893473584847,0.08377987689660336,UPI,0.21838406062828505,0,1
294,32,Tier3,SME,71606,21358,1,13,3,3,0.06665193104532083,0.013243330839540143,UPI,0.2982710946010111,0,4
295,39,Tier2,Startup,58809,10843,1,22,1,2,0.07019165645619485,0.15159513845579298,Card,0.1843765410056284,0,0
296,38,Tier2,Startup,47441,16323,0,15,0,1,0.2971212593898956,0.25381364198667306,Card,0.34406947576990365,0,1
297,49,Tier2,MNC,50274,13436,2,17,3,1,0.08552012707888644,0.037645842465526755,UPI,0.26725544018777103,0,1
298,35,Tier1,Gig,30589,11632,0,23,5,1,0.25979191792005707,0.19873442377829365,UPI,0.3802674163915133,0,5
299,30,Tier2,SME,54658,16862,0,11,2,3,0.27194626832793384,0.03475355113973311,Wallet,0.3085001280690841,1,89
300,21,Tier2,MNC,62919,11881,0,14,9,1,0.44981834113639846,0.17610596060956388,UPI,0.18883008312274513,0,1
301,33,Tier3,MNC,94308,14450,1,18,15,2,0.15036037013262651,0.23851554918582213,Card,0.1532213597998049,0,2
302,49,Tier1,Gig,70566,15082,2,8,12,3,0.525593501412391,0.020019109141032547,UPI,0.21372899129892584,0,4
303,21,Tier1,SME,42702,15684,2,13,5,2,0.30918047696074086,0.015997106883643423,UPI,0.36728958830968106,0,2
304,51,Tier2,SME,31212,12439,1,15,7,4,0.11509468857025958,0.08568540580279176,Card,0.39853261566064335,0,5
305,39,Tier1,MNC,55868,14101,1,11,13,2,0.06780297887409817,0.16259369409326943,Wallet,0.25239851077539915,0,1
306,25,Tier1,Startup,76235,23692,2,9,17,2,0.2101746160484224,0.0520639151784116,Card,0.3107758903390831,0,2
307,31,Tier1,Startup,55587,12340,2,13,9,4,0.3902839168974786,0.10631764490213758,Card,0.22199435119722238,0,1
308,39,Tier2,SME,70839,29336,2,21,3,2,0.15280575294745677,0.1089770461016281,Card,0.4141221643444995,0,3
309,31,Tier1,Gig,56377,24781,2,13,15,4,0.46996553724979856,0.0565491078971502,UPI,0.43955868527945796,0,2
310,24,Tier1,MNC,74340,27943,2,21,9,0,0.025507348460134634,0.20864851965661757,UPI,0.37588108689803607,0,4
311,43,Tier1,MNC,28054,4956,2,18,0,2,0.09355788146760893,0.023959235918956916,NetBanking,0.1766592999215798,0,2
312,43,Tier3,SME,92083,25887,2,8,4,5,0.2923090724734544,0.18375876460884977,UPI,0.2811268095088127,0,1
313,25,Tier2,Startup,37750,16879,2,22,9,1,0.16545711649619202,0.042493466454913184,UPI,0.44712582781456955,0,2
314,30,Tier1,MNC,75874,16602,2,16,14,0,0.20883290684250583,0.10050815276556291,Card,0.2188101325882384,0,1
315,29,Tier1,SME,54556,19156,2,16,15,2,0.17389988513729818,0.025849497626345048,UPI,0.35112544907984455,0,2
316,43,Tier2,SME,57683,24894,1,18,3,1,0.09241958035948701,0.061768331607156196,NetBanking,0.4315656259209819,0,0
317,45,Tier1,SME,55177,21075,1,6,13,2,0.4630644139963696,0.001956758289481711,UPI,0.38195262518803125,0,2
318,45,Tier2,Startup,65112,21660,3,10,17,2,0.043358603538800014,0.06148519671983561,UPI,0.33265757464061924,0,0
319,52,Tier1,Gig,69150,20884,2,20,14,1,0.24073799132389284,0.04638143690947377,UPI,0.30201012292118584,0,2
320,47,Tier3,SME,81167,34791,0,17,12,4,0.1012042977181028,0.1405980175237724,NetBanking,0.4286347900008624,0,5
321,31,Tier1,Startup,88158,23663,1,13,14,4,0.4784264825044499,0.265638090244235,UPI,0.2684157989065088,0,2
322,24,Tier2,SME,66636,28012,1,14,10,2,0.11630315411551898,0.01977987194849929,Wallet,0.4203733717510055,0,1
323,41,Tier1,SME,94273,26331,1,17,10,3,0.11173580728731232,0.04296325819871475,UPI,0.2793058457882957,0,3
324,52,Tier3,MNC,61859,23318,2,14,9,4,0.059658368407735765,0.1567465304642124,UPI,0.37695404064081217,0,3
325,54,Tier3,Gig,81548,34634,2,14,17,1,0.15828291827727128,0.049496126890672364,Card,0.424706921077157,0,0
326,28,Tier2,MNC,68574,21614,1,15,6,1,0.17068623568970812,0.10337919845026969,UPI,0.3151923469536559,0,1
327,29,Tier1,Startup,49015,11908,0,11,13,1,0.25766887563769564,0.06996434671949824,Card,0.2429460369274712,0,0
328,22,Tier1,MNC,63624,10516,1,16,0,2,0.28506871791319693,0.005023303940305918,UPI,0.165283540802213,0,1
329,25,Tier2,Gig,70063,27519,0,18,7,0,0.17963077405951675,0.058108584399919304,Card,0.39277507386209554,0,1
330,39,Tier2,MNC,59356,19979,1,18,16,3,0.236980007454558,0.08282380372425652,UPI,0.3365961318148123,0,2
331,39,Tier1,Gig,68257,15624,2,17,4,0,0.30183492459026157,0.04457220999319026,Card,0.22889960004102144,0,2
332,33,Tier1,Startup,77307,31945,1,14,14,1,0.1766408353718896,0.08679181111237164,UPI,0.41322260597358584,0,2
333,31,Tier1,MNC,59532,25366,3,17,9,4,0.004534139260670392,0.13896686332840938,UPI,0.426090169992609,0,1
334,49,Tier2,Startup,15000,6242,2,19,2,1,0.23051648532677219,0.011059664093033751,Card,0.41613333333333336,0,1
335,36,Tier2,Startup,93565,30919,1,11,1,1,0.1241842307909461,0.13627449285049592,UPI,0.33045476406776036,0,2
336,48,Tier2,SME,54048,23941,1,14,2,2,0.12848647287883214,0.0560369527080891,UPI,0.4429581113084666,0,2
337,53,Tier2,MNC,43534,17955,0,18,8,3,0.1793911311695147,0.07683021409742274,UPI,0.4124362567188864,0,1
338,31,Tier1,Startup,37517,6801,0,17,5,4,0.14712410617091018,0.10299221007493727,Card,0.18127782072127302,0,2
339,27,Tier1,Startup,53271,23669,3,14,16,0,0.09071707939633637,0.3285750398357098,Card,0.44431304086651274,0,2
340,53,Tier1,SME,48745,15337,2,10,13,1,0.10340733381029066,0.014296897811916134,UPI,0.31463739870755975,0,2
341,42,Tier2,Gig,45259,19280,2,22,2,1,0.2603279696973504,0.06419799400378327,Card,0.4259926202523255,0,2
342,30,Tier1,MNC,46357,17527,2,15,9,3,0.2607366917747278,0.1863929782528468,UPI,0.37808745173328734,0,1
343,42,Tier1,MNC,70594,24303,3,15,13,1,0.22884943025273874,0.0020313139528983677,UPI,0.34426438507521884,0,5
344,38,Tier1,SME,100607,24950,2,14,11,0,0.2521263504971634,0.05816348536610818,UPI,0.24799467233890285,0,2
345,51,Tier1,MNC,76411,12081,0,19,0,1,0.3993718335559628,0.07544181223206854,UPI,0.15810550836921386,0,6
346,29,Tier2,MNC,82451,19212,1,11,0,5,0.0861387515040312,0.060802490013663134,UPI,0.23301112175716487,0,0
347,54,Tier1,SME,52451,18659,1,22,10,1,0.18710061137367348,0.1105604164613813,Card,0.3557415492554956,0,4
348,52,Tier1,MNC,62093,25391,1,7,16,2,0.3243911981446391,0.13518776216900963,NetBanking,0.40891887974489877,0,2
349,27,Tier2,MNC,68529,10327,2,6,0,3,0.2086206004932542,0.24338770033636822,UPI,0.15069532606633687,0,1
350,26,Tier1,Startup,46808,9941,1,15,2,1,0.1366719011203169,0.09592912906219922,NetBanking,0.21237822594428302,0,3
351,39,Tier1,SME,51485,18118,2,21,3,0,0.16339737724280579,0.05669679529368249,UPI,0.35190832281246964,0,2
352,22,Tier1,Gig,77091,18123,0,6,5,5,0.07791591447133871,0.014436585177121982,Card,0.23508580768183057,0,2
353,31,Tier2,SME,81805,15748,2,18,16,3,0.024868687343041252,0.1742024684990549,NetBanking,0.1925065705030255,0,3
354,35,Tier1,SME,61348,10710,1,13,17,1,0.028199350713172505,0.13556317304785506,UPI,0.1745778183477864,0,1
355,53,Tier2,MNC,36096,12321,0,6,5,2,0.20505494986557182,0.009191558875198609,Card,0.34133976063829785,0,1
356,54,Tier3,Startup,54088,17765,2,12,13,5,0.037593378136715226,0.055396709439885936,Card,0.3284462357639402,0,0
357,26,Tier2,MNC,31173,12705,1,17,0,2,0.15231792401528005,0.06960904946137723,UPI,0.40756423828312965,0,2
358,51,Tier1,MNC,61504,15034,2,17,9,1,0.07258736916240822,0.12509374409395527,NetBanking,0.24443938605619148,0,3
359,24,Tier2,Gig,65108,12436,2,21,11,2,0.38424839910110653,0.11059487819602472,UPI,0.1910057135835842,0,3
360,46,Tier1,Startup,54585,21274,0,23,15,5,0.08568196852177001,0.07368138710718947,Card,0.38974077127415957,0,1
361,49,Tier1,Startup,64834,28945,1,6,14,3,0.22586190642820375,0.10339263136869867,UPI,0.44644785143597493,0,2
362,51,Tier2,MNC,68338,17639,1,21,1,2,0.14045889736019362,0.022314351334878284,UPI,0.25811408001404784,0,1
363,28,Tier1,MNC,65137,26680,0,6,7,3,0.15802960308519987,0.04083295612181448,UPI,0.4095982314199303,0,2
364,51,Tier1,SME,35969,13623,3,23,1,2,0.28752291905968075,0.09287291871308029,Card,0.37874280630542967,0,4
365,24,Tier1,Startup,54934,23263,2,19,0,2,0.20207688540276003,0.24978988562897397,Card,0.4234718025266684,0,2
366,38,Tier1,SME,68196,18911,1,23,2,3,0.28510730988674626,0.08506377034169804,UPI,0.2773036541732653,0,2
367,36,Tier1,MNC,91574,16519,2,7,16,0,0.17577486014782973,0.07934615415960083,UPI,0.1803896302443925,0,1
368,31,Tier2,MNC,54561,10121,3,7,4,2,0.3832703801066517,0.10375433497695515,Card,0.18549879950880666,0,5
369,21,Tier3,SME,71016,26912,1,23,13,3,0.16522395657385947,0.05107162756285694,UPI,0.378956854793286,1,38
370,47,Tier1,Startup,77563,31723,0,11,12,2,0.1447253505730639,0.240762515855634,UPI,0.40899655763701764,0,2
371,32,Tier2,MNC,56067,16097,2,12,15,6,0.17058771419721178,0.16090584786030154,UPI,0.2871029304225302,0,3
372,43,Tier1,MNC,82968,13927,2,11,9,1,0.36804892114697624,0.07554946676084315,Card,0.1678598977919198,1,108
373,34,Tier1,MNC,84043,14288,1,8,17,4,0.4316310025371804,0.07969045162994454,UPI,0.17000821008293374,0,2
374,33,Tier1,MNC,87607,28873,1,7,7,1,0.2940953798626432,0.006466305256527728,UPI,0.32957412078943465,1,96
375,51,Tier1,SME,69168,29437,1,8,14,1,0.04586883496745241,0.1746889558937913,UPI,0.42558697663659495,0,4
376,24,Tier1,MNC,107202,28931,2,21,14,5,0.13630351869331875,0.04015825872700408,UPI,0.26987369638626146,0,4
377,46,Tier1,Startup,47694,16463,2,6,9,2,0.4529678470213687,0.02086090674443195,Card,0.34517968717239067,0,4
378,46,Tier1,Startup,102481,32035,1,22,5,1,0.3771791628054294,0.21850678537110846,UPI,0.3125945297177038,0,8
379,33,Tier2,Gig,75365,31421,2,9,2,1,0.05568092522207452,0.017476599901028768,UPI,0.4169176673522192,0,2
380,29,Tier1,Gig,86807,34698,1,16,1,2,0.19348880600446444,0.11318195889021697,UPI,0.39971430875390235,0,5
381,21,Tier1,MNC,53599,11245,2,10,8,1,0.27378658272181605,0.011832413677678568,NetBanking,0.20979869027407227,0,2
382,52,Tier1,MNC,76889,27162,2,22,7,2,0.19136187476643093,0.04825031030425898,UPI,0.3532624952854114,0,2
383,53,Tier2,SME,88539,35791,1,6,3,2,0.40202973921286544,0.04057574539840028,UPI,0.40423993946170617,0,2
384,29,Tier1,Startup,38252,16412,1,18,13,2,0.10909653665850366,0.1934820757731154,Card,0.42904946146606715,0,0
385,22,Tier2,MNC,56733,18550,1,22,2,1,0.15258413357985545,0.08731183930539661,Card,0.32697019371441666,0,2
386,25,Tier1,SME,17174,3482,2,13,8,2,0.1123877475434444,0.05193771985474469,UPI,0.20274834051473156,0,0
387,23,Tier1,MNC,56433,17915,2,14,7,2,0.15073909828516954,0.13929590840230408,Card,0.3174560983821523,0,5
388,49,Tier3,MNC,43679,15276,1,8,17,1,0.26040465124918744,0.04958110902294139,Card,0.3497332814395934,0,2
389,51,Tier1,Startup,55644,12895,3,21,1,1,0.405486041866776,0.012489684423352467,UPI,0.23174106821939472,0,0
390,26,Tier1,Startup,118472,52352,2,23,15,0,0.15548552252614783,0.09325046582956208,Card,0.44189344317644674,0,0
391,46,Tier1,SME,94356,20644,1,14,12,3,0.2743578881745023,0.14795475728181495,UPI,0.2187884183305778,0,3
392,27,Tier3,Gig,31211,13214,1,18,14,5,0.07150875180525675,0.010901342321290898,UPI,0.42337637371439557,0,1
393,33,Tier2,MNC,71114,19737,2,19,14,4,0.037094507939045486,0.020524388130353385,UPI,0.2775402874258233,0,4
394,41,Tier2,MNC,75978,11409,1,12,13,4,0.06106689183172241,0.03179492601019383,UPI,0.15016188896785912,0,2
395,45,Tier3,SME,53242,16664,3,6,7,2,0.08867539391282622,0.07913967853621424,Wallet,0.31298598850531534,0,1
396,50,Tier1,Startup,63566,21516,2,8,10,1,0.14681724913488833,0.07284058535495136,Card,0.3384828367366202,0,2
397,22,Tier3,SME,65519,26915,0,22,6,1,0.03439927845235618,0.0635077094170218,Card,0.41079686808406723,0,2
398,27,Tier1,MNC,33067,10322,1,20,16,1,0.3359893814167786,0.031106488967171837,UPI,0.31215411134968396,0,2
399,30,Tier2,Gig,39373,7017,1,7,4,2,0.17042249252691627,0.10731086125468528,UPI,0.17821857618164733,0,0
400,31,Tier1,SME,63445,27157,1,20,10,0,0.061224495854722324,0.04741375632306124,Card,0.42804003467570334,0,1
401,54,Tier1,SME,61988,19811,1,21,3,3,0.4771659285184517,0.015416250455312735,NetBanking,0.31959411498999807,0,2
402,47,Tier3,Startup,45828,10607,2,15,6,1,0.29916378211528244,0.060708348797408405,UPI,0.23145238718687267,0,2
403,31,Tier1,Gig,44112,18511,2,14,17,2,0.1024050233865304,0.1208715859700508,Wallet,0.41963638012332244,0,2
404,54,Tier3,Startup,58204,10841,3,23,3,1,0.3526097959769507,0.06917835843939188,UPI,0.18625867637963026,0,4
405,37,Tier1,Gig,77723,13931,1,21,15,1,0.21959620000516689,0.09330205961471727,UPI,0.17923909267526986,0,1
406,38,Tier2,MNC,58470,18155,1,12,14,1,0.04466467784549687,0.07814076434435485,Card,0.31050111168120403,0,1
407,35,Tier3,Startup,92454,31200,2,14,6,1,0.25893149087646994,0.02276224299475796,Wallet,0.3374651177883055,1,74
408,25,Tier1,Gig,46083,13976,1,22,6,0,0.3433961139836374,0.10458950929981879,UPI,0.30327886639324697,1,88
409,52,Tier3,SME,63862,27377,1,22,0,1,0.04666598330232092,0.03322272527907602,Wallet,0.4286899877861639,0,2
410,21,Tier2,SME,52914,12109,3,17,14,2,0.1147126856357435,0.08103524425262974,UPI,0.22884302831008807,0,0
411,26,Tier2,Gig,71759,32081,2,17,11,2,0.10496061843420851,0.07487483003649507,Card,0.4470658732702518,0,1
412,28,Tier1,MNC,44368,6912,2,19,17,1,0.3204826407348914,0.0692191040340795,Card,0.15578795528308692,0,2
413,30,Tier2,SME,98547,18286,1,11,5,2,0.008891300696577493,0.06321956043247912,UPI,0.18555613057728798,0,3
414,25,Tier2,Gig,26187,5386,2,22,7,2,0.39259513329384976,0.008206041234067785,UPI,0.20567457135219766,0,2
415,21,Tier1,Gig,94309,16397,1,11,12,0,0.059363900668944765,0.07593233785484547,Wallet,0.17386463646099523,0,2
416,44,Tier1,Gig,61799,17394,1,20,6,0,0.1546023688023371,0.03903287034641384,Card,0.2814608650625415,0,1
417,53,Tier1,Gig,71048,29102,1,20,5,3,0.4393423310367652,0.04556583721883773,Wallet,0.40961040423375744,1,68
418,25,Tier3,MNC,86690,34348,2,11,3,4,0.260703471002396,0.04379852166067792,UPI,0.3962164032760411,0,3
419,31,Tier1,Gig,77153,28811,1,20,17,1,0.09745662790597343,0.00960835795408268,UPI,0.373426827213459,0,0
420,38,Tier2,SME,45399,6910,2,21,8,0,0.4565677379459268,0.24874059367844759,UPI,0.15220599572677812,0,2
421,52,Tier3,Startup,72001,29499,2,14,13,4,0.530500330236076,0.06497111525382994,UPI,0.40970264301884696,0,0
422,44,Tier1,SME,97349,26181,2,15,11,0,0.1262937002473273,0.011871123136582666,Wallet,0.2689395884908936,0,4
423,47,Tier1,Gig,42254,15612,1,15,10,1,0.16479993052582922,0.20680265300945816,UPI,0.3694798125621243,0,1
424,40,Tier2,SME,102368,37679,2,6,5,1,0.26772969740924807,0.008508808446262192,Card,0.3680740075023445,0,6
425,35,Tier1,Gig,67714,13763,1,15,5,0,0.29543723011159473,0.14727603921634372,UPI,0.2032519124553268,0,1
426,27,Tier2,MNC,51335,15637,1,18,8,1,0.1260832136263559,0.14803870115441195,UPI,0.30460699327943896,0,0
427,50,Tier2,MNC,42134,18027,0,16,2,0,0.08586353516370437,0.13447963847360642,Wallet,0.4278492428917264,0,1
428,48,Tier2,SME,55534,12712,2,14,9,3,0.051742633079408774,0.07816476802125015,UPI,0.22890481506824648,0,2
429,21,Tier1,MNC,20894,7616,2,15,1,1,0.15412367644159394,0.026447251706570838,UPI,0.3645065569062889,0,0
430,45,Tier2,Startup,51695,22612,3,15,4,3,0.07766411065729063,0.06822637503342632,UPI,0.437411741947964,0,4
431,23,Tier2,MNC,54741,14133,1,22,11,4,0.03163222428667714,0.030947605191111782,Card,0.25817942675508304,0,2
432,46,Tier1,SME,38511,10255,1,13,0,0,0.3643350232774294,0.22921688794399556,UPI,0.266287554205292,1,75
433,49,Tier2,MNC,74956,21420,1,10,0,4,0.0646531790046445,0.20824166930297727,UPI,0.28576765035487484,0,2
434,25,Tier3,MNC,55624,21844,3,7,3,2,0.1276214865167332,0.09531981595503146,UPI,0.39270818351790593,0,3
435,35,Tier2,Startup,47284,13323,2,21,13,1,0.14539852426348734,0.08311022839658588,UPI,0.2817655020725827,0,0
436,25,Tier1,SME,53493,15827,3,9,14,2,0.24131314125401218,0.07924462001999094,UPI,0.2958704877273662,0,2
437,40,Tier1,MNC,67102,14540,1,13,0,1,0.10902424179563606,0.06348802255533356,UPI,0.2166850466454055,0,3
438,52,Tier1,MNC,61464,27443,1,19,5,4,0.3283016520686156,0.0684831058806927,UPI,0.44648900169204736,0,2
439,23,Tier1,MNC,45980,19206,2,9,1,3,0.2047534816474524,0.0874374380832708,UPI,0.41770334928229663,0,0
440,34,Tier1,Startup,62513,20634,1,10,0,2,0.17035329033022875,0.07105938177406368,UPI,0.3300753443283797,0,0
441,54,Tier3,MNC,58986,25845,1,17,16,2,0.2733860063788584,0.06636545251356957,UPI,0.4381548163971112,0,2
442,31,Tier1,SME,37210,13250,0,17,7,3,0.26505707427402075,0.059984003621223234,UPI,0.3560870733673744,0,2
443,25,Tier2,Startup,54229,23737,0,10,14,4,0.2390139008022855,0.10451980382374088,UPI,0.4377178262553246,0,2
444,37,Tier1,SME,71586,14207,1,15,12,0,0.2544745223955217,0.1939646677925269,Card,0.19846059285335121,0,2
445,38,Tier1,SME,71442,15548,3,18,8,1,0.45766294266174434,0.00423043851635844,Wallet,0.21763108535595307,0,3
446,43,Tier1,MNC,55400,23021,2,9,13,3,0.12459445647932302,0.07507349051421781,Wallet,0.41554151624548735,0,3
447,31,Tier1,Gig,73535,20292,2,13,4,2,0.5975351342910445,0.0037043198442152816,UPI,0.2759502277826885,1,94
448,53,Tier2,SME,40400,10558,1,11,7,2,0.021708616933759,0.0965824797126667,UPI,0.26133663366336635,0,2
449,38,Tier3,MNC,41020,15435,2,22,6,7,0.09341651013154764,0.02381177684578862,NetBanking,0.37627986348122866,0,4
450,30,Tier3,Gig,54974,18641,1,12,10,4,0.09336271483567259,0.283723399777631,UPI,0.3390875686688253,0,3
451,53,Tier1,Startup,89951,22777,0,21,3,2,0.11785354793824114,0.09983713343451071,Card,0.2532156396260186,0,0
452,52,Tier2,Startup,63265,17040,1,21,13,2,0.2963401633780974,0.12148968132337705,UPI,0.2693432387576069,0,2
453,37,Tier1,Gig,54492,14849,1,9,15,2,0.38124281974173524,0.1694097631928607,Wallet,0.27249871540776627,0,2
454,21,Tier3,MNC,90882,17076,2,22,16,4,0.4553742802207901,0.033196496846637634,Card,0.18789199181356045,0,4
455,41,Tier2,Gig,54261,11875,2,6,16,2,0.3703282043901709,0.04096301079358976,Card,0.21884963417555886,1,30
456,39,Tier1,Startup,104694,32586,1,12,11,3,0.2705891826750708,0.1547727887574249,UPI,0.31124992836265686,0,1
457,26,Tier1,SME,49774,19140,2,8,14,1,0.21057797420674304,0.032204721357561326,NetBanking,0.3845381122674489,0,2
458,42,Tier1,MNC,39765,10963,1,6,12,1,0.3216153272619253,0.16722780711754484,UPI,0.2756947064001006,1,59
459,49,Tier1,MNC,56672,15018,1,15,17,2,0.04499174162779088,0.04214677274152287,UPI,0.2649985883681536,0,2
460,24,Tier3,Gig,55018,18989,2,16,1,1,0.37768996262984733,0.06171950195637242,UPI,0.3451415900250827,0,1
461,45,Tier2,MNC,43845,8645,2,16,3,1,0.12187453800548713,0.10565667171609931,Wallet,0.1971718553997035,0,1
462,25,Tier3,MNC,112039,29603,2,13,7,2,0.1353834783998663,0.07394483381922212,Wallet,0.2642204946491847,0,2
463,46,Tier1,Startup,66372,14100,1,20,11,3,0.18081601488690588,0.0974593001143666,UPI,0.2124389802928946,0,1
464,35,Tier2,Startup,69284,23937,2,14,16,1,0.2532482500801225,0.033259727501974534,UPI,0.3454910224582876,0,1
465,21,Tier1,MNC,50762,9325,0,15,1,3,0.06597148734828957,0.041196622623832224,Card,0.1837004058153737,0,2
466,53,Tier2,Gig,48446,13775,0,13,2,0,0.5264669349977475,0.019379968093677792,Card,0.28433720018164554,0,3
467,26,Tier1,SME,80511,26476,0,9,15,1,0.08949507405651404,0.15609159065430328,Card,0.3288494739849213,0,0
468,41,Tier1,Gig,26483,10595,0,17,5,3,0.3035624807855125,0.050903834653956016,Card,0.40006796813049883,1,54
469,27,Tier2,MNC,37142,13644,1,20,0,2,0.17049205051892105,0.09887294093484084,UPI,0.3673469387755102,0,2
470,52,Tier1,MNC,55053,23830,1,11,12,4,0.2030447879748416,0.029640595921322743,UPI,0.43285561186493016,0,2
471,46,Tier1,Startup,87020,30801,2,14,15,0,0.14915206746219958,0.11397119227272487,UPI,0.3539531142266146,0,2
472,48,Tier2,MNC,52509,13377,1,22,16,1,0.167205623789957,0.10101387022109032,Card,0.25475632748671656,0,1
473,35,Tier1,SME,68323,14998,1,9,15,0,0.05471931789601002,0.09003124862102686,UPI,0.21951612195014855,0,0
474,36,Tier3,MNC,60554,10110,3,13,1,2,0.0839736201516855,0.09680099067435256,Card,0.1669584172804439,0,1
475,42,Tier2,Startup,85925,20044,2,10,2,1,0.07329424659305753,0.019289993496396006,UPI,0.23327320337503638,0,5
476,47,Tier2,Gig,28305,5407,1,12,15,3,0.143694078677866,0.26743014905039814,Card,0.19102632043808515,0,3
477,49,Tier2,Gig,74719,19484,1,14,12,0,0.34426696937655976,0.03338134380441332,UPI,0.2607636611839024,0,7
478,21,Tier2,Gig,56022,20211,1,22,3,1,0.2325425616346262,0.016293238649170864,Card,0.3607689836135804,0,3
479,43,Tier2,Gig,78497,28071,3,6,6,1,0.26441556876539746,0.142317931975558,UPI,0.35760602316012075,0,1
480,24,Tier3,SME,43614,10705,1,12,15,1,0.35074597046584877,0.010577771565036679,UPI,0.24544870913009584,0,3
481,30,Tier2,SME,60487,18301,0,21,16,3,0.042919331117919325,0.22547432773998538,Card,0.30256088085043065,0,0
482,49,Tier1,Gig,57949,12460,2,7,16,2,0.19766641864636042,0.10429595192374476,UPI,0.21501665257381491,0,2
483,29,Tier1,Gig,39951,12020,2,15,8,3,0.11278892408776564,0.15014562916292865,Card,0.30086856399088885,0,2
484,48,Tier2,Gig,34391,10421,1,8,13,1,0.11379985124551757,0.12245768855774279,NetBanking,0.3030153237765695,0,2
485,36,Tier1,Startup,48391,11632,1,16,0,1,0.07447960158477929,0.08390815806652165,UPI,0.24037527639437084,0,0
486,28,Tier1,MNC,62598,14262,1,18,16,1,0.17596502216463647,0.26035754627591956,UPI,0.22783475510399692,0,2
487,32,Tier1,Gig,44861,19912,1,17,3,1,0.16811955576965038,0.04794603537004887,NetBanking,0.443859922872874,0,1
488,39,Tier2,Gig,53398,16614,1,16,17,3,0.30490291496656746,0.10458259412805165,UPI,0.3111352485111802,0,6
489,47,Tier1,Startup,22284,7100,2,19,0,2,0.1932817179170043,0.027931741077268868,UPI,0.3186142523783881,0,0
490,41,Tier2,Gig,52587,8011,2,15,16,3,0.15671900168689293,0.14801838105930318,Card,0.15233803031167398,0,3
491,52,Tier2,SME,80471,16460,2,17,9,2,0.15535052001069458,0.08377920270453891,UPI,0.20454573697356812,0,0
492,50,Tier2,Gig,74103,19043,2,7,9,1,0.21101462397475734,0.10737690255375008,UPI,0.2569801492517172,0,2
493,46,Tier1,MNC,58261,25622,2,6,12,0,0.12556657392437992,0.005658916134539414,UPI,0.4397796124337035,0,3
494,41,Tier2,Gig,64873,13141,1,8,8,1,0.27992300332201575,0.17636940533212075,Wallet,0.2025650116381237,1,50
495,30,Tier2,MNC,43434,10467,2,15,17,2,0.2545451956968428,0.049976047774597514,UPI,0.24098632407791132,0,0
496,35,Tier1,SME,92488,41346,1,13,1,0,0.38734181076872304,0.04457142150127712,UPI,0.44704177839287257,0,3
497,25,Tier2,MNC,101355,29832,1,12,11,1,0.07647796053199672,0.024950931971361327,UPI,0.294331804055054,0,3
498,33,Tier1,SME,63296,15540,1,14,3,1,0.07457093090342316,0.061545127934887964,Wallet,0.24551314459049545,0,3
499,52,Tier3,MNC,111813,38050,2,23,0,1,0.2754794086791552,0.15878484380575988,UPI,0.3403003228604903,0,1
500,35,Tier1,Gig,46396,13867,2,12,11,2,0.04280932419697302,0.08367581995241001,NetBanking,0.2988835244417622,0,2
501,24,Tier2,SME,34978,15293,1,13,12,0,0.1133397610712055,0.1264410742031622,UPI,0.43721767968437303,0,0
502,43,Tier2,Gig,45807,8014,1,15,2,0,0.3011217371210046,0.118261631214819,UPI,0.1749514266378501,0,2
503,53,Tier1,MNC,55610,21530,2,19,13,2,0.17758523715859373,0.04538427503408879,Card,0.38716058262902353,0,5
504,50,Tier2,MNC,106241,24831,1,19,16,1,0.017809402566822206,0.019919491299723303,UPI,0.23372332715241761,0,3
505,30,Tier1,Startup,54376,21315,1,23,12,3,0.12907731667502187,0.04121124576063315,UPI,0.39199279093717815,0,2
506,36,Tier2,Startup,42806,17307,2,17,4,2,0.17936161732033457,0.14069059949305257,Card,0.40431247955894034,0,3
507,39,Tier2,SME,42030,17012,2,23,1,2,0.18214399823354704,0.07926602121837345,UPI,0.40475850582916967,0,3
508,29,Tier1,Gig,82800,33948,1,17,1,3,0.21721243429253503,0.1923974682047926,NetBanking,0.41,0,5
509,30,Tier1,Gig,79946,29215,1,15,11,1,0.3040717959225506,0.06625791432698745,Wallet,0.3654341680634428,0,2
510,29,Tier2,SME,50290,9691,3,16,4,1,0.140777054156341,0.013636698434138582,UPI,0.19270232650626368,0,2
511,54,Tier1,Gig,22484,3722,1,14,6,4,0.18113770726984826,0.08312106696349755,UPI,0.16553993951254226,0,6
512,46,Tier3,Startup,37428,9440,2,9,0,1,0.07204641279675938,0.053088564988783775,UPI,0.2522175911082612,0,3
513,49,Tier2,Startup,94424,28187,2,12,7,2,0.1577457112974067,0.34636165013547016,NetBanking,0.2985152079979666,0,2
514,48,Tier2,SME,73776,17764,2,16,2,4,0.28473876026108247,0.034283879294429144,UPI,0.24078291043157665,0,1
515,53,Tier1,MNC,61309,22847,0,16,7,3,0.23516565872700584,0.029402949213075274,UPI,0.37265328092123506,0,1
516,24,Tier2,MNC,97376,35710,1,8,10,4,0.08338302003189281,0.06731761658301902,Card,0.3667228064410122,0,0
517,50,Tier3,Startup,99166,43789,1,20,17,2,0.19139882005391745,0.0396110843392464,UPI,0.44157271645523666,0,2
518,23,Tier1,Startup,59281,16016,1,18,5,3,0.16518139522849196,0.14539603807857662,UPI,0.27017088105801185,0,1
519,37,Tier1,SME,59648,23007,1,15,5,0,0.35760286080348874,0.102590350249056,Card,0.3857128487124464,0,1
520,41,Tier1,Startup,48359,18006,1,14,14,3,0.15939839409092538,0.21782815004828557,UPI,0.3723402055460204,0,3
521,33,Tier1,MNC,54307,24254,1,16,17,3,0.36169339404462236,0.13956807244896063,UPI,0.44660909275047417,0,1
522,25,Tier2,MNC,30273,11566,2,16,7,4,0.12875047498703368,0.029063003899665728,UPI,0.3820566181085456,0,2
523,27,Tier1,Gig,30192,7097,1,13,6,2,0.24026376977489128,0.09055741866862181,UPI,0.23506226815050343,0,3
524,49,Tier2,SME,25546,3948,1,21,12,4,0.24703344954727596,0.04482230004314819,Card,0.15454474281687935,0,2
525,31,Tier1,MNC,81686,35978,1,8,13,2,0.036367896717070664,0.1037568792697895,UPI,0.44044267071468796,0,1
526,31,Tier1,SME,28771,10496,2,12,12,1,0.19306361805728786,0.2352764669222235,UPI,0.36481178964929967,0,5
527,52,Tier1,SME,98999,38984,0,13,11,1,0.17639888678401616,0.023135497355239537,UPI,0.39378175537126636,0,1
528,25,Tier3,Startup,45392,17610,2,7,2,2,0.21331371957781986,0.062075386643869204,UPI,0.38795382446246035,0,1
529,52,Tier2,Gig,94746,35125,1,7,4,2,0.22339611751470934,0.13816739019039356,UPI,0.3707280518438773,0,1
530,52,Tier1,SME,52698,19785,2,22,1,2,0.07260988007076112,0.11663522833408987,UPI,0.37544119321416375,1,36
531,41,Tier2,SME,28676,12297,2,19,7,0,0.09842112201644032,0.12138426802770327,UPI,0.42882549867485004,0,3
532,26,Tier1,SME,85675,36346,2,12,15,2,0.3013138714451139,0.10247269922759737,UPI,0.4242311059235483,0,1
533,26,Tier1,SME,88037,23221,2,10,4,2,0.06570295835843679,0.04133009044483945,Wallet,0.2637640991855697,0,3
534,30,Tier1,SME,41878,6670,3,13,12,3,0.478496960956295,0.010156231168445037,UPI,0.1592721715459191,0,3
535,40,Tier3,MNC,53366,8624,0,18,7,3,0.20472980551360456,0.05260880423938459,UPI,0.16160101937563243,0,2
536,26,Tier2,Gig,41884,11894,1,11,3,1,0.31619380585950435,0.0326749143026599,Card,0.2839747875083564,0,4
537,36,Tier2,SME,57589,23064,3,7,4,3,0.2234507917248245,0.03920848307780711,NetBanking,0.40049314973345607,0,4
538,24,Tier1,SME,62156,25128,2,13,12,2,0.3004176922599601,0.06489605862867777,UPI,0.40427311924834286,0,1
539,39,Tier1,MNC,52972,14372,2,16,14,2,0.1643816610849752,0.20511019231688674,UPI,0.2713131465679982,0,1
540,21,Tier2,Gig,23622,5680,1,15,5,1,0.1680072973206268,0.0657436854001895,UPI,0.24045381424096182,0,2
541,45,Tier1,MNC,48382,14610,1,9,16,5,0.08236796556349144,0.08506031239337365,UPI,0.30197180769707743,0,4
542,22,Tier3,SME,74070,29610,2,21,1,2,0.3925084464714454,0.05517531366122696,UPI,0.3997569866342649,1,109
543,27,Tier2,Gig,55822,19032,2,17,10,1,0.08236628500617439,0.042126497069233236,UPI,0.34094084769445737,0,1
544,26,Tier1,SME,53451,10259,1,18,4,1,0.10435320886953044,0.2890332766189617,NetBanking,0.19193279826383042,0,1
545,49,Tier2,Gig,41384,10704,1,23,16,1,0.3179543660120414,0.031052090604241918,UPI,0.2586506862555577,0,2
546,22,Tier3,MNC,47798,15134,2,15,13,1,0.3693135005393807,0.19981777382182545,Card,0.3166241265324909,0,2
547,35,Tier1,Startup,88178,27465,2,16,1,0,0.0693893489110135,0.0878257569927275,Card,0.31147224931388784,0,2
548,41,Tier2,Gig,37204,14851,3,19,7,6,0.08433901210181595,0.18987829432003026,UPI,0.3991775077948608,0,2
549,38,Tier3,SME,74416,31972,1,19,13,3,0.2180692614604997,0.06456785768146946,Card,0.4296387873575575,0,1
550,44,Tier1,Startup,60941,10977,1,21,9,5,0.059181190811307696,0.03304743761075077,Card,0.18012503897212057,0,1
551,48,Tier3,SME,64896,14103,1,18,8,3,0.3382067783258653,0.054997697496962365,UPI,0.21731693786982248,0,1
552,34,Tier1,Startup,45352,12138,1,7,2,3,0.0353436282006096,0.15527381340341864,UPI,0.2676397953783736,0,2
553,49,Tier2,Gig,52964,12654,1,12,10,4,0.33711827646433135,0.08308312136266711,NetBanking,0.238917000226569,0,5
554,31,Tier2,Startup,59885,16317,0,16,1,3,0.2753074707283755,0.17859819783470554,NetBanking,0.27247223845704266,0,3
555,54,Tier2,Gig,49586,8043,1,14,5,1,0.14940891771566536,0.09545873014168033,UPI,0.1622030411809785,1,80
556,38,Tier1,SME,66628,11313,1,6,4,2,0.2521887655245177,0.15252716956963128,UPI,0.16979348021852675,1,38
557,46,Tier2,SME,69148,27763,2,10,11,1,0.10781599403835584,0.018459715166026652,UPI,0.4015011280152716,0,3
558,50,Tier1,SME,103454,18701,1,11,8,0,0.06598344318925226,0.035928896729208494,NetBanking,0.18076633092968855,0,4
559,47,Tier1,Startup,65563,26043,1,6,7,0,0.2844383651221539,0.043640942761199224,NetBanking,0.3972209935481903,0,3
560,49,Tier1,Gig,21755,5263,2,19,15,5,0.14901447155957503,0.00909929803222677,UPI,0.24192139737991267,0,1
561,39,Tier2,Startup,83260,20212,1,12,7,2,0.194371191609544,0.13099546266493875,UPI,0.24275762671150614,0,1
562,22,Tier1,MNC,55922,10078,2,20,13,1,0.0757950852861965,0.09790153249397393,UPI,0.18021529988197846,0,4
563,37,Tier1,SME,100238,15434,2,21,15,1,0.2127923783058942,0.14743810193479479,UPI,0.1539735429677368,0,1
564,27,Tier3,Startup,89418,22943,2,21,2,1,0.28637865524069533,0.1283826587606069,UPI,0.2565814489252723,0,0
565,51,Tier1,Gig,49894,19987,1,22,13,1,0.18756695492029457,0.005889915679157892,UPI,0.4005892492083216,0,3
566,29,Tier1,MNC,74438,31709,2,14,1,2,0.052022698648462574,0.13850905282980092,UPI,0.42597866680996266,0,3
567,28,Tier1,MNC,48120,8107,3,10,11,3,0.11160038603579339,0.041271102143643865,Card,0.16847464671654197,0,3
568,29,Tier1,SME,60053,9564,2,7,4,3,0.19406182972683936,0.05080730922397457,Card,0.15925932093317569,0,2
569,42,Tier2,MNC,73519,14530,1,17,4,5,0.18227046053751292,0.1042463504278939,Wallet,0.19763598525551218,0,4
570,40,Tier1,Gig,82260,31249,2,8,15,2,0.18669914216599626,0.16067676750468649,Card,0.3798808655482616,1,56
571,53,Tier1,SME,77904,16473,2,10,3,1,0.1466305211305263,0.32350165666742,UPI,0.21145255699322243,0,0
572,35,Tier3,SME,61499,13483,1,10,9,1,0.10552336361354629,0.06449006696381493,UPI,0.21923933722499553,0,2
573,30,Tier2,MNC,109668,45696,1,10,14,2,0.20620092088782305,0.17218080434779018,UPI,0.4166757850968377,0,1
574,22,Tier2,SME,52699,21737,2,12,14,3,0.24788245894421396,0.20161281388159855,UPI,0.41247462001176494,1,109
575,21,Tier3,Gig,27855,9779,1,11,3,3,0.043773443154075824,0.07130953612303592,NetBanking,0.3510680308741698,0,1
576,33,Tier3,SME,31706,6315,2,15,6,3,0.09980140504340951,0.007121695942116447,UPI,0.19917365798271622,0,3
577,52,Tier1,MNC,89480,23653,3,23,10,4,0.11960101228685442,0.03701139379977714,UPI,0.2643383996423782,0,1
578,38,Tier2,MNC,58466,12912,1,17,10,5,0.19828973614395878,0.09274089728078326,NetBanking,0.22084630383470735,0,2
579,51,Tier2,Gig,63181,22211,1,18,2,3,0.3034834695734822,0.04204006741037342,Card,0.35154555958278594,0,1
580,24,Tier1,Gig,49149,18872,3,8,10,2,0.1737758315931294,0.005692915548035908,UPI,0.3839752589065902,0,2
581,24,Tier1,MNC,50945,9814,1,8,0,2,0.010241095300062801,0.0034729397628738053,UPI,0.19263912062027677,1,117
582,49,Tier1,Startup,44258,18561,2,9,11,0,0.07357400986669271,0.06985442807548721,UPI,0.4193818066790185,0,1
583,24,Tier2,MNC,69423,20052,0,21,13,1,0.5815302614343492,0.17891372128004018,NetBanking,0.2888379931722916,0,4
584,22,Tier2,SME,58052,22553,1,9,8,1,0.16294600213781424,0.02650378563945495,Card,0.3884965203610556,0,4
585,34,Tier2,MNC,68700,11369,1,23,4,1,0.15600534648146355,0.1847780766403672,NetBanking,0.16548762736535663,0,2
586,52,Tier1,Gig,66788,17242,1,19,4,1,0.15604604293781724,0.03310725244439734,Card,0.258160148529676,0,1
587,44,Tier1,Gig,51482,7950,3,20,12,2,0.10868987307776094,0.03830251083120339,UPI,0.15442290509304224,0,4
588,24,Tier1,MNC,30825,11267,1,11,7,1,0.027110002292264804,0.050109888160704504,UPI,0.36551500405515003,0,0
589,49,Tier2,SME,29084,5055,1,8,16,5,0.07775671448959585,0.3027525077477665,NetBanking,0.17380690413973318,0,1
590,49,Tier3,MNC,120533,30312,2,9,17,2,0.32266092040132616,0.033086347803552074,UPI,0.25148299635784394,0,0
591,48,Tier3,SME,89563,34439,3,21,7,1,0.3472805955961202,0.23308558006380836,UPI,0.3845226265310452,0,1
592,51,Tier3,MNC,86803,32524,1,13,4,6,0.11502903028609471,0.05565441320078778,Card,0.374687510800318,0,2
593,29,Tier3,MNC,46507,15909,2,13,14,2,0.11746673173018857,0.2406434337972217,Card,0.34207753671490315,0,1
594,54,Tier3,Gig,60190,21560,0,10,13,4,0.1560582360525338,0.10350666913166681,Card,0.3581990363847815,0,0
595,31,Tier1,MNC,43692,15089,2,12,2,3,0.08224785916082625,0.018485077664601064,UPI,0.345349263022979,0,2
596,48,Tier1,Gig,33758,11558,2,12,17,2,0.31970519893445126,0.07857603149081965,UPI,0.3423781029681853,0,1
597,40,Tier1,MNC,48224,12292,2,19,3,2,0.4432959532288543,0.02188430565660315,UPI,0.2548938287989383,0,1
598,47,Tier1,SME,86523,13709,2,20,10,2,0.21719501842006758,0.10536850011754838,NetBanking,0.1584434196687586,0,3
599,42,Tier1,SME,76814,21703,3,14,3,4,0.2625031514639956,0.03260843213010229,UPI,0.28253964121123754,0,1
600,42,Tier1,Gig,40599,6643,1,12,8,0,0.30751531276844674,0.12143204562938568,UPI,0.16362471982068524,0,4
601,41,Tier3,MNC,53703,15609,2,14,11,2,0.05423396715519177,0.01929398696783952,UPI,0.29065415339925144,0,2
602,47,Tier1,MNC,74982,21686,2,9,2,2,0.3152529345904684,0.12471205284039837,Card,0.2892160785255128,0,3
603,46,Tier3,Startup,48580,9891,1,7,4,4,0.12098424869949824,0.06377559446489611,Card,0.2036023054755043,0,2
604,25,Tier2,Startup,61591,23729,3,10,13,2,0.30032518375342615,0.1798373727358633,Card,0.38526732801870406,0,1
605,49,Tier2,Startup,68036,24578,2,6,17,1,0.0814127788854455,0.16584304026195,UPI,0.361249926509495,0,3
606,39,Tier2,MNC,67818,21556,2,6,16,1,0.3184383386135222,0.057476171046529384,Card,0.31785071809843995,0,2
607,31,Tier1,MNC,65082,27840,1,10,13,0,0.04761992850278548,0.22980876479372683,UPI,0.4277680464644602,0,5
608,38,Tier2,Gig,46926,11081,2,22,17,1,0.14640670824846602,0.22358991175563112,UPI,0.23613774879597665,0,1
609,53,Tier1,Startup,48980,11197,1,9,2,1,0.24618848866586615,0.03756752565387348,Card,0.22860351163740303,0,1
610,50,Tier3,Startup,37327,7653,3,18,3,5,0.13360963396247658,0.07090391285922547,UPI,0.20502585259999465,0,3
611,49,Tier1,MNC,28773,9015,0,8,7,3,0.03605524471816215,0.04717944069998235,NetBanking,0.31331456573871336,0,1
612,36,Tier1,MNC,57705,12210,2,14,16,1,0.3601193733891679,0.10863927025036979,Card,0.21159344944112296,0,0
613,47,Tier2,Gig,76325,31344,1,16,14,1,0.09516026117992522,0.0529608887218756,UPI,0.4106649197510645,0,1
614,34,Tier2,Startup,32394,7816,2,16,6,1,0.21778075376003322,0.1422657925497708,UPI,0.2412792492436871,0,1
615,44,Tier1,MNC,65459,19459,1,20,0,3,0.24845561811675126,0.04314062718743941,Card,0.297270046899586,0,0
616,42,Tier2,Gig,75692,23377,2,10,11,4,0.23475371420153185,0.06150873719864983,Card,0.3088437351371347,0,4
617,29,Tier1,SME,23265,5636,2,19,5,0,0.22690567726207633,0.042033932600805415,UPI,0.24225231033741673,0,0
618,30,Tier2,SME,54588,20280,1,13,4,2,0.14113015186281136,0.0053443240994069845,UPI,0.3715102220268191,0,4
619,23,Tier1,SME,92924,33231,2,14,3,1,0.09350379721753965,0.011570062404545707,UPI,0.3576148250182945,0,2
620,25,Tier1,Startup,71038,26869,2,11,4,2,0.36018303925667383,0.07292406758242068,UPI,0.37823418452096064,0,5
621,35,Tier1,SME,22590,7494,1,23,5,2,0.09940694402315879,0.06610953375070731,NetBanking,0.33173970783532536,0,1
622,37,Tier1,SME,73166,21075,1,20,11,0,0.14336679563454294,0.07677296679083882,Card,0.2880436268212011,0,1
623,26,Tier1,Startup,45045,12823,1,14,2,0,0.11933432871994701,0.1475871623189438,Card,0.2846708846708847,0,0
624,35,Tier1,MNC,73826,26943,0,19,8,0,0.1329586968134833,0.01393923552273021,UPI,0.36495272668165685,0,2
625,41,Tier1,Gig,46198,12155,2,22,16,2,0.1449798253976894,0.056973344286706,UPI,0.2631066279925538,0,0
626,28,Tier1,SME,58939,16572,2,11,17,2,0.12898865202088838,0.056445448689697954,Wallet,0.2811720592476968,0,1
627,32,Tier2,SME,49249,9805,1,11,14,2,0.041209112399805944,0.015664199609158463,UPI,0.19909033685963168,0,1
628,33,Tier1,Startup,60063,21255,3,19,4,3,0.2632937477414477,0.18537623268616776,Card,0.3538784276509665,1,48
629,38,Tier2,Startup,48654,8420,0,11,2,2,0.13679841264285042,0.0539193465973986,Card,0.173058741316233,0,1
630,33,Tier3,SME,55529,24829,2,7,15,3,0.16012899820933654,0.058054733211041175,UPI,0.4471357308793603,0,2
631,46,Tier1,Startup,36487,7046,2,16,7,2,0.059744633373282105,0.08861970663317757,UPI,0.19310987474991093,0,1
632,32,Tier3,Gig,69813,18493,2,9,8,6,0.08129648405550499,0.1280734991415333,UPI,0.26489335797057856,0,3
633,35,Tier1,Gig,63505,14055,2,16,7,2,0.14964663082400165,0.05729080085286061,NetBanking,0.2213211558145028,0,1
634,33,Tier1,Gig,27669,6563,1,7,2,2,0.024078211596877095,0.06270812268374311,UPI,0.23719686291517583,0,4
635,27,Tier2,MNC,79858,19703,2,14,12,3,0.3222786451825056,0.12684250363705077,Wallet,0.246725437651832,0,2
636,44,Tier2,SME,56474,20641,2,10,4,0,0.32143384957624743,0.17107693016839082,UPI,0.3654956263059107,0,4
637,29,Tier2,SME,63235,12838,2,15,4,2,0.2191738442414126,0.024066505156527057,UPI,0.20302047916501936,0,1
638,31,Tier1,MNC,75291,17253,1,10,13,5,0.3149311617175385,0.28433222000825925,Card,0.2291508945292266,0,2
639,47,Tier2,Startup,66564,12005,2,10,12,3,0.08664568321545466,0.3356493061224389,UPI,0.18035274322456582,0,1
640,53,Tier1,SME,83304,20779,1,22,14,1,0.09395632313039833,0.07105447858695373,UPI,0.24943580140209354,0,1
641,43,Tier1,MNC,54134,23406,2,23,12,1,0.050727475003571616,0.03345344348790823,UPI,0.4323715225181956,0,1
642,52,Tier1,MNC,80688,21304,2,11,0,4,0.052456131805151664,0.018953890799636972,UPI,0.2640293476105493,0,5
643,50,Tier3,MNC,62458,23933,1,17,7,0,0.16426850820273298,0.14269944395324974,UPI,0.38318550065644114,0,1
644,37,Tier1,SME,70152,20239,1,12,7,3,0.11571466195987491,0.25756184910102,UPI,0.28850210970464135,0,0
645,47,Tier2,Startup,68072,19392,0,9,5,1,0.11675213327765915,0.06473593236016618,UPI,0.2848748384063932,0,2
646,32,Tier2,SME,84814,33687,1,7,8,2,0.19203523853731358,0.13193904022735556,Card,0.3971867852005565,0,1
647,36,Tier2,MNC,74428,11763,1,22,8,3,0.04598442875590232,0.04484670118913029,UPI,0.15804535927339172,0,1
648,39,Tier2,MNC,51141,20940,0,7,11,1,0.2599503242137076,0.20552710983398492,UPI,0.4094562093036898,0,1
649,53,Tier3,Gig,47174,13942,1,14,17,3,0.11079205564176754,0.2668830590537677,Card,0.2955441556789757,0,1
650,49,Tier1,MNC,59004,15065,2,9,11,3,0.08810050605714906,0.06571841298724818,NetBanking,0.255321673106908,0,2
651,37,Tier1,SME,44797,18906,2,19,16,1,0.10994000349208531,0.09924879036363567,UPI,0.42203718999040113,0,4
652,43,Tier2,SME,38956,9815,1,8,14,0,0.24266292521970792,0.10368959511401432,Wallet,0.25195091898552213,0,0
653,27,Tier1,SME,17438,7730,0,16,13,4,0.37125087799252865,0.058345013516613246,UPI,0.44328478036472074,0,3
654,48,Tier1,Gig,29014,12502,2,12,4,2,0.17540370619921972,0.13624400922159852,UPI,0.43089542979251394,0,2
655,39,Tier1,Startup,99708,22970,1,15,10,0,0.18218601126034145,0.05632984740172799,UPI,0.2303726882496891,0,3
656,39,Tier1,Gig,46869,11819,1,9,2,1,0.0285769300460149,0.0790772937962378,UPI,0.2521709445475688,0,1
657,47,Tier1,Gig,98069,38604,1,8,16,2,0.37853508997379043,0.15656811889492953,UPI,0.39364121179985523,0,1
658,42,Tier1,MNC,68063,14203,3,9,3,1,0.2444878429332393,0.0865357779372203,Card,0.2086743164421198,0,3
659,23,Tier3,MNC,59004,21807,1,16,4,1,0.20748967155413361,0.10150902638990299,UPI,0.3695851128737035,0,0
660,30,Tier1,SME,29987,5659,3,17,16,0,0.1026722917236728,0.11291858585896504,NetBanking,0.18871510988094842,0,0
661,27,Tier3,SME,60093,12720,1,22,2,1,0.07031000309412022,0.11783743389153316,UPI,0.21167190854176027,0,2
662,45,Tier3,SME,97843,29367,1,22,9,2,0.1535925980848026,0.03042732445390432,Wallet,0.30014410841858896,0,1
663,22,Tier1,MNC,91152,34069,1,19,10,2,0.08810430966836696,0.01588429287164018,UPI,0.37376031244514657,0,1
664,27,Tier2,MNC,65484,24348,2,6,3,1,0.1402858877370045,0.05857237055925234,UPI,0.3718160161260766,0,0
665,41,Tier2,SME,37026,12317,2,18,7,0,0.2172729638365711,0.11498708882482228,UPI,0.33265813212337275,0,5
666,44,Tier2,Startup,40856,9463,2,18,14,2,0.02340804091350541,0.11086820271847327,UPI,0.2316183669473272,0,3
667,38,Tier1,Startup,42948,11794,3,18,12,2,0.17061309318870155,0.06479289066413521,UPI,0.27461115767905375,0,2
668,50,Tier1,Gig,85563,19154,2,17,10,3,0.07009437729579154,0.029769315877368408,Card,0.22385844348608627,0,1
669,52,Tier1,MNC,92634,21593,1,18,9,3,0.18724950196202433,0.12589888854273787,UPI,0.23310015760951702,0,0
670,25,Tier2,SME,63917,15785,2,16,6,2,0.0628222118501839,0.08220108637676338,NetBanking,0.24696090242032637,1,66
671,53,Tier3,Gig,53938,17780,1,17,11,0,0.4587290329535184,0.046469432396408196,Card,0.32963773221105713,0,1
672,41,Tier2,Startup,90974,19311,2,18,0,4,0.006082630726438374,0.11468377644914457,UPI,0.21226943962011124,0,1
673,42,Tier2,SME,40428,6580,2,6,1,4,0.28909815080520723,0.015993650472785528,UPI,0.16275848421885822,0,2
674,24,Tier3,SME,61036,21834,1,15,14,3,0.20392407811314908,0.19202757091672532,Card,0.35772331083295106,0,2
675,42,Tier2,MNC,69259,10841,1,8,3,0,0.16521947996113662,0.013189941783248981,Card,0.15652839342179356,0,2
676,45,Tier1,Gig,42743,18859,2,22,12,1,0.17422696740651347,0.05473909781303765,UPI,0.4412184451255176,1,96
677,40,Tier3,Startup,47281,12060,1,23,0,0,0.31416938430106106,0.07641739918494224,UPI,0.25507074723461853,0,6
678,23,Tier1,SME,45725,6949,1,8,4,2,0.24677524946425852,0.018596245956962246,UPI,0.15197375615090214,0,1
679,38,Tier1,SME,88334,36691,2,22,16,3,0.031842874431692605,0.11919818738883178,UPI,0.41536667647791337,0,2
680,52,Tier2,SME,98287,32428,1,14,4,3,0.10263102870097765,0.0008621201868055494,Card,0.32993173054422253,0,2
681,45,Tier3,MNC,62295,24620,0,18,17,1,0.33321825426259405,0.17346397575611555,UPI,0.3952163094951441,0,3
682,25,Tier1,Startup,54635,15325,2,17,4,3,0.19789433511681254,0.07377010216318558,UPI,0.2804978493639608,0,1
683,53,Tier1,SME,48003,12300,1,8,11,1,0.09539362448171622,0.044445736763365065,UPI,0.256233985375914,0,2
684,53,Tier1,MNC,60034,20805,1,22,12,3,0.21198360572876412,0.04846693854446292,UPI,0.3465536196155512,0,2
685,26,Tier1,SME,48995,13316,3,17,11,1,0.18272499635241937,0.016200715036896216,UPI,0.2717828349831615,0,0
686,48,Tier1,Gig,58059,18396,1,14,5,1,0.0351930525018059,0.03102643217039735,UPI,0.31685010075957215,0,2
687,34,Tier2,SME,68264,15929,1,17,13,2,0.1847661252755803,0.07558860511148575,NetBanking,0.2333440759404664,0,3
688,41,Tier3,SME,51893,12962,2,23,5,1,0.07807263345541308,0.1541754325044617,Card,0.24978320775441776,0,5
689,36,Tier1,Startup,56208,9817,1,17,14,2,0.34481588866129786,0.0685264033661033,UPI,0.17465485340165102,0,3
690,47,Tier1,Gig,56290,21638,3,17,6,2,0.3778161125439938,0.06352123647005017,UPI,0.38440220287795346,0,1
691,54,Tier1,Startup,53648,13661,2,21,15,4,0.09508692893615979,0.009743750025882587,UPI,0.2546413659409484,0,4
692,48,Tier1,Gig,51171,22643,2,18,17,0,0.14720509392151876,0.12702842288566288,Card,0.4424967266615857,1,30
693,52,Tier2,MNC,75243,17149,1,8,13,2,0.3052125038128428,0.06028576102154792,Card,0.22791488909267307,0,0
694,53,Tier2,Gig,24585,7191,1,20,8,2,0.1975798103865423,0.1578246842711069,UPI,0.2924954240390482,0,1
695,24,Tier2,Gig,91485,22108,2,22,7,0,0.32437704836096304,0.054145041562694715,Card,0.24165710225720063,0,0
696,29,Tier1,SME,62710,22461,0,19,6,5,0.4397663488718637,0.17077373179803335,Card,0.35817254026471057,0,1
697,45,Tier2,Startup,72200,28339,2,8,6,1,0.24873448545439386,0.071529371424472,Wallet,0.3925069252077562,0,3
698,41,Tier1,MNC,74501,22059,2,15,8,4,0.09128310132563608,0.012943164868900006,NetBanking,0.2960899853693239,0,4
699,22,Tier1,SME,45838,11921,2,6,8,1,0.08812946002317178,0.08450227137961958,UPI,0.26006806579693703,0,4
700,24,Tier3,MNC,41712,15576,0,19,12,1,0.08830294330714823,0.033702032494506935,UPI,0.37341772151898733,0,2
701,38,Tier2,MNC,39354,8163,2,23,16,1,0.05050008050175735,0.06637162184959404,UPI,0.2074249123341973,0,2
702,41,Tier3,Gig,55058,18160,2,6,15,1,0.3589471254368458,0.04618962828480208,Card,0.32983399324348867,0,1
703,26,Tier3,MNC,73984,27380,0,7,10,0,0.19911930785248927,0.012996117657424141,NetBanking,0.37008001730103807,0,2
704,26,Tier2,SME,48324,11152,2,22,17,1,0.4272966001178162,0.14252233070548934,UPI,0.23077559804651931,0,1
705,25,Tier3,SME,72158,25017,1,20,16,2,0.20624519551266562,0.04547511642385436,UPI,0.3466975248759666,0,3
706,40,Tier1,SME,15000,5558,3,20,8,4,0.10310659736291418,0.07352355328750351,UPI,0.3705333333333333,0,1
707,21,Tier1,SME,52288,9685,0,9,7,2,0.10607862510513456,0.018580992800856226,UPI,0.18522414320685435,0,3
708,40,Tier1,SME,83342,20599,1,17,8,4,0.014303708511867068,0.06693564498819159,UPI,0.24716229512130738,0,1
709,37,Tier1,Startup,56580,15383,2,20,0,2,0.28420155078401343,0.03158582863894406,UPI,0.2718805231530576,0,4
710,36,Tier1,Gig,43417,16619,1,7,5,2,0.30219273889925896,0.12109957830081207,UPI,0.3827763318515789,1,85
711,44,Tier1,SME,46863,15007,1,11,6,2,0.3307972618512879,0.026448211398987082,NetBanking,0.32023131254934595,0,1
712,38,Tier2,Gig,15000,4273,0,11,14,1,0.22442581431548905,0.028826382756938943,UPI,0.28486666666666666,0,3
713,45,Tier2,Startup,39763,9767,2,15,4,0,0.12851311522315642,0.052167404348998365,UPI,0.24563035988230264,0,1
714,46,Tier2,Startup,81144,12270,0,10,11,3,0.2478278390020368,0.11346403245019544,UPI,0.15121265897663413,0,2
715,52,Tier1,MNC,48347,7545,2,12,5,2,0.2500944773959481,0.1406607992250314,UPI,0.15605932115746582,0,1
716,48,Tier2,MNC,50709,11264,2,10,6,4,0.07041776625665652,0.09815414915145632,UPI,0.22213019385119012,0,1
717,38,Tier1,Gig,15000,2775,2,7,1,5,0.14936551875652843,0.14980677559708808,UPI,0.185,0,3
718,37,Tier1,SME,27383,5089,1,18,9,2,0.24747672602098672,0.027919214103147415,NetBanking,0.18584523244348683,0,1
719,29,Tier1,SME,83800,27722,1,17,1,6,0.4533466051372052,0.018622952777087615,Card,0.33081145584725535,0,4
720,41,Tier1,Gig,72345,23992,3,21,3,1,0.1889482067429931,0.03227250379990751,UPI,0.33163314672748634,0,4
721,25,Tier1,SME,34051,5565,2,16,9,2,0.1732412440302801,0.06077766303037072,UPI,0.16343132360283105,0,2
722,52,Tier2,Startup,47388,15551,3,18,12,3,0.3026300166742685,0.12752714195040946,UPI,0.3281632480796826,0,0
723,49,Tier2,SME,59416,11511,2,12,7,2,0.43763720732609657,0.03719110038934944,UPI,0.19373569408913424,0,1
724,25,Tier2,Gig,36077,9494,2,12,4,2,0.31749316699672764,0.15323134319885304,UPI,0.26315935360478976,1,54
725,47,Tier1,MNC,19917,8901,3,13,16,6,0.23644506616677982,0.06924558386698255,UPI,0.44690465431540893,0,2
726,24,Tier2,MNC,56815,17419,1,23,6,0,0.3851615949840071,0.08340650004308382,NetBanking,0.30659156912787117,0,2
727,45,Tier2,Startup,71452,11450,3,14,5,0,0.34268180708173485,0.030018922106733223,Card,0.16024743884006046,0,1
728,23,Tier1,MNC,71837,18267,0,21,1,2,0.09426565283130875,0.10506591087587697,UPI,0.2542840040647577,0,1
729,37,Tier2,Gig,77504,27224,1,11,6,1,0.11780704279161347,0.18540015713787555,Card,0.3512592898431049,1,51
730,43,Tier1,Startup,28928,6288,1,18,3,2,0.21762224417152354,0.0470970539384839,UPI,0.21736725663716813,0,1
731,45,Tier1,MNC,61158,26868,1,10,6,1,0.07172546087948181,0.1379832616084192,Card,0.43932110271755126,0,1
732,35,Tier1,MNC,54630,15164,1,13,3,3,0.27385530088084353,0.04749368753731894,UPI,0.2775764232106901,0,2
733,52,Tier2,Gig,58255,9106,2,21,3,2,0.287696007333648,0.013771909636142252,Card,0.156312762852974,0,4
734,47,Tier1,Startup,55764,17407,2,18,13,0,0.23648218239850957,0.011498171649611621,Card,0.3121547952083782,0,2
735,28,Tier1,Gig,46791,16510,2,14,8,0,0.2558440061859801,0.0741680847258717,Card,0.35284563270714453,0,2
736,43,Tier1,MNC,15000,4301,1,13,12,1,0.31697925824074025,0.05535152620124956,NetBanking,0.28673333333333334,0,1
737,45,Tier3,Gig,83236,35662,1,20,10,0,0.18677648678231576,0.018695090357958553,Card,0.42844442308616465,0,0
738,32,Tier1,SME,66599,28010,2,8,9,0,0.28607118745237614,0.035919746504696023,UPI,0.4205768855388219,0,1
739,46,Tier1,Startup,30314,5810,2,21,8,3,0.09416705850051066,0.14279675833800115,Card,0.19166061885597413,0,3
740,51,Tier1,SME,69462,12085,2,17,6,0,0.2724967330329523,0.04831548693029461,UPI,0.17398001785148715,0,0
741,48,Tier3,MNC,51053,12441,1,11,4,1,0.21799137216342682,0.03498300183659222,Card,0.24368793214894324,0,1
742,46,Tier2,Gig,51620,17160,0,18,16,4,0.34015328015567353,0.1589954097939779,UPI,0.3324292909724913,0,3
743,42,Tier3,Gig,44631,14749,3,23,7,2,0.16560159936282534,0.26025811815861205,UPI,0.3304653716026977,0,3
744,30,Tier1,SME,70738,16375,0,12,15,1,0.1145783327222239,0.02048396075435949,Card,0.23148802623766576,0,1
745,48,Tier1,Gig,44003,19155,2,13,13,2,0.05669059652707375,0.01911514524398046,UPI,0.4353112287798559,1,96
746,33,Tier2,MNC,38063,9218,1,22,10,2,0.19847454355197966,0.30521132250964983,Card,0.24217744266085175,0,3
747,39,Tier1,MNC,82634,32331,1,12,15,1,0.2805171061456383,0.0671589441047993,UPI,0.3912554154464264,0,1
748,31,Tier2,MNC,56422,22545,2,21,11,0,0.3251413232746388,0.24655785054073975,Card,0.399578178724611,0,3
749,31,Tier3,SME,57050,10242,1,22,14,0,0.06591842098693777,0.1525197715387421,UPI,0.17952673093777388,0,1
750,26,Tier1,MNC,73849,16229,1,16,14,1,0.22337056696928057,0.14186806915579617,UPI,0.21975923844601822,0,3
751,53,Tier3,SME,46648,10008,2,7,11,1,0.4522659545874361,0.021848977739981765,UPI,0.21454296004115933,0,3
752,26,Tier2,MNC,50636,21565,0,7,13,0,0.15374550590843053,0.007076450760846197,UPI,0.4258827711509598,0,2
753,23,Tier1,Startup,66114,16880,1,11,14,3,0.2555052957702161,0.06729170676352564,UPI,0.25531657440179084,0,1
754,52,Tier1,Gig,29172,11696,2,6,4,3,0.22706817292940246,0.004225529377977153,UPI,0.40093240093240096,0,4
755,39,Tier1,Startup,64421,18901,1,19,15,1,0.20509856552061773,0.04874737879574349,UPI,0.2933981155213362,0,0
756,35,Tier2,MNC,44885,12889,2,17,9,2,0.016263880608753403,0.05250729916934152,Card,0.2871560655007241,0,2
757,46,Tier1,Startup,77109,32464,1,14,2,4,0.39309674784890547,0.005303388155036264,UPI,0.42101440817543995,1,97
758,34,Tier1,MNC,70933,20022,1,20,2,2,0.1466879921377827,0.122911677302122,Card,0.28226636403366556,0,2
759,25,Tier2,Startup,68290,25503,1,8,13,3,0.09950863639261945,0.09122462645670722,UPI,0.3734514570215258,0,2
760,45,Tier1,SME,27860,7725,2,15,14,2,0.14752894676315148,0.00776600011990102,UPI,0.27727925340990667,0,1
761,26,Tier1,SME,57932,10460,0,12,11,0,0.09737398686011701,0.14516255561280708,UPI,0.18055651453428156,0,0
762,39,Tier2,MNC,36454,6048,3,6,11,3,0.2609662585531988,0.1666992435001158,UPI,0.165907719317496,0,4
763,53,Tier1,Gig,59262,12591,1,14,15,2,0.19560312921320125,0.09050000724691984,UPI,0.21246329857244103,0,6
764,52,Tier1,Gig,15000,5500,1,8,17,0,0.35340725337953577,0.06248078627251676,UPI,0.36666666666666664,0,3
765,33,Tier1,Startup,29183,7648,2,6,14,1,0.34497406824548876,0.06935922516711329,Card,0.2620703834424151,0,3
766,47,Tier1,Gig,83780,23980,1,9,2,4,0.1453717643320262,0.13459825359029132,Card,0.28622582955359277,0,0
767,41,Tier1,Gig,67381,12166,2,9,14,1,0.1126085743279266,0.015353422771716686,NetBanking,0.18055534943084847,0,3
768,37,Tier2,MNC,52923,17830,3,17,9,2,0.16948011621037548,0.08357613019610362,Card,0.33690455945430153,0,2
769,25,Tier3,Startup,41825,16355,2,20,14,1,0.16746047989992743,0.1997609374351234,UPI,0.3910340705319785,1,103
770,33,Tier1,SME,38314,12927,2,14,13,2,0.03668392185289323,0.02260272325580621,UPI,0.3373962520227593,0,4
771,43,Tier3,SME,64003,28505,2,17,12,0,0.03227631337178787,0.06298792896185663,UPI,0.44536974829304876,0,1
772,54,Tier2,MNC,53127,8229,1,7,15,2,0.16378474331487694,0.0874933018755136,Wallet,0.15489299226382067,0,2
773,21,Tier2,Gig,90932,14067,2,20,2,1,0.08840999723603181,0.020220475809739815,NetBanking,0.15469801609994283,1,72
774,45,Tier2,Startup,56304,16891,1,15,15,3,0.08578372225477776,0.13422265843576509,Card,0.29999644785450413,0,1
775,49,Tier2,MNC,61174,14065,0,13,6,2,0.40939495592807873,0.03395101836205588,UPI,0.22991793899369012,0,1
776,53,Tier2,SME,32229,11472,2,21,3,4,0.06455087437006726,0.08486270110645916,UPI,0.3559527133947687,0,1
777,35,Tier1,SME,52786,20479,1,11,12,2,0.1476752792294986,0.022438121514464685,Wallet,0.387962717387186,0,0
778,25,Tier2,Startup,63539,11483,2,13,17,1,0.06535362514500123,0.044231782100151947,Card,0.18072365004170668,0,5
779,30,Tier1,Gig,52544,22341,1,22,1,4,0.3914382525859727,0.13109460157300487,UPI,0.4251865103532278,1,40
780,49,Tier1,SME,50287,7994,0,8,17,0,0.31234872643919814,0.08604957153415672,UPI,0.15896752639847275,0,3
781,50,Tier2,SME,66538,23722,2,15,6,4,0.16455295752412338,0.05623419414922142,UPI,0.3565180798941958,0,1
782,42,Tier1,SME,90296,23960,2,16,17,1,0.3043649995353938,0.043896937605421384,UPI,0.26534951714361654,0,1
783,25,Tier1,SME,62899,22029,3,18,0,1,0.07904575858390175,0.1221763536278735,Card,0.3502281435316937,0,1
784,25,Tier1,SME,82883,14860,1,22,11,0,0.07170604925349093,0.15946500730901464,UPI,0.1792888770918041,0,2
785,37,Tier1,MNC,72432,31227,1,12,9,2,0.2699059766742343,0.05052866498299816,UPI,0.43112160371106695,0,1
786,41,Tier2,MNC,81687,35225,0,8,14,2,0.09514906113932838,0.07866603412892395,UPI,0.4312191658403418,0,1
787,22,Tier2,SME,47805,14619,1,13,8,3,0.003594750615718702,0.027904981646827157,NetBanking,0.3058048321305303,0,0
788,44,Tier1,Gig,55861,16918,1,8,1,3,0.07022084550409677,0.05496385225118877,Card,0.30285888186749255,0,1
789,39,Tier1,SME,55944,19045,2,19,3,3,0.06677011234091837,0.09494141380263639,NetBanking,0.34042971542971545,0,1
790,21,Tier1,MNC,70925,22981,0,16,4,0,0.3445434291648935,0.0274012864980999,UPI,0.3240183292210081,0,2
791,24,Tier1,Startup,75848,23745,3,19,15,2,0.31604702226698944,0.07353518697427777,UPI,0.3130603311886932,0,2
792,36,Tier2,Gig,62501,20422,2,12,1,4,0.19959725226796873,0.10797539385431326,Card,0.32674677205164715,0,2
793,45,Tier2,SME,77534,31602,2,23,15,1,0.1120006887574918,0.09487440339729777,UPI,0.40758892872804187,0,3
794,49,Tier1,MNC,48733,16243,1,22,9,4,0.09750059752833241,0.004292059565922426,UPI,0.3333059733650709,0,1
795,35,Tier1,Startup,77707,16221,0,22,10,2,0.099046428648398,0.06599648676293604,Card,0.20874567284800596,0,2
796,31,Tier3,SME,80316,34067,1,18,17,2,0.1010622320855686,0.17452066052025816,Card,0.424162059863539,1,109
797,53,Tier2,Startup,73549,15797,2,9,13,1,0.08816350264738831,0.0523733397732634,Card,0.2147819820799739,0,1
798,36,Tier1,MNC,62683,12508,2,8,11,1,0.6462858285968857,0.1815624549886971,UPI,0.19954373594116426,0,4
799,31,Tier1,MNC,74266,33354,1,23,14,4,0.15876318309442966,0.01448319885657639,UPI,0.44911534214849325,0,1
800,36,Tier1,SME,42119,9014,1,21,8,1,0.14080688378452372,0.04623437452143013,UPI,0.21401267836368384,0,1
801,21,Tier3,Startup,63967,11515,3,21,16,0,0.1586478508104231,0.08422606648263654,UPI,0.18001469507714915,1,110
802,31,Tier1,SME,66010,21030,1,17,14,1,0.09822941145787754,0.2550262744688734,Card,0.31858809271322525,0,3
803,38,Tier1,MNC,33409,13302,1,21,17,5,0.26813191695927163,0.04421289109097208,Card,0.39815618545900805,0,2
804,52,Tier3,SME,69491,11690,1,14,9,3,0.1064995639088461,0.1832341155947722,UPI,0.16822322315119945,0,1
805,46,Tier2,Startup,35023,10402,1,8,11,1,0.11222588840471881,0.02408901526547817,Card,0.29700482540045114,0,2
806,47,Tier1,MNC,51441,8773,1,10,8,4,0.21013427631852494,0.22513690630642597,UPI,0.17054489609455492,0,0
807,39,Tier1,Startup,60795,16937,2,21,16,0,0.039473370671669124,0.03395755417092042,UPI,0.2785919894728185,0,3
808,24,Tier1,Startup,45385,11490,2,17,11,4,0.2641160763046757,0.13383660903038685,Card,0.25316734603944036,0,3
809,34,Tier2,SME,61651,11783,2,23,2,2,0.38418689254780725,0.1694258188983994,UPI,0.19112423156153185,0,0
810,54,Tier1,Gig,61331,26329,1,22,9,2,0.26118211283456194,0.20910191032714429,UPI,0.4292935057311963,0,2
811,22,Tier3,Gig,43596,14842,0,19,2,1,0.12617794714719605,0.060596690434199185,Card,0.3404440774382971,0,3
812,50,Tier3,SME,71359,28751,2,6,11,3,0.1894117564914992,0.020441864387453806,UPI,0.4029064308636612,0,1
813,44,Tier2,MNC,44716,18860,1,9,12,2,0.11571580890983962,0.08996041754185928,UPI,0.4217729671705877,0,3
814,30,Tier2,SME,105759,45376,1,12,14,0,0.07573191072455697,0.09124516653089337,Card,0.4290509554742386,1,52
815,47,Tier1,MNC,57810,21646,1,6,2,0,0.5224716301406442,0.08771106902656697,UPI,0.3744334890157412,0,2
816,49,Tier1,SME,36574,8853,2,22,8,1,0.468794549782391,0.05819944755931653,UPI,0.24205719910318807,0,0
817,22,Tier2,Gig,40313,16071,1,10,6,2,0.2890717002484997,0.02440407851168845,Wallet,0.3986555205516831,0,1
818,24,Tier1,Gig,82951,25387,3,12,7,1,0.2612795498220553,0.04182493522533408,NetBanking,0.3060481489071862,0,4
819,43,Tier1,SME,51816,11995,1,18,16,2,0.3526974861337305,0.09117098839798446,UPI,0.2314922031804848,0,1
820,54,Tier1,SME,32724,8695,3,6,10,5,0.06673187059718376,0.19198407399146017,UPI,0.2657071262681824,0,3
821,21,Tier1,MNC,77074,18526,1,17,7,4,0.1666192192457622,0.10886586381884544,Card,0.2403664011210006,0,3
822,43,Tier1,SME,51688,14982,2,7,16,2,0.13232951559430386,0.04374563124767193,Card,0.2898545116854976,0,1
823,25,Tier2,MNC,73068,28087,1,22,9,1,0.3566643717666587,0.09992145038213711,UPI,0.3843953577489462,0,1
824,43,Tier2,Gig,78711,23255,2,18,7,2,0.14712379937572137,0.19458446267327775,Card,0.29544790435898416,0,2
825,42,Tier2,Gig,65489,15085,1,12,9,2,0.10729662755086947,0.01231272136483461,UPI,0.23034402724121608,1,46
826,24,Tier2,MNC,107918,19017,2,18,15,5,0.11745486237303232,0.014244330419339151,UPI,0.17621712781927018,0,3
827,44,Tier1,Startup,25505,10373,2,11,8,3,0.44036774193310424,0.022318255329360683,UPI,0.4067045677318173,0,2
828,51,Tier2,SME,43640,12010,2,8,11,0,0.10453290367143332,0.10359305571557706,NetBanking,0.2752062328139322,0,5
829,50,Tier2,Gig,54880,15507,1,6,3,2,0.08191330495316712,0.16787735836366527,UPI,0.2825619533527697,0,3
830,21,Tier1,SME,105223,39891,1,9,0,2,0.046894165064448705,0.06006424406870939,UPI,0.3791091301331458,0,4
831,29,Tier3,MNC,95960,38855,3,18,1,2,0.290424041546407,0.0641439708885831,UPI,0.4049082951229679,1,44
832,29,Tier1,Startup,85773,26018,3,16,8,2,0.03744265701999182,0.056408185132643646,UPI,0.30333554848262273,0,1
833,36,Tier1,MNC,44117,14987,1,10,12,3,0.2108762656905899,0.021594842112710053,UPI,0.3397103157512977,0,4
834,25,Tier1,SME,46449,10299,1,18,3,0,0.30593933901308296,0.05959043491245764,UPI,0.2217270554802041,0,0
835,50,Tier1,MNC,43428,18696,1,12,16,1,0.13764838243967517,0.004777868168683372,UPI,0.43050566454821776,0,3
836,47,Tier1,Startup,44331,14202,1,8,2,1,0.11306071193134766,0.16631531967128715,Card,0.3203627258577519,0,1
837,48,Tier2,Gig,89854,32875,1,18,12,0,0.08265111412431114,0.13209680112603123,UPI,0.36587130233489884,0,5
838,27,Tier3,MNC,55124,10157,2,14,4,1,0.1783658304086474,0.14909584745777654,NetBanking,0.18425731079021843,1,114
839,21,Tier1,SME,57770,19703,0,17,1,3,0.21804833660597087,0.033003359896111965,Card,0.3410593733771854,0,7
840,51,Tier2,Startup,75487,19678,2,16,12,2,0.21794607778687455,0.17161966169996187,Card,0.260680646998821,0,0
841,30,Tier1,MNC,26729,7618,3,7,9,0,0.15602796427418023,0.01675329522979623,UPI,0.2850087919488196,1,44
842,43,Tier2,SME,61052,21652,1,6,11,1,0.006666156822483625,0.14090955207786915,UPI,0.3546484963637555,0,2
843,51,Tier1,Startup,38062,14802,1,7,16,2,0.21029228409890477,0.08067797093772523,NetBanking,0.3888918081025695,1,116
844,22,Tier1,SME,54111,13788,2,10,9,2,0.3776192114836459,0.06462756972978603,Card,0.2548095581305095,0,2
845,21,Tier2,Gig,48271,19886,1,10,15,1,0.026162256354252848,0.017737404007940733,UPI,0.41196577655321,0,2
846,21,Tier2,SME,47240,10189,2,22,8,3,0.2502675712549376,0.02720055431452297,UPI,0.21568585944115157,0,2
847,26,Tier2,Startup,64511,20570,2,20,6,3,0.09410386674517504,0.13052685809888598,UPI,0.31886034939777713,0,1
848,22,Tier2,MNC,64424,12587,1,21,7,0,0.29110579864204994,0.06308660149968931,Card,0.19537749906867005,0,2
849,48,Tier2,MNC,55603,13165,2,14,6,2,0.06873432611128176,0.12307454708203552,NetBanking,0.23676780029854505,0,0
850,41,Tier1,MNC,67413,28220,1,11,15,1,0.05576649411384437,0.0775612158245702,Card,0.41861362051829765,0,1
851,54,Tier1,Gig,42627,6541,1,13,9,3,0.36525718751720126,0.036385092733383674,Wallet,0.15344734557909306,0,3
852,48,Tier1,Gig,73631,31269,3,21,16,1,0.459895640679181,0.1264187474084262,Card,0.4246716736157325,0,0
853,53,Tier1,Gig,55876,13886,1,12,4,3,0.17172648566239035,0.002922389180234215,Card,0.24851456797193786,0,2
854,29,Tier1,MNC,50326,18053,0,17,13,1,0.3348145437975296,0.29012656715423396,UPI,0.3587211381790725,0,4
855,30,Tier1,SME,44104,7829,1,8,2,4,0.2153503524034998,0.07388222984150937,UPI,0.17751224378741157,0,2
856,49,Tier1,Startup,55172,18889,1,23,5,0,0.3353685706175419,0.0343860149433084,UPI,0.34236569274269557,0,2
857,29,Tier2,Startup,97412,41189,1,17,0,3,0.2302994942687205,0.10257606264092528,UPI,0.4228329158625221,0,3
858,22,Tier1,MNC,58733,18592,2,23,16,2,0.1515276561126342,0.08259224418952167,UPI,0.31655117225409907,0,1
859,43,Tier2,Gig,37111,9598,1,11,5,1,0.04120928202590255,0.1977934321290772,UPI,0.25862951685484087,0,3
860,48,Tier2,MNC,78376,30415,2,17,14,0,0.13770146369326713,0.016802194916498092,UPI,0.388065224048178,0,0
861,53,Tier1,MNC,50561,18394,0,10,7,3,0.10245550756918571,0.16671795371557652,UPI,0.3637981843713534,1,112
862,52,Tier1,Gig,65675,12170,1,14,2,3,0.45086437646596106,0.04148556403356202,UPI,0.18530643319375714,0,2
863,25,Tier2,SME,47886,16746,3,11,6,1,0.29795314385670985,0.04364846630826631,UPI,0.34970555068287185,0,2
864,47,Tier2,SME,85615,29913,2,8,6,2,0.26215259698699195,0.032551506330910196,UPI,0.34938970974712374,0,4
865,49,Tier1,SME,48184,18096,2,13,9,3,0.27397236010688436,0.0767075708212623,Card,0.3755603519840611,0,2
866,44,Tier1,Gig,87957,21539,1,15,5,6,0.5039527036559326,0.09248127372179693,Wallet,0.2448810214081881,0,1
867,48,Tier2,MNC,39014,10548,1,8,12,0,0.07498791727487011,0.018411217006976646,UPI,0.27036448454400985,0,2
868,49,Tier2,Startup,54141,23714,2,13,13,0,0.12636717642746187,0.1825546538145944,NetBanking,0.4380044698103101,0,3
869,36,Tier1,SME,87999,28338,2,7,2,0,0.13062780583374478,0.18143047904334483,UPI,0.3220263866634848,0,0
870,22,Tier1,MNC,63363,19170,2,17,9,0,0.044971021971648956,0.13476993515438104,UPI,0.30254249325316035,0,3
871,36,Tier3,SME,105429,47027,1,11,10,3,0.10829312958378379,0.09975956675427847,Card,0.4460537423289607,0,3
872,27,Tier1,SME,54617,11953,0,7,4,1,0.12395636673054986,0.27446032571415213,NetBanking,0.2188512734130399,0,2
873,24,Tier3,MNC,65140,17547,1,15,13,1,0.1416378906295152,0.05380204739566806,Card,0.26937365673933067,0,2
874,25,Tier1,SME,98102,37079,0,21,4,2,0.005227754333306396,0.07412797886343803,UPI,0.37796375201321075,0,2
875,44,Tier2,Startup,29721,10816,1,23,15,0,0.2529891582281649,0.05486875717434399,UPI,0.3639177685811379,0,3
876,38,Tier1,SME,27244,11987,0,23,8,3,0.14711154463514747,0.12506155344193326,NetBanking,0.439986786081339,0,1
877,39,Tier1,Startup,44089,15267,1,9,6,0,0.19178915586368972,0.1454881364171108,UPI,0.34627684910068274,0,1
878,46,Tier3,Gig,76267,18603,2,9,11,2,0.21825985581633234,0.06376705850710582,UPI,0.24391938846421127,0,3
879,39,Tier1,SME,27802,7486,2,22,11,4,0.014279928699299218,0.1744633035287168,Card,0.2692612042299115,0,3
880,42,Tier3,SME,71940,12727,2,17,9,0,0.29025397726363755,0.06540399570403657,UPI,0.17691131498470947,0,1
881,23,Tier1,SME,70534,30126,1,15,12,1,0.21720175481592882,0.057403075695936036,UPI,0.42711316528199167,0,0
882,49,Tier3,SME,100287,18914,2,20,4,5,0.12837638069711282,0.1314244725475305,NetBanking,0.1885987216688105,0,2
883,36,Tier3,MNC,80909,25382,3,7,14,1,0.19609078191488755,0.07452594831299308,Card,0.3137104648432189,0,0
884,26,Tier2,SME,67281,18194,1,15,11,2,0.15704446057621332,0.11427846850391322,UPI,0.2704180972339888,0,4
885,48,Tier1,MNC,87182,16587,2,16,3,1,0.23696585705626444,0.03426122281809198,UPI,0.19025716317588492,0,3
886,45,Tier2,SME,70778,16837,1,22,17,1,0.07497079238200317,0.04960990890752625,UPI,0.23788465342338014,0,0
887,22,Tier2,Gig,50798,17274,2,14,15,2,0.260685911057953,0.3872742514882851,NetBanking,0.34005275798259776,0,1
888,27,Tier3,SME,37107,5913,1,15,3,0,0.21525344785649728,0.0046018533209539565,UPI,0.15934998787290808,1,79
889,21,Tier1,SME,48612,21379,2,20,14,2,0.3551948583069692,0.11843855984259748,Card,0.43978852958117337,0,5
890,30,Tier1,SME,59198,25024,2,10,9,1,0.24889897996075983,0.03560759132537465,Wallet,0.42271698368188115,0,3
891,24,Tier1,Startup,63500,11136,1,7,13,2,0.048375252002202995,0.042453446022857166,UPI,0.17537007874015748,0,5
892,45,Tier2,SME,17296,7100,2,14,6,3,0.48293763090027003,0.056056882134285446,UPI,0.41049953746530987,0,2
893,38,Tier3,SME,55608,13822,2,16,4,2,0.017849195535929542,0.05461196947077428,NetBanking,0.2485613580779744,0,1
894,54,Tier1,Startup,60571,10312,2,14,3,0,0.10153544740430301,0.08421668561343275,UPI,0.1702464875930726,0,3
895,46,Tier2,MNC,70950,17158,0,18,1,2,0.487275004960805,0.040027618580044666,UPI,0.2418322762508809,0,2
896,41,Tier3,SME,92536,36335,0,10,15,2,0.32410794108043367,0.1346410903305522,UPI,0.39265799256505574,0,1
897,38,Tier1,SME,63713,22283,2,6,5,1,0.20350652997748386,0.10396029789805504,Wallet,0.3497402413950057,0,0
898,22,Tier1,Startup,41808,9263,2,20,17,2,0.06247038913058592,0.11391426255420978,Card,0.2215604668962878,0,3
899,23,Tier2,Gig,23638,8645,3,21,4,3,0.32587332788458406,0.029054956511601764,Card,0.36572468059903546,0,1
900,41,Tier2,Startup,73740,26719,1,17,6,0,0.15110508228044403,0.10117559796611195,UPI,0.3623406563601844,0,3
901,21,Tier1,SME,42618,15890,2,11,15,2,0.3200678512821271,0.023237616765942673,UPI,0.3728471537847858,0,2
902,22,Tier2,MNC,77336,24144,2,12,6,5,0.28105763102615305,0.07385553102674267,UPI,0.31219613116789074,0,3
903,28,Tier2,SME,87948,34799,2,14,13,5,0.2387900542464782,0.181215908433397,UPI,0.3956769909491972,0,1
904,51,Tier3,Gig,29118,9970,2,13,1,1,0.5258900400214088,0.019279772569852652,Card,0.3423998901023422,1,89
905,36,Tier3,Gig,71077,13335,1,10,17,0,0.22656707136308374,0.12147410283883586,UPI,0.1876134333187951,0,1
906,45,Tier2,Gig,85852,33746,2,12,11,1,0.1961212434040482,0.0126543711755735,NetBanking,0.39307179797791547,0,1
907,34,Tier2,MNC,80380,19864,2,11,13,1,0.1923453684312527,0.1722365674541227,Card,0.24712615078377706,0,3
908,26,Tier1,Startup,18072,6533,1,14,0,3,0.4116912492643563,0.051919984846253486,UPI,0.3614984506418769,0,3
909,33,Tier2,Gig,42926,15133,1,12,17,2,0.2705800847770854,0.055489205582843586,UPI,0.35253692400875924,0,5
910,24,Tier1,Startup,34396,8625,2,15,8,3,0.20594176880005854,0.1674693056225594,UPI,0.2507559018490522,0,1
911,47,Tier2,Startup,70469,13988,1,20,3,4,0.22343681487542186,0.18832423285287012,UPI,0.1984986306035278,0,1
912,27,Tier1,SME,68266,24472,1,11,2,2,0.15568852430697136,0.059438209453857804,Card,0.358480063281868,0,5
913,33,Tier2,Startup,15000,6070,2,7,1,1,0.2516734499793905,0.11844390728410868,Card,0.4046666666666667,0,2
914,54,Tier1,MNC,53983,21672,3,20,12,2,0.20391610858413553,0.07531891802547798,UPI,0.4014597188003631,0,1
915,41,Tier1,MNC,76014,25689,2,9,3,4,0.1822324732326267,0.1028033513304425,Wallet,0.3379509037808825,0,3
916,36,Tier1,Gig,62959,13739,1,22,16,1,0.25021755422965347,0.07080590937987147,UPI,0.2182213821693483,1,76
917,39,Tier2,Gig,62925,15408,0,15,4,1,0.5511869624420981,0.025231994353304362,Card,0.24486293206197854,0,3
918,47,Tier2,Gig,52700,19835,1,15,1,5,0.19301701350467082,0.03811714978672915,UPI,0.3763757115749526,0,3
919,29,Tier1,SME,38821,10608,1,13,15,0,0.08170973372895611,0.1423722531654547,UPI,0.27325416655933643,0,1
920,42,Tier3,MNC,59658,22058,2,18,13,2,0.048858452375779446,0.04591039564571956,NetBanking,0.36974085621375175,0,0
921,50,Tier3,MNC,61041,14822,1,17,9,3,0.23933762307012857,0.11716878089828697,Card,0.2428203994036795,0,2
922,40,Tier1,Gig,72305,10982,0,22,14,1,0.365658394114603,0.016755902996547334,UPI,0.15188437867367402,0,1
923,36,Tier2,Startup,73929,24473,2,6,13,1,0.1636851728167523,0.09569249933504836,UPI,0.33103382975557627,0,2
924,25,Tier1,Gig,61717,20383,0,9,3,2,0.20723632872915035,0.059441824583354355,NetBanking,0.33026556702367255,1,66
925,29,Tier1,SME,81898,27703,0,10,7,2,0.14955038394839712,0.14990450410650502,Card,0.33826222862585165,0,1
926,53,Tier2,SME,52501,12099,1,9,16,2,0.15811064533038852,0.06695508099463059,Card,0.23045275328088988,0,1
927,39,Tier1,Startup,31119,12239,0,23,12,2,0.2430464835682396,0.030658359643302525,Card,0.39329669976541665,0,1
928,31,Tier3,MNC,69541,20600,1,7,11,2,0.32876558075436324,0.1610271443635811,UPI,0.29622812441581226,0,2
929,35,Tier3,Gig,62527,23679,3,8,3,3,0.2679867369532962,0.21990529642502293,Card,0.37870040142658373,1,97
930,40,Tier2,SME,69938,23312,2,13,9,0,0.28592860671152126,0.10391952528890744,NetBanking,0.33332380108095744,0,2
931,39,Tier2,MNC,34710,9539,2,10,2,1,0.28812592502135237,0.07681510107884086,UPI,0.27481993661768944,0,3
932,44,Tier2,MNC,95815,33907,2,11,12,4,0.2087557479891387,0.10496842095647452,NetBanking,0.3538798726712936,0,1
933,29,Tier3,Gig,74210,23932,0,16,3,1,0.35747983833891783,0.11192642352271788,Wallet,0.3224902304271661,1,61
934,43,Tier1,Startup,54240,16446,2,16,5,1,0.1525718983657148,0.16116721760676236,UPI,0.3032079646017699,0,1
935,36,Tier1,Startup,41290,14227,1,21,10,0,0.22896509237786294,0.13390853683405407,NetBanking,0.34456284814725113,0,2
936,52,Tier2,Startup,81543,14333,0,14,0,5,0.17040089407851416,0.08554089749557972,UPI,0.1757722919196007,0,2
937,26,Tier1,SME,37964,16061,1,22,12,0,0.14844044701472017,0.06224815636362517,Card,0.42305868717732587,0,0
938,26,Tier1,Startup,105227,26361,2,9,7,2,0.08567496760745329,0.07575334317138634,UPI,0.25051555209214366,0,2
939,36,Tier1,Gig,47735,10377,0,9,9,3,0.18525169893348187,0.07033151778036105,UPI,0.21738766104535456,0,1
940,38,Tier2,MNC,94410,36021,1,13,13,5,0.3138571027125825,0.14714293455612992,NetBanking,0.3815379726723864,0,2
941,44,Tier1,Startup,56310,12352,1,8,13,2,0.22083181698404508,0.026814717568313925,Card,0.2193571301722607,0,1
942,34,Tier1,SME,91614,41110,1,6,16,1,0.21955008201162646,0.06845019438698063,NetBanking,0.44873054336673435,0,3
943,52,Tier1,SME,45302,12510,0,12,3,4,0.17012182116123914,0.07484942528278363,UPI,0.2761467484879255,0,4
944,37,Tier1,SME,60376,14429,2,15,7,1,0.219629749582739,0.00944107633898553,Card,0.23898568967801775,0,1
945,25,Tier3,Gig,76094,12830,1,10,1,3,0.18136173751967494,0.17954430722179385,UPI,0.1686072489289563,0,4
946,25,Tier1,MNC,73241,11904,2,10,4,0,0.03296452655657441,0.10135166285825659,UPI,0.1625319151841182,0,3
947,54,Tier2,SME,82015,14643,1,7,9,2,0.3162165226759438,0.004007792518354471,NetBanking,0.1785405108821557,0,4
948,25,Tier2,Startup,50250,7613,1,8,2,1,0.038175546369549306,0.1394106872627497,UPI,0.15150248756218906,0,3
949,53,Tier1,MNC,61696,15308,2,21,8,3,0.11384548488973238,0.07242883464320812,UPI,0.2481198132780083,0,3
950,30,Tier2,Startup,84967,20658,2,7,16,3,0.10566679711747694,0.06518625876199766,UPI,0.24312968564266127,0,3
951,24,Tier2,Gig,45894,12805,0,18,1,3,0.13121002365586626,0.04288834368371541,Card,0.2790125070815357,0,2
952,31,Tier2,MNC,71450,15710,2,18,4,2,0.09784907727519795,0.027879824069536197,NetBanking,0.2198740377886634,0,2
953,41,Tier1,MNC,55616,9389,2,9,5,4,0.05852305458251567,0.01287079883056039,UPI,0.1688183256616801,0,4
954,35,Tier1,Gig,64117,10986,1,10,16,2,0.23232253323917862,0.007272495386928004,UPI,0.17134301355334777,0,1
955,47,Tier3,MNC,61691,12624,2,12,13,1,0.4629855009668116,0.17709164455374093,Card,0.20463276652996384,0,1
956,41,Tier2,MNC,44234,10836,1,17,3,2,0.16459407718512847,0.0133988678116587,UPI,0.24496993263100783,0,2
957,34,Tier3,Gig,54786,10650,2,6,12,0,0.2869479155226621,0.07442779588799256,Card,0.19439272806921476,0,2
958,42,Tier3,Gig,62898,16324,1,20,0,2,0.06104541395383064,0.06437830537762972,UPI,0.2595313046519762,1,50
959,54,Tier1,Startup,57945,24723,3,12,14,2,0.3361336898553038,0.030273406795558507,Card,0.4266632151177841,0,1
960,35,Tier2,SME,91454,20895,2,14,4,3,0.061679070583284305,0.1137278917394226,UPI,0.22847551774662672,0,0
961,26,Tier1,Gig,80199,16081,2,22,12,2,0.24027260908516984,0.03321316213609129,UPI,0.20051372211623586,0,1
962,34,Tier2,Startup,65799,22992,1,8,8,0,0.32075664918408997,0.05592200030710726,NetBanking,0.3494278028541467,0,2
963,49,Tier1,Startup,44737,13298,2,23,13,2,0.10856624627581773,0.018813075703353648,UPI,0.2972483626528377,0,4
964,28,Tier1,Gig,43519,7144,1,17,6,5,0.11876181714157337,0.11310600673392965,UPI,0.16415818378179645,0,5
965,53,Tier2,Startup,99476,38431,1,13,9,2,0.12131271390664973,0.04177489706259496,Card,0.3863343922152077,0,4
966,41,Tier2,SME,39802,14511,1,7,16,2,0.22582246754657137,0.04355611376622659,UPI,0.36457966936334857,0,2
967,41,Tier2,SME,62277,27600,2,7,14,2,0.1494861754021579,0.0600792974771929,UPI,0.44318127077412206,0,2
968,31,Tier1,SME,67218,29004,2,20,9,1,0.07778160975158162,0.03094797137168459,UPI,0.43149156475943945,0,1
969,52,Tier1,SME,53773,17490,3,13,16,5,0.018267919393360633,0.003199735891562066,NetBanking,0.32525616945307123,0,1
970,22,Tier3,SME,39955,14216,1,19,2,2,0.0714693585724771,0.09376589910949981,UPI,0.3558002753097234,0,0
971,31,Tier1,SME,44302,12087,2,20,12,1,0.14522791154152376,0.059226498933402844,NetBanking,0.272831926323868,0,1
972,35,Tier1,Gig,49069,20439,2,13,11,3,0.21705815202075993,0.025224334022056028,Card,0.4165358984287432,0,3
973,37,Tier2,SME,45810,14468,2,11,4,0,0.1195493086011574,0.09342914357806088,NetBanking,0.31582623881248634,0,1
974,37,Tier1,MNC,86554,21436,2,10,7,3,0.196505723170472,0.052222795320119704,UPI,0.24766042008457148,0,3
975,26,Tier2,MNC,59817,9142,1,17,7,0,0.02473659902024982,0.1359842462954986,UPI,0.15283280672718458,0,1
976,28,Tier1,MNC,49523,16141,2,18,12,1,0.25095511057833686,0.16053841739365526,NetBanking,0.3259293661531006,0,5
977,24,Tier2,Startup,62139,19115,2,12,11,3,0.02394800541548738,0.045032519905535286,UPI,0.3076167946056422,0,3
978,40,Tier3,SME,73359,28871,2,16,14,3,0.15027277240703962,0.012055650123592816,UPI,0.39355770934718304,0,1
979,32,Tier3,MNC,53107,10945,1,15,11,6,0.12670732222494568,0.1657631613427448,UPI,0.2060933586909447,0,4
980,40,Tier2,Gig,78039,30795,1,8,17,0,0.24305587913871016,0.10773610315678124,UPI,0.39461038711413526,1,58
981,41,Tier1,MNC,34577,5345,1,15,14,3,0.3068368795688423,0.03389459674200258,UPI,0.15458252595656072,0,3
982,44,Tier2,MNC,83426,27213,2,19,10,4,0.2101609598781999,0.12633172784341426,Wallet,0.3261932730803347,0,1
983,39,Tier2,Gig,59820,16094,1,23,0,4,0.16842210602652935,0.11331782384488667,UPI,0.2690404546974256,0,2
984,43,Tier2,SME,59039,14727,2,12,6,3,0.5680589944425097,0.03394053480108408,UPI,0.24944528193228205,0,0
985,40,Tier2,Startup,46139,12918,0,10,2,4,0.288659815697176,0.17074592668169122,UPI,0.2799800602527146,0,2
986,43,Tier2,Gig,35442,7693,0,22,7,4,0.06604225753531562,0.056694836253175326,NetBanking,0.21705885672366118,0,0
987,41,Tier2,Gig,26666,5467,1,22,17,1,0.05317563965829328,0.060358266672150857,Wallet,0.205017625440636,0,3
988,31,Tier2,MNC,44744,17518,1,20,7,7,0.18548011103738288,0.03682288052577759,UPI,0.3915161809404613,0,1
989,29,Tier1,Startup,71753,15665,1,12,14,1,0.2985628504802459,0.05753909497974078,Card,0.21831839783702423,0,0
990,47,Tier1,Startup,40774,15130,2,10,8,0,0.0967340034238345,0.07990311654114729,Wallet,0.3710697993819591,0,4
991,32,Tier2,MNC,29031,10550,3,17,10,1,0.17689715058405672,0.1520276259840816,NetBanking,0.36340463642313386,0,2
992,39,Tier1,Gig,41818,6691,1,10,0,5,0.34790668623940896,0.03172472784843056,Card,0.16000286957769383,0,2
993,27,Tier3,SME,52303,21670,1,19,12,1,0.3419754528831743,0.0502597332339238,UPI,0.4143165783989446,1,63
994,35,Tier2,Gig,53089,20535,2,13,4,4,0.1922420146643176,0.1159461630869087,UPI,0.38680329258415114,1,51
995,39,Tier1,Startup,57422,22326,1,11,8,1,0.16083909367529295,0.041912070486421954,UPI,0.3888056842325241,0,2
996,42,Tier2,SME,80652,31676,2,20,17,1,0.6492561733977287,0.18194698928316377,NetBanking,0.39274909487675447,1,109
997,38,Tier2,MNC,84985,27600,2,12,4,5,0.2475939010620962,0.09964538279325397,UPI,0.32476319350473615,0,1
998,33,Tier2,Gig,100109,44850,2,8,16,2,0.09234248956994309,0.026402225011172176,UPI,0.4480116672826619,0,2
999,53,Tier1,SME,27501,5603,0,20,14,2,0.15878420081525083,0.19450290125569483,Card,0.20373804588924038,0,4
1000,38,Tier3,MNC,42882,7362,3,11,0,0,0.12105604502301817,0.16690085678899355,Wallet,0.17168042535329509,0,3
1001,48,Tier1,MNC,73969,26721,3,17,6,2,0.3947545323615016,0.037507156335368545,UPI,0.36124592734794303,0,1
1002,46,Tier2,Startup,50919,12127,0,17,17,3,0.13780180359366936,0.09938270240613761,UPI,0.23816257192796403,0,3
1003,39,Tier1,MNC,77215,25671,1,7,8,1,0.11572628186410631,0.04411999564450906,UPI,0.33246130933108853,0,1
1004,51,Tier2,SME,64142,17158,1,6,14,1,0.23625648206061117,0.054579004415145516,NetBanking,0.2675002338561317,0,1
1005,25,Tier2,Startup,91584,22901,1,20,16,4,0.1446913015606324,0.009466340108479876,UPI,0.25005459468902863,0,3
1006,52,Tier2,MNC,80854,33794,3,7,0,2,0.3713976003494687,0.0723082116098897,UPI,0.4179632423875133,0,2
1007,49,Tier1,SME,81220,15644,1,11,13,4,0.29225049852676815,0.07573943249373019,NetBanking,0.19261265698103916,0,2
1008,38,Tier2,MNC,51762,10698,1,19,16,3,0.12775286785873644,0.15180950978584867,UPI,0.20667671264634288,0,1
1009,45,Tier2,Gig,58050,20337,0,9,10,1,0.06597192923447352,0.06306575017229557,UPI,0.3503359173126615,0,1
1010,38,Tier1,Gig,53894,20737,2,15,17,0,0.1575023348213388,0.05187929659545978,UPI,0.3847738152670056,0,3
1011,30,Tier3,MNC,29882,11942,2,8,12,4,0.11676193993243121,0.13150574954082064,Card,0.3996385784084064,0,1
1012,48,Tier2,SME,89435,19617,2,16,11,2,0.10064759992142581,0.06537569115155713,UPI,0.21934365740481915,0,1
1013,29,Tier3,SME,74907,31058,2,18,2,3,0.20523682703968482,0.08629717929304645,UPI,0.41462079645426997,0,5
1014,31,Tier3,Gig,53099,17674,0,10,14,4,0.167269136944583,0.07211545884788725,UPI,0.3328499595095953,0,1
1015,38,Tier3,SME,86091,34175,2,11,15,0,0.08821042601665172,0.16565076594349276,UPI,0.39696367796866106,1,93
1016,49,Tier2,SME,47392,8083,1,15,5,5,0.1793473409872468,0.1296085873498161,UPI,0.17055621201890614,0,0
1017,34,Tier2,Gig,23237,5973,1,20,2,1,0.04291096088457427,0.05112747149836687,UPI,0.2570469509833455,0,3
1018,37,Tier1,MNC,80147,24641,2,15,10,3,0.294416909245582,0.19009793194226382,NetBanking,0.30744756509913035,0,5
1019,22,Tier2,SME,34428,11123,3,18,16,2,0.09006578729192974,0.06575982592510307,UPI,0.32308005112118043,0,1
1020,24,Tier2,MNC,56084,10079,2,13,13,0,0.2266828162036283,0.045024493764190696,Wallet,0.17971257399614862,0,1
1021,22,Tier2,Startup,64122,19980,2,8,14,3,0.14412605621992713,0.1681094189679512,NetBanking,0.3115935248432675,0,1
1022,23,Tier3,SME,67709,23674,1,23,10,2,0.24813026469413144,0.04580279894174713,UPI,0.34964332658878433,0,0
1023,50,Tier1,Gig,76968,19894,0,20,7,1,0.1830183415504622,0.08548209981579169,UPI,0.2584710529051034,0,3
1024,49,Tier1,SME,71617,21500,2,6,5,2,0.3921659088026786,0.17648567588376102,Wallet,0.30020805116103716,0,1
1025,48,Tier2,MNC,70997,16880,2,10,14,1,0.35161738538310233,0.1991285748581123,Card,0.2377565249235883,1,62
1026,22,Tier1,Gig,44184,18166,2,13,11,0,0.024330721318117386,0.011199999913632542,UPI,0.41114430563099763,0,5
1027,23,Tier1,Gig,65884,21726,2,7,13,3,0.09123558702015258,0.04891940215708425,UPI,0.3297613988221723,0,3
1028,30,Tier1,Startup,29889,9426,1,21,15,3,0.08886764682620958,0.05310955132541295,NetBanking,0.31536685737227743,0,2
1029,40,Tier2,Startup,91242,39535,1,9,17,3,0.18523064172624537,0.07622969753653956,Card,0.433298261765415,0,0
1030,32,Tier1,MNC,31948,11165,0,9,15,2,0.19109015870239557,0.11919590105775056,UPI,0.3494741454864154,0,4
1031,37,Tier1,Startup,53071,12415,2,11,8,1,0.09802904362022449,0.1283087728374742,UPI,0.2339319025456464,0,3
1032,26,Tier1,MNC,33622,11516,3,22,2,1,0.19106786127750439,0.1309092136078339,Card,0.34251383023020643,0,1
1033,45,Tier1,MNC,45396,19905,2,10,10,0,0.33726240239572025,0.04009894990110875,NetBanking,0.43847475548506476,0,1
1034,31,Tier1,Gig,60268,9466,2,13,8,2,0.14589496873241165,0.007958749865818092,UPI,0.15706510917900046,0,4
1035,23,Tier2,Startup,49424,16704,2,18,16,1,0.14014009406837374,0.016593529823617982,UPI,0.33797345419229524,0,1
1036,46,Tier2,MNC,82884,16332,1,8,0,0,0.14348903353288187,0.0685695983725985,UPI,0.19704647459099464,0,0
1037,51,Tier1,MNC,64538,25488,1,7,15,0,0.1862112664769167,0.036404720686818305,Card,0.3949301186897642,0,1
1038,21,Tier2,Gig,50741,17363,1,7,11,3,0.19023345025111688,0.1025052646182595,UPI,0.3421887625391695,0,2
1039,35,Tier1,MNC,57328,24713,3,9,1,0,0.2387202469005408,0.09448994979027617,UPI,0.4310807982137873,0,2
1040,49,Tier1,MNC,84394,29611,0,11,4,1,0.22538323090515608,0.1124205136696329,UPI,0.3508661753205204,0,2
1041,45,Tier3,MNC,78177,12130,2,22,1,2,0.095324568865202,0.08140022380309565,Card,0.15516072502142575,0,2
1042,50,Tier2,MNC,37224,11282,1,22,16,3,0.12888945223896586,0.2567801202488055,UPI,0.30308403180743604,1,103
1043,35,Tier3,SME,46386,19533,2,16,11,0,0.0718572303240247,0.16254485618915016,Wallet,0.421096882680119,0,1
1044,33,Tier1,Gig,69495,15267,1,22,11,2,0.11627329900671379,0.11042545895310708,UPI,0.21968486941506582,0,0
1045,45,Tier1,SME,67067,11727,3,6,9,2,0.2638777971350567,0.134694198121094,NetBanking,0.17485499575051813,1,34
1046,26,Tier1,SME,38992,14269,1,16,7,3,0.12319395443853426,0.13725711467088064,UPI,0.3659468608945425,0,4
1047,29,Tier1,Startup,74982,22551,3,13,3,3,0.11103151236170053,0.20030081084621135,NetBanking,0.3007521805233256,0,1
1048,41,Tier3,SME,42182,6929,2,8,13,2,0.08185514349948735,0.03758283443916466,UPI,0.16426437817078374,0,3
1049,43,Tier1,Startup,86076,20139,1,15,2,3,0.43269049202776544,0.03605117641206023,UPI,0.23396765648961382,0,2
1050,25,Tier3,Startup,70588,17507,2,14,3,5,0.20233310756997744,0.046071744047356505,UPI,0.24801666005553352,0,0
1051,38,Tier3,Startup,37361,13089,2,19,17,2,0.29352983153101786,0.01740577703271978,UPI,0.35033858836754905,0,3
1052,33,Tier2,Startup,49418,14404,1,13,1,2,0.4340623096207732,0.11725073916065898,UPI,0.29147274272532275,0,4
1053,38,Tier1,Startup,49070,14532,2,13,17,1,0.09097692925388391,0.08442676291348686,UPI,0.2961483594864479,0,3
1054,53,Tier2,Startup,63197,24772,2,10,1,1,0.05173181999193731,0.08904115021350416,UPI,0.39198063199202493,0,0
1055,23,Tier1,Startup,55920,13058,2,14,8,0,0.1925761483916606,0.07703548383103795,UPI,0.23351216022889842,0,4
1056,54,Tier2,MNC,37090,13047,2,7,10,3,0.1810869720564715,0.06229821760468912,UPI,0.3517659746562416,0,5
1057,36,Tier1,Startup,32114,8358,2,16,2,1,0.13535681575308475,0.22081099172238758,Card,0.2602603226007349,0,1
1058,47,Tier3,Startup,70980,19555,1,12,15,4,0.0958157445629001,0.12205893886095165,UPI,0.2755001408847563,0,1
1059,35,Tier2,MNC,65724,20819,1,10,17,6,0.21200115242514325,0.008684675158189272,Card,0.316764043576167,0,3
1060,31,Tier2,Gig,62110,22278,1,12,4,2,0.05329007549498038,0.020568428488647997,UPI,0.3586862018998551,0,2
1061,47,Tier2,SME,65414,28360,2,22,3,3,0.20716118233336678,0.07983286781743489,UPI,0.43354633564680345,0,2
1062,44,Tier2,MNC,47621,10986,1,18,13,1,0.1273679949475119,0.04799559049688393,UPI,0.23069654144180088,0,1
1063,25,Tier3,Gig,63679,11533,1,21,6,2,0.26862959442304585,0.016751506957692824,UPI,0.18111151242952936,0,2
1064,44,Tier1,MNC,110770,30864,2,13,0,2,0.25708336229510476,0.010061603577019601,UPI,0.2786313983930667,0,1
1065,46,Tier3,SME,83491,26217,1,13,13,1,0.12945297677627876,0.04846740402766086,Wallet,0.31400989328191065,0,2
1066,34,Tier2,SME,54231,11844,1,6,6,0,0.20018503903888912,0.25156586009095566,UPI,0.21839907064225259,0,3
1067,52,Tier3,Gig,49532,20662,2,18,7,2,0.22441516623618085,0.2344172888879904,Card,0.41714447226035695,1,119
1068,42,Tier1,SME,15000,5844,2,6,11,1,0.2539389139785226,0.15447362717304555,Card,0.3896,0,2
1069,32,Tier2,Startup,81373,24257,2,23,10,2,0.3154131015981015,0.101561476928284,UPI,0.2980964201885146,0,1
1070,21,Tier1,Startup,75732,21585,1,18,14,2,0.20630495265592436,0.014017449045206251,UPI,0.28501822215179845,0,3
1071,43,Tier2,Startup,49123,7968,2,14,14,4,0.156464765711386,0.019838809532211503,Card,0.16220507705148302,0,2
1072,28,Tier1,Gig,31365,9756,3,17,16,3,0.3775830309589594,0.0283272941706223,Card,0.3110473457675753,0,1
1073,46,Tier1,Gig,36894,12127,1,23,16,2,0.2457490943201314,0.04572110259946974,Wallet,0.32869843334959614,1,110
1074,38,Tier1,SME,68887,28759,0,8,11,2,0.20828420605453318,0.08241257690219038,UPI,0.4174808018929551,0,1
1075,36,Tier1,Gig,58213,17483,1,19,10,4,0.19428999004312741,0.02076321002630461,Card,0.30032810540600896,0,2
1076,26,Tier1,SME,73831,14560,2,21,8,3,0.26145095121760764,0.06680177779649085,UPI,0.1972071352142054,0,4
1077,45,Tier2,MNC,61728,12593,1,16,11,3,0.24691032355472606,0.05890224566887426,UPI,0.20400790565059618,0,4
1078,26,Tier1,MNC,79335,15705,1,17,1,0,0.18849959493561622,0.09624024423211673,UPI,0.19795802609188884,0,3
1079,35,Tier2,Startup,67391,29083,2,15,7,2,0.15457147090495804,0.06309159678956436,Wallet,0.43155614251161134,0,3
1080,49,Tier1,MNC,76575,29712,3,8,4,0,0.37052720004102063,0.08339150207900023,Card,0.3880117531831538,0,2
1081,52,Tier2,SME,18206,7235,1,23,10,6,0.20055174557660477,0.06960473221385226,Card,0.3973964627046029,0,1
1082,54,Tier2,SME,35313,14200,2,11,16,2,0.15528723507113615,0.1896381811098657,NetBanking,0.4021182000962818,0,5
1083,53,Tier1,SME,52712,9419,3,12,8,2,0.25773253156289444,0.12627145632567408,UPI,0.17868796478980117,1,77
1084,39,Tier2,MNC,81591,29426,1,23,10,2,0.03654094294690366,0.125804759791818,Card,0.36065252294983513,0,1
1085,27,Tier3,Gig,97610,35266,2,7,7,3,0.17194621588864137,0.09990718625710879,UPI,0.3612949492879828,0,3
1086,49,Tier2,SME,56715,12332,0,13,6,3,0.2554550269420229,0.08310460017367863,UPI,0.21743806753063563,0,0
1087,48,Tier1,MNC,47768,14196,1,16,12,1,0.05625218345832212,0.04155004495578594,Card,0.29718640093786636,0,3
1088,54,Tier1,SME,20900,7288,0,10,4,1,0.309901137903712,0.09139187778827662,UPI,0.34870813397129186,0,3
1089,43,Tier2,SME,77271,32392,1,18,15,4,0.2116532481521057,0.14210610564126783,NetBanking,0.4191999585873096,0,3
1090,25,Tier1,Startup,48996,8972,1,15,2,3,0.06927777019145001,0.0254073375650142,UPI,0.18311698914197078,0,1
1091,38,Tier2,SME,119166,49770,2,10,4,1,0.08165409126351891,0.017742260942050475,UPI,0.4176526861688737,0,4
1092,36,Tier1,MNC,45211,19292,1,9,13,1,0.07469842642073524,0.08556411818698073,UPI,0.42671031386167085,0,5
1093,49,Tier2,Gig,102105,43607,1,11,1,3,0.3349688504843404,0.1910336188005678,UPI,0.4270799667009451,0,3
1094,34,Tier1,SME,74967,11353,2,20,7,2,0.09775275545817819,0.11907976565728136,UPI,0.1514399669187776,0,3
1095,32,Tier1,MNC,39434,8529,3,15,6,3,0.26222205784709635,0.0432525105965442,Card,0.21628543896130242,0,0
1096,23,Tier3,Startup,64642,23101,1,20,16,1,0.24191003649430853,0.04103109716872634,UPI,0.3573682744964574,0,1
1097,49,Tier3,Startup,75427,18594,0,18,2,3,0.08736903675916344,0.08774630951936163,UPI,0.24651649939676773,0,2
1098,46,Tier3,Startup,55494,9341,1,20,8,5,0.35475073337254415,0.04235852537539459,Card,0.16832450354993334,0,2
1099,22,Tier3,SME,76759,29082,2,21,8,0,0.15790571301577763,0.04011620146570535,UPI,0.3788741385375005,0,6
1100,35,Tier1,SME,76319,12102,2,17,14,1,0.4651072188555906,0.018938579340074847,Card,0.15857126010560935,0,0
1101,37,Tier1,SME,71926,20413,1,12,9,1,0.17820779627641417,0.24419571885870886,UPI,0.2838055779551205,0,5
1102,36,Tier1,MNC,59670,25913,1,18,2,0,0.22838563571900358,0.14879719179717288,UPI,0.4342718283894754,0,3
1103,52,Tier2,MNC,36501,10295,2,23,15,2,0.17466154142963225,0.04488507446483002,UPI,0.28204706720363826,0,2
1104,26,Tier1,Gig,58464,24763,2,11,2,2,0.36544702034780874,0.045919080310392796,UPI,0.4235597974822113,0,4
1105,31,Tier3,Startup,63521,17322,1,14,12,1,0.028556985689310643,0.0818979526922756,Card,0.27269721824278587,0,3
1106,27,Tier1,SME,22478,5709,0,21,4,4,0.17101196486178757,0.12217980030084799,UPI,0.2539816709671679,0,2
1107,29,Tier1,MNC,63384,11549,1,16,2,1,0.29379159594767096,0.017185144474904292,UPI,0.1822068660860785,0,2
1108,51,Tier1,Startup,58063,14946,2,8,3,4,0.0865234653209142,0.008934560740169442,UPI,0.25741005459587,0,3
1109,52,Tier1,MNC,34067,8554,3,12,16,6,0.2910057259936831,0.038376041647971024,Card,0.2510934335280477,0,3
1110,22,Tier1,MNC,53339,21547,1,10,17,0,0.343227238443536,0.20600883719866392,Card,0.40396332889630476,0,2
1111,42,Tier2,MNC,53763,22901,3,14,10,1,0.28947375192388053,0.11638853157222798,UPI,0.4259620928891617,0,4
1112,28,Tier1,Startup,98601,15438,1,23,14,2,0.01723679185269781,0.05416123582701708,UPI,0.15657042017829434,0,0
1113,27,Tier2,Startup,64402,11558,2,21,16,6,0.08881169193666799,0.20643405733314762,UPI,0.17946647619639142,0,5
1114,30,Tier3,MNC,80720,27684,2,23,6,1,0.06494983802476,0.181700725107671,Card,0.3429633300297324,0,0
1115,27,Tier2,MNC,57643,17029,2,19,13,1,0.06939962487309619,0.1821553835179708,UPI,0.2954218205159343,0,3
1116,37,Tier2,Startup,22521,5383,0,15,9,1,0.1306521283701315,0.1859850960476317,Card,0.23902135784379025,0,6
1117,54,Tier1,SME,73446,16743,1,17,3,2,0.06600096856431188,0.1116379052052106,UPI,0.22796340168286905,0,5
1118,40,Tier1,Startup,46836,10182,2,14,9,5,0.26614765850040234,0.054429647509720507,UPI,0.21739687419933384,0,0
1119,45,Tier1,MNC,53287,16392,2,6,0,0,0.306245494117568,0.15233646937177567,UPI,0.307617242479404,0,4
1120,37,Tier3,Startup,38940,6045,1,8,10,2,0.2778896366077212,0.10936838511399286,Card,0.15523882896764252,1,56
1121,21,Tier2,Gig,61455,22840,2,15,4,2,0.14699512633613038,0.02121014862781288,UPI,0.37165405581319666,0,3
1122,23,Tier1,Startup,81303,19522,1,17,1,4,0.1858001252987046,0.23871731996411763,UPI,0.240114140929609,0,1
1123,30,Tier1,MNC,78654,21869,1,10,12,1,0.34251450424906976,0.0714685698044114,Card,0.27804053195005973,0,1
1124,29,Tier2,Startup,91723,28261,2,6,6,1,0.1970017568598334,0.04593813953810848,Card,0.3081124690644658,0,4
1125,49,Tier2,SME,94559,20179,1,7,8,0,0.1652571310085688,0.11181673016857786,UPI,0.21340115694962933,0,2
1126,49,Tier2,MNC,19082,7921,1,11,1,1,0.0680186294054384,0.11836937807095627,NetBanking,0.4151032386542291,0,3
1127,50,Tier3,SME,36127,12811,1,21,1,1,0.19914096783316163,0.2702960628366933,Wallet,0.3546101253909818,0,0
1128,42,Tier2,Gig,23836,9798,3,13,16,1,0.17916964954822545,0.1285319447736508,UPI,0.41105890250041954,0,3
1129,39,Tier2,SME,72638,21256,1,23,10,0,0.11020079273387427,0.11780628417414994,UPI,0.2926292023458796,0,1
1130,43,Tier1,Gig,46138,12906,1,22,7,3,0.11739810723365843,0.09909865574287299,NetBanking,0.2797260392734839,0,0
1131,34,Tier1,SME,50216,11104,1,21,11,1,0.4843102351205176,0.09785352601696765,UPI,0.22112474111836863,0,3
1132,43,Tier3,SME,55668,17449,0,23,13,4,0.1672056197326828,0.05985741733075573,Card,0.31344758209384205,0,1
1133,48,Tier2,MNC,67651,22186,0,10,2,3,0.2390281021109094,0.024561439741603158,Card,0.3279478499948264,0,1
1134,46,Tier1,Startup,30293,8360,0,23,16,2,0.06749681116126965,0.03429097101790198,Card,0.2759713465156967,0,3
1135,41,Tier2,MNC,34822,6742,1,22,11,0,0.09209130934927093,0.0868413197058368,UPI,0.19361323301361208,0,3
1136,22,Tier1,SME,60025,13921,2,20,5,2,0.2795776099669261,0.0061908817967734515,UPI,0.23192003331945024,0,1
1137,45,Tier2,MNC,83974,12955,1,9,4,2,0.12450165812226544,0.08277476940923147,UPI,0.15427394193440827,0,5
1138,33,Tier1,SME,59492,14619,1,11,1,0,0.19432822003007763,0.07511590007022628,UPI,0.2457305183890271,0,4
1139,46,Tier2,SME,44166,14319,2,17,4,1,0.0028086017877341166,0.045045782803530734,UPI,0.3242086673006385,0,1
1140,39,Tier2,MNC,17035,7439,0,6,6,2,0.3045115845799938,0.030066413950957244,Card,0.43668916935720575,0,2
1141,50,Tier1,MNC,79053,16076,1,20,3,1,0.08743894332621997,0.09625701852595675,UPI,0.20335724134441452,0,0
1142,32,Tier1,Gig,45281,7545,3,13,12,1,0.2603860961775413,0.06845913775749606,Card,0.16662617875046928,0,0
1143,52,Tier2,MNC,37051,8851,2,6,4,3,0.04549417864175096,0.03819068494288094,UPI,0.23888693962376184,1,78
1144,49,Tier1,SME,25693,5062,2,11,8,4,0.1490334506050076,0.02622137896916192,UPI,0.1970186432102129,0,1
1145,32,Tier1,SME,31217,11196,2,13,10,2,0.10595127287049132,0.04257600925723621,UPI,0.3586507351763462,0,1
1146,37,Tier2,SME,40775,6186,3,17,1,3,0.10598043032429642,0.05019531305041035,UPI,0.15171060698957695,0,4
1147,39,Tier1,Startup,55223,24533,1,16,3,2,0.1611549855705156,0.36049136429111617,Card,0.4442533002553284,0,1
1148,47,Tier1,MNC,35825,14570,0,12,1,3,0.08353566008414803,0.08155028338301465,UPI,0.4066992323796232,0,1
1149,44,Tier1,SME,63714,18935,2,17,12,1,0.04652932737004085,0.09372481057770235,Card,0.2971874313337728,0,3
1150,49,Tier3,Startup,55071,23475,0,22,12,1,0.3762803614580982,0.04172129011547666,NetBanking,0.4262679086996786,1,34
1151,33,Tier1,SME,104439,35344,2,12,2,4,0.11626676400445701,0.09050617670856716,UPI,0.3384176409195799,0,1
1152,38,Tier1,Gig,25911,11611,0,12,13,2,0.3062476885442721,0.03733656503499187,UPI,0.44811084095557874,0,1
1153,35,Tier1,Gig,63229,14763,1,7,14,2,0.16015981480212227,0.032186319582506166,UPI,0.23348463521485394,0,1
1154,51,Tier1,MNC,63480,28507,2,12,1,3,0.21722688739057439,0.11462999145311795,Card,0.4490705734089477,0,2
1155,31,Tier1,SME,39388,8038,2,11,2,3,0.08854884127234337,0.04412245721684243,UPI,0.20407230628617853,0,0
1156,40,Tier1,MNC,61905,15849,2,19,14,2,0.5326056440638525,0.046484736545112426,Wallet,0.25602132299491154,0,2
1157,25,Tier1,MNC,75391,32463,1,8,5,3,0.1176538705492085,0.012674093607457904,UPI,0.4305951638789776,0,1
1158,49,Tier1,SME,61929,16173,1,16,6,2,0.1761351250806747,0.12925312514576537,NetBanking,0.26115390204912076,0,2
1159,34,Tier3,SME,87689,18673,2,19,10,2,0.1790032472408872,0.03564808939283553,Card,0.21294575146255518,0,1
1160,32,Tier1,SME,16446,2760,0,10,1,3,0.1969373769537701,0.048746821651708974,UPI,0.1678219627873039,0,1
1161,40,Tier1,MNC,43155,8401,2,7,7,1,0.2775913412563252,0.21407496355353114,Card,0.19467037423241804,0,2
1162,37,Tier3,MNC,89501,22963,2,18,6,3,0.014849021629431362,0.1251065943870971,UPI,0.2565669657322265,0,0
1163,49,Tier3,Gig,78240,21623,1,16,14,2,0.27596830532915845,0.04639779564471625,UPI,0.2763675869120654,0,2
1164,39,Tier2,Gig,70810,22144,1,16,13,1,0.2646915921949591,0.21331519336003352,UPI,0.31272419149837594,0,1
1165,38,Tier1,MNC,84664,33364,2,21,5,3,0.16538056928560801,0.03187824641549871,UPI,0.3940754039497307,0,4
1166,24,Tier1,Startup,21668,3337,1,7,11,5,0.21698458919950722,0.07264295443966313,UPI,0.15400590732877978,0,4
1167,21,Tier1,SME,75912,30542,0,9,7,0,0.13902225032553764,0.07892377493753877,NetBanking,0.40233428179997893,0,1
1168,34,Tier1,Startup,81287,26269,3,14,8,4,0.07860921625913043,0.02210272555895636,Card,0.32316360549657386,0,3
1169,54,Tier1,SME,46825,17650,1,16,13,2,0.28608693364974047,0.14791034407572018,Card,0.3769353977576081,0,4
1170,52,Tier2,Gig,112584,42454,2,22,5,0,0.32463305122795433,0.12525309171025353,Card,0.377087330348895,0,4
1171,42,Tier1,MNC,63926,26910,0,17,10,3,0.14365265640479644,0.11221669790819233,UPI,0.4209554797734881,0,2
1172,42,Tier2,SME,16144,2873,1,9,7,3,0.23349190166103,0.22408966975795513,UPI,0.17796085232903866,0,2
1173,34,Tier1,Gig,67625,21738,2,21,11,2,0.14937777689613158,0.03898460991242728,UPI,0.321449168207024,0,2
1174,27,Tier1,MNC,45602,19276,0,13,6,1,0.21768599720279608,0.03425299728994997,Card,0.4227007587386518,0,0
1175,21,Tier2,MNC,83299,30467,2,21,16,4,0.3372643022603647,0.028340106902514706,NetBanking,0.3657546909326643,0,2
1176,32,Tier3,Startup,70958,12699,1,10,7,4,0.09090236885825301,0.1550355224163929,UPI,0.1789650215620508,0,3
1177,31,Tier1,Startup,48041,16054,2,20,1,1,0.1470393807872148,0.0171174172792717,Card,0.3341728939863866,0,0
1178,27,Tier2,Startup,90049,35115,2,15,8,1,0.34668253801315235,0.11403243316013396,UPI,0.38995435818276714,0,2
1179,29,Tier1,Startup,78789,18315,2,16,4,1,0.14187615782990548,0.017156532389190196,UPI,0.2324563073525492,0,0
1180,21,Tier1,Startup,43441,14758,1,23,8,0,0.10690951415622493,0.1071338517670754,UPI,0.3397251444487926,0,0
1181,41,Tier2,MNC,56959,22904,1,8,16,2,0.11107382551323695,0.014632605391112812,Wallet,0.4021138011552169,0,1
1182,52,Tier1,Startup,70338,21605,0,11,1,5,0.4303600471525345,0.13808609302953778,Card,0.30715971452131136,0,1
1183,44,Tier1,Startup,52714,10978,3,9,0,2,0.1771762837675208,0.030128120450781854,UPI,0.20825587130553552,0,2
1184,36,Tier1,Gig,53312,16788,2,20,5,0,0.14377440306099995,0.23800570118106232,NetBanking,0.31490096038415366,0,2
1185,35,Tier1,MNC,60734,19823,2,21,7,2,0.04460840567531109,0.2878021434756888,UPI,0.32639048967629336,0,3
1186,31,Tier1,MNC,38684,10477,1,21,2,0,0.17975458294444938,0.08630426550520626,UPI,0.27083548754006825,0,1
1187,25,Tier1,Startup,15344,5430,1,10,12,2,0.29626123552783523,0.031497162862433786,UPI,0.3538842544316997,0,0
1188,41,Tier3,MNC,64782,18138,0,10,10,1,0.07894968320489008,0.022001022845295242,UPI,0.2799851810688154,0,0
1189,40,Tier2,MNC,20222,8356,1,13,12,2,0.2905104160833218,0.23303686283607863,UPI,0.4132133320146375,0,0
1190,21,Tier1,Gig,40139,15553,1,19,7,0,0.22714561498572455,0.007578564837282794,Wallet,0.3874785121702085,0,4
1191,35,Tier1,SME,24568,9616,1,19,16,4,0.03795946338747251,0.04325389145754066,UPI,0.3914034516444155,0,1
1192,30,Tier2,SME,27031,8320,0,23,12,2,0.10057569185953388,0.020696473385339444,UPI,0.30779475417113683,0,3
1193,26,Tier1,MNC,68527,14315,2,20,16,2,0.40096402021683114,0.11350113029210658,UPI,0.20889576371357274,0,3
1194,44,Tier2,MNC,55553,20406,1,23,1,1,0.17018835391730924,0.07334484579736492,UPI,0.3673248969452595,0,1
1195,38,Tier2,Startup,54831,9358,1,10,12,5,0.05485173884138218,0.12092852930839831,UPI,0.17066987652970037,0,2
1196,42,Tier1,SME,33681,10281,2,16,6,2,0.066241242321013,0.14461926266068692,Card,0.3052462812861851,0,2
1197,45,Tier1,MNC,46883,7777,2,15,3,0,0.30724809794012287,0.11598206830363668,UPI,0.16588102297207943,0,1
1198,54,Tier1,SME,67529,20834,0,8,3,2,0.474083034254375,0.021058359442498592,Wallet,0.30851930281804857,0,4
1199,48,Tier1,MNC,58958,20975,2,23,3,1,0.08708802798431534,0.06846957111850314,UPI,0.35576172868821876,0,1
1200,42,Tier1,MNC,76453,21082,1,8,1,2,0.037355953342295876,0.09068280984213291,UPI,0.27575111506415706,0,3
1201,50,Tier3,MNC,79301,21813,2,21,8,1,0.22539987928693772,0.10885110333076504,Wallet,0.27506588819813116,1,72
1202,37,Tier1,SME,54955,10267,2,10,13,3,0.08222470845451811,0.03322253284323722,UPI,0.186825584569193,0,3
1203,54,Tier2,MNC,22955,5521,1,9,8,1,0.23166527434438397,0.04571258745215533,UPI,0.240514049226748,0,2
1204,46,Tier2,SME,44867,12710,2,16,2,2,0.18578794624005263,0.0710322596239855,UPI,0.2832816992444335,0,1
1205,43,Tier1,SME,58046,23744,1,14,12,1,0.05103491403262412,0.1295454244304945,Card,0.40905488750301483,0,2
1206,51,Tier1,SME,44470,18650,0,12,3,2,0.14250470659174322,0.0474374841438547,UPI,0.4193838542837868,0,3
1207,38,Tier1,MNC,38907,16966,1,22,15,5,0.1410789353514497,0.14561030911646514,UPI,0.43606548950060403,0,3
1208,45,Tier2,MNC,61395,11055,1,18,6,2,0.15435762670496156,0.17802676420084962,NetBanking,0.18006352308819937,0,2
1209,30,Tier1,MNC,108606,25941,0,16,0,3,0.1339098165448288,0.21074386261171113,UPI,0.23885420694989226,0,2
1210,53,Tier2,SME,50236,14511,1,20,5,4,0.22035569084015455,0.015999698990420145,UPI,0.28885659686280757,0,0
1211,42,Tier3,Startup,59943,20531,1,20,14,4,0.24637705153411357,0.01897140433540799,UPI,0.34250871661411675,0,0
1212,47,Tier2,MNC,33759,12181,1,9,16,0,0.2724901353458643,0.030882903986916677,Card,0.3608222992387215,0,1
1213,36,Tier3,Startup,84868,32742,0,13,7,1,0.25589047327921516,0.09856477443187961,UPI,0.3857991233444879,0,1
1214,50,Tier2,Startup,77494,23152,1,22,17,2,0.24461690425389854,0.16819494363133544,UPI,0.2987586135700828,0,1
1215,23,Tier3,MNC,76114,24126,1,20,4,2,0.12933951031137858,0.0069050559776715256,UPI,0.3169719105552198,1,53
1216,24,Tier2,MNC,87195,38206,1,7,7,1,0.05285180531759849,0.033622491379253265,UPI,0.4381673261081484,0,1
1217,38,Tier2,MNC,51453,11423,2,10,8,1,0.49228694646584614,0.13810248289686974,UPI,0.22200843488231978,0,1
1218,45,Tier2,MNC,53951,21101,3,10,3,2,0.1510260508845358,0.06008591420102904,NetBanking,0.39111415914440884,0,2
1219,48,Tier3,SME,94197,34244,0,15,6,4,0.07551321552654346,0.1394765007988987,Wallet,0.36353599371529877,0,2
1220,35,Tier1,MNC,72654,13951,1,20,8,3,0.0935937960837698,0.20707919549543496,Card,0.1920197098576816,0,3
1221,43,Tier2,Gig,15615,6682,2,14,12,1,0.06963719661282762,0.17128685474109426,NetBanking,0.42792186999679793,0,1
1222,39,Tier2,SME,69096,28094,2,9,8,1,0.15835750881778626,0.04359229666837404,NetBanking,0.4065937246729188,0,1
1223,53,Tier3,Startup,48366,18565,3,16,1,0,0.1332336415539312,0.24789267900252615,UPI,0.3838440226605467,0,5
1224,43,Tier1,Startup,77963,14659,2,9,8,0,0.2656455324102455,0.028234479586827517,UPI,0.18802508882418584,0,3
1225,35,Tier2,SME,68163,13080,2,18,15,2,0.36055337258044723,0.19961388228475893,UPI,0.19189296245763832,0,5
1226,53,Tier2,Gig,25189,8941,0,23,0,3,0.24702593740250253,0.46789393469481433,UPI,0.35495652864345545,0,1
1227,24,Tier3,Gig,65376,11910,1,17,17,2,0.35152938389251887,0.09690114419558898,UPI,0.18217694566813508,1,115
1228,54,Tier1,SME,64212,11814,2,22,2,2,0.24649819672351694,0.024277560255034573,UPI,0.18398430199962623,0,0
1229,26,Tier2,MNC,67269,18168,2,15,0,1,0.16669469238207665,0.0645226922088386,UPI,0.27007982874726844,0,2
1230,30,Tier2,SME,71510,10841,2,20,2,2,0.09085283001401852,0.029638468742891496,UPI,0.1516011746608866,0,0
1231,48,Tier3,MNC,89919,32950,3,22,4,2,0.1903216544906428,0.012874181081820752,Card,0.3664409079282465,0,3
1232,45,Tier3,SME,68277,21306,1,9,6,0,0.2288423314568848,0.046228486800516874,NetBanking,0.31205237488466103,0,0
1233,53,Tier2,SME,60457,10486,1,17,14,2,0.27423474026729305,0.11504510895925514,UPI,0.17344558942719618,0,2
1234,46,Tier2,SME,82959,25972,2,10,10,4,0.05058843424020038,0.047922815579394075,Card,0.3130703118407888,0,2
1235,42,Tier1,Startup,104854,17429,2,7,11,1,0.11518296256931385,0.08199582240507455,UPI,0.16622160337230815,0,5
1236,32,Tier3,MNC,78301,13405,2,10,15,3,0.15622672155366865,0.02783785512408061,Card,0.17119832441475843,0,0
1237,21,Tier1,SME,64124,18957,2,8,2,2,0.22161753038867266,0.14516945009424143,UPI,0.2956303412138981,0,3
1238,25,Tier2,SME,68650,20591,3,9,4,1,0.09312466809263453,0.006490664752993266,Card,0.2999417334304443,0,4
1239,31,Tier2,Startup,65120,16390,1,6,17,2,0.3834955434230069,0.07675827976558976,UPI,0.2516891891891892,0,1
1240,22,Tier1,Startup,60370,20316,1,23,13,4,0.19325006760274768,0.010328301565068369,Card,0.3365247639556071,0,3
1241,38,Tier1,MNC,103303,27500,1,13,1,0,0.3137388670586674,0.06317203988858354,UPI,0.26620717694549045,0,1
1242,47,Tier1,Startup,45018,14679,1,8,4,2,0.41621965012555034,0.11108725362398345,Wallet,0.3260695721711315,0,3
1243,53,Tier3,MNC,83098,21184,2,12,6,2,0.4632173100416568,0.00991325619503411,Card,0.2549279164360153,1,34
1244,37,Tier2,Startup,57482,20951,1,19,0,2,0.3790390019564481,0.09731860513577038,NetBanking,0.3644793152639087,1,56
1245,50,Tier1,SME,30391,9840,2,17,10,2,0.11507584432768095,0.03394490884706325,UPI,0.32378006646704616,0,2
1246,54,Tier2,SME,56233,11134,1,6,11,0,0.2902226571034819,0.20914567624060904,UPI,0.19799761705759963,0,1
1247,50,Tier1,Startup,49064,17460,2,8,6,5,0.3430736232343157,0.023502970628873538,UPI,0.35586173161584866,0,0
1248,36,Tier3,Gig,71551,27560,1,15,3,1,0.31256749582484555,0.021747361759183213,UPI,0.3851798018196811,1,92
1249,32,Tier1,Startup,61826,10495,2,23,7,1,0.17369316665146703,0.1654889471770946,UPI,0.16975059036651247,0,4
1250,54,Tier1,SME,39559,13172,1,7,16,2,0.14800570916843464,0.03293345079420739,UPI,0.3329710053338052,0,2
1251,29,Tier1,Startup,89420,34617,1,21,12,6,0.20316471997745778,0.09843677920179159,UPI,0.38712815924849026,0,1
1252,34,Tier2,SME,81802,15083,1,7,16,5,0.18525020042616908,0.039073133682371725,UPI,0.18438424488398816,0,1
1253,23,Tier1,Startup,91721,38568,2,14,9,0,0.7196062600307477,0.09416822309956706,UPI,0.42049258076122153,0,0
1254,47,Tier2,Gig,64739,17766,2,10,1,4,0.08860703216388263,0.04020471037583323,Card,0.274424998841502,1,89
1255,43,Tier1,MNC,59285,22015,3,13,1,2,0.19009937701483268,0.049031233827968604,NetBanking,0.3713418233954626,0,0
1256,23,Tier1,MNC,74071,31088,3,22,3,3,0.14994378384437856,0.23176986294716193,UPI,0.41970541777483766,0,3
1257,28,Tier1,MNC,48450,21651,1,9,9,3,0.19125902968353362,0.0889785426635459,UPI,0.44687306501547985,0,1
1258,39,Tier1,MNC,62601,20356,1,17,3,1,0.1176323316643652,0.10538968510343172,Card,0.32517052443251704,0,2
1259,39,Tier3,SME,56486,20407,0,11,5,2,0.24108642303250366,0.02014005501998425,Card,0.36127536026626067,0,1
1260,48,Tier1,MNC,30779,6940,1,17,16,1,0.06516090883140224,0.1714006053648329,NetBanking,0.22547841060463303,0,1
1261,30,Tier3,SME,62549,14824,1,6,0,0,0.26507818469849037,0.040363090128226996,UPI,0.23699819341636158,0,5
1262,52,Tier1,MNC,51180,20739,2,11,1,1,0.12029349766462759,0.1101602954709589,NetBanking,0.4052168815943728,0,2
1263,36,Tier1,MNC,55148,14860,3,23,7,2,0.373126677876497,0.06722695674818965,UPI,0.26945673460506275,0,1
1264,48,Tier1,Startup,67275,26690,1,19,13,2,0.07809123125332619,0.14669472257044733,UPI,0.3967298402081011,1,32
1265,29,Tier1,SME,85450,14114,2,22,14,1,0.12645786639579534,0.08587757052671895,UPI,0.1651726155646577,0,1
1266,22,Tier2,SME,43024,9270,2,18,5,4,0.17490779156323086,0.19293395375755945,Wallet,0.2154611379695054,0,3
1267,22,Tier2,Startup,53268,10708,1,9,5,1,0.5117946912483133,0.15952072561137817,UPI,0.20102125103251484,0,2
1268,33,Tier1,Gig,44698,13772,2,14,10,5,0.23255535935989596,0.2005616205636877,Card,0.3081122197861202,0,2
1269,53,Tier2,SME,43396,7557,3,21,15,1,0.4036858295906038,0.007719158883893642,Card,0.17414047377638492,0,2
1270,22,Tier2,MNC,48108,12179,3,18,3,2,0.29013508608256305,0.07810048559044222,NetBanking,0.2531595576619273,0,0
1271,33,Tier3,MNC,56070,25000,2,15,16,1,0.20335445475662559,0.12369749874653212,Card,0.44587123238808635,0,3
1272,24,Tier3,Gig,71717,27845,1,21,14,1,0.10546392350894292,0.1555447545626024,UPI,0.38826219724751454,1,80
1273,52,Tier2,Startup,66408,25114,1,8,4,5,0.1587952227305904,0.10358861897279735,Card,0.37817732803276716,0,3
1274,43,Tier2,Startup,38862,7404,3,23,12,1,0.22523013733410516,0.0682298416570404,Card,0.19052030260923267,0,2
1275,46,Tier2,Startup,85883,22275,1,8,11,1,0.18552374460117224,0.052894475365560044,NetBanking,0.2593644842401872,0,1
1276,45,Tier1,MNC,78888,27940,1,23,0,2,0.19422958608943533,0.11074101144997862,UPI,0.3541730047662509,0,6
1277,43,Tier2,SME,41976,6568,1,20,7,3,0.30935524135081216,0.045080917289749105,UPI,0.15647036401753384,0,2
1278,47,Tier1,Startup,84482,23671,1,14,4,4,0.17531637306887451,0.02948335344484797,UPI,0.2801898629293814,0,1
1279,21,Tier2,Gig,66538,28516,1,14,1,1,0.1049777642857128,0.008838371852507522,Card,0.42856713456971957,0,0
1280,50,Tier3,MNC,56870,9935,2,6,8,3,0.12128041540019709,0.034043757752820265,UPI,0.1746966766309126,0,2
1281,46,Tier1,SME,67161,28333,2,11,12,0,0.23180298378542835,0.3437713903115438,UPI,0.42186685725346557,0,1
1282,46,Tier2,MNC,59484,12393,1,10,9,3,0.035780385887429114,0.14229015020289762,UPI,0.20834173895501312,0,2
1283,34,Tier3,Gig,70901,14657,1,18,1,1,0.28594123717279335,0.12331158682290885,Card,0.20672486988900016,0,4
1284,48,Tier1,MNC,63746,13299,2,9,14,1,0.03580838402160058,0.10044901940473439,Card,0.208624854892856,0,1
1285,33,Tier2,Startup,53251,22864,2,20,1,1,0.2865945839884349,0.09805997773512175,UPI,0.4293628288670635,0,3
1286,22,Tier3,MNC,19483,6451,3,11,6,2,0.08648772702367849,0.08679659761101682,UPI,0.33110917209875274,0,5
1287,51,Tier3,Startup,70543,26470,2,21,10,2,0.3633783273453234,0.08868725219389424,UPI,0.3752321279219767,0,0
1288,28,Tier1,Startup,52526,13652,1,12,16,0,0.25649552393665664,0.046773583417220245,UPI,0.25990937821269466,0,1
1289,24,Tier1,SME,75558,31128,2,19,13,1,0.10482964843136452,0.10364748249012896,UPI,0.4119749066941952,0,4
1290,42,Tier2,Gig,69633,22601,2,18,3,0,0.3722233918733375,0.04553755566559198,UPI,0.324573119067109,0,1
1291,28,Tier1,Gig,53046,17502,2,23,7,0,0.3229998664666976,0.13062923290415657,UPI,0.3299400520303133,0,1
1292,50,Tier1,Gig,80459,30228,2,15,15,3,0.5939097280890074,0.06651381994187214,Card,0.37569445307547944,0,4
1293,36,Tier1,SME,64096,24490,1,12,4,4,0.12243651241205561,0.2816070748915876,UPI,0.382083125312032,0,1
1294,21,Tier1,Startup,63272,22433,1,17,16,2,0.13763184454971356,0.08097102681814737,UPI,0.3545486155013276,0,2
1295,53,Tier2,SME,57237,10627,2,6,9,2,0.21322480945966815,0.023533920747048374,UPI,0.18566661425301814,0,1
1296,38,Tier2,SME,93671,38406,1,23,11,0,0.036144750657611545,0.10676099636298737,UPI,0.4100095013397957,0,3
1297,29,Tier2,SME,45734,10439,2,18,11,4,0.25652224795826156,0.06806555515385136,UPI,0.2282546901648664,0,1
1298,44,Tier2,Startup,53546,24034,1,6,17,1,0.15675348174826761,0.10774163616685535,UPI,0.448847719717626,0,2
1299,39,Tier1,MNC,35253,9365,2,9,12,3,0.4185050641856022,0.0252507642018142,Card,0.26565115025671576,0,8
1300,22,Tier1,SME,74534,13863,2,6,7,2,0.2189415921817562,0.08664749578991666,Wallet,0.1859956529905815,0,2
1301,46,Tier1,MNC,48357,11839,0,18,10,1,0.06552492681532034,0.17020167472808218,UPI,0.24482494778418842,0,2
1302,34,Tier1,MNC,50599,16295,1,17,12,2,0.30418313589785767,0.05374004178386737,UPI,0.32204193758769933,0,1
1303,44,Tier1,MNC,49661,13281,2,8,10,3,0.028029201789912476,0.11794169188420545,Card,0.26743319707617647,0,0
1304,51,Tier1,MNC,61254,24416,1,15,0,5,0.18721182157988178,0.08052104180855799,UPI,0.3986025402422699,0,2
1305,41,Tier1,Startup,34984,12407,1,14,16,2,0.07628968297502144,0.02875653248179021,UPI,0.3546478390121198,0,0
1306,43,Tier1,SME,15135,3239,2,14,4,1,0.2150576608740804,0.09267194984500204,Card,0.214007267922035,0,2
1307,29,Tier2,MNC,69154,21552,0,17,11,3,0.11480123937065816,0.1213308458056532,UPI,0.31165225438875555,0,2
1308,29,Tier2,Startup,17728,6847,2,21,10,1,0.4713045436631706,0.040488383733664535,UPI,0.38622518050541516,0,0
1309,35,Tier3,Gig,77082,32171,0,22,2,2,0.04106908017041453,0.04382974342193536,UPI,0.4173607327261877,0,2
1310,49,Tier2,Gig,91170,24477,1,8,15,1,0.19758520638965188,0.06510844718891862,UPI,0.26847647252385654,0,2
1311,38,Tier2,Gig,56715,24236,1,22,1,4,0.17507434701337637,0.1253089547356257,Card,0.4273296306091863,1,109
1312,32,Tier1,Gig,85989,13826,3,16,17,3,0.24173579125657446,0.10964546961707702,Card,0.1607880077684355,0,3
1313,47,Tier2,SME,59514,21008,2,9,16,2,0.15841494586689614,0.09938232026495233,UPI,0.3529925731760594,0,0
1314,50,Tier1,Gig,91984,35376,1,22,10,2,0.24476074107699672,0.04138279467162474,UPI,0.3845886241085406,0,1
1315,51,Tier1,Gig,50875,14119,1,12,17,0,0.13826383335430742,0.14863482012377888,UPI,0.2775233415233415,0,2
1316,31,Tier1,SME,15000,2299,2,14,15,1,0.21873645520907975,0.020184268742696063,UPI,0.15326666666666666,0,4
1317,45,Tier1,Gig,58401,20797,2,23,16,2,0.5140845196517656,0.21955229944692659,Card,0.35610691597746613,1,52
1318,41,Tier1,Startup,94159,23800,1,16,14,2,0.3316427216837082,0.17992232165312236,UPI,0.25276394184305273,0,1
1319,36,Tier2,Startup,70699,13824,1,8,16,2,0.14030385676480894,0.20035645948409408,UPI,0.1955331758582158,0,1
1320,34,Tier2,Gig,49693,9796,1,7,13,3,0.08004525780380092,0.08524314100449967,Card,0.19713038053649407,1,40
1321,24,Tier2,SME,66578,25349,2,20,15,1,0.7321918029067991,0.04467299540758233,UPI,0.38074138604343777,1,50
1322,30,Tier2,SME,79422,16378,2,12,2,2,0.2935300861920087,0.1676214546811921,UPI,0.20621490267180378,0,0
1323,39,Tier2,Startup,58287,17208,2,7,7,0,0.11398810147111357,0.16839244724592847,Card,0.29522878171805034,0,1
1324,51,Tier1,Startup,112527,49637,2,6,8,1,0.325448456771843,0.0972411841467291,Wallet,0.4411119109191572,0,1
1325,50,Tier2,Gig,49651,18750,1,23,16,1,0.5321169536176602,0.0289008667436204,Card,0.3776358985720328,0,4
1326,27,Tier2,Gig,80050,25148,2,16,8,1,0.2585701739508222,0.10596926503468763,UPI,0.3141536539662711,0,2
1327,44,Tier1,Startup,75238,23209,2,15,7,2,0.156792473232273,0.06302541059636176,UPI,0.3084744411068875,0,1
1328,23,Tier1,Gig,46003,9209,1,16,14,2,0.15124798821536548,0.10395906072957599,UPI,0.20018259678716604,0,0
1329,43,Tier3,MNC,51511,14625,3,13,11,2,0.4596722588359187,0.0533198002089398,UPI,0.28391993943041294,0,0
1330,32,Tier2,Gig,80361,15547,1,23,10,3,0.07071795404974529,0.013266220508651158,UPI,0.19346449148218664,0,1
1331,36,Tier1,MNC,62895,11011,2,16,16,3,0.10836783483179195,0.21065548983023816,UPI,0.17506956037840846,0,3
1332,45,Tier2,SME,66761,12199,2,17,14,2,0.30224893165521977,0.08547632267161608,Wallet,0.1827264420844505,0,2
1333,35,Tier1,MNC,27280,9056,2,22,12,1,0.4157231166357711,0.15367485684193752,UPI,0.33196480938416423,0,2
1334,48,Tier1,SME,73119,15213,1,6,17,1,0.21203050436632398,0.13532355505038188,Wallet,0.20805809707463177,0,2
1335,39,Tier1,SME,65745,12807,2,11,0,4,0.012169763485949794,0.02427678599846207,UPI,0.19479808350444902,0,1
1336,54,Tier1,MNC,58721,24083,1,20,9,4,0.25058872580618974,0.02954214977549728,UPI,0.4101258493554265,0,2
1337,42,Tier2,Startup,67217,12542,1,7,0,4,0.08252974474751837,0.05633826591327336,UPI,0.1865897020099082,0,4
1338,31,Tier1,Startup,51815,18740,2,11,14,2,0.3018304753011091,0.0745498952900292,Card,0.3616713306957445,0,1
1339,47,Tier2,MNC,48161,13249,1,8,2,0,0.1287134221669642,0.12443451556653098,UPI,0.27509810842798116,0,6
1340,34,Tier1,Startup,55162,17857,2,18,10,6,0.4227549579082086,0.23924705780871258,Wallet,0.323719227004097,0,0
1341,39,Tier2,MNC,50715,7962,1,21,14,0,0.15423573982328675,0.11993864778914569,UPI,0.1569949719018042,0,2
1342,25,Tier2,MNC,103610,15542,3,10,11,0,0.02208075629895653,0.16670182413322457,UPI,0.1500048257890165,0,5
1343,25,Tier2,MNC,78237,30917,2,18,1,6,0.2404701825804626,0.044008227230339696,Card,0.39517108273579,0,3
1344,40,Tier2,SME,40630,11889,1,19,8,3,0.12445404153880585,0.08017512606266237,UPI,0.2926162933792764,0,3
1345,27,Tier3,Startup,100725,17263,2,22,14,3,0.034978773789357695,0.06926295362853797,Wallet,0.1713874410523703,0,0
1346,54,Tier2,SME,51342,12991,1,22,17,2,0.1579023044367339,0.13459258280200698,UPI,0.2530287094386662,0,4
1347,50,Tier2,Gig,60589,18292,2,14,16,2,0.15945700870505375,0.012048503792115162,UPI,0.30190298569047186,0,4
1348,44,Tier2,SME,77948,14860,2,7,14,2,0.04954969671998614,0.03522662524191906,Card,0.19063991378867964,0,1
1349,45,Tier1,Startup,20600,6466,2,19,5,0,0.08344409849156356,0.16483385475647502,UPI,0.3138834951456311,0,2
1350,41,Tier1,Gig,55259,17054,2,15,13,4,0.18149414897833932,0.06198010981883204,Card,0.30861941041278346,0,6
1351,23,Tier1,SME,48533,16057,2,14,3,2,0.16156497479695425,0.07078822886754559,UPI,0.33084705252096513,0,1
1352,34,Tier1,MNC,64101,25196,2,15,5,3,0.40573880103088333,0.08849870235801821,Card,0.39306719083945646,0,1
1353,37,Tier1,MNC,67400,18456,3,17,5,3,0.14063365586898782,0.051475003235222014,UPI,0.27382789317507417,0,1
1354,52,Tier1,SME,58454,24350,1,11,8,2,0.14173445791764697,0.06950858243071163,UPI,0.4165668730967941,0,1
1355,28,Tier2,SME,57527,16821,1,11,15,4,0.11720177836543758,0.041590631214950144,UPI,0.29240182870652043,0,3
1356,37,Tier1,MNC,81302,23345,2,12,15,2,0.2041600097497562,0.00044986657912458416,UPI,0.28713930776610663,0,2
1357,32,Tier2,Gig,66029,22892,1,14,16,1,0.22609716070119582,0.028854712037151963,Wallet,0.3466961486619516,0,1
1358,25,Tier1,Gig,60828,20392,1,18,16,3,0.042857701095141566,0.08784280623473327,Wallet,0.33524034983889,0,1
1359,24,Tier2,MNC,62957,9659,2,6,0,2,0.35995446514296114,0.006792661397084808,UPI,0.15342217704147276,0,2
1360,33,Tier1,MNC,96717,43012,2,11,17,4,0.38808872286526835,0.26275654388133296,Card,0.44472016294963657,0,3
1361,23,Tier1,MNC,63453,27462,1,19,15,2,0.07095655712957721,0.045824279007324664,UPI,0.43279277575528347,0,2
1362,23,Tier1,SME,49711,11651,1,6,13,1,0.08033729855663546,0.04411765322676545,Card,0.23437468568324918,0,1
1363,32,Tier2,Gig,21820,6929,1,20,1,3,0.16857457946061394,0.10327146138826189,UPI,0.3175527039413382,1,99
1364,27,Tier1,SME,31321,11937,1,19,13,1,0.056316986274252905,0.05213952955554626,UPI,0.38111809967753263,0,2
1365,39,Tier3,MNC,50659,21587,1,11,12,5,0.31211408937991336,0.004036404839823289,UPI,0.4261236897688466,0,3
1366,21,Tier1,SME,57832,18840,2,17,1,0,0.10567077117873797,0.10748008016662816,UPI,0.32577119933600773,0,1
1367,31,Tier2,MNC,48887,7610,1,14,3,5,0.12582267034594832,0.21743998829075045,UPI,0.15566510524270255,0,7
1368,36,Tier1,SME,67022,23739,2,10,13,2,0.07695798356323702,0.020062651699342682,UPI,0.3541971293008266,0,3
1369,53,Tier2,SME,48629,8652,3,8,3,3,0.2744888732317207,0.1256342792237337,UPI,0.17791852598243846,0,4
1370,42,Tier1,Startup,41710,14654,1,23,6,3,0.12824568461531663,0.0634360669278253,UPI,0.3513306161591944,0,1
1371,50,Tier1,SME,72252,23570,3,21,10,4,0.020135165891554424,0.04280181290826258,UPI,0.32621934340917896,0,0
1372,32,Tier1,Gig,87387,29903,1,22,15,3,0.02291633669929506,0.03703410645258395,UPI,0.34219048599906166,0,3
1373,36,Tier1,MNC,37856,7827,2,8,5,1,0.2989046059589293,0.012674615362728873,UPI,0.20675718512256974,0,1
1374,35,Tier1,Startup,64874,19337,3,23,0,2,0.2188364377122351,0.1984197179666889,UPI,0.2980701051268613,1,31
1375,51,Tier3,MNC,21899,7344,2,17,15,3,0.11176860876185749,0.07859001622289596,Wallet,0.3353577788940134,0,1
1376,53,Tier1,SME,30509,7324,1,15,16,1,0.1850972373788759,0.07799465417348161,NetBanking,0.24006031007243764,0,1
1377,53,Tier1,Gig,48224,9861,1,12,15,2,0.3157284114963292,0.019525231210018347,UPI,0.20448324485733244,1,85
1378,46,Tier3,Startup,82698,17929,1,10,8,1,0.17705340083695334,0.028460688508065816,UPI,0.21680088998524752,0,2
1379,38,Tier1,MNC,44425,18098,3,11,12,1,0.31804823190744175,0.14222806119329026,Card,0.4073832301631964,0,1
1380,39,Tier1,SME,43677,12638,1,9,2,2,0.2588501777811939,0.04231320401975777,UPI,0.28935137486548984,0,4
1381,54,Tier2,Startup,60721,21150,2,20,11,3,0.23747006252474287,0.013780266491092484,Card,0.34831442169924737,0,0
1382,30,Tier3,Gig,60741,18493,1,23,10,2,0.183920028500524,0.11449862356699941,UPI,0.30445662731927364,0,0
1383,32,Tier2,Startup,44297,17729,1,23,11,0,0.11014157960736694,0.0017076666578837356,UPI,0.4002302639004899,0,2
1384,51,Tier1,MNC,99724,30171,1,22,12,0,0.11335409633419279,0.012519592968659917,UPI,0.3025450242669769,0,2
1385,34,Tier3,SME,54692,9735,1,8,16,4,0.2308653784157227,0.11095291361344878,UPI,0.17799678197908286,0,1
1386,28,Tier1,MNC,62271,13039,2,19,14,2,0.5279739827054234,0.03958107571798818,Card,0.2093912093912094,0,4
1387,40,Tier3,MNC,51964,8001,1,21,0,4,0.33220042906666514,0.09855357964790583,UPI,0.1539719806019552,1,112
1388,32,Tier2,SME,68799,27482,1,15,12,3,0.21130491892253794,0.0615304489783513,UPI,0.3994534804284946,0,1
1389,51,Tier3,Startup,84699,29558,2,16,13,5,0.3068896085932141,0.04477562126251513,UPI,0.34897696548955714,0,5
1390,51,Tier1,MNC,93273,35234,1,12,9,2,0.27343160871330957,0.07091145661021672,UPI,0.37775133211111467,0,2
1391,31,Tier1,Startup,44754,16313,2,20,11,3,0.06389487723137376,0.11569148598243871,UPI,0.3645037315100326,0,0
1392,39,Tier2,Startup,82015,32588,2,18,1,2,0.09699843109366829,0.12369799698761448,UPI,0.39734194964335795,0,3
1393,54,Tier2,Startup,70993,31669,2,17,4,4,0.024943405189913722,0.15374607867644294,Card,0.44608623385404195,0,4
1394,46,Tier2,MNC,79490,27506,1,6,15,1,0.33046381731420593,0.18027091037143753,Card,0.34603094728896716,0,1
1395,28,Tier3,SME,58162,13125,0,23,0,4,0.1569804435938197,0.023573740249534774,UPI,0.2256628038925759,0,1
1396,41,Tier2,MNC,56259,10150,2,15,17,2,0.16219400069135695,0.07125482849738954,UPI,0.18041557795197213,0,2
1397,42,Tier1,MNC,78714,25733,2,23,4,0,0.13282256529622113,0.029233146181286498,UPI,0.32691770206062454,0,4
1398,43,Tier1,SME,79093,30152,1,18,14,2,0.15248443195675734,0.03641732231352256,UPI,0.38122210562249503,0,5
1399,21,Tier1,SME,91314,29080,1,15,3,3,0.2220275476196233,0.07802299069704861,NetBanking,0.31846157215761,0,0
1400,31,Tier1,MNC,63970,15421,1,19,0,1,0.17898547146978952,0.08424548155503518,Card,0.24106612474597466,0,2
1401,50,Tier1,MNC,57861,21172,2,10,10,3,0.15449627419025688,0.023187447051574488,NetBanking,0.3659114083752441,0,2
1402,29,Tier2,Gig,15000,4265,1,14,13,1,0.2086737583829068,0.1089848559045519,UPI,0.2843333333333333,0,2
1403,31,Tier2,Startup,27774,6554,3,6,1,0,0.08307145880617081,0.12079028199251528,NetBanking,0.2359760927486138,0,2
1404,31,Tier2,SME,52114,20966,0,19,4,1,0.0314295965285333,0.19066304069227566,Card,0.4023103196837702,0,3
1405,27,Tier1,Gig,37978,12265,3,11,5,2,0.14001592006102442,0.001415616781796663,NetBanking,0.3229501290220654,0,5
1406,26,Tier2,MNC,76282,17928,0,7,17,1,0.1376437476653331,0.2342786483705264,UPI,0.23502267900684304,0,2
1407,32,Tier2,SME,33799,8401,1,20,5,3,0.11803969497552956,0.35050996451022465,NetBanking,0.24855764963460458,1,75
1408,50,Tier3,Gig,49973,16066,1,10,1,2,0.08191742870640142,0.033589292637805024,Card,0.32149360654753567,0,0
1409,21,Tier2,SME,50759,14054,1,10,17,3,0.09579441922824909,0.1476289446271164,Card,0.2768770070332355,0,0
1410,30,Tier2,MNC,84094,16663,3,8,1,1,0.17376021321331162,0.026957300536668203,UPI,0.1981473113420696,0,5
1411,23,Tier2,SME,47835,15935,1,16,8,2,0.26446852436649715,0.07171181536476186,UPI,0.3331242813839239,1,107
1412,40,Tier1,SME,69048,24631,1,12,3,3,0.3576351350957885,0.07855121051882547,Wallet,0.35672285946008575,0,2
1413,29,Tier3,Startup,63914,9589,3,16,4,2,0.3038912802805506,0.052780817990888684,Card,0.1500297274462559,0,3
1414,47,Tier1,SME,78065,24282,1,12,13,2,0.17385364604054498,0.25302175730028337,NetBanking,0.31104848523666173,0,1
1415,40,Tier1,SME,77004,24883,0,19,2,2,0.08617016461241211,0.03203839332346838,UPI,0.3231390577112877,0,2
1416,47,Tier1,MNC,59331,14810,0,12,11,1,0.0654905360865875,0.03220529662425809,UPI,0.2496165579545263,0,0
1417,42,Tier2,SME,26074,6560,1,20,10,0,0.20623534049815467,0.15127530621134352,UPI,0.25159162383984046,0,3
1418,35,Tier2,MNC,55365,13580,3,14,13,0,0.19733119135530386,0.1260792776743258,UPI,0.2452813149101418,0,4
1419,50,Tier2,Gig,59600,16902,0,6,2,1,0.2724787512145769,0.0500864644224891,UPI,0.28359060402684566,1,106
1420,37,Tier1,Startup,65720,25866,2,13,6,0,0.162857903333434,0.05430228893188852,UPI,0.39357881923311017,0,1
1421,53,Tier1,SME,45248,13153,1,10,0,3,0.3041518208685285,0.0647983529102448,UPI,0.2906868811881188,0,2
1422,54,Tier3,Startup,82818,37110,1,14,15,3,0.09818651701579517,0.1068989492707709,UPI,0.44809099471129465,0,4
1423,41,Tier1,MNC,60272,15842,2,8,17,1,0.274713419333488,0.012237036158398698,UPI,0.26284178391292806,0,2
1424,43,Tier3,SME,41590,14963,2,19,8,2,0.1304084873383257,0.2183376007930689,UPI,0.3597739841308007,0,1
1425,29,Tier1,SME,50835,15997,2,17,9,4,0.26156298429028696,0.07407008150208225,UPI,0.314684764433953,0,1
1426,48,Tier2,SME,98570,37327,1,8,2,2,0.06400649338213105,0.0415781735500394,UPI,0.3786851983362078,0,0
1427,43,Tier2,Startup,73287,30524,0,23,15,2,0.40352163148375014,0.28161379811020915,UPI,0.4164995156030401,1,40
1428,51,Tier2,Gig,80969,24574,2,12,13,1,0.431103588746093,0.021477734883387983,UPI,0.30349886993787745,0,2
1429,30,Tier1,SME,39168,11685,2,9,2,3,0.2367967638206487,0.024787414088343153,NetBanking,0.29833026960784315,0,1
1430,47,Tier3,SME,46223,20006,1,6,9,3,0.28207167448455694,0.15613346623482763,UPI,0.43281483244272334,0,4
1431,36,Tier2,Startup,46371,19944,1,10,3,2,0.0436168052356162,0.024094341301219287,UPI,0.43009639645468073,0,5
1432,27,Tier2,MNC,63687,28601,2,6,10,4,0.2750113889809355,0.015873557177283816,NetBanking,0.44908694081994754,0,4
1433,26,Tier2,MNC,56519,11131,0,14,11,1,0.05873282548921124,0.1366180563109074,Card,0.1969426210654824,0,0
1434,40,Tier1,Gig,50210,7585,2,16,6,6,0.09847419236752418,0.057163641538332935,Card,0.1510655247958574,1,45
1435,31,Tier1,Gig,52718,14823,2,12,7,1,0.2482957421856487,0.04088819677179761,Card,0.28117531014074887,0,2
1436,24,Tier1,Gig,44119,16324,1,21,12,3,0.30403576872650745,0.012280983888834477,Wallet,0.3699993200208527,0,1
1437,35,Tier1,MNC,56403,9693,1,23,2,0,0.31723963355289075,0.02244041884975729,UPI,0.17185256103398755,0,3
1438,43,Tier2,MNC,82264,21559,2,11,0,1,0.14137487965645104,0.02056582852439321,Wallet,0.26207089370806186,0,1
1439,31,Tier1,SME,29737,9647,2,17,7,3,0.0669574336944781,0.120218353294308,NetBanking,0.32441066684601677,0,2
1440,53,Tier1,Gig,66929,14307,3,13,8,0,0.14877710112090833,0.04863120469388985,UPI,0.21376383929238446,0,2
1441,47,Tier1,MNC,87601,32354,2,10,5,1,0.22179554475378027,0.13333985552574532,UPI,0.3693336834054406,0,0
1442,38,Tier1,MNC,56336,12329,0,9,7,2,0.08269287462384269,0.061106381850852765,Card,0.21884762851462652,0,5
1443,52,Tier1,MNC,49422,19877,1,15,1,2,0.3395475534298443,0.10018484942300832,NetBanking,0.4021893084051637,0,1
1444,35,Tier2,Startup,78484,19972,2,8,13,1,0.08647588857105702,0.21685477805644388,UPI,0.25447224912083993,0,0
1445,25,Tier1,Startup,40315,13287,1,18,13,2,0.2158393595408408,0.04793481253392136,UPI,0.32957956095746,0,1
1446,22,Tier3,Startup,59546,18652,2,21,4,3,0.3375622843758755,0.148831581874174,UPI,0.31323682531152386,0,1
1447,52,Tier1,MNC,39203,9366,1,12,11,3,0.2581444250749886,0.07545514234682904,Card,0.23891028747799914,0,3
1448,53,Tier1,Startup,22597,6366,1,16,4,3,0.30342640387498426,0.24072718115976063,UPI,0.2817188122317122,0,2
1449,46,Tier3,SME,56960,22999,1,23,7,2,0.07267081335107968,0.01623438185544177,UPI,0.40377457865168537,0,1
1450,24,Tier1,MNC,34732,10923,2,18,5,0,0.18103960203417133,0.11036740098426036,NetBanking,0.3144938385350685,0,2
1451,30,Tier1,MNC,59766,9961,2,13,17,1,0.14235614656738393,0.03996258302933396,UPI,0.16666666666666666,0,0
1452,22,Tier3,SME,82300,29949,2,21,8,0,0.45697771860290515,0.15112186610153078,UPI,0.3639003645200486,1,57
1453,22,Tier3,SME,97085,19876,1,6,11,2,0.2398278537444156,0.2542973729891828,Card,0.20472781583148786,0,1
1454,29,Tier2,Gig,61870,18302,3,16,3,2,0.17259283217813579,0.23812481128905752,Card,0.2958138031356069,0,1
1455,40,Tier1,SME,80384,23356,2,10,16,6,0.051206703135465305,0.20433044097355704,UPI,0.29055533439490444,0,4
1456,23,Tier2,SME,67979,20118,1,9,12,1,0.3194282377079822,0.07762305759023809,Wallet,0.2959443357507466,0,5
1457,54,Tier3,Startup,52337,8337,2,15,1,2,0.13802233226931848,0.1565229678039397,UPI,0.15929457171790512,0,1
1458,36,Tier3,Startup,21504,4982,3,18,5,1,0.24433332178898873,0.1545976043329608,Card,0.23167782738095238,1,109
1459,29,Tier1,MNC,92529,15287,1,19,9,2,0.44075495842078627,0.15388594243205234,UPI,0.1652130683353327,0,3
1460,38,Tier1,Startup,39017,10709,1,19,7,0,0.16088361559980166,0.03317060348844708,UPI,0.27447010277571315,0,2
1461,47,Tier1,MNC,87655,29487,2,11,14,0,0.2040644861455009,0.23264560729093525,UPI,0.3363983800125492,0,1
1462,31,Tier1,SME,70736,24490,1,13,10,4,0.30696013112087517,0.04716806321835004,UPI,0.3462169192490387,0,3
1463,22,Tier2,Startup,40479,6855,2,8,10,1,0.042310271266341834,0.03945896737222377,UPI,0.1693470688505151,0,2
1464,22,Tier1,SME,66239,12298,2,17,6,3,0.05791674475896379,0.05196885622643841,NetBanking,0.18566101541388005,0,0
1465,49,Tier1,SME,102658,35771,1,20,15,2,0.10144883706112963,0.20923335187641598,UPI,0.3484482456311247,0,2
1466,24,Tier1,MNC,90713,28062,1,14,12,0,0.21328181297459234,0.038692311251227345,Card,0.30934926636755483,0,2
1467,42,Tier1,SME,49745,19899,2,11,12,1,0.12416138337284384,0.059358231930518125,UPI,0.4000201025228666,0,1
1468,34,Tier1,SME,45760,9680,0,11,11,1,0.04433900911359646,0.1585104471134053,UPI,0.21153846153846154,0,1
1469,47,Tier1,Gig,62004,11539,1,17,11,5,0.2775542609274128,0.04715397666880461,UPI,0.1861008967163409,0,3
1470,23,Tier1,SME,56689,14660,0,18,13,3,0.1996960889801816,0.18637104653361067,NetBanking,0.2586039619679303,0,1
1471,51,Tier3,Gig,83994,28652,2,14,4,0,0.30298964977643955,0.03984813753293126,UPI,0.34111960378122247,0,1
1472,44,Tier1,SME,74791,22122,1,10,9,1,0.24400960061386845,0.0691509445706975,Card,0.2957842521158963,0,0
1473,36,Tier2,Gig,26155,4696,0,13,2,2,0.07662576438164308,0.04608218092462179,UPI,0.17954502007264386,0,2
1474,28,Tier1,MNC,69173,11855,2,11,6,2,0.10531213996413427,0.3502744205714785,UPI,0.17138189756118716,0,1
1475,54,Tier1,MNC,56418,19932,0,7,5,1,0.20084292509849092,0.17307509270496768,UPI,0.35329150271190046,0,2
1476,31,Tier1,MNC,60742,14522,2,13,3,2,0.21597801877875564,0.01340998149845151,UPI,0.23907675084784827,0,2
1477,37,Tier1,MNC,64978,22797,1,21,9,0,0.19937695922258944,0.18105197030260056,NetBanking,0.3508418233863769,0,2
1478,34,Tier1,Gig,83974,20025,2,17,7,1,0.06370009292379268,0.054014028639013244,NetBanking,0.23846666825445972,0,3
1479,28,Tier1,Startup,79555,19446,1,8,8,3,0.19779386183623626,0.23218045163976375,UPI,0.2444346678398592,0,2
1480,35,Tier2,Startup,45005,9583,0,21,15,0,0.08146962238497746,0.07384729604960351,UPI,0.21293189645594934,0,2
1481,26,Tier1,SME,58827,26184,1,9,6,6,0.25428000969573067,0.0476107922027135,UPI,0.44510173899739913,0,4
1482,21,Tier1,SME,51029,7900,3,17,2,6,0.17216494168144553,0.11279219055151862,NetBanking,0.1548139293343001,0,3
1483,30,Tier2,Startup,26363,4960,2,16,14,2,0.07702935648437172,0.04314410155227519,Card,0.18814247240450632,0,0
1484,24,Tier1,Gig,57812,23176,1,19,3,3,0.07948754503779261,0.16769043320905805,UPI,0.4008856292811181,1,107
1485,35,Tier1,SME,96895,18550,1,19,17,1,0.27905876964236254,0.05088485952814857,UPI,0.19144434697352805,0,1
1486,50,Tier1,Startup,25759,6032,1,11,11,5,0.30920219325599485,0.02870218501343597,UPI,0.2341705811561008,0,0
1487,26,Tier1,MNC,59518,13619,1,19,4,2,0.17471464822056001,0.11329700519751736,UPI,0.228821532981619,0,0
1488,21,Tier1,Gig,58877,21142,1,16,10,1,0.22014733183185023,0.11774001865598459,UPI,0.35908758938125246,0,0
1489,24,Tier3,MNC,65754,17974,2,12,16,2,0.11249022668301804,0.10177876282796021,UPI,0.2733521915016577,1,102
1490,38,Tier3,SME,40745,16386,0,7,16,1,0.220247820109382,0.03717884289294775,UPI,0.402159774205424,0,3
1491,30,Tier3,Gig,31497,11787,2,16,7,2,0.559836465666926,0.12286365594886564,UPI,0.37422611677302603,0,1
1492,37,Tier1,MNC,32428,10030,0,14,0,4,0.23094091966976507,0.03724649202899349,Card,0.3093006044159368,1,69
1493,21,Tier1,MNC,86618,19464,2,14,1,2,0.3305311794262177,0.030693615339996382,UPI,0.22471079914105613,0,3
1494,32,Tier1,SME,40346,15643,1,18,15,2,0.05876924438500428,0.14716825807485961,Card,0.387721211520349,0,4
1495,34,Tier1,SME,50008,20493,0,18,11,1,0.1794547442126331,0.058567884212914444,UPI,0.40979443289073747,0,1
1496,35,Tier1,Gig,102092,40927,2,9,13,1,0.07272000643976859,0.015401212004239098,UPI,0.4008835168279591,1,104
1497,39,Tier1,Gig,45314,7500,1,11,12,4,0.04352378829335498,0.0782876530532794,UPI,0.1655117623692457,0,3
1498,47,Tier1,SME,66847,24023,2,22,13,3,0.11552572277450623,0.018921004772330552,NetBanking,0.35937289631546665,0,2
1499,36,Tier1,Gig,81276,29355,2,16,9,3,0.33612149858892454,0.2509090481718734,Card,0.3611767311383434,0,2
1500,49,Tier1,Startup,80314,34769,3,13,6,4,0.15625667868000265,0.014020864267459049,Card,0.43291331523769205,0,1
1501,39,Tier2,Gig,33368,7642,2,23,4,2,0.1146277045274736,0.03192099175217272,NetBanking,0.2290218173099976,0,3
1502,29,Tier1,MNC,45732,17648,1,18,5,0,0.15446110876884186,0.07375696754570386,UPI,0.3859004635703665,0,3
1503,28,Tier3,SME,66047,23560,1,21,13,2,0.18204993525931418,0.036857084712738894,Card,0.3567156721728466,0,3
1504,31,Tier1,MNC,98580,40774,2,14,0,0,0.12858213921560077,0.031048882443410385,NetBanking,0.4136133089876243,0,2
1505,41,Tier2,MNC,44769,16026,1,8,2,0,0.18258733867510155,0.0727352980379882,Wallet,0.3579709173758628,0,0
1506,29,Tier1,Startup,50127,20338,2,19,14,0,0.3585105537308634,0.1097630143674044,UPI,0.4057294472041016,0,1
1507,52,Tier1,MNC,68391,17636,1,20,11,3,0.2885672154266072,0.10396080656723053,Card,0.25787018759778335,0,0
1508,37,Tier1,SME,72393,14282,2,16,2,6,0.22321865163749663,0.07800072669292969,UPI,0.19728426781594904,0,0
1509,50,Tier1,Startup,73605,19064,1,13,0,3,0.6123795666991065,0.12673047169820906,UPI,0.25900414374023506,0,1
1510,44,Tier2,MNC,43072,16992,0,8,4,1,0.178498022526902,0.0545592261005229,UPI,0.39450222882615155,0,1
1511,32,Tier1,SME,49359,9353,3,10,2,2,0.2340311262292956,0.2864588425323053,UPI,0.18948925221337548,0,1
1512,28,Tier1,Startup,64310,21954,2,22,4,2,0.3121635725279205,0.07745760147403888,NetBanking,0.34137770175711396,0,2
1513,46,Tier3,Gig,85246,38042,1,9,14,3,0.3705311844365547,0.12751650212722213,NetBanking,0.44626140815991366,0,1
1514,32,Tier1,MNC,55230,23114,1,17,15,2,0.3128245060097929,0.02539412703334062,Wallet,0.4185044359949303,0,1
1515,29,Tier2,Gig,59553,20924,2,17,5,4,0.2074620358389666,0.09399098554640614,UPI,0.35135089751985626,0,1
1516,52,Tier2,Gig,39481,15310,1,14,5,1,0.23279500552474403,0.023274678022596997,UPI,0.3877814645019123,0,5
1517,37,Tier1,Startup,97264,17988,2,23,14,1,0.21344165068279491,0.2296852594320156,Card,0.18493995722980752,0,2
1518,22,Tier1,SME,63085,18903,2,18,7,2,0.07414686510306175,0.15958297523180603,UPI,0.29964333835301576,0,3
1519,37,Tier1,Startup,81555,25247,1,23,3,2,0.15454851218128804,0.1214377373144204,Card,0.30957022868003187,0,2
1520,36,Tier2,Gig,60597,23318,1,10,13,5,0.3845815607803997,0.1918744500881761,UPI,0.3848045282769774,0,2
1521,50,Tier1,SME,61705,14486,0,19,8,3,0.3670201069243363,0.18678630407188196,UPI,0.23476217486427356,1,69
1522,45,Tier1,Gig,29993,5457,1,19,16,4,0.18850767265828047,0.017231480557229055,UPI,0.1819424532390891,0,1
1523,27,Tier1,Gig,16984,6104,2,22,15,2,0.3696592135995803,0.1394170188451338,UPI,0.3593970796043335,1,110
1524,26,Tier3,SME,85038,25322,1,13,14,1,0.16474845047372422,0.1762041190845456,UPI,0.29777276041299183,0,2
1525,41,Tier2,Startup,61561,24789,3,11,17,2,0.11091048521118663,0.0375939166048992,NetBanking,0.4026737707314696,0,3
1526,22,Tier3,SME,64128,18882,2,20,9,4,0.17250435024095315,0.031218425101413583,UPI,0.2944423652694611,1,71
1527,31,Tier2,Startup,35018,14143,1,18,9,3,0.3481735447216318,0.07566716908118538,UPI,0.4038780055971215,0,0
1528,25,Tier2,Gig,41938,12679,2,10,0,1,0.18439344849115313,0.027896858872242875,UPI,0.30232724498068575,0,3
1529,21,Tier1,MNC,81246,31264,1,11,3,2,0.29112993462739617,0.16808440814851408,UPI,0.38480663663441894,0,3
1530,52,Tier3,MNC,94802,34718,1,20,2,2,0.16946778410708122,0.03437058601766468,UPI,0.36621590261808823,0,2
1531,24,Tier2,SME,47574,10933,2,16,16,5,0.03251884854821566,0.1342086564429159,UPI,0.2298104006390045,0,3
1532,21,Tier1,Gig,73429,17829,1,22,4,3,0.033803249751460825,0.1602729304583935,Card,0.24280597584060792,0,4
1533,52,Tier2,SME,63800,26780,1,17,11,0,0.014225462252966678,0.08265980228049447,UPI,0.4197492163009404,0,3
1534,27,Tier2,Gig,57589,12629,1,23,7,2,0.29586653238445393,0.04331403930567132,Card,0.21929535154282936,0,2
1535,48,Tier1,SME,97039,34861,1,11,13,1,0.09209319043732697,0.08079931734795726,UPI,0.359247312936036,0,0
1536,22,Tier1,MNC,50935,9857,2,19,6,1,0.08731107129586749,0.05762095192699003,Card,0.1935211544124865,0,2
1537,26,Tier1,Gig,84814,31936,3,9,16,1,0.4792272741702097,0.020919293322777997,UPI,0.3765416086966774,0,3
1538,24,Tier2,SME,67628,14674,2,18,9,0,0.17722310342845865,0.05651867567040591,UPI,0.2169811320754717,0,4
1539,45,Tier1,SME,59662,19582,3,13,4,1,0.1124845650581045,0.012510618563050933,UPI,0.3282156146290771,0,2
1540,42,Tier2,MNC,87440,27917,2,15,7,0,0.09822164961012969,0.0453324154016916,UPI,0.3192703568161025,0,4
1541,37,Tier1,MNC,65802,13887,1,20,6,0,0.302954517331597,0.06797742013887641,Card,0.21104221756177624,0,3
1542,29,Tier2,MNC,58071,17271,2,7,13,1,0.09143112316685477,0.13724520993279454,UPI,0.29741178901689314,0,2
1543,24,Tier1,SME,87588,36241,0,10,5,2,0.22476457602588482,0.15867804668357013,NetBanking,0.41376672603553,0,2
1544,40,Tier3,Startup,84985,30098,1,16,0,2,0.20315343630234314,0.009746373665804423,UPI,0.3541566158733894,1,114
1545,28,Tier1,SME,84039,37632,3,13,14,0,0.3142983448736071,0.21671799048954707,UPI,0.44779209652661267,0,1
1546,41,Tier1,MNC,15000,5780,2,16,17,1,0.1623462197633395,0.10408298587667185,UPI,0.38533333333333336,0,2
1547,44,Tier1,MNC,68803,23601,3,13,4,1,0.17254574242182225,0.15055752690696322,UPI,0.3430228333066872,0,2
1548,49,Tier1,SME,64242,20490,1,7,15,1,0.14448309929837425,0.06208853704103426,UPI,0.3189502194825815,0,1
1549,37,Tier1,Gig,59302,25572,2,22,0,2,0.07656112030988765,0.09544173586155937,UPI,0.43121648511011434,0,0
1550,21,Tier2,SME,72195,22243,1,18,6,1,0.21189504365578746,0.010485100301931246,UPI,0.3080961285407577,0,3
1551,30,Tier3,MNC,65211,17659,1,16,0,0,0.12635987226176582,0.020959515287252678,UPI,0.2707978715247428,0,1
1552,50,Tier2,SME,73556,29448,2,8,7,2,0.5105188835364217,0.11079838724694417,UPI,0.4003480341508511,0,2
1553,39,Tier2,Gig,54640,23608,1,9,10,3,0.23760537487187935,0.053739668677143866,UPI,0.43206442166910686,1,58
1554,42,Tier1,Startup,89963,26419,2,16,17,5,0.4344078615350932,0.0732534499389642,Card,0.2936651734602003,0,4
1555,36,Tier2,Gig,75578,14448,2,6,15,3,0.18344954634932273,0.15779401084517944,UPI,0.19116674164439387,0,4
1556,26,Tier2,Gig,70850,23558,2,14,16,6,0.2025643782835218,0.07535289921817598,UPI,0.3325052928722653,0,0
1557,51,Tier1,Startup,69874,26011,0,22,11,2,0.13611775724296737,0.03854012893064688,Wallet,0.37225577468013854,0,0
1558,47,Tier3,Gig,83145,21791,1,21,7,3,0.4786043445952049,0.07100436705877204,Card,0.2620843105418245,1,31
1559,54,Tier1,MNC,80433,30111,3,15,16,1,0.19105555990593098,0.022062212989915824,UPI,0.3743612696281377,0,2
1560,50,Tier2,Gig,57744,17861,2,10,1,4,0.08832377376501868,0.02981107011400172,UPI,0.3093135217511776,0,4
1561,30,Tier3,Gig,79806,19185,1,7,14,3,0.23829451459735942,0.04970723536830559,UPI,0.240395458988046,0,0
1562,29,Tier2,Gig,63481,21510,0,9,17,3,0.20675221412312536,0.013054947787098146,UPI,0.338841543138892,0,2
1563,29,Tier1,SME,98338,26225,0,11,0,2,0.06498429850305254,0.03997856985674451,UPI,0.26668225914702354,1,85
1564,52,Tier2,Startup,81954,31638,3,15,11,3,0.33415898925077203,0.0300945998427025,UPI,0.38604583058789077,0,2
1565,39,Tier1,MNC,47487,7166,1,19,15,1,0.13355973423469136,0.036836152840611536,Wallet,0.1509044580622065,0,1
1566,36,Tier2,Startup,106614,42160,2,14,12,1,0.26167104347300724,0.10873796744222519,NetBanking,0.39544525109272705,0,1
1567,53,Tier1,SME,17959,4345,1,20,17,2,0.20382136463321432,0.002431628984686737,UPI,0.24193997438610168,0,2
1568,41,Tier2,SME,72747,31855,1,8,4,0,0.11322999677702067,0.16735334846589012,Card,0.4378874730229425,0,1
1569,51,Tier3,Startup,46075,17404,2,13,11,1,0.2468504269658438,0.18831064261267494,UPI,0.3777319587628866,0,2
1570,54,Tier1,SME,97643,21707,2,17,14,1,0.3569305362448077,0.09769013506586181,Card,0.22230984299949816,0,2
1571,23,Tier1,MNC,65056,28861,1,6,1,4,0.4178596629257891,0.06993025229251201,NetBanking,0.44363317757009346,0,0
1572,33,Tier2,SME,44124,13231,1,22,10,2,0.2427728789114901,0.02122050902815696,Card,0.299859486900553,0,4
1573,45,Tier1,Startup,54670,16776,2,23,17,3,0.1077637876746387,0.056376829446563845,Card,0.3068593378452533,0,0
1574,48,Tier1,Startup,45721,19333,0,19,8,4,0.2923783956041681,0.03719387738460212,Card,0.4228472693073205,0,1
1575,26,Tier1,Startup,53884,22928,1,18,14,2,0.43093047498131887,0.2599727115024326,UPI,0.4255066439017148,0,3
1576,31,Tier1,MNC,53427,19183,2,9,13,0,0.13416635070369426,0.03609863070182839,UPI,0.35905066726561474,0,2
1577,39,Tier2,Gig,44976,19948,0,9,4,1,0.12898779386441858,0.1508547148129289,Card,0.4435254357879758,1,51
1578,48,Tier2,Startup,65401,16262,2,10,6,2,0.32463882364545726,0.05756084956525685,UPI,0.24865063225332945,0,2
1579,24,Tier1,MNC,67824,14900,0,8,8,4,0.1798557373660515,0.061982280825771,UPI,0.21968624675631046,0,2
1580,41,Tier1,SME,40073,6362,2,16,7,2,0.15142301354095986,0.03382044706650472,Card,0.15876026252089936,0,2
1581,31,Tier1,SME,26834,6813,2,23,10,3,0.25044421956133384,0.06504735678864798,Card,0.2538943131847656,0,2
1582,28,Tier1,SME,66219,21904,2,18,11,1,0.21888305562779545,0.06931584630067632,UPI,0.3307811957293224,0,1
1583,38,Tier2,MNC,70638,17067,2,21,7,2,0.08714062680845905,0.021252563053556193,UPI,0.24161216342478553,0,3
1584,35,Tier1,MNC,74604,24163,2,23,11,3,0.20273651967965287,0.026645871643346974,UPI,0.32388343788536805,0,5
1585,42,Tier2,MNC,71023,11684,1,17,11,3,0.14351737926335392,0.031911316098823674,NetBanking,0.164510088281261,0,3
1586,31,Tier3,MNC,91454,23433,1,7,17,3,0.1308090787347871,0.01969102197122069,UPI,0.25622717431714304,0,2
1587,48,Tier2,MNC,79941,29930,0,22,14,2,0.14512462129015732,0.19818814044621869,Card,0.37440112082660965,0,1
1588,23,Tier2,Gig,113596,20594,2,15,10,1,0.2365356671790584,0.10242081901877986,UPI,0.18129159477446388,0,1
1589,50,Tier1,SME,122012,44467,0,15,3,1,0.1358410827042497,0.06906853582195181,UPI,0.3644477592367964,0,2
1590,22,Tier1,SME,24837,9413,1,23,5,0,0.11030733603080284,0.052542550900395946,UPI,0.37899102145991864,0,3
1591,46,Tier1,Startup,16057,5148,2,18,5,2,0.033177459803703076,0.16828301041427166,Card,0.3206078345892757,0,3
1592,32,Tier2,SME,59852,24888,2,7,5,2,0.36022438404153245,0.08945402475116586,UPI,0.41582570340172426,0,4
1593,34,Tier2,MNC,70084,30582,1,19,17,1,0.4159626885765695,0.006692433774195647,UPI,0.43636207978996633,0,3
1594,21,Tier1,MNC,58482,9380,1,23,9,2,0.24397784269892384,0.05813324704259317,UPI,0.16039123149003112,0,3
1595,44,Tier1,MNC,74071,26200,2,10,17,5,0.5713471962515164,0.15011002387275044,UPI,0.3537146791591851,0,2
1596,26,Tier1,SME,54595,12073,3,14,2,4,0.21856204050157155,0.0746296623979516,Card,0.2211374668009891,0,2
1597,43,Tier2,SME,46120,12565,2,7,12,2,0.022489677957845663,0.12392893784603547,UPI,0.2724414570685169,0,3
1598,45,Tier2,SME,49142,16558,1,18,10,3,0.22021768900726146,0.062287749892677886,UPI,0.3369419234056408,0,1
1599,49,Tier2,SME,55996,20364,2,8,13,2,0.17174186940520045,0.08550162511308607,UPI,0.3636688334881063,0,1
1600,45,Tier3,Gig,76870,30906,0,13,7,0,0.11637090228999063,0.13673284967634766,UPI,0.40205541823858465,0,1
1601,31,Tier1,SME,50265,18176,1,17,9,2,0.3250215017675884,0.18816708280876754,UPI,0.36160350144235553,1,111
1602,46,Tier2,SME,54220,20778,1,21,6,0,0.10630918289871233,0.10222181216727765,UPI,0.383216525267429,0,1
1603,49,Tier2,SME,71404,23543,1,11,12,1,0.20901326695558747,0.24942822286529795,Wallet,0.3297154221052042,0,2
1604,31,Tier1,Startup,56024,10371,2,22,3,2,0.06646770453680126,0.19924844656072044,UPI,0.18511709267456805,0,3
1605,25,Tier3,Startup,82334,12879,2,6,11,0,0.14613640977325285,0.04318896597833202,UPI,0.15642383462482085,0,0
1606,51,Tier1,Startup,41609,12854,2,8,8,4,0.3373038403813765,0.10805325011288805,UPI,0.30892355019346773,0,3
1607,26,Tier2,MNC,37272,13591,2,8,14,3,0.3010651378844144,0.09440212240119393,UPI,0.3646437003648852,0,2
1608,41,Tier2,SME,66092,12072,1,19,0,4,0.1501751412810759,0.19999872665977675,UPI,0.18265448163166495,0,1
1609,29,Tier3,Gig,68085,18981,2,12,3,1,0.07035687123940532,0.18454430000601457,UPI,0.27878387309980174,0,6
1610,25,Tier2,SME,42700,9686,2,6,10,2,0.5274000506787895,0.13961976211224772,UPI,0.2268384074941452,0,3
1611,47,Tier1,Gig,86871,27809,2,20,6,2,0.11189749743146371,0.07961518729968484,UPI,0.3201183363838335,1,117
1612,25,Tier2,SME,98498,26313,1,10,5,2,0.1763286557611568,0.23655704581413814,UPI,0.26714248005035635,0,0
1613,43,Tier2,SME,47442,9983,2,18,16,1,0.15992661889218443,0.14387517113673043,UPI,0.21042536149403482,1,48
1614,44,Tier2,SME,89746,13580,2,15,16,2,0.1358454461848793,0.23594231342256725,UPI,0.15131593608628796,0,1
1615,23,Tier2,SME,15000,3696,1,8,1,1,0.18138458869596735,0.057178101983060496,Wallet,0.2464,0,4
1616,26,Tier1,Gig,81522,24851,2,16,9,4,0.1510591358320684,0.12730548374265502,UPI,0.3048379578518682,0,5
1617,48,Tier2,MNC,42844,18369,1,21,12,0,0.3249104421251542,0.04352290742316438,UPI,0.42874148072075435,0,1
1618,38,Tier3,SME,79521,17354,0,12,14,2,0.2126255374678662,0.10918459457208349,Wallet,0.21823166207668415,0,2
1619,25,Tier1,Startup,40774,12382,2,21,3,4,0.19807324000204668,0.17012887686409806,NetBanking,0.30367390984450876,0,5
1620,54,Tier1,Gig,58630,18758,2,10,15,2,0.22939914837444259,0.10149706827180985,Card,0.31993859798737845,0,2
1621,30,Tier3,Startup,43797,15099,2,11,11,1,0.26495213101972614,0.02257195406836116,UPI,0.3447496403863278,0,1
1622,21,Tier2,Gig,55722,13850,1,9,15,2,0.31562430362323207,0.17579282183891282,Card,0.24855532823660315,0,1
1623,52,Tier3,Gig,96598,17372,3,9,12,2,0.04160297185384752,0.04468966221438707,NetBanking,0.17983809188596037,1,32
1624,21,Tier1,SME,57841,24663,1,10,15,3,0.07570239990211965,0.04709290908807984,UPI,0.42639304299718195,0,2
1625,39,Tier3,Gig,102206,44544,1,17,0,2,0.013076453834786806,0.022035264766043564,UPI,0.43582568538050603,1,58
1626,54,Tier1,Gig,52283,14716,2,8,4,1,0.04936499011389113,0.22294023361157989,UPI,0.28146816364783966,0,0
1627,40,Tier2,MNC,89835,29122,1,15,9,3,0.24062656713773617,0.040801667316225546,UPI,0.32417209328212837,0,1
1628,40,Tier1,Startup,27486,4362,2,10,5,5,0.10364841019979018,0.1742466848115541,UPI,0.15869897402313904,0,4
1629,34,Tier2,MNC,54269,8909,3,8,3,2,0.09995368369177295,0.0768053539690484,UPI,0.16416370303488179,0,1
1630,25,Tier3,Startup,49277,8524,1,20,12,2,0.14625322011509667,0.0030914939531160824,Card,0.1729813097388234,0,1
1631,40,Tier2,MNC,90754,33726,1,15,17,1,0.22605918281203174,0.05339355625510309,UPI,0.37161998369217886,0,1
1632,51,Tier2,Startup,63704,13898,1,11,9,2,0.14484038312914632,0.16347222308396953,UPI,0.2181652643476077,0,2
1633,24,Tier1,SME,18238,3744,2,17,10,1,0.17897668173614545,0.13989098570682656,UPI,0.20528566728807984,0,2
1634,50,Tier2,SME,33797,5154,2,22,10,3,0.18838429287955002,0.009637001821777067,UPI,0.15249874249193715,0,1
1635,35,Tier2,MNC,39746,6234,3,11,7,1,0.37869128321845896,0.25512424067163036,NetBanking,0.15684597192170283,0,2
1636,39,Tier1,Startup,78681,21370,2,10,12,3,0.25255822600507716,0.2536220146441067,Wallet,0.2716030553755036,0,3
1637,26,Tier2,SME,76100,23781,3,18,14,5,0.06491743359033159,0.06605652702222077,Wallet,0.31249671484888303,0,2
1638,42,Tier3,Startup,53992,17478,1,14,2,1,0.2564103894178583,0.1647905231789984,UPI,0.32371462438879833,1,67
1639,27,Tier2,SME,49029,14089,1,18,4,3,0.24716899031608622,0.18493193127443255,UPI,0.2873605417202064,0,0
1640,30,Tier2,MNC,74327,21396,1,9,3,1,0.2959791034931033,0.042546625082749104,UPI,0.2878630914741615,0,1
1641,45,Tier1,SME,37409,14063,2,22,14,2,0.1624264350658804,0.06887870391150074,NetBanking,0.3759255794060253,0,1
1642,22,Tier2,Gig,69153,16380,1,6,11,0,0.10302552640651894,0.21064854560983953,NetBanking,0.23686607956270878,0,3
1643,36,Tier1,MNC,67450,14927,1,10,12,4,0.24654164822690633,0.08283345429229416,UPI,0.2213046701260193,0,3
1644,41,Tier1,Startup,54508,22146,1,17,11,2,0.15511800448306046,0.15389476492234996,UPI,0.4062889851031041,0,3
1645,25,Tier1,MNC,67953,24244,1,15,9,1,0.1800395661396815,0.03992175762727827,UPI,0.3567760069459774,0,0
1646,31,Tier1,Startup,62041,18181,2,12,14,1,0.2137391721765417,0.0325542589248941,UPI,0.29304814558114795,0,3
1647,32,Tier1,MNC,69948,16271,2,23,2,4,0.38769809253487164,0.10214006013872641,UPI,0.2326156573454566,0,3
1648,43,Tier2,SME,33317,6362,1,12,12,1,0.25851186013029437,0.014154635646003914,UPI,0.19095356724795148,0,1
1649,54,Tier1,SME,72290,11655,2,18,15,0,0.3682469198938558,0.05639041432151003,Card,0.1612256190344446,0,0
1650,49,Tier1,MNC,80532,32672,0,13,3,2,0.18160094848925606,0.09522582551008457,UPI,0.4057020811602841,0,2
1651,27,Tier1,SME,66419,21786,1,13,12,2,0.24353415564837413,0.03512452945948467,UPI,0.3280085517698249,0,2
1652,21,Tier2,SME,72024,11793,1,19,1,2,0.10446644955973888,0.04455617245739612,UPI,0.16373708763745418,0,2
1653,22,Tier1,SME,57801,11420,2,12,2,1,0.2347892515375551,0.03245385266915588,UPI,0.1975744364284355,0,1
1654,41,Tier1,Gig,77826,18201,2,13,7,2,0.05401116620940308,0.061026690759169236,Card,0.2338678590702336,0,1
1655,26,Tier2,SME,61304,14033,2,20,17,4,0.20182812299374114,0.003791151281444621,UPI,0.22890839096959414,0,1
1656,28,Tier1,Gig,37041,11650,2,7,6,1,0.031206780447824194,0.09519885057932224,UPI,0.3145163467508977,0,3
1657,49,Tier3,SME,76404,20616,1,13,7,0,0.040338139660714194,0.0012831367945878242,NetBanking,0.2698288047746191,0,0
1658,50,Tier1,MNC,27317,11327,2,11,13,0,0.17426904874184987,0.11819788006125939,UPI,0.4146502178130834,0,2
1659,49,Tier1,MNC,65655,24018,2,14,14,1,0.1131594723666719,0.15122790953335194,Card,0.365821338816541,0,4
1660,29,Tier1,SME,52315,22140,0,16,12,2,0.21987728540587037,0.03516187649915216,UPI,0.42320558157316257,0,2
1661,42,Tier2,SME,51037,20866,1,13,0,1,0.24282761964554242,0.012340920812186877,UPI,0.40884064502223877,1,81
1662,41,Tier1,Gig,63439,27051,0,23,15,0,0.08977426100146389,0.052958663124335434,UPI,0.426409621841454,0,3
1663,27,Tier3,Startup,45814,20341,0,22,4,1,0.2017725640335483,0.07301019169482592,Card,0.4439909198061728,1,89
1664,39,Tier1,SME,70244,17105,1,8,9,1,0.1780886162941638,0.11662389860268145,UPI,0.2435083423495245,0,1
1665,38,Tier2,SME,61135,13015,1,17,13,3,0.32875172162648875,0.01639543711650319,UPI,0.21288950682914862,0,0
1666,34,Tier1,SME,47654,9509,3,11,5,4,0.3734334380815275,0.11212912228827236,Card,0.1995425357787384,1,88
1667,46,Tier1,Startup,86763,29362,2,18,12,4,0.14505376232551045,0.06191078435609784,Card,0.338416145130989,0,0
1668,44,Tier1,MNC,64095,22708,2,14,9,5,0.374392483785933,0.018609181504607487,Card,0.3542866058194867,0,4
1669,39,Tier2,MNC,72616,12805,2,23,2,1,0.18627456428258246,0.1891630421475923,UPI,0.17633854797840695,0,1
1670,45,Tier1,SME,88331,35007,3,23,3,3,0.10821264676170418,0.09413429158392686,UPI,0.3963161291052971,0,1
1671,46,Tier3,MNC,88003,33874,1,7,13,1,0.07816130635185334,0.031874502391785776,UPI,0.38491869595354705,0,1
1672,40,Tier2,Startup,71595,24237,2,7,1,4,0.17095660394453216,0.07221753743509915,UPI,0.3385292269013199,0,3
1673,30,Tier3,MNC,53946,15141,2,6,6,3,0.19692582445943602,0.05354362256589758,NetBanking,0.2806695584473362,0,2
1674,46,Tier1,MNC,31405,6158,3,20,8,1,0.48697914012389404,0.008678049280017877,UPI,0.19608342620601815,0,0
1675,45,Tier2,Gig,64133,19347,2,10,6,2,0.3656427866736277,0.22420671809321013,UPI,0.3016699670996211,0,3
1676,54,Tier2,Gig,81891,16194,0,19,7,2,0.2836074062726168,0.08782239345073976,UPI,0.19775066857163792,0,5
1677,26,Tier2,SME,67086,22238,2,11,17,3,0.5200821972938139,0.05953745774961471,Wallet,0.33148495960409025,0,2
1678,35,Tier3,SME,15000,3644,1,11,0,0,0.10399092735206836,0.008045402819619666,UPI,0.24293333333333333,0,3
1679,52,Tier2,Startup,77401,17352,1,16,17,0,0.18092151919020047,0.05619438096950376,NetBanking,0.22418315008850015,0,3
1680,38,Tier3,MNC,78629,22198,2,19,12,3,0.09603600745360588,0.1730642656242908,NetBanking,0.28231314146180164,0,0
1681,53,Tier2,SME,53975,17499,2,16,16,3,0.12048603843220929,0.13475338738602552,UPI,0.3242056507642427,0,4
1682,21,Tier1,MNC,79767,20758,1,16,11,3,0.15200904976843138,0.16822044978408407,UPI,0.2602329284039766,0,6
1683,22,Tier2,SME,72559,31859,1,19,16,0,0.04601065493974717,0.04160414301062315,Card,0.43907716479003295,0,0
1684,48,Tier1,Gig,46289,7025,2,9,1,2,0.44514569694698797,0.027822139200115448,UPI,0.15176391799347577,0,1
1685,33,Tier3,Startup,85426,36208,1,16,12,2,0.03848105259705244,0.04179527721461995,Wallet,0.42385222297661135,0,0
1686,38,Tier2,Gig,34650,5204,2,11,12,2,0.21395518403028066,0.049846039733395825,UPI,0.15018759018759018,0,2
1687,35,Tier1,Startup,58855,12654,1,8,16,1,0.3032757925832923,0.04045722927418972,Card,0.21500297340922606,0,3
1688,34,Tier1,Startup,56859,25524,2,11,1,4,0.2675559185443551,0.0936409286989118,Card,0.44889991030443727,1,42
1689,52,Tier1,Startup,43491,16023,0,9,9,3,0.14285999182918493,0.23693961331476743,UPI,0.3684210526315789,0,1
1690,24,Tier1,Startup,66075,22686,3,11,9,2,0.11967467281951524,0.14874082731176144,UPI,0.3433371169125993,0,3
1691,47,Tier1,SME,86207,31709,3,6,1,2,0.0402207369443901,0.05065236379827405,NetBanking,0.36782395861124967,0,2
1692,51,Tier2,MNC,84954,23149,1,19,11,1,0.10887971468273791,0.33788531629401874,Card,0.2724886409115521,0,5
1693,43,Tier2,SME,74473,28691,2,12,8,3,0.10764935123695667,0.183630415212217,UPI,0.3852537161118795,0,1
1694,34,Tier2,MNC,26081,5123,2,17,8,0,0.29173726803715483,0.04906022127701983,UPI,0.19642651738813696,0,0
1695,26,Tier1,SME,33280,12918,1,19,12,1,0.10696839602355565,0.0685810832096027,Card,0.3881610576923077,0,0
1696,44,Tier2,MNC,63323,27346,2,20,13,0,0.1486995893463842,0.01325338235141311,UPI,0.43184940700851193,0,2
1697,36,Tier1,SME,59315,24159,2,7,11,2,0.18671930545745344,0.06982625974444108,UPI,0.4073000084295709,0,3
1698,26,Tier3,MNC,50038,18609,2,15,6,1,0.1847929279930975,0.21233651770342396,UPI,0.37189735800791396,0,1
1699,33,Tier1,MNC,98106,33887,3,13,17,2,0.25809921763523325,0.17382957002816482,Wallet,0.34541210527388744,0,1
1700,53,Tier1,SME,62117,19028,0,12,3,2,0.19035322903998983,0.11877918270107178,Card,0.3063251605840591,1,43
1701,30,Tier1,MNC,70848,19027,3,20,6,5,0.14415573887222938,0.17475261252604424,UPI,0.2685608626919603,0,1
1702,27,Tier2,Gig,79757,32676,3,7,8,4,0.42603746592147185,0.04374503393807618,UPI,0.4096944468824053,0,1
1703,44,Tier1,SME,61099,21032,1,11,5,3,0.08323854464963495,0.10142930940148552,UPI,0.3442282197744644,0,1
1704,27,Tier2,SME,111821,31362,1,20,6,2,0.015783207574927273,0.13373511262546933,NetBanking,0.2804661020738502,0,2
1705,52,Tier2,MNC,41192,15876,2,13,16,7,0.45498504021392056,0.06185567890595956,UPI,0.3854146436201204,0,3
1706,50,Tier2,Gig,47878,7958,2,7,2,3,0.2291656484363829,0.06773653424559031,UPI,0.16621412757425122,0,3
1707,54,Tier1,Startup,41143,16207,1,9,9,2,0.095004833290581,0.12743508900318834,Card,0.3939187711153781,0,0
1708,52,Tier1,SME,91253,35881,1,11,8,1,0.030119214703287343,0.01471596212908497,Card,0.39320351111744273,0,2
1709,29,Tier1,MNC,76041,16619,2,10,1,0,0.2690190007707641,0.04758596266486989,UPI,0.21855314895911415,0,1
1710,28,Tier1,Startup,49116,7922,1,18,3,3,0.14992560157751142,0.1434603475050422,UPI,0.16129163612672043,0,1
1711,32,Tier2,Gig,42722,15555,2,9,4,1,0.18213941132093298,0.08600938443305736,UPI,0.3640981227470624,0,3
1712,36,Tier1,SME,87697,18412,2,19,8,4,0.08326795269784636,0.056052532257834804,UPI,0.20995016933304447,0,0
1713,50,Tier1,MNC,67233,30174,3,11,7,2,0.16035709289984457,0.07318805479299177,UPI,0.4487974655303199,0,5
1714,45,Tier1,MNC,88208,13474,1,7,10,2,0.2075702819024605,0.020984113498197794,Card,0.15275258479956466,0,1
1715,42,Tier2,MNC,58797,12872,3,6,6,1,0.386087561466229,0.16996600268714393,UPI,0.21892273415310304,0,0
1716,50,Tier1,Startup,70230,11420,2,16,14,1,0.48703737049109347,0.024038506747329207,Card,0.16260857183539798,0,1
1717,42,Tier2,Gig,66004,25398,3,19,6,5,0.160403188978946,0.08631970362799582,NetBanking,0.38479486091752013,0,1
1718,33,Tier1,Gig,47517,15376,1,8,15,1,0.18795643351661898,0.10059793644758218,UPI,0.32358945219605617,0,2
1719,35,Tier3,Startup,57117,23105,2,11,17,2,0.17501856708120714,0.06206376584866307,NetBanking,0.40452054554685996,0,4
1720,38,Tier2,MNC,36313,15933,2,19,12,4,0.1564087781998477,0.02325949319127602,UPI,0.43876848511552335,0,2
1721,24,Tier1,Gig,69882,23273,2,21,1,1,0.09206960954143101,0.12546998946963545,UPI,0.33303282676511836,0,1
1722,46,Tier1,SME,75224,16513,0,19,16,2,0.058722588664721485,0.0752864150333736,UPI,0.2195177071147506,0,0
1723,43,Tier1,SME,79803,14188,1,17,14,2,0.16553673173775416,0.0525104155996144,Card,0.17778780246356654,0,1
1724,45,Tier1,Startup,73330,30056,1,19,10,1,0.14730836115786328,0.1574208390139861,Card,0.40987317605345697,1,53
1725,39,Tier1,MNC,57435,12838,1,11,6,2,0.12846457754887056,0.037420105751109156,UPI,0.2235222425350396,0,0
1726,47,Tier3,Gig,91039,38059,2,7,12,3,0.2242843452500279,0.002953281309599004,Card,0.41805160425751603,0,2
1727,53,Tier2,Gig,77846,32188,3,16,11,1,0.20287229341433968,0.06002687973349761,UPI,0.4134830305988747,1,107
1728,40,Tier1,Startup,87770,29696,2,16,13,3,0.09336305180996754,0.13491006255340673,Wallet,0.33833884015039306,0,0
1729,36,Tier2,Startup,89025,29484,1,20,11,4,0.3174207620095217,0.08099294884022828,UPI,0.3311878685762426,0,3
1730,24,Tier1,SME,57488,25021,1,10,14,1,0.22135708134875973,0.024928552186368448,UPI,0.43523865850264404,0,3
1731,47,Tier3,MNC,67757,25531,1,22,17,3,0.17406658959402066,0.13505912652231725,UPI,0.3768023968003306,0,3
1732,51,Tier1,Startup,75491,26798,1,14,13,0,0.208323422135539,0.3555562680817395,UPI,0.35498271317110647,0,0
1733,44,Tier2,SME,37017,10391,2,13,5,2,0.2825703073426098,0.008075641670352105,UPI,0.2807088634951509,0,3
1734,50,Tier2,Gig,37460,11058,1,23,16,3,0.27605516720899687,0.040463312481018886,UPI,0.29519487453283505,1,102
1735,50,Tier1,MNC,34013,9070,1,15,14,1,0.22594791578831164,0.08256902604426845,UPI,0.26666274659688943,0,2
1736,48,Tier1,SME,57837,25095,2,7,8,1,0.14849447850004893,0.04637632483530442,UPI,0.4338917993671871,0,1
1737,38,Tier1,SME,53333,18209,1,10,1,5,0.39846527257820413,0.018846147447969957,UPI,0.3414208838805243,0,3
1738,24,Tier3,Startup,31286,12017,1,16,17,2,0.14261897098935136,0.28206603496163846,NetBanking,0.38410151505465706,1,39
1739,21,Tier2,Startup,62987,10150,2,10,9,2,0.14433525788360954,0.24472853410694576,UPI,0.1611443631225491,0,4
1740,27,Tier2,Gig,58087,23567,0,8,7,2,0.34682549747164193,0.1278471300794988,Card,0.4057190076953535,0,2
1741,35,Tier2,MNC,83644,23026,2,11,10,2,0.10233684844509433,0.025641369433176756,UPI,0.2752857347807374,0,3
1742,46,Tier2,SME,100259,37210,1,15,1,3,0.23839058843949396,0.1385163751841825,NetBanking,0.37113875063585317,0,2
1743,36,Tier1,MNC,69129,11199,2,7,14,1,0.6420553059535953,0.06772779733706123,Card,0.16200147550232175,0,4
1744,21,Tier2,MNC,46067,19263,1,15,3,5,0.0767836416872384,0.027637273438180534,Wallet,0.41815182234571385,0,1
1745,28,Tier2,SME,72934,25377,1,19,4,1,0.10277423136168352,0.02338164595547724,Card,0.3479447171415252,0,4
1746,54,Tier1,SME,60186,17288,2,14,10,2,0.32018204062047184,0.11329811112280763,Card,0.2872428804040807,0,2
1747,54,Tier3,SME,55197,13306,0,18,11,2,0.31730067685185476,0.14612810503651563,UPI,0.2410638259325688,0,1
1748,33,Tier1,SME,42767,10405,1,17,0,2,0.2811775517158075,0.12042538135752012,Card,0.2432950639511773,0,2
1749,48,Tier1,Startup,50715,12223,1,14,10,0,0.11716146861260669,0.07622278419753999,UPI,0.24101350685201617,0,3
1750,45,Tier2,Gig,56444,10685,1,23,2,2,0.05537456760250273,0.15308122250760187,UPI,0.18930267167458012,1,56
1751,52,Tier1,MNC,76081,21998,0,17,17,1,0.10270891189587456,0.04565498928413876,UPI,0.28913920689791145,0,1
1752,51,Tier1,SME,70220,20086,3,20,6,2,0.415207022858068,0.14610786742178622,Card,0.2860438621475363,0,3
1753,42,Tier1,Startup,96511,26403,1,17,8,2,0.05088734343502747,0.12010398246622198,UPI,0.2735750328978044,0,0
1754,34,Tier2,Startup,73486,26523,2,23,11,0,0.21192762875942414,0.07481602556257272,NetBanking,0.3609258906458373,0,1
1755,42,Tier2,Gig,68485,18898,1,13,2,1,0.18291949998385448,0.10853136705976259,UPI,0.27594363729283783,0,2
1756,31,Tier1,MNC,53875,9519,0,9,2,2,0.13611437997032735,0.06072438639693227,Card,0.17668677494199536,0,0
1757,32,Tier1,SME,39250,15920,2,9,17,1,0.13822501977903182,0.041337090257316585,UPI,0.4056050955414013,0,1
1758,41,Tier1,Gig,48602,13488,2,23,10,1,0.09516007051019101,0.03713928757002534,Card,0.2775194436442945,0,3
1759,40,Tier3,SME,46003,15943,3,20,4,0,0.32753497433771844,0.05017512826363137,Wallet,0.34656435449861966,0,1
1760,40,Tier1,SME,15000,6434,0,11,11,2,0.24271931864540092,0.04259834302034151,Card,0.42893333333333333,0,1
1761,34,Tier3,Gig,39827,15143,1,14,16,4,0.09466805203859974,0.10610621654096121,NetBanking,0.3802194491174329,0,0
1762,34,Tier3,MNC,92044,28684,2,6,13,2,0.3274794278436883,0.04081892479176596,Card,0.3116335665551258,0,1
1763,21,Tier1,Startup,67372,21121,1,23,7,2,0.018676300294786095,0.1016374477556095,UPI,0.3134981891587009,0,0
1764,41,Tier2,Gig,52469,21242,0,13,11,1,0.1517101993955665,0.012648410575393195,UPI,0.4048485772551411,0,2
1765,40,Tier2,MNC,67969,26989,1,12,16,1,0.32658081662685373,0.05737869921364021,UPI,0.39707807971281023,0,2
1766,52,Tier2,Startup,20931,4261,0,10,4,2,0.31949126417215945,0.2149591945459722,UPI,0.20357364674406384,0,1
1767,38,Tier1,SME,65641,22183,2,7,14,1,0.07256443998222958,0.07981655947243455,UPI,0.3379442726344815,0,1
1768,36,Tier2,Gig,85549,35050,2,19,17,0,0.17120400606481,0.13508019265727303,UPI,0.4097067177874668,0,3
1769,23,Tier2,Gig,57577,22512,2,10,6,3,0.16359315342527272,0.0900533962801471,UPI,0.390989457595915,0,1
1770,27,Tier2,Gig,24560,4602,1,7,15,3,0.09283927060879828,0.09873772759824136,Card,0.18737785016286646,0,2
1771,32,Tier3,MNC,51721,14518,2,23,0,0,0.24469838600639862,0.05819259837794814,UPI,0.28069836236731693,0,0
1772,33,Tier1,Startup,85585,26143,2,15,6,2,0.1929886814957167,0.13849012646844847,NetBanking,0.30546240579540807,1,76
1773,33,Tier2,Gig,65172,14816,2,7,4,0,0.1868801088269395,0.06104635129164554,UPI,0.2273368931442951,0,1
1774,34,Tier3,Startup,31633,11193,2,11,0,1,0.046412413931866146,0.09632111355594161,UPI,0.35383934498782915,0,4
1775,47,Tier1,Startup,107352,31439,3,15,10,5,0.26588473844263844,0.09242443542506444,Wallet,0.2928590058871749,0,1
1776,25,Tier1,MNC,34923,8355,1,9,9,4,0.13823611741274916,0.25055507822555284,NetBanking,0.23924061506743408,0,0
1777,32,Tier1,Gig,55141,13843,2,23,6,1,0.22105512585796877,0.10637128987626036,UPI,0.25104731506501515,0,5
1778,26,Tier3,MNC,39252,15975,2,21,15,1,0.14041881873474046,0.09452257946579828,NetBanking,0.4069856313054112,0,1
1779,31,Tier1,SME,39279,16098,2,21,4,1,0.37765394268082664,0.03412900643457179,Card,0.409837317650653,0,1
1780,44,Tier2,Gig,50956,20062,3,15,14,1,0.10202764060584174,0.03935811012814524,UPI,0.3937122223094434,0,2
1781,22,Tier1,Gig,72723,30846,1,23,11,1,0.0800828902176884,0.06392205946157768,NetBanking,0.42415741924838085,1,43
1782,32,Tier1,Gig,85810,37386,2,11,16,2,0.062318665926948666,0.03940161404641179,UPI,0.43568348677310337,0,1
1783,21,Tier2,SME,52276,15554,1,15,0,0,0.09520543089197471,0.10632453960376083,UPI,0.2975361542581682,0,1
1784,53,Tier1,MNC,39797,7124,2,19,17,3,0.4934180583648927,0.12550101030416957,UPI,0.179008467974973,0,2
1785,45,Tier3,SME,69572,27134,1,15,0,1,0.18609975112106006,0.18851565882895963,UPI,0.3900132237106882,0,1
1786,29,Tier1,MNC,70159,23856,1,21,12,3,0.1449768650835284,0.06395299405210018,UPI,0.3400276514773586,0,1
1787,27,Tier3,Gig,64807,17119,3,7,13,1,0.10742979249764432,0.06190871602240509,Card,0.26415356365824677,0,1
1788,24,Tier1,SME,65514,29000,2,13,2,5,0.14476493365231372,0.0600380246303891,UPI,0.44265347864578564,0,1
1789,37,Tier3,SME,57748,14529,1,20,0,4,0.13030975929862398,0.007384343677506945,Card,0.2515931287663642,0,0
1790,46,Tier2,MNC,61963,26166,1,9,0,5,0.30440211070772083,0.12457793259797227,UPI,0.42228426641705535,0,0
1791,40,Tier1,SME,56366,18475,1,12,2,5,0.20661597388806074,0.07170775375445701,UPI,0.3277685129333286,0,1
1792,50,Tier1,Gig,81404,13105,1,23,2,2,0.07551472691296401,0.33129742741750473,Card,0.16098717507739177,0,2
1793,32,Tier1,Startup,104569,42674,0,17,17,4,0.1850704930715567,0.09393311617325688,Card,0.4080941770505599,0,3
1794,30,Tier2,MNC,63593,24080,3,12,3,3,0.28202524482059715,0.26744229529595187,UPI,0.37865802839935214,0,0
1795,37,Tier2,MNC,59868,20519,1,12,14,2,0.31529275645556504,0.27900794846343435,Card,0.34273735551546736,0,2
1796,27,Tier1,SME,65117,21773,0,9,1,1,0.19357072253594923,0.06857772789449569,UPI,0.3343673695041233,0,0
1797,54,Tier1,MNC,46841,10101,2,19,11,7,0.023600095836200274,0.08059982800047727,Card,0.21564441408168059,0,3
1798,27,Tier2,Gig,75299,16140,0,7,8,4,0.2252330530298587,0.048583395974464254,Card,0.21434547603553833,0,2
1799,37,Tier2,Startup,68823,10925,1,9,9,2,0.34353841814326497,0.03435915440406684,Wallet,0.15874053732037255,0,0
1800,38,Tier2,MNC,51590,10124,1,8,14,0,0.33161399893930976,0.08016420292499851,UPI,0.19623958131420818,0,1
1801,22,Tier1,Startup,78041,19583,1,19,3,2,0.06783990382849948,0.05885129466442635,UPI,0.25093220230391716,0,2
1802,36,Tier2,SME,60379,18851,2,22,0,2,0.08484438209603375,0.0159998268987273,NetBanking,0.31221119925802016,0,4
1803,36,Tier3,MNC,40598,7682,2,7,3,1,0.5462260842084268,0.08058031266880127,UPI,0.18922114389871422,0,1
1804,29,Tier1,SME,67032,21267,1,23,14,4,0.2357702113370014,0.05090235343087027,Card,0.31726638023630505,0,4
1805,25,Tier1,MNC,64739,14824,2,22,10,1,0.2094325921556123,0.08834581525416542,Wallet,0.22898098518667265,0,4
1806,22,Tier1,SME,79208,17915,3,15,16,4,0.12662136442842342,0.032490544943997834,Card,0.22617664882335117,0,1
1807,21,Tier2,Gig,76630,33286,2,6,15,3,0.052108137933525624,0.06765605396320266,UPI,0.4343729609813389,1,58
1808,37,Tier1,Gig,57815,25883,3,18,2,1,0.11804144437954371,0.06705437781832085,UPI,0.4476865865259881,0,2
1809,24,Tier3,SME,50558,19891,3,15,1,5,0.21305054576699758,0.0832332326684183,UPI,0.39342932869179953,0,1
1810,53,Tier2,Startup,60034,9984,2,20,0,1,0.2206108836245704,0.07919476063223808,Card,0.16630576006929407,0,1
1811,29,Tier2,MNC,67266,24793,1,11,3,3,0.14686803638720264,0.17099414039215594,NetBanking,0.3685814527398686,0,3
1812,43,Tier2,SME,69675,14180,1,16,8,3,0.1978423449897192,0.13551526397535318,UPI,0.20351632579834947,0,3
1813,43,Tier1,MNC,66028,21179,2,22,0,2,0.1603262528370981,0.2635558431459541,UPI,0.3207578603016902,0,2
1814,37,Tier2,SME,58184,24327,2,18,15,2,0.1108618514002144,0.0483927118860214,Card,0.4181046335762409,0,2
1815,51,Tier1,MNC,79936,21107,2,17,8,2,0.17412402954547773,0.12303400217295721,NetBanking,0.26404873899119297,0,3
1816,24,Tier2,Gig,46513,19937,2,23,13,1,0.018173499799438414,0.2481172424195053,NetBanking,0.4286328553307677,0,1
1817,28,Tier3,Gig,109588,39726,2,14,15,2,0.12075847389274229,0.04934952284251419,Card,0.3625031937803409,0,5
1818,29,Tier2,SME,75261,18085,2,9,0,2,0.1134090265896553,0.061610820151693856,UPI,0.24029709942732624,0,0
1819,25,Tier3,Startup,37450,6683,2,23,7,4,0.15234600415290397,0.03852448390615434,UPI,0.17845126835781042,0,0
1820,31,Tier1,MNC,63704,25137,0,8,12,2,0.34874829189079226,0.13564987495457886,UPI,0.39459060655531836,0,2
1821,31,Tier2,Startup,75453,21686,1,15,17,2,0.18341134457575,0.18707165655165167,UPI,0.2874107060024121,0,1
1822,47,Tier2,MNC,53012,9107,0,19,14,2,0.3781231645183201,0.043472854200385,UPI,0.17179129253753866,0,1
1823,31,Tier2,MNC,30097,5445,0,20,3,5,0.29167703458178795,0.18774238621634717,UPI,0.18091504136624914,0,1
1824,50,Tier1,Startup,39218,17259,2,18,4,5,0.039369149741061794,0.2756135447997914,UPI,0.4400785353664134,0,2
1825,47,Tier1,SME,70841,15790,0,13,14,0,0.15627311019992557,0.08163282962591045,Card,0.22289352211290073,0,3
1826,51,Tier2,SME,24907,10958,3,9,11,2,0.12670114681516226,0.04791216331443157,Card,0.4399566386959489,0,3
1827,24,Tier1,SME,31013,10989,1,6,4,2,0.4060268261289617,0.18294510716321624,UPI,0.3543352787540709,1,97
1828,54,Tier2,MNC,70736,16987,2,11,8,3,0.11236962212255892,0.06811740884641324,NetBanking,0.24014646007690568,0,1
1829,41,Tier2,MNC,55549,14727,1,23,16,0,0.2114873671619373,0.046855365561637476,UPI,0.26511728383949307,0,3
1830,54,Tier3,Startup,46084,17655,2,18,3,2,0.2875085575951675,0.2990086817484743,Card,0.38310476521135317,0,3
1831,33,Tier1,Startup,50105,14060,1,13,5,1,0.1593536994309679,0.14879565884114673,Card,0.28061071749326416,0,1
1832,53,Tier3,MNC,30583,5273,2,14,16,4,0.3115649014602512,0.008288552875258629,UPI,0.17241604813131478,0,2
1833,41,Tier1,SME,69689,15258,2,12,12,2,0.202362861695082,0.1326626239101118,NetBanking,0.21894416622422477,0,1
1834,23,Tier1,Startup,43869,17903,2,22,4,3,0.08806411688330437,0.10464084369599971,Card,0.4081013927830586,0,2
1835,34,Tier2,Startup,49284,17685,2,14,5,2,0.14054702291060683,0.3201189328503999,UPI,0.35883856829802774,0,1
1836,25,Tier1,Gig,66935,20100,2,21,15,5,0.22746857248941774,0.05954013381669278,UPI,0.30029132740718606,0,3
1837,53,Tier1,SME,54867,12270,2,6,5,2,0.13416165609505476,0.033333417723409316,Wallet,0.223631691180491,0,1
1838,31,Tier1,SME,45906,13421,1,14,12,0,0.2154161206889612,0.08015818999907177,NetBanking,0.2923582973903193,0,2
1839,28,Tier2,SME,20211,7814,3,16,8,2,0.23743059855970347,0.02952736200525557,Card,0.3866211469002029,0,2
1840,39,Tier2,SME,67348,11749,1,18,3,2,0.14784284085039615,0.24308767166953252,UPI,0.17445209954267388,0,2
1841,35,Tier1,MNC,61579,27613,1,6,6,2,0.10479908717893469,0.07912974334223852,UPI,0.44841585605482387,0,5
1842,24,Tier1,MNC,49652,20254,1,17,12,0,0.3641747365230552,0.06651825030397046,UPI,0.40791911705470074,1,60
1843,48,Tier2,Gig,39252,9632,1,21,14,1,0.1287970330523205,0.06661555460402607,NetBanking,0.24538876999898093,0,1
1844,49,Tier1,MNC,60255,24775,1,7,0,1,0.18658299420296046,0.052939530248257406,Card,0.4111691975769646,0,0
1845,46,Tier2,Startup,69609,24677,2,11,16,1,0.12396672609191632,0.14633474011389383,UPI,0.35450875605166,0,2
1846,41,Tier3,SME,61955,21678,2,13,4,1,0.2586943866897349,0.056031269359174816,UPI,0.34989912032927123,0,1
1847,34,Tier2,SME,92761,17802,3,10,11,0,0.1182662265879062,0.13256610698319882,Card,0.19191254945505115,0,1
1848,39,Tier3,Gig,74095,31250,0,13,5,2,0.3637256796083805,0.010670111931566537,Wallet,0.42175585397125315,1,89
1849,38,Tier2,Startup,57854,16494,2,22,4,0,0.13981073126777271,0.0585981628299736,Card,0.285096968230373,0,3
1850,26,Tier2,MNC,74765,29230,0,22,16,4,0.0930491153667834,0.05704702581499312,UPI,0.39095833611984215,0,0
1851,23,Tier1,Startup,60973,14624,1,16,12,4,0.3561971362176323,0.04101949678342084,Card,0.2398438653174356,0,2
1852,29,Tier1,SME,60903,14762,1,21,16,2,0.1397922367185022,0.09567419381255561,Card,0.24238543257310805,0,3
1853,36,Tier2,SME,85927,37756,2,20,0,1,0.3788133505148037,0.23187366236918333,Card,0.439396231685035,0,0
1854,26,Tier1,Startup,42038,12569,2,7,4,2,0.27339022697888204,0.10730425538161945,NetBanking,0.29899138874351777,0,2
1855,24,Tier3,Startup,60466,10156,1,12,0,1,0.312735361160115,0.06034709230050778,Card,0.16796216055303806,0,2
1856,49,Tier2,SME,83794,33577,1,21,8,2,0.24036682988368757,0.12368556131442887,UPI,0.40070888130415067,0,3
1857,33,Tier3,Gig,66179,14438,1,13,8,1,0.3984898173885594,0.14292764550526182,Card,0.21816588343734417,0,3
1858,40,Tier1,Startup,52618,21764,1,17,17,4,0.32220542462165136,0.05226082488389558,NetBanking,0.41362271466038236,0,3
1859,38,Tier1,Startup,25876,10995,2,13,4,3,0.519009692550391,0.0300058876298446,Card,0.4249111145462977,0,2
1860,45,Tier2,MNC,15000,2577,2,6,11,3,0.06495922201835339,0.13107185503965813,UPI,0.1718,0,0
1861,46,Tier1,MNC,101523,32967,2,16,17,3,0.418173428756389,0.2207084130933713,UPI,0.32472444667710765,0,4
1862,31,Tier2,SME,66170,29409,3,12,1,2,0.1853639005615154,0.07594736774715372,Card,0.4444461236209763,0,0
1863,49,Tier2,Startup,48318,20741,1,19,8,2,0.0738684338591591,0.13531913840152496,UPI,0.42926031706610374,0,5
1864,33,Tier3,SME,66989,20604,3,21,7,2,0.1809880401320948,0.15398410978433902,Wallet,0.3075728851005389,0,0
1865,49,Tier2,Startup,41046,14536,2,7,0,0,0.08881491700220326,0.05710484358495674,UPI,0.35413925839302246,0,2
1866,34,Tier1,MNC,53375,17681,1,12,7,0,0.26622880041851504,0.045945365219980064,Card,0.3312599531615925,0,2
1867,24,Tier1,Startup,41181,8688,2,13,4,2,0.1821861669451895,0.07235724354009382,UPI,0.2109710788956072,0,2
1868,46,Tier2,Gig,31734,10976,1,18,5,0,0.21585497275910992,0.1340950536300044,UPI,0.34587508665784333,1,83
1869,22,Tier1,Startup,17900,4473,2,13,3,3,0.10407574459597695,0.0644814422242244,UPI,0.2498882681564246,0,2
1870,47,Tier1,Startup,28046,7050,2,16,9,2,0.10715620556567872,0.16296964846718948,UPI,0.25137274477643873,0,1
1871,22,Tier1,Gig,80425,22197,2,22,7,2,0.10236578591991677,0.03604408723882717,UPI,0.2759962698165993,0,0
1872,28,Tier1,MNC,40262,16332,2,16,13,2,0.05983351488376438,0.010971173171611972,NetBanking,0.4056430381004421,0,2
1873,41,Tier2,Startup,70697,15659,2,7,6,1,0.07503555586810778,0.01253826045141541,Wallet,0.22149454715193007,0,1
1874,53,Tier1,Gig,79132,17823,1,14,12,0,0.14525871957293485,0.12171534460727951,UPI,0.2252312591619067,0,1
1875,34,Tier2,SME,60331,9182,3,21,9,1,0.10315418416077536,0.04369939704109077,NetBanking,0.15219373124927482,0,0
1876,25,Tier1,MNC,54028,10616,2,14,6,3,0.13256071708753953,0.06226965582823199,NetBanking,0.19649070852150738,0,1
1877,28,Tier2,Gig,62660,27796,2,23,14,5,0.426355111376682,0.0646719650407836,UPI,0.44360038301947013,0,0
1878,51,Tier1,MNC,51667,14475,2,22,13,3,0.49132256635848326,0.0840952263501358,UPI,0.28015948284204617,0,4
1879,45,Tier3,SME,84078,17534,1,10,9,1,0.22740366730152883,0.183661769646812,NetBanking,0.20854444682318798,0,0
1880,24,Tier1,MNC,97530,42884,1,13,9,2,0.1742074418197029,0.04736405111623461,UPI,0.4397006049420691,0,3
1881,34,Tier2,SME,88996,14073,2,9,13,3,0.14625479664031218,0.01971737157586455,Card,0.1581307025034833,0,0
1882,29,Tier1,SME,16968,5009,3,9,13,2,0.2868110418473254,0.10302276148384358,Card,0.2952027345591702,0,0
1883,27,Tier1,SME,51259,20061,2,12,12,0,0.036981532164958114,0.10807953245845756,UPI,0.3913654187557307,0,2
1884,49,Tier1,Gig,60083,22942,1,13,2,4,0.1459668684848963,0.15252322249011213,UPI,0.3818384568014247,0,3
1885,42,Tier2,SME,69261,14320,1,12,4,1,0.39831218242172317,0.012061154664246164,UPI,0.2067541617937945,1,64
1886,27,Tier3,SME,25453,9222,2,19,7,1,0.17112871334240565,0.16631995497742305,Card,0.3623148548304719,0,1
1887,43,Tier1,Gig,25131,8461,1,8,10,3,0.18024691657579345,0.061158688065380745,UPI,0.33667581870995983,0,4
1888,35,Tier1,Gig,86135,30369,2,14,7,0,0.05085925790803462,0.0022655020190847346,UPI,0.35257444708887214,0,2
1889,23,Tier2,MNC,48817,11219,2,21,14,1,0.10360082913576385,0.06119034532006581,UPI,0.22981748161501117,0,0
1890,36,Tier2,MNC,30251,11895,1,19,6,2,0.20926433793717597,0.23696041944236518,Card,0.3932101418134938,0,1
1891,27,Tier1,Startup,37927,12052,1,9,9,2,0.16275190236955822,0.13010573481459883,UPI,0.3177683444511825,0,4
1892,29,Tier2,Gig,67809,24921,3,10,12,0,0.21552813169676013,0.03735251862713853,Card,0.36751758616112906,0,1
1893,50,Tier2,SME,43549,18807,2,22,6,1,0.3771250507461724,0.14033665141886564,Card,0.4318583664378057,0,0
1894,45,Tier2,MNC,64832,26363,1,16,10,2,0.312191006262868,0.07161346153362944,Card,0.40663561204343535,0,2
1895,25,Tier1,Startup,40425,15551,2,21,13,1,0.30991247772279695,0.1152437474090494,NetBanking,0.38468769325912183,0,1
1896,49,Tier1,Startup,25115,5949,1,21,6,2,0.10820018251205189,0.09391872732911628,UPI,0.23687039617758313,1,36
1897,40,Tier1,SME,88487,14708,1,13,17,0,0.22890532105600878,0.13959513790488023,UPI,0.16621650637946817,0,2
1898,50,Tier2,Gig,67963,21910,2,15,9,2,0.3145130144162616,0.05588962716517997,UPI,0.32238129570501595,0,1
1899,46,Tier1,Startup,53324,8550,1,12,14,6,0.1829380411042684,0.06798808695390862,UPI,0.16034055959792964,0,2
1900,32,Tier2,Startup,49572,18056,1,17,12,2,0.3435827741500353,0.19809772721791585,UPI,0.364237876220447,0,3
1901,39,Tier2,Startup,89298,33133,1,17,14,3,0.3165018726553844,0.02843576338984605,NetBanking,0.37103854509619477,0,3
1902,39,Tier2,Startup,71830,22904,1,18,12,2,0.1721319869728987,0.2580688939100931,Wallet,0.31886398440762914,0,1
1903,45,Tier1,SME,82936,16624,2,21,9,2,0.2430792838831549,0.03884106435189912,UPI,0.20044371563615318,0,4
1904,29,Tier1,SME,48326,19944,2,19,13,4,0.2579450943661808,0.057259686795182285,Wallet,0.4126970988701734,0,3
1905,32,Tier1,Startup,61013,20059,1,7,8,1,0.16931297491685665,0.10774239371461307,UPI,0.3287660006883779,0,2
1906,29,Tier2,Startup,68043,20716,1,12,15,1,0.1254281631197984,0.18633387096508489,UPI,0.30445453610217066,0,1
1907,31,Tier3,SME,48998,15692,2,16,9,3,0.06372797318973485,0.08134721963895492,Card,0.32025796971304954,0,1
1908,26,Tier1,MNC,58089,10157,3,17,13,3,0.21537406378120144,0.14703117263736004,UPI,0.1748523816901651,0,1
1909,22,Tier3,Startup,48327,17983,0,21,3,1,0.059368947785723845,0.06617122688161876,Card,0.37211082831543446,0,1
1910,52,Tier1,Startup,67981,11436,0,13,3,3,0.5893545911689728,0.047945411301705106,NetBanking,0.16822347420602815,0,6
1911,23,Tier1,SME,33572,10861,3,20,10,3,0.1350621766480051,0.01463641474462741,UPI,0.3235136423209818,0,2
1912,51,Tier1,SME,71439,14343,1,13,15,4,0.3770476617163621,0.16645722236636232,NetBanking,0.2007726871876706,0,1
1913,21,Tier2,MNC,66214,14057,3,8,13,1,0.2051618353442996,0.10053312102200983,UPI,0.21229649318875163,0,1
1914,47,Tier1,Gig,55933,12303,2,14,5,1,0.0838949096519644,0.09073755447503323,UPI,0.219959594514866,0,0
1915,32,Tier1,Gig,68990,10644,1,8,15,3,0.27491972874990933,0.1218307435088188,UPI,0.154283229453544,1,86
1916,38,Tier2,SME,52701,22005,1,13,11,1,0.1481269855758889,0.2671061537447946,Wallet,0.4175442591222178,0,1
1917,30,Tier2,SME,46597,18232,3,10,10,2,0.06832767007122266,0.018547323900971725,Card,0.39126982423761186,0,3
1918,37,Tier1,Startup,70874,11296,1,6,17,2,0.10974599115809681,0.09526476792818118,Card,0.15938143748059938,0,0
1919,36,Tier1,SME,71740,11987,2,17,14,1,0.14474256500969335,0.03960512625631179,NetBanking,0.16708948982436578,0,1
1920,39,Tier2,Gig,49854,19186,1,19,5,1,0.09852228930687167,0.018397798076519856,Card,0.38484374373169655,0,5
1921,34,Tier1,MNC,48138,7318,2,8,1,3,0.18422594280857532,0.085829065162708,Card,0.15202127217582784,0,2
1922,39,Tier1,MNC,56340,16378,2,16,4,4,0.15360748195186666,0.23302569555247096,Card,0.29069932552360667,0,4
1923,49,Tier2,SME,48959,8919,2,15,3,1,0.012407680068852985,0.0681101565519869,UPI,0.18217283849751834,0,1
1924,35,Tier1,MNC,90502,29638,0,8,3,1,0.025271037036327278,0.22488828884868522,UPI,0.32748447548120485,0,2
1925,33,Tier2,Startup,66329,29815,2,16,9,2,0.17436210033194674,0.07113240424671284,NetBanking,0.44950172624342294,0,3
1926,25,Tier1,Startup,60292,12155,2,10,17,1,0.018425805485061054,0.05708229436578719,UPI,0.20160220261394546,0,2
1927,33,Tier1,MNC,41345,18067,1,20,11,3,0.4431908318304866,0.17106582996400133,Card,0.43698149715806023,1,93
1928,25,Tier1,SME,74779,30632,2,16,7,4,0.1762536269602339,0.07515030172301243,Card,0.4096337206969871,0,4
1929,27,Tier1,Startup,47767,21292,2,8,4,3,0.08818324333367296,0.042014231569917584,UPI,0.445747063872548,0,0
1930,53,Tier1,Gig,46945,17832,0,15,14,1,0.1850168019806968,0.04521403027255612,Card,0.3798487591862818,0,0
1931,24,Tier1,SME,75452,30716,3,8,9,2,0.023789171997614218,0.06140343688765441,UPI,0.40709325133859936,0,3
1932,37,Tier3,MNC,67746,22246,1,19,0,0,0.0696010308583452,0.03937480097069775,UPI,0.3283736309154784,0,1
1933,49,Tier2,SME,15000,6152,1,11,8,2,0.31424979516823676,0.03509814817738189,Card,0.41013333333333335,0,3
1934,53,Tier1,SME,56844,10428,0,14,3,2,0.036295340810596516,0.012332975897814385,UPI,0.1834494405742031,0,2
1935,25,Tier2,Startup,62510,23284,1,18,8,3,0.08836930684650336,0.012684336510016629,Card,0.3724844024956007,0,1
1936,26,Tier2,SME,53208,18017,1,21,1,1,0.363030461601257,0.08265214548947906,UPI,0.33861449406104344,0,3
1937,33,Tier2,MNC,63207,10615,1,15,3,1,0.3548991206233355,0.27641045976620715,UPI,0.16794025978135332,0,2
1938,39,Tier1,Startup,23806,5653,2,7,14,1,0.13941042007723223,0.02204384138960272,Card,0.23746114424934892,0,0
1939,53,Tier1,SME,15000,3222,2,10,3,2,0.15992439048395432,0.09647242560028188,Card,0.2148,0,3
1940,28,Tier1,MNC,40490,10995,1,17,1,5,0.21145907172901965,0.12887197048815036,UPI,0.27154853050135835,0,3
1941,26,Tier1,SME,65644,13752,2,6,3,0,0.18662520238005198,0.0490937087488206,UPI,0.20949363231978552,0,2
1942,29,Tier1,Gig,15000,3486,2,12,16,4,0.26852464515914787,0.09218571183271239,UPI,0.2324,0,3
1943,50,Tier3,Startup,43129,10299,2,11,17,2,0.26428818131562115,0.12946280264722698,UPI,0.23879524218043544,0,3
1944,22,Tier3,MNC,21544,7108,3,11,11,1,0.374529754577214,0.08946982799567796,NetBanking,0.32992944671370217,0,2
1945,33,Tier1,Startup,55147,10503,1,23,14,4,0.27122224632507713,0.06436851313190632,Card,0.1904546031515767,0,2
1946,25,Tier1,MNC,99157,22045,0,22,16,0,0.13687298382878393,0.03838086704430779,UPI,0.22232419294653932,0,3
1947,26,Tier1,SME,55656,13643,0,22,5,0,0.09671000121633795,0.06243948027466859,UPI,0.24513080350725888,0,3
1948,52,Tier1,SME,57849,16470,1,21,7,0,0.15768838516666728,0.008515079847537705,UPI,0.2847067365036561,0,2
1949,21,Tier2,MNC,76784,12394,1,22,0,0,0.3283007888044573,0.12493438878905484,UPI,0.16141383621587832,0,0
1950,31,Tier1,SME,60426,27177,0,9,9,1,0.11172411121351802,0.02854686264412788,Card,0.44975672723662,0,2
1951,52,Tier2,Gig,55700,13374,2,13,16,2,0.15182932613491518,0.04869433599065324,UPI,0.24010771992818672,0,1
1952,41,Tier3,MNC,78532,18549,3,7,0,3,0.08537156679628406,0.016024169321289264,UPI,0.23619670962155553,0,1
1953,23,Tier2,Gig,69437,21974,2,20,12,3,0.16344185946702836,0.048458599479908736,UPI,0.3164595244610222,0,0
1954,36,Tier2,Startup,65772,26717,2,21,8,3,0.06937130121144977,0.3491247774404916,UPI,0.40620628839019646,0,2
1955,54,Tier2,SME,57224,16425,2,6,17,1,0.08931749513198738,0.08292431895305835,UPI,0.2870299175171257,0,0
1956,34,Tier1,MNC,53078,11924,2,9,10,3,0.19504719277179955,0.03815031140367458,UPI,0.22465051433739025,0,3
1957,38,Tier1,MNC,78343,25051,1,9,7,4,0.06757853466130803,0.012063694358027252,UPI,0.31976054018865757,0,0
1958,39,Tier2,MNC,53270,15708,1,22,1,2,0.3863569040699831,0.04249146620611512,UPI,0.29487516425755583,0,1
1959,43,Tier1,SME,84625,23434,1,20,10,0,0.06603629919489974,0.26010655821692874,UPI,0.27691580502215657,0,1
1960,27,Tier2,Gig,39057,17386,0,10,17,5,0.39471445236778296,0.09749887669296359,UPI,0.445144276314105,0,3
1961,49,Tier1,Gig,88675,39796,2,6,0,2,0.21037993987006054,0.02504365364595331,UPI,0.44878488863828586,0,3
1962,54,Tier1,MNC,69440,22122,1,13,0,1,0.22387147425014486,0.062056899885072604,Wallet,0.3185771889400922,0,3
1963,25,Tier1,MNC,40629,6923,1,16,16,0,0.22520310536719543,0.17329994935815082,Card,0.17039553028624874,0,0
1964,48,Tier3,MNC,70179,22462,1,6,4,1,0.09847096232042198,0.16280334107956856,Card,0.32006725658672824,0,3
1965,48,Tier1,Gig,46993,20476,2,14,10,1,0.04058115959543526,0.22321834524307593,UPI,0.43572446960185557,1,73
1966,46,Tier1,MNC,60668,25948,1,15,11,4,0.26696568362947304,0.06831172409482722,UPI,0.4277048856069097,0,3
1967,33,Tier1,MNC,50267,10789,1,23,8,5,0.1372450873966875,0.02908511122088649,UPI,0.21463385521316172,0,3
1968,36,Tier2,Startup,57341,11871,1,9,8,4,0.19601743056174573,0.062203195028856025,UPI,0.20702464205367888,0,3
1969,49,Tier3,SME,78828,15424,1,9,12,2,0.3142013087107319,0.025945854309842493,UPI,0.19566651443649466,0,0
1970,26,Tier1,MNC,70370,27861,2,13,4,4,0.2486675856432124,0.17944691811896243,Card,0.39592155748188146,0,2
1971,49,Tier3,Startup,37492,11135,0,11,3,1,0.31173148541225976,0.07017850333387675,UPI,0.2969966926277606,0,2
1972,52,Tier1,MNC,38638,9714,1,22,17,2,0.42152702180232815,0.10197143937969405,Card,0.25141052849526374,0,0
1973,44,Tier2,MNC,65415,16186,3,20,0,2,0.16430089281911753,0.13944840471194775,UPI,0.2474356034548651,0,4
1974,32,Tier1,MNC,66863,15553,1,10,3,1,0.11424412318607183,0.07673995199167682,UPI,0.23260996365703004,0,2
1975,40,Tier1,SME,46511,19292,2,12,13,2,0.06600114354666278,0.060701271727841,Card,0.4147835995785943,0,2
1976,22,Tier2,Gig,91826,25059,2,17,10,5,0.1443530710904998,0.06757355800532376,Card,0.2728965652429595,0,1
1977,52,Tier2,SME,76269,17023,1,21,5,0,0.2516539385977193,0.042603944056864664,Wallet,0.22319684275393673,0,0
1978,32,Tier1,Startup,47488,17243,1,9,2,3,0.1577333619449114,0.07616614494927765,UPI,0.36310225741239893,0,2
1979,22,Tier2,SME,45554,15517,1,11,6,3,0.3378455722488101,0.09245840160407269,UPI,0.3406287043947842,0,3
1980,48,Tier3,Startup,55443,20215,1,16,1,5,0.11235141883855161,0.1106679785404973,Card,0.3646086972205689,0,2
1981,43,Tier1,Gig,53362,21162,1,21,9,2,0.06632842692993093,0.10646380010502443,UPI,0.3965743412915558,0,3
1982,42,Tier2,SME,85123,15353,2,11,8,0,0.06666863393716088,0.044912387687575946,UPI,0.1803625342151945,0,2
1983,22,Tier2,Gig,79690,12001,1,14,16,2,0.07928002441792802,0.3631270425444992,NetBanking,0.1505960597314594,0,4
1984,46,Tier1,Startup,60701,10025,1,18,14,2,0.16017519561515722,0.14588016661388428,UPI,0.1651537865933016,0,1
1985,42,Tier3,Startup,73558,26630,2,13,8,1,0.10160026662111007,0.36907986375773133,UPI,0.3620272438076076,0,2
1986,47,Tier1,MNC,76459,32904,1,19,9,3,0.18850962316497097,0.07650853389243957,UPI,0.4303482912410573,0,0
1987,49,Tier2,Startup,61165,15250,2,15,12,2,0.3145375302375699,0.1008266078677343,NetBanking,0.24932559470285293,0,3
1988,28,Tier1,SME,68052,26156,0,21,5,4,0.2837559240836009,0.16465576480085503,Card,0.384353141715159,1,85
1989,28,Tier1,Gig,71883,26507,2,16,10,2,0.07699225765287192,0.1531221615900246,Card,0.3687519997774161,0,1
1990,52,Tier2,Gig,69752,30929,2,22,0,3,0.09562783487785513,0.010913076297202942,UPI,0.4434138089230416,0,1
1991,39,Tier2,SME,44423,12937,2,21,16,1,0.23903257509016818,0.07118739316560693,UPI,0.29122301510478804,0,1
1992,35,Tier3,Gig,46445,9280,2,10,16,1,0.20073534486860034,0.04640203972793168,UPI,0.1998062224136075,0,3
1993,30,Tier3,Gig,54228,20583,1,22,16,2,0.16634824218618055,0.21241848873582186,NetBanking,0.37956406284576233,0,3
1994,42,Tier1,SME,45866,18146,0,8,3,0,0.32736078208372643,0.17977720393829025,NetBanking,0.39563075044695417,0,0
1995,46,Tier1,MNC,30537,11060,1,11,14,1,0.20519844190438483,0.061982139824984864,Card,0.36218358057438516,0,0
1996,21,Tier1,MNC,73519,30065,1,6,10,0,0.3318480729843322,0.02334108273829066,Card,0.40894190617391424,0,3
1997,39,Tier1,MNC,66928,17491,2,7,17,1,0.33023722856363247,0.051828757124416244,UPI,0.26134054506335164,0,2
1998,54,Tier1,MNC,33212,11859,1,18,0,3,0.1965042384472459,0.07428433003823401,UPI,0.3570697338311454,0,1
1999,30,Tier3,Gig,55181,12644,1,7,7,1,0.27397072675103756,0.022736112935407653,Card,0.22913684057918488,1,99
2000,30,Tier2,MNC,56314,15989,2,9,1,2,0.13926986700998298,0.10839509035805142,UPI,0.2839258443726249,0,2
2001,50,Tier1,Startup,63638,14175,1,13,17,2,0.21781733313695256,0.026166354228080613,UPI,0.2227442722901411,0,0
2002,23,Tier1,Startup,38361,7532,2,20,3,2,0.33684398899217155,0.09524115756810805,UPI,0.19634524647428378,0,2
2003,34,Tier2,Startup,32920,5293,1,20,0,2,0.2433498220482147,0.19161249405735578,UPI,0.16078371810449574,0,6
2004,36,Tier1,MNC,70394,24738,3,23,2,3,0.177126965510452,0.025794852122510443,UPI,0.35142199619285736,0,4
2005,48,Tier1,SME,29320,12096,1,6,17,2,0.06811412412998856,0.18100122943851907,UPI,0.4125511596180082,0,3
2006,25,Tier1,Startup,55346,13522,2,8,9,1,0.09548985142553201,0.010410153949266292,UPI,0.24431756585841796,0,3
2007,35,Tier1,SME,53478,14908,2,13,1,3,0.3004743848297326,0.06967494344526264,Card,0.2787688395227944,0,3
2008,26,Tier1,MNC,57534,8691,3,11,7,3,0.11789747494462471,0.21526166909127908,NetBanking,0.151058504536448,0,4
2009,47,Tier2,Startup,65054,17815,3,7,7,5,0.09920008398395869,0.05821069137294304,UPI,0.2738494174070772,0,4
2010,42,Tier1,MNC,91971,21557,2,15,14,1,0.19878361031890845,0.013138942628825473,UPI,0.23438910091224407,0,3
2011,37,Tier2,SME,28010,9026,1,14,3,3,0.2910864965432613,0.014126503993473776,UPI,0.32224205640842557,0,1
2012,34,Tier2,SME,77531,32761,1,13,2,2,0.22239140742009728,0.0419633777561093,UPI,0.4225535592214727,0,0
2013,26,Tier3,MNC,15000,4527,2,6,13,1,0.25181783357976284,0.09776676208049274,Card,0.3018,0,1
2014,52,Tier1,Gig,87874,30989,2,13,7,1,0.2784407398915763,0.15592817318707786,Card,0.35265266176571,0,2
2015,43,Tier1,MNC,19142,6922,2,14,2,1,0.3835697752527522,0.1176490194904943,UPI,0.3616132065614878,0,1
2016,31,Tier1,Gig,108727,21281,2,9,7,2,0.1869196221649839,0.16021721672499173,NetBanking,0.1957287518279728,0,2
2017,35,Tier1,Gig,52204,13258,1,20,7,1,0.14964586171908978,0.06350832942474183,UPI,0.25396521339360967,0,2
2018,45,Tier1,SME,85807,15783,1,22,4,0,0.06198417947234871,0.1772384799486446,UPI,0.18393604251401402,0,1
2019,45,Tier2,SME,81683,23052,1,22,3,0,0.1661581922024826,0.05592770269695945,UPI,0.2822129451660688,0,2
2020,36,Tier1,MNC,51270,21337,2,18,1,2,0.16068016847831737,0.10905288310001399,Card,0.4161692997854496,0,3
2021,31,Tier1,Gig,52805,15539,1,18,15,3,0.2230687247640076,0.10951292329875345,UPI,0.294271375816684,0,2
2022,43,Tier1,Startup,43256,12407,0,8,0,0,0.1784154285131073,0.07151920540753584,UPI,0.28682726095801736,0,0
2023,43,Tier2,MNC,75747,16118,2,13,9,3,0.24284720352671627,0.09880125143148358,UPI,0.21278730510779303,0,6
2024,41,Tier3,SME,51530,12525,0,6,0,5,0.07928121752130311,0.08781108127118785,UPI,0.2430622938094314,0,4
2025,23,Tier2,MNC,43620,18799,1,16,14,1,0.2578586699979861,0.062487779318439095,Card,0.43097203117835853,0,2
2026,37,Tier2,SME,70745,17042,1,19,7,3,0.28210565331140736,0.19304496499151758,Card,0.2408933493533112,1,75
2027,41,Tier2,SME,42056,15536,2,18,17,3,0.15086362002410517,0.12382110571107188,UPI,0.3694122122883774,0,1
2028,53,Tier2,MNC,53420,8688,1,6,0,1,0.0381433083843215,0.05506696292519746,Card,0.16263571695994009,0,1
2029,38,Tier1,Gig,62142,11713,2,16,5,0,0.04698238393495773,0.08858063248812854,UPI,0.18848765730102024,0,1
2030,32,Tier2,MNC,47151,11478,2,21,7,1,0.06756707967203143,0.04908824839532186,Card,0.2434306801552459,0,1
2031,39,Tier2,SME,50169,21092,2,7,1,2,0.12459794703495108,0.1830079056177223,Card,0.42041898383463894,0,3
2032,27,Tier1,Startup,90699,19571,3,15,7,1,0.29387790193136015,0.01992463051051728,UPI,0.2157796668099979,0,2
2033,24,Tier2,Gig,55915,20578,1,10,8,2,0.06694116736641034,0.12590043014308513,Card,0.3680228918894751,0,4
2034,44,Tier1,SME,52807,10574,1,22,8,0,0.23335611161798211,0.10034499610106933,UPI,0.20023860473043348,0,1
2035,54,Tier2,Gig,56497,18861,0,15,9,2,0.18551220212280525,0.01666895103943623,Card,0.3338407349062782,0,4
2036,49,Tier1,SME,69089,22526,2,19,3,3,0.07486840328559158,0.17805936846808706,UPI,0.3260432196152788,0,0
2037,40,Tier2,Gig,39322,13235,1,15,4,2,0.20008793109795406,0.10786031621411728,UPI,0.33658003153450994,0,3
2038,22,Tier3,MNC,68544,16168,3,22,8,4,0.19691694132471996,0.1348069668317691,UPI,0.23587768440709617,0,0
2039,54,Tier1,Startup,65116,12934,2,11,11,3,0.06312075966977194,0.05535569384414647,UPI,0.19863013698630136,0,1
2040,36,Tier1,MNC,24226,10076,2,19,7,1,0.0941996344479674,0.040874336799883046,UPI,0.4159167836209032,0,2
2041,30,Tier1,Gig,95885,30763,1,13,8,1,0.11637570948564918,0.028511333040121684,Card,0.3208322469625072,0,1
2042,51,Tier1,Gig,89216,19057,2,16,17,1,0.12136438413514906,0.09022981065814059,UPI,0.21360518292682926,0,0
2043,46,Tier3,SME,43988,12052,1,18,11,3,0.15344134531809503,0.3128116315356363,UPI,0.2739838137673911,1,45
2044,46,Tier1,SME,37551,6388,2,9,0,2,0.11073501728918075,0.031028737263538237,UPI,0.1701153098452771,0,2
2045,30,Tier1,SME,64561,18891,2,21,6,1,0.2427296080816506,0.04709514146328649,Card,0.29260699183717725,0,0
2046,54,Tier1,MNC,31482,8725,1,19,0,8,0.08300322230139265,0.09787057678065209,NetBanking,0.2771424941236262,0,3
2047,36,Tier3,Startup,87285,16568,2,13,15,1,0.22370368671381669,0.036613164020089566,UPI,0.18981497393595692,0,2
2048,39,Tier1,Startup,50630,14344,2,16,14,3,0.18641255004442303,0.16025237597195455,NetBanking,0.28331029034169464,0,2
2049,46,Tier2,SME,92436,31600,2,17,8,3,0.26384286652360756,0.09756658656400233,UPI,0.3418581505041326,0,1
2050,43,Tier1,MNC,43511,18646,1,14,4,4,0.07904931370155811,0.021653020501345304,UPI,0.42853531290937924,0,0
2051,26,Tier1,Gig,57755,20846,0,17,12,2,0.21916647508798368,0.03605928158281003,Card,0.36093844688771537,0,1
2052,31,Tier2,MNC,85344,25665,0,16,3,2,0.0340181365144791,0.029135060899956447,UPI,0.30072412823397077,0,0
2053,33,Tier1,Startup,53535,20397,2,20,13,3,0.3929134926120295,0.14336412169514656,UPI,0.3810030820958252,0,0
2054,53,Tier2,MNC,65441,15311,1,10,15,2,0.23045560161455098,0.041166071095926925,Card,0.23396647361745695,0,2
2055,45,Tier1,MNC,81853,28700,3,6,3,0,0.17337579309956072,0.041779052169528784,Card,0.35062856584364654,0,1
2056,33,Tier2,MNC,48879,7406,3,13,9,4,0.25785398563412315,0.1037961412621991,UPI,0.15151701139548682,0,1
2057,45,Tier2,SME,34765,5971,0,20,2,3,0.19918687082023814,0.13884201529690357,UPI,0.17175320005752912,0,4
2058,46,Tier2,Startup,30825,10396,2,8,11,2,0.15019467664214384,0.047730199456211854,NetBanking,0.3372587185725872,0,1
2059,34,Tier1,SME,71668,14890,1,21,12,0,0.30054460984294606,0.12253626953903067,UPI,0.20776357649160015,1,119
2060,34,Tier2,Startup,67775,24169,1,13,0,2,0.27570972362739954,0.02982864831313214,UPI,0.3566064182958318,0,2
2061,51,Tier3,Startup,81233,27702,1,9,17,4,0.15311422356857873,0.0890323522097977,UPI,0.34101904398458754,0,6
2062,40,Tier1,MNC,54519,9219,2,14,4,2,0.3841036598409167,0.06888205094148245,UPI,0.16909701205084465,0,2
2063,26,Tier1,MNC,31385,8403,2,20,8,3,0.09386266606076049,0.009544089033534582,UPI,0.2677393659391429,0,3
2064,45,Tier2,Startup,15000,5008,0,21,4,2,0.17249180084271545,0.12866113003561325,UPI,0.33386666666666664,0,2
2065,41,Tier1,Startup,117359,42723,1,17,16,6,0.28739210285828504,0.007189517037414971,UPI,0.36403684421305565,0,2
2066,38,Tier2,SME,70538,27850,1,15,13,0,0.04045145397286941,0.02197154965406885,NetBanking,0.394822648785052,0,6
2067,45,Tier2,MNC,62735,15629,2,20,17,0,0.4765425646945301,0.060205537028521966,NetBanking,0.24912728142185384,0,3
2068,51,Tier1,Gig,65572,26295,0,22,6,2,0.24060793360087998,0.008809012943930791,UPI,0.401009577258586,0,2
2069,32,Tier2,MNC,31373,8040,2,20,10,1,0.03656140388503514,0.12339182738148897,Card,0.25627131609983106,0,2
2070,35,Tier2,Startup,44102,6707,3,23,10,1,0.2575446058276792,0.04483992585974709,UPI,0.15207927078137046,0,3
2071,27,Tier1,MNC,94866,31590,1,20,4,3,0.3337089890895523,0.1630487566500969,UPI,0.33299601543229396,0,1
2072,43,Tier3,Startup,73166,16279,2,6,16,2,0.051420893479072874,0.010572554963284823,Card,0.22249405461553182,0,3
2073,34,Tier1,SME,44728,8378,2,6,15,0,0.5585651405132859,0.25432297067390675,UPI,0.18730996243963513,0,3
2074,32,Tier1,Startup,35463,8068,2,16,17,1,0.10670971288626077,0.10885872453485868,UPI,0.22750472323266502,0,3
2075,44,Tier2,MNC,49686,19793,2,23,8,3,0.21219761405448462,0.1588907575799861,UPI,0.39836171154852473,0,0
2076,34,Tier1,SME,53691,22775,1,11,2,1,0.1502768524158426,0.03069021204313908,Card,0.4241865489560634,0,4
2077,36,Tier2,MNC,100982,44281,2,23,2,3,0.11728576729077649,0.09385246377205098,Card,0.43850389178269394,0,1
2078,35,Tier1,Startup,56234,13543,1,21,10,2,0.057788246673738636,0.06458725380549558,Card,0.24083294803855318,0,1
2079,29,Tier1,MNC,36208,10383,2,8,14,0,0.011649320868038668,0.005377932659957672,UPI,0.286759832081308,0,6
2080,25,Tier1,MNC,58827,22987,1,14,12,3,0.11207961549764087,0.06930144744730471,UPI,0.3907559453992214,0,2
2081,49,Tier2,Startup,65286,16019,1,9,13,3,0.2996234909075605,0.03868782825527782,UPI,0.2453665410654658,0,4
2082,24,Tier2,MNC,34389,9131,1,7,14,6,0.3521784918004272,0.05278423206729008,UPI,0.26552095146703886,0,3
2083,32,Tier2,MNC,68043,15049,1,18,15,2,0.040869730284605145,0.046492039002470745,Card,0.22116896668283292,0,2
2084,43,Tier3,Gig,84178,27080,1,9,16,3,0.02547343078439055,0.05599176437899921,Card,0.3216992563377605,0,1
2085,25,Tier2,Gig,62773,21831,1,16,6,3,0.022122926605812922,0.027606966927742133,UPI,0.347776910455132,0,0
2086,43,Tier2,Gig,44058,10817,2,18,13,1,0.1316343933571773,0.09119847040645308,NetBanking,0.24551727268600482,0,1
2087,45,Tier2,SME,49422,7772,2,13,5,4,0.22471772880736132,0.07221752367801787,UPI,0.15725790133948445,0,2
2088,43,Tier3,SME,26823,9945,1,7,12,2,0.08346096722421645,0.025770463027119883,UPI,0.3707638966558551,0,3
2089,31,Tier2,Startup,57323,19202,2,7,0,1,0.29592710820207235,0.05528350960701259,UPI,0.3349789787694294,0,3
2090,21,Tier3,MNC,66215,14282,2,12,0,5,0.22358907943961862,0.1538122147439925,Wallet,0.21569130861587255,1,60
2091,51,Tier1,Startup,42067,10280,1,6,3,0,0.09194126733842821,0.09083719250622421,Card,0.24437207312144912,1,46
2092,32,Tier1,MNC,98794,43186,2,21,9,2,0.38145383100707736,0.055007575369508045,Card,0.4371318096240662,0,2
2093,48,Tier2,Gig,75845,25716,1,8,16,1,0.3279483299389693,0.030925283489994647,UPI,0.33905992484672687,0,1
2094,27,Tier1,Startup,24144,7934,2,6,10,0,0.10596839779560338,0.035010755410979345,Card,0.32861166335321407,0,2
2095,26,Tier1,SME,24554,8395,2,8,10,3,0.3168950600286695,0.05205167742934528,UPI,0.3418994868453205,1,105
2096,47,Tier3,SME,40319,17592,0,18,12,3,0.17058775891885605,0.02811650887295657,UPI,0.4363203452466579,0,4
2097,52,Tier1,MNC,91463,23044,2,16,15,1,0.16820365407197987,0.13998280337540664,Card,0.2519488755015689,0,2
2098,50,Tier1,SME,77818,18230,1,18,10,1,0.24836698599369977,0.07559768270836917,UPI,0.23426456603870568,0,2
2099,46,Tier1,Startup,92474,24322,2,12,13,2,0.18933072061951378,0.026833064390013817,UPI,0.26301446893180785,0,4
2100,29,Tier1,SME,60204,23496,1,11,7,2,0.1108407294461876,0.11844999074412234,UPI,0.3902730715567072,0,2
2101,52,Tier2,SME,55810,10396,2,18,17,3,0.25459216255423295,0.09522310587153247,UPI,0.18627486113599714,0,2
2102,43,Tier3,MNC,35049,7432,2,8,8,2,0.1511124172015951,0.16655520595175471,Wallet,0.21204599275300293,0,0
2103,26,Tier3,Startup,66993,14636,1,13,16,0,0.21435700528207963,0.027590484328470496,UPI,0.21847058647918438,0,2
2104,25,Tier2,SME,56076,19117,2,7,17,2,0.23164637410549066,0.004444738131564956,UPI,0.34091233326200154,0,3
2105,50,Tier2,MNC,55306,18940,0,13,15,2,0.0440282609814853,0.07219291240216123,UPI,0.3424583227859545,0,1
2106,30,Tier1,Gig,92361,24158,2,23,5,3,0.2981636150943791,0.05822038301356151,UPI,0.2615606154112667,0,1
2107,47,Tier3,SME,57473,13383,2,21,6,4,0.18863273473756914,0.06100449452908178,UPI,0.23285716771353504,0,2
2108,25,Tier1,SME,86619,32603,0,18,14,2,0.13415018707112034,0.21549519175053578,Card,0.3763954790519401,0,4
2109,30,Tier1,Gig,28238,4504,1,17,16,2,0.01188860914113567,0.05633353176186335,UPI,0.1595013811176429,0,1
2110,30,Tier3,SME,113762,42276,0,12,10,2,0.024629553860256188,0.09831292111647016,UPI,0.3716179392064134,0,3
2111,30,Tier3,Gig,52534,11194,2,18,13,4,0.4178082771816304,0.04488180228552087,NetBanking,0.21308105227091026,0,2
2112,43,Tier1,Startup,74143,31201,2,21,7,1,0.06761172280225444,0.09129890074143042,UPI,0.4208219251986027,0,3
2113,52,Tier2,Startup,77325,21195,0,16,15,4,0.20719181219822164,0.0141421816388822,UPI,0.2741028128031038,0,3
2114,51,Tier1,MNC,50052,17152,1,7,7,2,0.23461378147329393,0.012801337699839191,UPI,0.34268360904659156,0,2
2115,46,Tier1,MNC,76380,14228,2,18,11,3,0.4780160577604159,0.058924126751041625,Card,0.1862791306624771,0,2
2116,27,Tier1,SME,77420,17509,1,8,9,1,0.44584602965280906,0.009892610530629228,UPI,0.2261560320330664,0,3
2117,53,Tier1,MNC,45737,16473,1,11,15,2,0.4016832421491922,0.14462087742142427,NetBanking,0.360167916566456,0,1
2118,39,Tier2,MNC,45973,14486,2,9,14,2,0.11393503601605492,0.10471732883669616,UPI,0.31509799229982816,0,1
2119,39,Tier1,SME,60906,23213,0,6,15,1,0.05521938519774386,0.10670423759603616,UPI,0.38112829606278525,0,2
2120,44,Tier2,Startup,57690,18404,3,19,2,0,0.10897304563130382,0.20342049400735446,UPI,0.31901542728375804,0,2
2121,47,Tier1,MNC,87862,28186,0,17,4,0,0.036057747712286044,0.08881002795130634,NetBanking,0.3207985249595957,0,0
2122,53,Tier3,Startup,74053,30174,2,13,16,1,0.022151614565489978,0.011960848968814901,UPI,0.4074649237708128,0,1
2123,40,Tier2,Gig,58591,16253,1,12,2,3,0.3692391894931329,0.13874216537512502,UPI,0.2773975525251318,0,3
2124,41,Tier3,Startup,72121,30183,1,17,13,5,0.07306617447786576,0.13311440784138778,UPI,0.41850501240970034,0,3
2125,46,Tier1,Startup,19066,4988,1,15,11,3,0.06808649157575487,0.10791791225811528,UPI,0.26161753907479285,0,2
2126,29,Tier2,Startup,47693,11855,3,10,6,0,0.37782222282156225,0.07372672147102541,UPI,0.2485689723858847,0,0
2127,31,Tier2,MNC,65756,25238,2,14,0,2,0.1669177326824845,0.25808061565711043,UPI,0.38381288399537683,0,3
2128,42,Tier1,SME,82307,12631,0,19,0,3,0.2881476074807713,0.06201755563494267,UPI,0.1534620384657441,0,6
2129,23,Tier1,Gig,63995,12905,3,15,16,1,0.30331266713673727,0.08101909598504024,UPI,0.20165637940464098,0,2
2130,31,Tier1,Startup,89164,15294,1,20,1,1,0.2094284322212601,0.012704618962085544,UPI,0.17152662509532995,0,2
2131,45,Tier1,Startup,77358,23488,0,15,13,3,0.11839197344338671,0.07403986443063809,UPI,0.303627291295018,0,4
2132,54,Tier1,Gig,50233,16999,0,13,2,4,0.1803838588455777,0.0597069197255877,UPI,0.33840304182509506,0,3
2133,38,Tier1,MNC,57199,8757,2,19,7,3,0.295556515486376,0.03521672291408321,UPI,0.15309708211682022,0,2
2134,34,Tier1,SME,68168,13527,1,9,1,0,0.2109116610260578,0.07117984235943618,UPI,0.19843621640652506,0,3
2135,35,Tier2,Startup,51027,12285,1,17,11,0,0.06522745254749072,0.074749440550487,UPI,0.2407548944676348,0,3
2136,44,Tier1,MNC,90625,21593,3,17,1,0,0.2361054773644903,0.08745578025358851,UPI,0.23826758620689656,0,2
2137,39,Tier1,SME,37825,6775,2,10,11,3,0.20362033842714436,0.0328680290023091,Card,0.17911434236615995,0,2
2138,21,Tier2,Gig,66322,13387,1,10,17,1,0.6668541425438155,0.14331856019723793,Card,0.20184855703989626,1,42
2139,39,Tier1,Startup,74708,30190,2,7,13,2,0.09745693513619631,0.0862886933012531,Card,0.40410665524441824,0,5
2140,34,Tier1,MNC,53731,19352,1,8,11,0,0.09293364784155077,0.06538096405296576,UPI,0.36016452327334314,0,1
2141,44,Tier1,Startup,49224,11756,1,7,16,0,0.08792881489448415,0.05725028796768336,NetBanking,0.2388265886559402,0,1
2142,50,Tier1,MNC,58478,13392,1,17,14,2,0.261815643803521,0.3195817396388947,Card,0.22900920004104108,0,1
2143,53,Tier1,Gig,76239,13270,2,8,13,2,0.359342226982801,0.05916409398213914,NetBanking,0.17405789687692652,0,2
2144,41,Tier1,MNC,50003,12734,2,15,10,2,0.38628790688624587,0.05669764472525927,UPI,0.254664720116793,0,2
2145,33,Tier1,Gig,38621,10405,1,8,7,0,0.1297585844378759,0.07514156992122756,UPI,0.2694130136454261,0,1
2146,36,Tier3,SME,83011,34968,1,20,11,0,0.3719737094681303,0.043143203406229715,NetBanking,0.4212453771186951,0,3
2147,26,Tier3,SME,67985,25353,1,18,1,1,0.12170098325284376,0.113512178795862,NetBanking,0.37292049716849307,0,0
2148,52,Tier1,SME,80157,23545,2,11,15,0,0.20932365706123263,0.09457427068219297,UPI,0.2937360430155819,0,3
2149,49,Tier1,MNC,75186,14319,2,19,15,4,0.0711977609431986,0.047679420731828945,NetBanking,0.1904476897294709,0,6
2150,50,Tier1,SME,103597,35932,2,10,4,2,0.26398310805240127,0.0009755846966971885,UPI,0.3468440205797465,1,91
2151,32,Tier2,Gig,82299,35454,3,17,13,2,0.20251839254138485,0.0762234299762199,UPI,0.43079502788612256,0,2
2152,31,Tier2,Gig,45518,7893,2,17,12,1,0.6183031289484561,0.07914317039193496,Wallet,0.17340392811634958,0,4
2153,50,Tier1,MNC,69405,28080,3,13,15,7,0.19060886004248775,0.31056329200607874,UPI,0.40458180246379943,0,0
2154,39,Tier1,Startup,48850,9967,2,18,16,1,0.06549991563609613,0.08562385085505023,UPI,0.20403275332650972,0,3
2155,44,Tier1,Gig,50917,18349,1,23,13,4,0.24096370198745792,0.16108382540561447,NetBanking,0.3603707995365006,0,1
2156,37,Tier3,Gig,31749,6513,2,13,16,3,0.19855396521871405,0.05705103830667717,Card,0.20514031938013796,0,3
2157,36,Tier3,SME,54277,17911,1,11,5,2,0.3025526045376049,0.05671135634304139,UPI,0.3299924461558303,0,1
2158,42,Tier1,MNC,70900,15689,0,13,7,2,0.31480999785089714,0.04808312890402811,Card,0.22128349788434415,0,1
2159,48,Tier2,Gig,58679,18337,1,16,2,3,0.11642787340766578,0.16128688221818543,UPI,0.31249680464902263,0,1
2160,32,Tier1,SME,38012,12545,1,8,15,1,0.025059445118686234,0.12780185396058807,UPI,0.33002735978112174,0,3
2161,48,Tier2,SME,29539,9911,2,23,4,0,0.177552643429234,0.012804930854068645,UPI,0.335522529537222,0,4
2162,29,Tier3,Startup,102236,36277,1,14,9,1,0.3873931854562404,0.1525346287675337,UPI,0.3548358699479635,0,3
2163,34,Tier1,MNC,66503,11352,0,23,2,0,0.14294962167449346,0.2330915942730562,UPI,0.1706990662075395,0,1
2164,52,Tier1,Gig,43518,15710,3,23,4,3,0.09768042913650266,0.03815429155202436,Card,0.3610000459579944,0,3
2165,53,Tier2,MNC,69235,13596,2,7,12,4,0.098416965799872,0.0552657387999021,Card,0.19637466599263378,0,3
2166,52,Tier1,Startup,103783,36646,1,8,4,3,0.3640201189243462,0.02534426538434514,Card,0.3531021458234971,0,1
2167,31,Tier2,Gig,72409,13555,1,9,9,0,0.19785220760069072,0.14095843348369994,Card,0.1872004861274151,0,2
2168,49,Tier1,Gig,15000,4407,1,16,8,2,0.22384959435557256,0.11380653959013333,Card,0.2938,0,0
2169,52,Tier3,Gig,113045,30073,3,12,11,4,0.2413339810620788,0.17350300912348077,Wallet,0.2660268034853377,0,4
2170,54,Tier1,Gig,23015,10131,1,6,4,3,0.12848316814823552,0.050542576465389455,UPI,0.4401911796654356,0,0
2171,21,Tier1,MNC,55879,18956,3,16,8,7,0.0834097533371075,0.24712371247006945,Card,0.33923298555808085,0,2
2172,46,Tier1,Gig,37331,6587,1,11,0,1,0.12359291159907305,0.2456168195220251,UPI,0.17644852803300207,0,1
2173,54,Tier1,Gig,45199,16283,2,21,9,3,0.11160161511421932,0.09215316683561763,Wallet,0.3602513329940928,0,2
2174,46,Tier1,SME,65688,13678,0,19,1,3,0.12761734679457193,0.04563236364386596,NetBanking,0.20822676896845696,0,3
2175,28,Tier2,SME,18579,4381,1,21,13,3,0.2770969784802297,0.03988495877555486,UPI,0.2358038645782873,0,1
2176,46,Tier1,MNC,58195,15336,1,16,15,3,0.2277390659394027,0.014364083407991949,Card,0.2635277944840622,0,1
2177,24,Tier1,SME,82946,31757,1,18,7,2,0.19406149901343073,0.11565133732879082,UPI,0.38286354977937453,0,1
2178,37,Tier1,Startup,43135,18687,3,7,15,4,0.09608887148091333,0.060717863420508646,UPI,0.43322128202156024,0,1
2179,42,Tier1,SME,32194,13756,2,19,7,0,0.09599521679265202,0.2426303553210753,UPI,0.42728458719015966,0,2
2180,36,Tier3,SME,57213,11511,1,14,15,1,0.1485039620404567,0.1249711024775942,Card,0.20119553248387603,0,5
2181,44,Tier3,SME,53233,8949,2,6,9,4,0.30447047131130284,0.031082856542292907,UPI,0.16811000695057576,0,0
2182,29,Tier1,MNC,48095,19168,1,7,9,2,0.2709211857956484,0.11528318807316333,Card,0.3985445472502339,0,3
2183,41,Tier2,Gig,36233,8567,3,11,7,1,0.3147154095506829,0.03148991851131641,UPI,0.23644191758893826,1,102
2184,42,Tier2,MNC,70383,22863,1,12,16,1,0.10317803839821675,0.10457761553691633,UPI,0.32483696347129276,0,0
2185,42,Tier3,MNC,71905,31896,1,9,12,3,0.47665875677471553,0.05639566824113274,UPI,0.4435852861414366,1,71
2186,30,Tier1,MNC,38687,7966,1,19,8,6,0.19245002649678333,0.21582556358674412,UPI,0.20590896166670974,1,62
2187,31,Tier1,Gig,41454,10879,1,14,14,0,0.39823166652100106,0.06911273719305641,UPI,0.26243547064215755,0,3
2188,29,Tier1,Gig,62729,25736,3,10,8,4,0.13289581235790995,0.04799183962243645,Wallet,0.4102727606051428,0,4
2189,36,Tier3,MNC,40700,14041,1,18,15,2,0.24240293048838427,0.029154922363259835,UPI,0.34498771498771497,0,0
2190,40,Tier2,MNC,63573,27416,1,14,8,4,0.41355481997170024,0.07863763483611529,Card,0.4312522611800607,0,1
2191,33,Tier1,SME,89360,30339,2,20,14,1,0.22043647099597138,0.12155470222951423,UPI,0.3395143240823635,0,2
2192,34,Tier1,MNC,58803,14175,1,15,4,0,0.40574463615454787,0.04617022383949601,UPI,0.24105912963624304,0,1
2193,30,Tier2,Startup,35727,13988,0,19,10,2,0.313033964846601,0.13441077378236305,Card,0.3915246172362639,0,0
2194,28,Tier3,MNC,67842,25629,2,21,11,3,0.08618842323283747,0.11272040977506502,UPI,0.37777482975148136,0,4
2195,43,Tier1,SME,56446,24276,0,7,9,2,0.021245814596509236,0.19029607280302724,Wallet,0.4300747617191652,0,2
2196,48,Tier2,SME,56996,16691,2,8,8,1,0.2611405936044681,0.06255391796178036,UPI,0.2928451119376798,0,4
2197,30,Tier1,SME,69506,20911,2,19,0,6,0.17075854850994213,0.00883814648944678,UPI,0.3008517250309326,0,5
2198,50,Tier1,SME,73820,18244,1,15,17,0,0.17898950602813948,0.19300595346891705,Wallet,0.24714169601733949,0,5
2199,40,Tier2,MNC,60710,14001,1,10,3,5,0.15989694587364078,0.0715133353731366,UPI,0.23062098501070663,0,1
2200,26,Tier2,MNC,58786,26392,1,6,3,4,0.08266919805297208,0.04439713387795967,Wallet,0.448950430374579,0,2
2201,33,Tier3,MNC,101270,44880,2,23,14,2,0.35647803895479363,0.09099448211617449,Card,0.4431717191665844,0,0
2202,21,Tier1,MNC,84011,25950,2,7,1,1,0.07887547504862955,0.013708162342299924,UPI,0.30888812179357467,0,2
2203,22,Tier1,Gig,76670,33468,2,14,13,0,0.1033943458961994,0.07321465546172758,UPI,0.43652015129776967,0,2
2204,32,Tier1,MNC,62624,16084,1,9,6,0,0.1546634519757812,0.03521923194069599,UPI,0.2568344404701073,0,1
2205,36,Tier1,SME,39885,16153,2,13,12,2,0.32449288018195366,0.09490358786514153,NetBanking,0.4049893443650495,0,0
2206,48,Tier1,MNC,82547,28103,0,18,3,1,0.2617337040828336,0.0400490105659306,Card,0.3404484717797134,0,0
2207,25,Tier1,Startup,62885,22960,3,15,12,3,0.14308005540270555,0.007997882486729101,UPI,0.3651109167528027,0,4
2208,49,Tier1,Gig,48456,17708,1,6,17,3,0.29701288918083346,0.1241015878165772,Card,0.36544493973914477,0,2
2209,28,Tier1,Startup,55137,18787,2,7,9,4,0.062207636068344764,0.09185931443379701,NetBanking,0.34073308304768124,0,1
2210,25,Tier1,Startup,40676,16502,1,23,10,1,0.33450041964113436,0.07514324609383775,UPI,0.40569377519913463,0,2
2211,44,Tier2,Gig,81146,21714,1,10,11,5,0.10593275019132198,0.06777392480594976,UPI,0.26759174820693565,0,2
2212,47,Tier1,SME,73660,29814,1,13,6,4,0.20561688329288466,0.07288006508231691,Card,0.40475156122726036,0,1
2213,41,Tier2,Gig,63632,13046,3,20,9,1,0.07899779366146105,0.1328396262307473,NetBanking,0.20502263012320845,0,1
2214,24,Tier3,Startup,59144,12419,2,21,11,1,0.05259760741820317,0.19477164190560758,Card,0.20997903422156095,0,5
2215,24,Tier2,MNC,46386,16940,2,11,0,2,0.03574275663368628,0.04345612923803257,UPI,0.36519639546414867,0,1
2216,34,Tier1,SME,17398,6524,1,9,8,1,0.18059458321739574,0.0267771435014363,UPI,0.3749856305322451,0,0
2217,36,Tier1,MNC,31741,13353,2,13,9,2,0.08004906680272006,0.03564114558509354,UPI,0.42068617875933334,0,4
2218,54,Tier2,MNC,45147,10492,1,12,3,2,0.18563339028528095,0.01506469021501388,Card,0.23239639400181628,0,3
2219,30,Tier2,Gig,42140,7029,2,18,8,1,0.1147327678421382,0.034571139010511065,Card,0.16680113906027527,0,2
2220,27,Tier1,MNC,65787,19883,1,19,7,0,0.23256674172877675,0.07308985006828676,UPI,0.3022329639594449,0,2
2221,53,Tier1,Startup,76229,31452,2,10,9,2,0.239812798968622,0.05532969277653618,NetBanking,0.41259887969145603,0,3
2222,26,Tier2,Gig,57431,25352,2,12,5,4,0.35545707316211694,0.03973275240427379,UPI,0.4414340687085372,0,3
2223,21,Tier1,SME,88178,35919,1,19,16,3,0.3738661810352593,0.009526466849128442,UPI,0.4073465036630452,0,2
2224,35,Tier2,SME,44342,13168,2,15,11,0,0.2661499957700261,0.056090927429907136,Card,0.29696450317982953,0,2
2225,34,Tier1,Startup,57289,23432,1,15,11,2,0.23276216906738145,0.17514632535770663,NetBanking,0.40901394683097975,0,2
2226,42,Tier1,Gig,58980,12633,1,20,14,2,0.06843360201781448,0.19683673317697287,UPI,0.2141912512716175,0,4
2227,50,Tier2,MNC,81843,34893,1,17,0,2,0.1434481029295994,0.0487643524200043,UPI,0.42634067666141273,0,1
2228,52,Tier1,MNC,62117,19880,1,17,4,0,0.21631922437926462,0.03097184385484606,UPI,0.32004121255050955,0,1
2229,30,Tier2,Startup,62671,16721,1,14,3,4,0.25615423902752976,0.031030219059772133,Card,0.26680601873274723,0,0
2230,54,Tier1,Gig,26903,8729,2,21,11,1,0.05723449658335858,0.09428204915349671,UPI,0.32446195591569715,1,71
2231,42,Tier1,MNC,42001,16178,2,6,6,5,0.2379882873683069,0.01878228478258231,UPI,0.3851813052070189,0,5
2232,23,Tier3,SME,81919,18189,1,7,12,2,0.06294198379506019,0.06610883126238595,UPI,0.22203640181154555,0,0
2233,52,Tier1,Gig,18493,3339,3,18,16,4,0.28821768880534676,0.08607383296609689,NetBanking,0.1805548045206294,0,1
2234,25,Tier1,MNC,86859,32132,2,16,6,0,0.16371297015499994,0.061934990543236056,UPI,0.36993287972461114,0,1
2235,41,Tier3,MNC,69993,30498,0,11,5,2,0.17096244196359378,0.04106607124886439,UPI,0.4357292872144357,0,2
2236,47,Tier2,SME,45049,15365,1,16,8,1,0.3406189107968381,0.0712168389713887,UPI,0.3410730537858776,0,4
2237,29,Tier2,MNC,43359,8358,3,7,8,1,0.24926112567364625,0.01671188490571283,UPI,0.19276274821836298,0,4
2238,30,Tier1,MNC,97919,33587,1,16,6,1,0.10049324176117222,0.1044543463891393,Wallet,0.34300799640519203,0,0
2239,37,Tier1,Startup,88228,16321,1,12,6,2,0.12433890018513714,0.09294724786972752,Card,0.1849866255610464,0,1
2240,51,Tier2,Startup,57611,13887,3,16,6,3,0.29640653724220606,0.03265951053002584,Card,0.24104771658190277,0,4
2241,28,Tier1,SME,62691,9997,2,12,8,2,0.09313839530616203,0.0883291846060134,UPI,0.1594646759502959,0,0
2242,43,Tier1,SME,47076,13946,2,19,8,1,0.23423112084614706,0.029420470819076033,UPI,0.2962443708046563,0,3
2243,36,Tier2,SME,62695,15448,2,8,8,2,0.14297006623390957,0.11338421432624213,UPI,0.24639923438870723,0,1
2244,24,Tier1,Startup,46521,8339,1,21,5,0,0.24504320128825435,0.1436183606711472,UPI,0.17925238064529997,0,3
2245,45,Tier1,Gig,58429,14181,2,14,11,3,0.4127368011778644,0.14384071943751975,UPI,0.24270482123603004,0,2
2246,49,Tier1,Startup,96206,33120,2,10,8,2,0.4210218217424335,0.04004717076517427,UPI,0.3442612726856953,0,1
2247,40,Tier1,Startup,58087,13750,1,23,4,4,0.16192813307468507,0.03996854892021058,Card,0.23671389467522855,0,3
2248,26,Tier2,Gig,39039,7531,0,7,13,0,0.29049556010773814,0.03983474433162435,UPI,0.19290965444811597,0,4
2249,26,Tier3,Gig,32672,10240,1,15,15,1,0.18245184015960303,0.1254348129401954,Wallet,0.31341821743388837,1,74
2250,35,Tier1,MNC,62542,23513,2,7,7,2,0.2000700476193139,0.09440457148053019,UPI,0.37595535799942437,0,2
2251,38,Tier1,Gig,44782,17869,2,22,9,1,0.1807114163099058,0.14120304793115107,UPI,0.39902192845339646,0,3
2252,39,Tier2,Gig,64932,18936,2,8,17,2,0.3902303732549819,0.08607840300796159,UPI,0.29162816484938087,0,2
2253,29,Tier1,SME,27609,10030,1,10,5,5,0.13165711614460185,0.05343500445014374,Card,0.36328733384041434,0,3
2254,38,Tier1,MNC,73805,29521,2,17,3,3,0.157589890263731,0.07831413027642792,Card,0.3999864507824673,0,1
2255,31,Tier3,Startup,38796,13651,0,21,6,3,0.17476958088319866,0.1640010124211452,Wallet,0.3518661717702856,0,1
2256,44,Tier2,SME,60925,18775,3,13,8,1,0.06347907490914295,0.07772606771457462,UPI,0.3081657775954042,0,3
2257,48,Tier1,Startup,53233,8942,2,10,7,0,0.11167669113568307,0.012956830132718257,UPI,0.1679785095711307,0,2
2258,43,Tier3,SME,94367,22365,2,12,10,2,0.32068749070939595,0.0376436394443791,Wallet,0.23700022253542022,0,2
2259,21,Tier1,MNC,63429,15600,1,22,4,0,0.16708724363536392,0.12658241231426096,UPI,0.24594428416024217,0,2
2260,54,Tier3,MNC,98909,26557,0,22,9,2,0.1753564541118097,0.07258075888376753,Card,0.2684993276648232,0,3
2261,21,Tier2,Gig,71214,30997,0,8,1,4,0.12375480803968698,0.055269131631494335,NetBanking,0.43526553767517623,1,91
2262,54,Tier2,MNC,88508,18822,2,22,17,0,0.35111469205003903,0.05887063392181964,UPI,0.21265874271252316,0,4
2263,22,Tier3,Startup,55824,17443,1,21,5,4,0.14626233599544633,0.007679480896513406,UPI,0.3124641731155059,0,3
2264,38,Tier2,MNC,66910,29933,2,15,5,3,0.019869155296479396,0.01674329035892092,Card,0.44736212823195337,0,1
2265,24,Tier1,SME,84372,28318,1,10,2,2,0.15778122328629024,0.016720601594218478,Card,0.3356326743469397,0,3
2266,24,Tier1,SME,78099,16609,2,14,6,0,0.21239303356598924,0.07483049036954853,UPI,0.21266597523655872,0,3
2267,44,Tier2,MNC,70619,30935,1,19,17,1,0.18884361466304656,0.056010156458803716,Wallet,0.4380549143998074,0,0
2268,45,Tier2,Startup,53441,13407,0,10,10,0,0.3401509665659415,0.05798976828437858,Card,0.2508747965045564,0,3
2269,25,Tier1,Startup,56824,9339,2,12,12,0,0.014471566213135847,0.012250839249645774,UPI,0.16434957060397015,0,3
2270,54,Tier2,MNC,82753,23121,1,14,10,3,0.19688705005537185,0.012377053794698048,UPI,0.279397725762208,0,3
2271,31,Tier2,SME,86918,19312,1,7,6,1,0.3641668022537936,0.025045573305949323,NetBanking,0.22218642858786442,0,2
2272,31,Tier1,Startup,48142,19047,2,13,14,1,0.10912295992751639,0.01242488993761146,Wallet,0.3956420589090607,0,2
2273,31,Tier1,Startup,45124,9746,1,8,6,2,0.13171363174420883,0.06328578635778598,UPI,0.2159826256537541,0,1
2274,36,Tier1,SME,41917,16597,2,6,14,4,0.18416920615631827,0.12531303721361944,UPI,0.39594913758141087,0,4
2275,27,Tier1,Startup,76594,12320,2,12,17,5,0.07850885845518683,0.036463702009031936,UPI,0.16084810820690915,0,3
2276,35,Tier1,MNC,41410,17754,0,19,0,2,0.0774637316742944,0.05336150924041372,UPI,0.42873702004346775,0,2
2277,28,Tier1,MNC,76352,12419,1,23,3,3,0.21497522495971685,0.047829468096778294,UPI,0.16265454735959764,0,0
2278,22,Tier1,Startup,70913,30603,0,13,13,1,0.201325377564555,0.0926657891857467,NetBanking,0.4315569782691467,0,2
2279,33,Tier1,Startup,49098,8450,0,19,2,1,0.21771739750017144,0.09033350088358325,UPI,0.17210477005173327,0,2
2280,43,Tier2,Gig,91277,37585,0,10,12,1,0.3422979311898177,0.1217860442662464,UPI,0.41176857258674143,0,4
2281,46,Tier1,MNC,30754,12283,2,17,4,0,0.08860965722269097,0.008264024713535136,Wallet,0.39939520062430905,0,1
2282,33,Tier3,SME,93190,30596,0,17,10,2,0.08419270438450763,0.046274940539008234,UPI,0.32831848910827344,0,2
2283,32,Tier3,Startup,66377,10673,2,11,11,1,0.15414449634888044,0.11991821650512687,UPI,0.16079364840230803,0,1
2284,47,Tier2,MNC,18530,6232,2,14,5,3,0.14779935232027014,0.018339392181630262,UPI,0.33631948192120886,0,3
2285,44,Tier3,SME,91837,30797,0,18,15,5,0.1383972456316917,0.05436076724935039,UPI,0.33534414233914434,0,3
2286,49,Tier3,Startup,79444,25196,2,11,16,0,0.06020238631624108,0.10506215046182972,UPI,0.31715422184180053,0,0
2287,51,Tier1,MNC,51435,17460,0,16,3,1,0.2599238390080071,0.05124930422207447,UPI,0.3394575678040245,0,2
2288,48,Tier2,SME,40705,17927,1,10,13,3,0.16745238897696849,0.11152076140989788,UPI,0.4404127257093723,0,1
2289,52,Tier1,MNC,28618,12839,3,15,12,4,0.14749134151096485,0.0789442964167127,UPI,0.44863372702494936,0,1
2290,35,Tier2,Gig,108308,33158,1,7,4,3,0.3994316551370379,0.0983291792127689,Card,0.30614543708682646,1,104
2291,34,Tier1,MNC,41532,7373,0,14,14,6,0.17496870809311565,0.0552419160226575,UPI,0.17752576326687855,0,3
2292,31,Tier1,MNC,34728,6604,2,15,5,1,0.18007895230357954,0.1557863721468489,Wallet,0.19016355678415112,0,3
2293,28,Tier1,MNC,65358,23927,3,20,4,2,0.2598957892508925,0.02876322796732561,NetBanking,0.36609137366504485,0,0
2294,46,Tier3,MNC,27242,12111,2,12,12,3,0.2035294592885278,0.06187867873911136,UPI,0.44457088319506644,0,1
2295,45,Tier1,MNC,40369,11336,2,6,2,1,0.22215069993847328,0.07811802512554251,Card,0.28080953206668485,0,3
2296,48,Tier1,Startup,79899,14334,2,6,16,1,0.0414951391907096,0.13859906926109675,UPI,0.17940149438666317,0,2
2297,26,Tier1,MNC,69284,17730,2,15,6,6,0.197727992019445,0.07264860538269342,UPI,0.2559032388430229,0,2
2298,37,Tier1,MNC,52272,13878,1,20,8,2,0.3720148886985834,0.05313249612572398,UPI,0.265495867768595,1,44
2299,28,Tier2,MNC,60366,27103,2,22,12,1,0.259905170476014,0.0611798934670844,NetBanking,0.4489779014677136,0,2
2300,51,Tier2,SME,51150,18208,2,20,15,0,0.05097124701000955,0.024073213890172376,UPI,0.3559726295210166,0,1
2301,30,Tier1,MNC,58760,10891,1,12,13,1,0.2819389503278702,0.03022990568320769,UPI,0.18534717494894487,0,3
2302,25,Tier1,Startup,44763,11241,0,14,6,2,0.18093576598011196,0.030983626925738233,Card,0.2511225789156223,0,1
2303,40,Tier1,Startup,48395,7964,1,21,13,1,0.22840278430164768,0.18102304095781047,Wallet,0.1645624547990495,0,5
2304,50,Tier1,Startup,47786,16530,0,21,7,2,0.11130282526912907,0.06100896287517448,NetBanking,0.34591721424685057,0,0
2305,52,Tier2,MNC,45482,16001,0,14,9,0,0.47821697370742006,0.08980024256692934,Wallet,0.3518095070577371,0,3
2306,24,Tier2,Gig,80878,13526,1,14,12,2,0.08399187170456418,0.09955022468966886,UPI,0.16723954598283836,1,109
2307,32,Tier1,Startup,75402,18899,3,7,9,1,0.2287455578744973,0.05441458090463379,UPI,0.25064321901275827,0,3
2308,26,Tier2,MNC,41352,17403,1,9,0,3,0.2586302149057509,0.06474099258277494,UPI,0.4208502611723738,0,3
2309,31,Tier1,SME,36112,14374,1,15,0,4,0.13392399275808486,0.015872438944148377,Card,0.3980394328754984,0,2
2310,39,Tier2,Startup,56854,18321,2,15,2,3,0.046576396811831476,0.003984226980329304,Wallet,0.3222464558342421,0,0
2311,30,Tier2,SME,103105,30455,1,16,1,3,0.15127499801927916,0.06193225949640149,Wallet,0.2953784976480287,1,116
2312,23,Tier2,SME,39445,17665,2,11,13,4,0.5615574908690785,0.09696941470995583,Card,0.4478387628343263,0,4
2313,38,Tier2,Startup,56775,20817,2,10,3,2,0.22983855029466344,0.09314394769147108,Card,0.3666578599735799,0,4
2314,22,Tier3,MNC,61774,26920,2,14,4,2,0.05219310405120908,0.06905072936291742,NetBanking,0.43578204422572603,0,2
2315,28,Tier1,Gig,57827,9915,1,21,5,2,0.28677306523976154,0.04085901283860159,UPI,0.17145969875663616,0,3
2316,21,Tier1,MNC,50835,10860,1,23,3,3,0.2451325794409053,0.03635263126945364,UPI,0.2136323399232812,0,0
2317,23,Tier1,MNC,83101,13240,2,6,15,2,0.07365439205663851,0.11657129729240101,NetBanking,0.15932419585805224,0,2
2318,35,Tier2,MNC,69089,28352,0,12,1,1,0.09341438613176838,0.033002816547715856,UPI,0.4103692338867258,1,119
2319,49,Tier2,SME,76916,27556,1,15,3,3,0.3286816437394937,0.016649967969402744,UPI,0.35826096000832075,0,2
2320,47,Tier2,Gig,71787,14593,1,9,4,4,0.2226921655136083,0.13404939557758805,Card,0.20328193126889268,1,69
2321,24,Tier2,Gig,77878,34442,2,12,1,3,0.11096703075891452,0.04884406967736416,NetBanking,0.4422558360512597,0,1
2322,22,Tier1,Gig,91688,40043,2,8,4,3,0.03624412404362435,0.11817670507602866,Card,0.43673108803769306,0,2
2323,32,Tier2,SME,86620,18829,2,14,3,1,0.25420067733521007,0.06521851348821771,UPI,0.21737474024474718,0,3
2324,43,Tier2,SME,106496,36645,2,21,6,3,0.2689879634694898,0.018743934638083624,UPI,0.3440974308894231,0,4
2325,46,Tier1,SME,84346,29557,0,22,2,2,0.1604438981246127,0.13949203902119967,UPI,0.3504256277713229,0,1
2326,48,Tier1,MNC,46611,7047,3,6,16,6,0.2648226645773977,0.22670433782180147,UPI,0.1511874879320332,0,0
2327,32,Tier1,Gig,76946,27441,2,17,14,2,0.33452824042869894,0.10018403240035118,UPI,0.3566267252358797,0,0
2328,26,Tier1,SME,74208,16058,1,22,11,4,0.25014055795608403,0.17393265818359993,UPI,0.21639176369124621,0,5
2329,21,Tier2,SME,98405,41369,1,19,10,3,0.162286447018565,0.06391442650493998,Card,0.42039530511660994,0,4
2330,25,Tier3,SME,40656,16325,1,7,12,1,0.240402322417234,0.12578517311397863,Card,0.40153974813065724,0,0
2331,23,Tier2,Startup,71159,29999,3,13,16,1,0.06976824167698659,0.16429781870874335,UPI,0.4215770317177026,0,2
2332,50,Tier1,MNC,46378,17496,1,19,2,2,0.31282036521034706,0.08874653695324101,UPI,0.3772478330242788,0,2
2333,30,Tier2,Startup,70250,14012,1,23,9,2,0.14975346379526944,0.01115540301872548,UPI,0.1994590747330961,0,1
2334,48,Tier2,Startup,55705,14381,3,11,3,4,0.23386552468416438,0.030070614952378654,UPI,0.25816354007719233,0,0
2335,39,Tier1,Gig,69589,25238,2,11,8,4,0.10810771160427965,0.05486992011017508,NetBanking,0.3626722614206268,0,1
2336,39,Tier2,MNC,31793,7852,1,10,16,4,0.30053788031328005,0.13884934094027016,UPI,0.24697260403233418,0,1
2337,36,Tier1,MNC,75864,27539,2,22,11,3,0.40245192698314713,0.02883589911213459,UPI,0.36300485078561634,0,1
2338,48,Tier1,SME,64121,16084,2,9,11,2,0.06283181689595414,0.046053852916677025,NetBanking,0.25083825891673556,0,2
2339,22,Tier1,Gig,63043,12817,1,12,1,4,0.10834428560298959,0.17154385010031922,UPI,0.2033056802499881,0,2
2340,24,Tier1,Gig,99004,30240,2,8,14,3,0.4068169054904511,0.029194575969957465,UPI,0.30544220435537955,0,2
2341,35,Tier3,SME,52350,18629,2,22,12,1,0.1647723109223942,0.09773670498175051,UPI,0.35585482330468005,1,51
2342,34,Tier1,MNC,66845,20398,2,7,6,1,0.15393741764102967,0.09423740634917574,Wallet,0.3051537138155434,0,1
2343,39,Tier1,MNC,62005,21240,3,15,6,3,0.05637246511909679,0.013640615153586562,NetBanking,0.34255301991774856,0,1
2344,46,Tier1,Startup,63960,17999,2,8,10,4,0.09346649008557338,0.0978408302907083,UPI,0.2814102564102564,0,1
2345,40,Tier1,MNC,104436,40051,2,13,13,1,0.07749835312482195,0.45372252549216574,UPI,0.38349802750009576,0,2
2346,29,Tier1,SME,61276,21139,2,16,9,2,0.17274725679703362,0.021855672867243596,UPI,0.34498009008420916,0,1
2347,32,Tier1,Gig,48654,15685,1,18,15,4,0.32312650107091184,0.035371512027902556,UPI,0.3223784272618901,0,3
2348,46,Tier2,SME,97418,27336,0,16,3,6,0.27590986452315003,0.16875953228461946,NetBanking,0.28060522696011003,0,4
2349,27,Tier1,SME,53846,16730,3,13,12,3,0.15294927581813728,0.1094271654827865,Card,0.310700887716822,0,3
2350,38,Tier2,MNC,27896,4611,2,11,14,2,0.1083235775572548,0.2027986307729709,Wallet,0.165292515055922,0,2
2351,39,Tier1,MNC,45183,15814,1,20,12,2,0.3869533329154904,0.03499204570088364,UPI,0.3499988933891065,0,1
2352,46,Tier2,Startup,35068,7410,0,18,6,0,0.2579888162621571,0.2453007699208841,UPI,0.21130375270902246,0,0
2353,45,Tier2,SME,24000,9793,1,18,8,5,0.2937388841530546,0.11548131030995541,UPI,0.4080416666666667,0,0
2354,36,Tier1,MNC,52739,20763,0,19,8,1,0.16383046191952808,0.13794006576631948,UPI,0.3936934716244146,0,6
2355,31,Tier1,MNC,58595,18069,1,9,5,2,0.3349253120432353,0.04413425234574024,Card,0.30837102141820977,0,2
2356,33,Tier3,MNC,83610,33790,2,23,2,2,0.23224099934840778,0.0579802432087282,UPI,0.40413826097356775,0,4
2357,34,Tier1,Startup,72588,25495,1,22,3,3,0.046754666138984706,0.15735188126513824,NetBanking,0.3512288532539814,0,1
2358,28,Tier2,Startup,71676,13788,2,13,11,1,0.1800036912294409,0.02144397031346129,Card,0.19236564540431944,0,1
2359,42,Tier1,SME,42135,15683,3,9,4,3,0.31321478854088647,0.0580029916103874,UPI,0.37220837783315536,0,0
2360,28,Tier1,SME,77698,34866,3,12,14,1,0.03757822417762809,0.06018029176383418,UPI,0.44873741923859045,0,1
2361,43,Tier2,MNC,87824,14253,2,12,14,3,0.3843244429318237,0.03525395210238704,Wallet,0.1622904900710512,0,3
2362,46,Tier3,SME,67891,15171,1,23,7,2,0.17272905096477953,0.10978096013831064,UPI,0.2234611362330795,0,0
2363,53,Tier1,MNC,68450,22542,2,11,6,4,0.16595061083513934,0.06381114282624369,UPI,0.3293206720233747,0,1
2364,25,Tier2,Gig,34706,9528,2,22,17,3,0.2806343919290652,0.096210882031191,UPI,0.2745346625943641,0,3
2365,46,Tier2,MNC,81088,27672,1,10,0,2,0.2842677130605711,0.11238982444553823,UPI,0.34125887924230464,0,5
2366,23,Tier1,SME,95616,31163,2,22,4,4,0.051710303383722615,0.057105492657981705,UPI,0.3259182563587684,0,3
2367,32,Tier1,MNC,66459,25679,2,22,12,1,0.24235709573087003,0.0003044260932194,UPI,0.386388600490528,0,2
2368,26,Tier1,Startup,48112,8240,2,16,15,2,0.31071789085669166,0.23166685804799994,UPI,0.17126704356501496,0,3
2369,26,Tier1,MNC,56760,16016,1,7,8,1,0.08548384640982945,0.040629380211332874,UPI,0.28217054263565894,0,2
2370,26,Tier2,Gig,51591,21049,1,17,12,0,0.1673419525969264,0.09623527298813289,NetBanking,0.4079975189471032,0,3
2371,22,Tier1,MNC,52791,13663,2,22,3,2,0.21244595771000602,0.07894783302697583,Card,0.2588130552556307,0,4
2372,48,Tier1,Gig,72959,21970,1,22,16,3,0.2931207274615349,0.01481366129390817,Wallet,0.3011280308118258,0,3
2373,23,Tier2,Startup,65589,10262,0,14,10,3,0.04241458960791986,0.029893895752971147,Card,0.156459162359542,0,2
2374,34,Tier2,MNC,80078,17397,2,14,13,0,0.040819373966617375,0.17817452755897753,UPI,0.21725068058642824,0,2
2375,44,Tier2,MNC,67418,19490,2,12,3,0,0.4018637716573408,0.05289066909703109,NetBanking,0.28909193390489185,0,1
2376,54,Tier2,SME,42718,11520,1,9,8,0,0.1368844875542896,0.012025142727673839,NetBanking,0.26967554660798726,0,1
2377,50,Tier1,Gig,49986,18214,1,17,13,2,0.24785376388344668,0.35369609876859676,UPI,0.3643820269675509,0,2
2378,25,Tier2,Gig,48743,16258,2,23,7,1,0.1622360396717639,0.08338077251622082,UPI,0.3335453295857867,0,3
2379,54,Tier1,MNC,56270,23300,3,10,17,2,0.20103649845500401,0.08982768706504489,UPI,0.41407499555713523,0,0
2380,43,Tier1,SME,95894,38974,1,21,14,2,0.10236798631628737,0.0052489608275784186,UPI,0.4064279308403028,0,2
2381,27,Tier1,MNC,99097,22035,2,7,2,2,0.15670655041606774,0.021798353845245262,UPI,0.22235789176261642,0,1
2382,36,Tier2,MNC,76732,11915,1,7,15,4,0.04131047638177792,0.17407223880395242,NetBanking,0.15528071730177762,0,3
2383,52,Tier2,Startup,62375,25345,2,22,6,2,0.17502162708421554,0.23382375676865672,NetBanking,0.4063326653306613,1,74
2384,34,Tier1,SME,32766,8150,2,8,10,4,0.0859595324159136,0.20279416257685096,UPI,0.24873344320332053,0,2
2385,27,Tier3,MNC,64400,16366,2,13,7,0,0.2933651226050009,0.0331362403671916,Card,0.2541304347826087,1,69
2386,50,Tier2,Gig,44199,8730,2,21,12,2,0.1889841179094297,0.10665046854076861,UPI,0.19751578090002037,0,2
2387,53,Tier1,Startup,92610,33145,1,12,7,1,0.18623453676157128,0.1610310175127169,UPI,0.35789871504157217,0,3
2388,54,Tier2,Startup,27877,6524,1,11,8,1,0.18919864679858137,0.07837753589432893,UPI,0.23402805179897407,0,1
2389,53,Tier1,MNC,67689,13742,2,6,10,0,0.1439627534416007,0.10975160841481751,NetBanking,0.20301673831789507,0,2
2390,50,Tier3,Gig,42515,12797,0,18,3,3,0.2524840341385782,0.040897789305306305,UPI,0.30099964718334704,0,4
2391,36,Tier1,SME,59809,22435,2,11,7,3,0.3174805951606361,0.06170273355632607,Card,0.37511076928221504,0,3
2392,27,Tier1,SME,73321,16928,1,8,0,1,0.1662306564861793,0.26145341226154,Card,0.23087519264603593,1,64
2393,41,Tier1,MNC,80439,29489,0,14,1,3,0.1803745369618418,0.20644325942215955,UPI,0.3666007782294658,0,0
2394,28,Tier1,Gig,58786,16965,2,9,11,2,0.108501766100119,0.15775996695596772,Card,0.2885891198584697,0,5
2395,37,Tier2,SME,75224,20395,1,21,5,2,0.16967864205452168,0.24251105246071547,UPI,0.27112357758162287,0,2
2396,43,Tier1,Gig,46750,12054,2,19,12,2,0.13742381737834242,0.058240919843238564,UPI,0.25783957219251336,0,1
2397,53,Tier1,Startup,64910,12571,1,23,13,4,0.24049139092498653,0.08641321133350718,UPI,0.19366815590818057,0,3
2398,30,Tier2,Startup,80044,19994,0,23,11,4,0.3252669194268515,0.06251319000723239,UPI,0.2497876168107541,0,3
2399,29,Tier3,Startup,66641,27574,1,21,7,2,0.18107606826210498,0.0322647100694485,UPI,0.4137693011809547,0,0
2400,45,Tier2,Gig,49413,8926,1,15,10,2,0.10746360084167589,0.12440349658779948,UPI,0.18064072207718618,1,116
2401,21,Tier1,MNC,54419,23807,2,9,14,5,0.2766186194968543,0.1371053215174161,NetBanking,0.4374758815854757,0,3
2402,40,Tier1,MNC,80313,14636,1,6,6,3,0.15957715259286134,0.0071232152226636475,UPI,0.18223699774631752,0,6
2403,46,Tier1,Startup,38163,9869,1,7,7,1,0.441820341057808,0.029866360491142406,NetBanking,0.25860126300343267,0,3
2404,39,Tier3,SME,41113,13645,3,10,4,2,0.14676987059244803,0.05330957316366824,UPI,0.33189015639821956,0,2
2405,34,Tier2,SME,72031,28909,1,21,3,2,0.2519873234238072,0.015309083517176556,UPI,0.4013410892532382,0,3
2406,49,Tier2,Startup,51217,9888,1,9,1,1,0.21280873783182291,0.01599882424789417,UPI,0.19306089774879434,0,1
2407,33,Tier3,SME,30938,5950,2,7,1,1,0.2756392792733474,0.016170206587300288,UPI,0.19232012411920615,0,2
2408,45,Tier1,Startup,87016,29456,2,22,2,4,0.5009244417086492,0.06792439126520959,Card,0.3385124574790843,1,116
2409,36,Tier2,SME,38007,9038,1,13,13,8,0.10621256750636254,0.043147615494940436,UPI,0.23779830031310023,0,4
2410,21,Tier1,Gig,56011,19231,3,13,11,2,0.5291774247938476,0.03584658905687034,UPI,0.3433432718573137,0,4
2411,39,Tier1,MNC,47609,18861,2,11,1,0,0.12507797875891538,0.06762804321539714,UPI,0.39616459072864374,0,0
2412,22,Tier1,Startup,54046,9353,0,23,13,1,0.15370876909837503,0.11142185641591033,UPI,0.1730562853865226,0,3
2413,52,Tier1,Gig,42307,17064,0,12,13,3,0.10947209381676568,0.03276319630320615,Card,0.40333750915924077,0,3
2414,41,Tier3,MNC,74285,11980,3,21,16,0,0.040479355504891304,0.28207897282392536,UPI,0.16127078144982163,0,1
2415,33,Tier1,SME,62216,26108,1,23,17,2,0.1594994236240895,0.06946408719763868,Wallet,0.41963482062491964,0,4
2416,37,Tier2,SME,79673,35270,2,14,1,1,0.19229465716722885,0.12555662989091385,UPI,0.44268447278249845,0,3
2417,42,Tier2,SME,47816,16746,0,18,9,1,0.22523458270843735,0.09714794612140842,NetBanking,0.35021750041827004,0,4
2418,29,Tier2,SME,102660,45712,1,6,14,2,0.10287316962560127,0.11459077526307797,Card,0.4452756672511202,0,2
2419,30,Tier3,MNC,21907,8688,2,20,4,6,0.19035406355706694,0.055853810895480985,Card,0.39658556625736063,0,2
2420,35,Tier1,Gig,28297,4621,3,23,10,1,0.12515739885526148,0.21015766405022465,Card,0.16330353040958406,0,3
2421,29,Tier1,MNC,95061,14367,0,9,1,3,0.16846536806280368,0.1644403116737576,UPI,0.1511345346672137,0,2
2422,46,Tier1,SME,69480,10855,1,6,5,1,0.07771743540612205,0.10824092691328734,Card,0.15623200921128383,0,2
2423,24,Tier1,SME,66827,19083,2,6,17,0,0.12016805992426002,0.3928478785494948,UPI,0.28555823245095546,0,1
2424,49,Tier3,MNC,68625,23127,2,21,13,1,0.19140466557442426,0.08666179463318115,UPI,0.3370054644808743,0,1
2425,32,Tier1,MNC,71424,21030,1,10,4,5,0.19538113804941215,0.041192224266830176,UPI,0.2944388440860215,0,2
2426,40,Tier1,Gig,65995,23305,1,13,17,1,0.32726305324120625,0.08031821143697924,UPI,0.3531328130919009,0,0
2427,26,Tier1,Startup,40681,11589,3,12,3,1,0.38944117070539197,0.08300926574628144,UPI,0.2848750030726875,0,0
2428,34,Tier1,MNC,76363,12429,1,11,6,4,0.3822669727684481,0.15567767839425817,NetBanking,0.1627620706363029,0,3
2429,46,Tier2,Startup,73213,15949,1,8,7,3,0.17539863795368746,0.04204954615757299,Card,0.21784382555010723,0,1
2430,30,Tier1,SME,88568,39659,1,13,11,1,0.13231738356687045,0.09030090262824503,Card,0.4477802366543221,0,2
2431,25,Tier2,MNC,95284,24179,1,22,4,3,0.10274682730592892,0.067490756597777,Card,0.2537571890348852,0,3
2432,38,Tier2,Startup,66609,16481,2,12,4,2,0.0905502835710697,0.10721223822725874,UPI,0.24742902610758305,0,4
2433,26,Tier2,SME,35449,6942,1,20,12,4,0.11750134211783314,0.022235148535043374,UPI,0.19583062991903863,0,0
2434,31,Tier1,MNC,95450,42584,2,18,3,0,0.25685851706787144,0.011375959914825148,Card,0.4461393399685699,0,1
2435,36,Tier2,Gig,39637,8685,1,20,2,0,0.04453312889480885,0.10521250008925383,UPI,0.21911345460049952,0,4
2436,40,Tier1,MNC,66759,22968,1,16,2,0,0.4287808433492042,0.034574213229256294,UPI,0.3440434997528423,0,2
2437,42,Tier1,MNC,54865,8921,2,12,5,3,0.3953243285611466,0.011990722077014399,UPI,0.16259910689875148,0,2
2438,44,Tier2,MNC,51387,8732,2,10,0,1,0.23068240104276486,0.005435265242738554,UPI,0.1699262459376885,0,3
2439,49,Tier2,Startup,75286,27481,1,11,0,2,0.05568654254898559,0.10980633919866979,UPI,0.365021385118083,0,3
2440,23,Tier1,Startup,64889,22097,0,15,13,0,0.1609324333475494,0.05083120946311269,UPI,0.3405353757955894,0,3
2441,33,Tier3,Gig,70264,24876,2,13,9,3,0.44468598834954215,0.026203655221085267,UPI,0.35403620630763977,0,1
2442,21,Tier1,MNC,43686,9579,2,13,2,2,0.3004084444564791,0.12394472649590976,UPI,0.219269331135833,0,7
2443,21,Tier2,Startup,56518,25176,2,12,4,2,0.44229120460009896,0.03560155373411384,UPI,0.44545100675890864,0,3
2444,28,Tier3,SME,44609,14163,2,22,12,1,0.08632885880229035,0.14047718061271408,UPI,0.31749198592212335,0,2
2445,41,Tier2,SME,56018,24696,1,17,14,2,0.1374373294203707,0.16959815033131403,UPI,0.4408582955478596,0,2
2446,51,Tier2,MNC,57624,11481,3,22,15,1,0.04638107874818117,0.12869620851787475,UPI,0.19923990004164932,0,3
2447,47,Tier2,Gig,96886,26307,1,22,3,4,0.12089718786887636,0.13193131992601959,Card,0.27152529777264,0,5
2448,42,Tier2,MNC,54812,13741,1,17,15,1,0.3223397869436909,0.1519866821974645,Card,0.25069327884404874,0,2
2449,47,Tier2,Startup,17488,6584,2,7,7,2,0.3798807428671724,0.09923244021517508,UPI,0.3764867337602928,0,1
2450,26,Tier2,SME,87901,32898,0,23,5,2,0.10420518010475174,0.04201290019468178,UPI,0.37426195378892163,0,2
2451,49,Tier1,MNC,68985,20417,1,14,10,1,0.10848886887199514,0.20011936212379913,UPI,0.29596289048343843,0,5
2452,51,Tier2,Gig,57379,8884,1,12,2,2,0.10638088534550724,0.11448082682555054,UPI,0.15483016434584082,0,4
2453,24,Tier1,Gig,51255,10382,2,13,8,2,0.21596557222347193,0.04994900146336195,UPI,0.20255584820993075,0,3
2454,36,Tier3,SME,41061,6778,2,7,7,3,0.15478630036418037,0.028255454240571375,Wallet,0.16507147901902047,0,2
2455,49,Tier1,Startup,98760,39909,2,17,10,3,0.031003660562616938,0.09332777757712495,Card,0.4041008505467801,0,0
2456,37,Tier1,SME,61036,14461,1,6,3,3,0.3209107507947905,0.19363670719486276,UPI,0.23692574873844943,0,1
2457,49,Tier3,Startup,25244,4679,1,18,1,3,0.10666612235126284,0.10981959252452919,UPI,0.1853509744889875,0,0
2458,52,Tier1,MNC,66554,17054,2,21,6,0,0.36814616362302294,0.10575021697957454,UPI,0.25624305075577725,0,2
2459,37,Tier1,SME,84123,14568,2,13,17,0,0.30166319680914166,0.03980001057831323,Card,0.17317499375913842,0,1
2460,23,Tier2,SME,63128,28007,1,12,10,3,0.06759489210885211,0.1604610437528309,UPI,0.44365416297047267,0,5
2461,32,Tier1,SME,41968,10261,1,18,9,2,0.3572045552568947,0.027733264760257354,NetBanking,0.24449580632863133,0,2
2462,28,Tier1,SME,40178,17273,1,21,11,1,0.35169522745047105,0.1394869052520713,Card,0.42991189208024294,0,1
2463,37,Tier1,MNC,41653,14779,1,7,9,1,0.41894010781362545,0.15616552281812307,UPI,0.3548123784601349,0,0
2464,40,Tier1,Gig,90433,28923,2,14,3,1,0.12370123123038018,0.06457515509361285,UPI,0.3198279389161036,0,2
2465,36,Tier1,MNC,58566,17139,2,11,17,1,0.039234238739139185,0.10140950097651796,UPI,0.29264419629136357,0,2
2466,27,Tier1,MNC,26425,9412,3,6,4,2,0.32412434682433944,0.04577659117332854,UPI,0.3561778618732261,0,1
2467,31,Tier1,SME,67682,24086,1,6,11,0,0.3011561200481396,0.19225539589856402,NetBanking,0.3558700984013475,0,4
2468,44,Tier1,Startup,62820,9621,1,15,15,1,0.31857705647824824,0.026401125324051658,Card,0.15315186246418339,0,2
2469,21,Tier1,MNC,51022,21548,2,19,11,2,0.43429315336421775,0.09335814964668593,UPI,0.4223276233781506,0,1
2470,28,Tier2,SME,39591,10309,1,16,17,4,0.06259426191929632,0.0676579223228088,UPI,0.26038746179687305,0,2
2471,51,Tier2,Startup,38722,9912,2,10,3,3,0.0931981266920568,0.12243863837167443,Card,0.2559785135065338,0,1
2472,24,Tier1,MNC,81732,22229,2,14,11,1,0.0484420710517454,0.15531739572546785,NetBanking,0.2719742573288308,1,84
2473,35,Tier1,Gig,64950,23095,1,23,1,1,0.05079348896326245,0.13854990826416416,UPI,0.35558121632024636,0,0
2474,28,Tier3,SME,69572,18283,1,21,10,5,0.09252573582545329,0.02875559624395401,Card,0.2627925027309837,0,3
2475,24,Tier2,Startup,64895,17012,1,8,3,3,0.1605208342366881,0.02120157856609065,Wallet,0.26214654441790586,0,2
2476,35,Tier1,MNC,66553,11250,2,17,11,3,0.1178541797844783,0.06879626345848902,UPI,0.16903821014830286,0,1
2477,38,Tier1,Startup,50632,13923,1,17,5,0,0.16041180319391743,0.19857328495996004,Card,0.2749841997155949,0,2
2478,26,Tier1,Gig,55883,10888,1,12,2,2,0.07645521461255186,0.06963793673800585,NetBanking,0.19483563874523557,1,62
2479,23,Tier2,MNC,83298,33875,1,12,15,3,0.32645634848945265,0.006777355821862045,UPI,0.4066724291099426,1,105
2480,25,Tier3,MNC,88291,22103,2,18,16,1,0.32674068227929903,0.15952631658082106,UPI,0.2503426170277831,1,41
2481,43,Tier3,MNC,35558,15583,2,22,3,4,0.1439501413699876,0.140598040449334,UPI,0.4382417458799708,0,2
2482,50,Tier1,MNC,55834,19841,3,11,3,2,0.09984556600930597,0.03560236933333406,UPI,0.35535695096177955,0,4
2483,27,Tier1,Gig,76785,28936,2,22,0,3,0.24704126530195414,0.058125549752026016,NetBanking,0.3768444357621931,0,2
2484,31,Tier1,SME,97641,42407,1,21,12,1,0.064041143464793,0.00046069257645877493,Card,0.434315502708903,0,1
2485,32,Tier1,Startup,95639,21201,0,6,16,2,0.17634374658876625,0.06768396837591341,Card,0.2216773491985487,0,0
2486,33,Tier1,Gig,44084,14115,1,11,3,1,0.05948446990306839,0.04463072187102872,UPI,0.3201841938118138,0,3
2487,29,Tier2,Gig,85500,13869,2,13,8,0,0.08782916968306691,0.013040587410466615,Card,0.16221052631578947,0,2
2488,22,Tier1,Gig,61172,11024,2,17,12,3,0.11581484230672212,0.08627945622823728,UPI,0.18021316942391943,0,4
2489,38,Tier3,SME,80888,21028,1,10,7,2,0.10804659006925332,0.14078730993477362,UPI,0.2599643952131342,0,1
2490,33,Tier1,SME,75765,26877,3,13,13,5,0.3683037463616184,0.03569212598200506,UPI,0.3547416353197387,0,1
2491,32,Tier1,MNC,34720,13870,1,7,13,2,0.12332288920265456,0.08582264943170824,Card,0.3994815668202765,0,4
2492,30,Tier3,SME,70999,16111,2,7,13,2,0.21706835726132945,0.023905223070247224,NetBanking,0.22691868899561965,0,4
2493,52,Tier2,SME,80113,30020,2,13,12,1,0.20320848211440326,0.1756699587262625,Card,0.37472070700136056,0,3
2494,41,Tier1,MNC,59596,12949,2,17,7,2,0.21905561804665288,0.08274360897118654,UPI,0.2172796832002148,0,1
2495,35,Tier2,SME,55073,8361,2,14,7,2,0.06848455986925656,0.13573923936579566,NetBanking,0.15181667967969786,0,4
2496,27,Tier1,SME,28566,4751,2,12,10,3,0.14372013360380553,0.09952217311117381,NetBanking,0.16631660015402927,0,3
2497,48,Tier1,SME,73672,23992,2,14,1,2,0.19669567411365155,0.01905283404128009,Card,0.3256596807470952,0,4
2498,51,Tier1,MNC,64174,19197,2,17,10,1,0.2592488371075082,0.07029869319946028,Card,0.29913983856390436,0,2
2499,22,Tier1,SME,41556,9604,1,18,0,1,0.11171634362640578,0.026497821026159055,UPI,0.2311098277023775,0,2
2500,52,Tier2,SME,53483,8127,1,15,12,3,0.3291220669377812,0.06002401895385282,Card,0.15195482676738403,0,2
2501,44,Tier1,Startup,63090,20214,2,7,10,1,0.2736455013840142,0.11396288816073648,NetBanking,0.3203994293865906,0,4
2502,24,Tier2,Startup,48827,19300,2,6,8,1,0.057494453793144065,0.016700948548848706,Card,0.3952731070923874,0,5
2503,46,Tier2,MNC,60053,10242,2,12,5,1,0.15571237960128223,0.055279713786953615,NetBanking,0.17054934807586633,0,2
2504,24,Tier1,MNC,25001,9273,1,9,9,1,0.3054925822018009,0.06972874985174225,UPI,0.3709051637934483,0,2
2505,22,Tier1,SME,86988,29607,1,15,11,1,0.22356526496882415,0.04901607989722585,UPI,0.3403572906607808,0,2
2506,24,Tier1,MNC,60318,17721,1,18,12,2,0.12793328588823835,0.16580381648616987,Wallet,0.2937928976424948,0,2
2507,36,Tier2,SME,38012,6253,3,10,16,2,0.17518191086412455,0.13030211628397728,NetBanking,0.16450068399452805,0,3
2508,42,Tier2,Gig,15000,6406,1,14,3,1,0.10537228646071178,0.009844125432685973,UPI,0.42706666666666665,0,1
2509,34,Tier2,MNC,80582,23629,1,9,0,3,0.1701677380562359,0.13916469268085488,NetBanking,0.29322925715420317,0,3
2510,25,Tier1,SME,71161,19205,1,14,11,2,0.2441108013223272,0.028699961671870722,UPI,0.26988097412908757,1,43
2511,27,Tier1,Startup,64213,26227,1,12,2,2,0.18883669897785446,0.09468169461021296,UPI,0.40843754379954217,0,0
2512,49,Tier2,SME,77272,31192,1,6,2,0,0.09550396391888565,0.1787189810231305,UPI,0.40366497567035925,0,3
2513,53,Tier1,MNC,77217,28429,2,17,4,4,0.3829042799155879,0.18625920800653703,NetBanking,0.36817022158333007,0,1
2514,46,Tier2,MNC,63888,25479,1,11,13,5,0.06373148544852533,0.024392868350911298,Wallet,0.3988072877535687,0,2
2515,24,Tier1,Gig,54915,10285,1,19,1,6,0.38750427414572763,0.018054042383533607,UPI,0.18728944732768824,0,2
2516,48,Tier1,MNC,51657,19540,0,18,7,2,0.11481581844960795,0.17402162465614018,NetBanking,0.3782643204212401,0,3
2517,44,Tier2,Startup,68418,16995,0,9,1,1,0.21117982915579223,0.027192381789392154,UPI,0.24839954397965447,0,2
2518,38,Tier1,Startup,87940,36077,2,21,15,3,0.13173314158787047,0.08506511098509274,NetBanking,0.41024562201501025,0,1
2519,25,Tier2,MNC,57941,15126,3,6,13,0,0.05922703318715436,0.08928706456635288,NetBanking,0.2610586631228318,0,2
2520,54,Tier1,Startup,89529,14887,2,16,1,4,0.049156263595902014,0.09207868282853449,Card,0.1662813166683421,0,1
2521,36,Tier3,MNC,67463,18506,2,20,4,6,0.08746800326449024,0.10815217067539719,UPI,0.27431332730533775,1,103
2522,22,Tier2,MNC,67613,25492,0,15,8,3,0.07283748538151633,0.1077608927342304,UPI,0.377028086314762,0,2
2523,28,Tier3,SME,108102,32460,2,16,8,2,0.1709740649806514,0.07799199103944868,UPI,0.30027196536604317,0,4
2524,34,Tier2,Gig,93053,35275,1,14,3,1,0.0374783425385352,0.19559848877996347,UPI,0.37908503755924045,0,2
2525,23,Tier2,MNC,93572,15025,2,7,8,3,0.0692466495598502,0.0465574945301107,UPI,0.1605715384944214,0,0
2526,32,Tier2,MNC,44047,8948,2,18,15,5,0.14427739650853164,0.04072061998897611,Card,0.20314663881762662,0,3
2527,36,Tier1,Gig,103843,33134,1,23,3,1,0.3521789159180838,0.026935866443409655,UPI,0.3190778386602852,1,64
2528,53,Tier1,MNC,58355,15498,1,20,2,1,0.40449087355033303,0.09552189643353406,Card,0.26558135549652984,0,5
2529,23,Tier2,Gig,55450,19632,1,7,6,3,0.21452353846395417,0.028856098490576635,UPI,0.35404869251578,0,0
2530,40,Tier1,Startup,16815,7377,1,9,8,2,0.20413302529581473,0.058010147355395954,UPI,0.43871543264942015,0,5
2531,52,Tier1,SME,66525,23147,1,20,5,0,0.06644111889607672,0.13784381965476458,UPI,0.3479443818113491,0,5
2532,48,Tier3,Startup,38332,10549,3,18,1,3,0.2899128132647,0.00859453572463321,Card,0.2752008765522279,0,1
2533,52,Tier1,Startup,68165,21315,0,12,1,0,0.19153576444065548,0.18823918903463882,UPI,0.3126971319592166,0,2
2534,26,Tier2,MNC,36768,15584,2,10,14,0,0.012508196479223336,0.08007991850647829,UPI,0.42384682332463014,0,1
2535,48,Tier2,Gig,95953,33765,2,14,2,1,0.06826375332504639,0.048224289989977326,Card,0.35189102998342936,0,2
2536,54,Tier1,Gig,71031,27769,0,6,5,2,0.5193177529488594,0.0728224800035027,UPI,0.3909419830778111,0,2
2537,32,Tier3,Gig,105597,25391,1,7,13,1,0.3388630390862413,0.024956850823547348,UPI,0.24045190677765466,0,2
2538,37,Tier1,Startup,39539,14759,1,7,10,1,0.008426314416591571,0.15766880611078996,UPI,0.3732770176281646,0,1
2539,39,Tier3,SME,90983,17453,1,20,0,2,0.46856589493964096,0.05383902284544146,UPI,0.19182704461272984,0,0
2540,37,Tier2,SME,23945,8977,1,6,3,0,0.14701820204644794,0.1130058571842439,UPI,0.374900814366256,0,5
2541,30,Tier1,MNC,64161,26592,0,15,8,4,0.18499779931315466,0.1280136150643595,Card,0.4144573806517978,0,1
2542,54,Tier1,SME,47367,19897,1,11,6,2,0.40953498032254065,0.0012057419243963435,NetBanking,0.4200603795891655,0,5
2543,53,Tier1,Startup,51040,9441,2,19,17,1,0.1253652271948692,0.023271030954818524,UPI,0.18497257053291535,0,3
2544,33,Tier1,Startup,49670,19816,2,8,2,3,0.11059977075202626,0.1769425027223829,Card,0.3989530903966177,0,2
2545,48,Tier1,SME,41705,7631,1,22,0,2,0.1875439668387432,0.010294978533235253,UPI,0.18297566239060065,0,0
2546,34,Tier3,SME,34806,10216,2,7,9,2,0.10764781584100204,0.027678503795248416,Card,0.29351261276791357,0,1
2547,48,Tier1,Startup,51151,18146,3,21,17,7,0.2700002454880947,0.10203403139847006,Card,0.35475357275517583,0,2
2548,40,Tier2,SME,62320,18401,1,8,0,2,0.06559417944533741,0.06332243639972285,NetBanking,0.2952663671373556,0,4
2549,36,Tier1,Gig,83273,20982,1,6,14,1,0.41610203961839237,0.05296495033100041,UPI,0.2519664236907521,0,0
2550,25,Tier3,Startup,65907,23406,0,6,17,0,0.3084227043510393,0.08738147176783208,UPI,0.3551367836496882,0,1
2551,43,Tier1,MNC,83330,29020,1,20,7,1,0.5550072126050193,0.0035710289113675847,UPI,0.3482539301572063,0,3
2552,31,Tier1,MNC,30436,9887,2,12,7,4,0.08974785054255287,0.008610934793202593,UPI,0.32484557760546723,0,1
2553,28,Tier2,Startup,51340,15839,2,13,17,0,0.15159358498791128,0.032386435870979204,UPI,0.3085118815738216,0,2
2554,27,Tier1,SME,74220,26847,2,20,11,2,0.47311387031546154,0.009148958732194947,UPI,0.3617219078415521,0,1
2555,54,Tier2,Gig,66863,18113,1,10,9,2,0.18613201133518653,0.11864791981715833,Card,0.27089720772325504,0,2
2556,24,Tier1,MNC,42776,7298,2,15,5,1,0.0733995618158156,0.0943348272155482,Card,0.17060968767533197,0,5
2557,48,Tier2,MNC,78681,24488,1,11,16,2,0.07685663384413915,0.08554603090507192,UPI,0.3112314281719856,0,4
2558,50,Tier2,SME,49374,18122,1,7,4,1,0.1548215787381101,0.01330140788157925,Card,0.3670352817272249,0,2
2559,22,Tier2,Startup,44452,10657,0,23,7,4,0.3587752353511089,0.2949053844402547,UPI,0.2397417439035364,0,2
2560,41,Tier1,Gig,69738,13405,2,12,15,4,0.1562098165358894,0.1362344554800529,UPI,0.19221944994120851,0,4
2561,40,Tier1,Gig,60123,25465,2,21,9,2,0.23941095111218563,0.10117554941585491,UPI,0.42354839246211934,0,4
2562,33,Tier1,SME,49541,20268,2,13,13,2,0.07631809254808856,0.06679467423102535,UPI,0.40911568196039644,0,2
2563,43,Tier1,Gig,48862,16394,2,21,17,2,0.1481246434614503,0.03043779721231103,UPI,0.33551635217551473,1,85
2564,34,Tier1,MNC,38604,14900,1,9,11,2,0.30356012580671576,0.06742270417004333,UPI,0.38597036576520566,0,3
2565,35,Tier3,SME,52085,22950,1,15,2,2,0.03767619842234918,0.11868601742070002,UPI,0.44062589997120094,0,1
2566,35,Tier2,Gig,82000,26303,2,12,13,0,0.2293004865372426,0.01161659398340453,UPI,0.32076829268292684,0,3
2567,48,Tier2,SME,64891,14487,3,23,10,2,0.11889061476031142,0.0700031690745773,Wallet,0.22325129833104745,0,4
2568,42,Tier1,Gig,79171,27048,2,12,3,4,0.5058969489636804,0.18175162976137793,UPI,0.34164024706016094,0,2
2569,33,Tier1,MNC,70321,29842,1,19,1,1,0.17272113699021036,0.09434149878119354,UPI,0.4243682541488318,0,2
2570,52,Tier2,MNC,47755,17050,3,14,16,3,0.32106926581394263,0.06156227886908736,Card,0.3570306774159774,0,2
2571,48,Tier1,SME,27017,4265,1,13,1,3,0.13301866170389465,0.05496565317577328,UPI,0.15786356738349927,0,1
2572,52,Tier1,Gig,41462,17627,1,18,8,2,0.4180925645035136,0.05516699350171741,UPI,0.4251362693550721,0,2
2573,45,Tier1,SME,46575,17516,1,17,17,2,0.2131610679484606,0.13736127057041303,Card,0.37608158883521203,0,3
2574,34,Tier2,Gig,45028,12182,0,14,15,2,0.1179764524940621,0.07863199502356288,Wallet,0.2705427733854491,0,2
2575,47,Tier3,MNC,79620,35530,2,6,15,2,0.6558795456244999,0.0761241974211903,UPI,0.44624466214518965,0,2
2576,32,Tier1,Startup,79411,29104,2,7,13,0,0.19397258398575704,0.035318915120401556,Card,0.366498344058128,1,116
2577,30,Tier1,SME,104237,41448,1,16,8,4,0.33773360077109615,0.05870522035719261,Card,0.39763231865844184,0,3
2578,36,Tier1,MNC,44725,19363,1,6,5,3,0.08565969936453592,0.1174592629795419,UPI,0.4329346003353829,0,4
2579,53,Tier1,Startup,91948,14883,2,16,16,1,0.35357744478186126,0.029911904314996206,UPI,0.1618632270413712,0,1
2580,40,Tier2,Startup,91825,35107,1,21,10,4,0.22322619692347834,0.02777047038655132,NetBanking,0.3823250748706779,0,2
2581,34,Tier1,SME,55354,14718,1,20,7,3,0.2952991797830066,0.09617558958839717,Card,0.26588864400043355,0,1
2582,36,Tier2,MNC,69471,28533,1,18,17,1,0.13963214901755155,0.04339788445150513,UPI,0.41071814138273527,0,4
2583,30,Tier1,MNC,84814,35084,2,10,6,2,0.3321330484920638,0.09573210437077119,NetBanking,0.4136581224797793,0,5
2584,43,Tier1,Gig,58821,23445,3,17,0,2,0.14610979447160255,0.009508045709254433,UPI,0.39858213903197837,0,1
2585,32,Tier3,Startup,57272,21978,1,9,10,2,0.16146667219273692,0.06705136870940533,Card,0.38374773012990643,0,0
2586,39,Tier1,Gig,47453,18425,2,22,7,0,0.13363329581544206,0.031077659094762598,UPI,0.3882789286241123,0,3
2587,33,Tier2,Startup,15000,3584,2,7,11,1,0.28302464307790115,0.15563391656155928,UPI,0.23893333333333333,1,113
2588,31,Tier1,Gig,61409,16700,0,15,11,3,0.15649298780907175,0.2776404470777906,UPI,0.2719471087299907,0,2
2589,53,Tier3,MNC,45802,8451,3,14,11,3,0.12711894490746617,0.046161789688637545,UPI,0.18451159338020173,0,2
2590,32,Tier1,SME,38493,15365,1,7,6,1,0.09582938817290844,0.019088327294313766,UPI,0.39916348426986725,0,2
2591,23,Tier1,Startup,68443,23530,2,9,4,0,0.378431463233761,0.1752637494713752,UPI,0.3437897228350598,1,107
2592,33,Tier2,MNC,30973,10339,2,18,5,3,0.06930531406175447,0.1310885613443568,UPI,0.3338068640428761,0,1
2593,39,Tier1,MNC,76121,17037,1,16,17,0,0.3741791611993516,0.20539044916059157,Wallet,0.22381471604419279,0,1
2594,24,Tier1,Startup,69671,23305,2,8,13,0,0.08533034349238271,0.055350998731707776,Card,0.3345007248352973,0,1
2595,31,Tier3,Gig,51996,14889,2,8,7,2,0.4031368293950231,0.11705654408427606,NetBanking,0.28634894991922455,0,2
2596,26,Tier2,Startup,58733,26346,0,17,16,1,0.37364827944429724,0.028706663747685223,UPI,0.44857235285103775,0,4
2597,38,Tier2,MNC,36195,14800,2,17,13,2,0.5314915222027551,0.038450113957007606,UPI,0.408896256389004,0,3
2598,45,Tier2,Gig,75006,23086,3,13,9,3,0.21886076124117326,0.015689707917824362,UPI,0.3077887102365144,0,4
2599,53,Tier2,MNC,63747,25023,2,6,14,2,0.18398990559582967,0.12480330971571865,UPI,0.3925361193467928,0,1
2600,34,Tier3,MNC,65236,13004,2,6,17,0,0.30602708531741235,0.1405302051945044,UPI,0.19933778895088602,0,1
2601,50,Tier2,Gig,70037,12636,1,8,10,3,0.2696357477382811,0.027085186165236703,UPI,0.1804189214272456,0,7
2602,28,Tier1,Startup,47151,15993,1,6,1,0,0.05861676246699752,0.137133561950402,NetBanking,0.3391868677228479,0,2
2603,47,Tier1,Gig,29618,10900,1,16,7,4,0.14587366076054714,0.07454505081976735,UPI,0.36801944763319605,0,2
2604,40,Tier2,Gig,79146,13131,2,13,4,3,0.34707050680360796,0.006446607858171149,UPI,0.1659085740277462,0,3
2605,46,Tier2,Startup,73774,15513,2,9,12,2,0.16556967662758695,0.04592010576494792,Wallet,0.21027733347791905,0,2
2606,46,Tier1,MNC,49292,15338,3,16,1,3,0.1301967430409615,0.05135052332999905,Card,0.3111661121480159,0,1
2607,39,Tier1,SME,68182,11512,0,18,8,1,0.30178512949269776,0.1466778506718883,UPI,0.16884221642075622,0,1
2608,29,Tier1,Gig,85159,23607,3,9,7,5,0.2007583861342803,0.02463252201802672,UPI,0.27721086438309517,0,2
2609,38,Tier2,Gig,82774,24387,3,17,6,4,0.1718694934752274,0.08702744064517046,UPI,0.29462149950467537,0,1
2610,49,Tier2,SME,48708,20776,2,7,11,4,0.3904884501460787,0.13602932730348602,Card,0.42654184117598754,0,1
2611,54,Tier1,SME,30224,7395,2,16,9,2,0.11013627665628031,0.0916472699861821,Wallet,0.24467310746426682,0,3
2612,52,Tier2,MNC,33655,6751,1,12,3,4,0.23913417412353546,0.1494476046743496,UPI,0.20059426533947408,0,3
2613,27,Tier2,SME,53765,8185,1,7,14,2,0.17707694264462806,0.1375681209625168,Card,0.15223658513903096,0,2
2614,41,Tier3,Gig,89246,16642,1,20,8,2,0.19461235908737426,0.029756922153322447,UPI,0.18647334334311902,0,3
2615,24,Tier1,MNC,45431,17048,0,9,2,3,0.18120462039644974,0.16940186592775217,Card,0.3752503796966829,0,1
2616,43,Tier3,SME,48073,13627,0,20,12,4,0.20956348554918497,0.11888154843436775,Card,0.28346473072202694,0,2
2617,54,Tier2,Gig,47661,9990,2,12,7,1,0.1511101292315544,0.19259555691649732,UPI,0.20960533769748851,1,92
2618,22,Tier2,SME,49365,21222,1,18,11,0,0.09804355124622509,0.034313391472462824,Card,0.4298997265268915,0,1
2619,43,Tier1,SME,59775,23088,0,18,13,2,0.04566255459238758,0.0714671777365875,Wallet,0.38624843161856964,0,2
2620,53,Tier2,SME,34398,6339,1,13,11,3,0.1789961561975801,0.06404916016186589,Card,0.18428396999825572,0,1
2621,49,Tier2,MNC,81687,18844,2,18,16,2,0.12052363161583227,0.03163156483383734,UPI,0.23068542118084884,0,1
2622,34,Tier1,MNC,57103,23117,3,13,10,2,0.21449453263026846,0.09355922159470725,UPI,0.40482986883351135,0,1
2623,24,Tier1,MNC,109582,39200,1,16,6,3,0.3280562204727769,0.043085807199249544,UPI,0.35772298370170286,0,0
2624,52,Tier2,MNC,36528,15840,2,10,17,4,0.41425671369379263,0.05161670929269577,UPI,0.4336399474375821,0,1
2625,52,Tier2,MNC,91797,15869,3,13,9,5,0.4057175290437398,0.1209814967826622,UPI,0.17287057311241108,0,2
2626,40,Tier1,SME,87826,33604,2,8,12,2,0.07673351758908281,0.18855285160142107,UPI,0.38262018081206023,0,1
2627,54,Tier1,MNC,51766,8951,2,13,5,1,0.12080643804944244,0.21282230214565295,NetBanking,0.17291272263647955,0,4
2628,21,Tier1,Gig,52098,13076,2,6,16,5,0.05958986425567069,0.058729172305585976,UPI,0.25098852163230834,0,2
2629,41,Tier3,MNC,41574,15598,3,13,16,3,0.14489836677321563,0.03895592093795207,NetBanking,0.37518641458603935,0,1
2630,22,Tier3,SME,41803,15187,1,21,17,2,0.07958165893489393,0.08416265332231421,NetBanking,0.36329928474032963,0,3
2631,52,Tier1,Gig,59987,9036,2,12,6,1,0.1897370470323627,0.12386782336421079,UPI,0.15063263707136545,0,1
2632,44,Tier1,MNC,60413,12721,1,14,15,3,0.31658177098893536,0.05435500545813524,UPI,0.21056726201314285,0,2
2633,52,Tier1,SME,27952,10721,1,21,12,5,0.2750957693344011,0.08777612545311224,Card,0.3835503720663995,0,3
2634,40,Tier1,Gig,105870,19887,2,6,1,3,0.09417606231719948,0.1534024212924018,Wallet,0.1878435817512043,0,3
2635,23,Tier3,SME,54809,13587,2,18,16,2,0.2059915443318974,0.07857724121357061,UPI,0.24789724315349668,0,1
2636,21,Tier2,MNC,61312,12579,2,15,9,2,0.3244530916881689,0.05788712212844074,UPI,0.20516375260960334,0,3
2637,32,Tier1,Startup,47475,8708,3,12,9,2,0.2997653882168505,0.2952520938185149,Card,0.18342285413375461,0,4
2638,46,Tier1,Startup,54659,21917,2,10,6,0,0.06120258393341349,0.14837602234260688,UPI,0.4009769662818566,0,2
2639,26,Tier1,SME,52842,8898,2,16,15,3,0.053632155465051755,0.10193914987969607,UPI,0.16838878165095947,0,2
2640,49,Tier2,MNC,59941,18630,3,13,1,5,0.26196724939172095,0.01628974073878297,UPI,0.31080562553177293,0,1
2641,29,Tier2,MNC,59708,21363,1,13,6,3,0.09637831480862465,0.060060335615906395,Card,0.35779125075366786,0,1
2642,37,Tier2,Gig,76097,12729,0,18,10,4,0.19636348264874087,0.19354194090243215,UPI,0.16727334848942796,1,44
2643,27,Tier1,SME,64544,21946,1,13,3,2,0.05782676379723085,0.0006554657702004645,Card,0.34001611303916707,0,0
2644,36,Tier3,MNC,74085,18537,2,20,3,1,0.29227990978355983,0.10591050550842103,UPI,0.25021259364243775,0,5
2645,36,Tier1,SME,59803,23925,2,11,11,1,0.07488906737809813,0.13830611080350738,NetBanking,0.40006354196277777,0,3
2646,21,Tier2,Gig,64625,25158,2,18,10,1,0.18385590620202652,0.13261462060533183,UPI,0.3892920696324952,0,1
2647,40,Tier3,MNC,55173,21416,0,16,14,3,0.3700699526382387,0.08209130413099235,UPI,0.38816087579069475,0,2
2648,47,Tier1,MNC,80062,21584,2,22,14,1,0.1055403861811313,0.09538827460225878,NetBanking,0.26959106692313456,0,0
2649,52,Tier3,SME,66452,26365,2,13,0,2,0.10422118166537285,0.1426293597091174,UPI,0.39675254318906883,0,1
2650,32,Tier1,Startup,56838,19267,3,10,7,0,0.38560073406436,0.028355974234400838,Wallet,0.33898096343995215,0,2
2651,50,Tier2,SME,56241,14825,1,13,15,4,0.268633085614936,0.1019478855054459,UPI,0.26359773119254637,0,1
2652,50,Tier1,Gig,57815,10071,2,17,17,3,0.35548445081357793,0.1193488221546385,UPI,0.17419354838709677,0,3
2653,54,Tier1,MNC,60608,10306,2,13,1,3,0.302785995854693,0.11372520891945181,Card,0.1700435586061246,0,2
2654,33,Tier1,SME,58872,13270,2,22,13,2,0.34581023789772114,0.11028513868858585,UPI,0.22540426688408752,0,2
2655,49,Tier1,SME,48823,11711,1,8,4,3,0.26321819614104947,0.02817033343188801,UPI,0.23986645638326198,0,3
2656,40,Tier1,SME,75298,32247,0,11,14,0,0.17390385320706325,0.28870292465885866,UPI,0.428258386676937,0,4
2657,22,Tier1,SME,76561,34451,1,23,8,2,0.3598895157928414,0.0858151637320335,Card,0.44998106085343714,0,2
2658,30,Tier2,Startup,95677,18475,1,20,2,2,0.43968785856064974,0.01344571677327907,UPI,0.1930976096658549,0,3
2659,43,Tier1,SME,47927,20744,2,7,3,1,0.38030895981174123,0.16213212137488736,UPI,0.43282492123437727,0,3
2660,26,Tier1,Startup,73328,26541,2,22,16,2,0.12404126643207092,0.011048023623275751,UPI,0.36194905084006107,0,3
2661,35,Tier3,MNC,21817,6535,2,13,13,4,0.15457969076424144,0.03162897366020759,NetBanking,0.2995370582573223,0,2
2662,47,Tier3,SME,76580,33419,0,17,0,0,0.17751691420364257,0.28664672991723983,UPI,0.4363933141812484,0,1
2663,26,Tier1,SME,30868,11239,1,6,17,2,0.018973546088029435,0.022541236067486047,UPI,0.3640987430348581,0,1
2664,37,Tier1,SME,40313,13226,2,8,15,4,0.21752765670278307,0.07880528522128698,NetBanking,0.328082752461985,0,2
2665,28,Tier2,MNC,66644,14185,2,18,9,1,0.2427537673020006,0.0471783294426963,UPI,0.21284736810515575,0,1
2666,39,Tier2,Gig,47570,10623,2,10,0,2,0.18841210735784544,0.10571633732009864,UPI,0.22331301240277485,0,5
2667,29,Tier1,Gig,44832,18984,2,8,7,1,0.1869496196221788,0.054254332998160584,UPI,0.4234475374732334,0,2
2668,53,Tier2,Gig,50303,10790,3,18,2,3,0.14857590542690816,0.04773301828631468,Card,0.2145001292169453,0,4
2669,23,Tier1,Gig,74592,11911,3,9,6,3,0.15317915989403555,0.01610751898207611,NetBanking,0.15968200343200342,0,2
2670,53,Tier1,MNC,41342,9503,2,21,5,2,0.24179069991753746,0.17482446985477582,Card,0.22986309322238885,0,1
2671,47,Tier2,SME,58916,17331,1,9,12,1,0.04875194307391148,0.197239202555421,UPI,0.2941645732907869,0,1
2672,50,Tier2,SME,52426,13871,0,6,13,0,0.026721322787159704,0.029991211553133487,Card,0.26458245908518674,0,4
2673,49,Tier2,Gig,76397,32907,2,13,3,5,0.12011673941193461,0.029811942434034178,UPI,0.43073680903700406,0,0
2674,27,Tier1,MNC,76958,21207,1,11,16,1,0.44595987713580987,0.10162724356535902,NetBanking,0.2755658930845396,0,2
2675,52,Tier1,MNC,23294,9706,1,17,12,2,0.17980960831176726,0.10253879202387704,UPI,0.4166738215849575,0,2
2676,41,Tier1,Startup,80902,26568,1,10,11,0,0.3901733632028876,0.09007150621251643,UPI,0.3283973202145806,0,2
2677,53,Tier1,MNC,47784,14681,3,23,13,1,0.20416321973190016,0.13835533301616132,Card,0.30723673196048884,0,7
2678,50,Tier1,Startup,64725,12819,0,13,13,4,0.28298635769537445,0.04773444370303505,UPI,0.19805330243337196,0,2
2679,40,Tier2,MNC,41221,9534,2,18,14,3,0.19395147265276777,0.06200335820679837,Card,0.2312898765192499,0,4
2680,33,Tier2,Startup,67422,27653,3,19,5,0,0.21593735883018542,0.07186502474756752,UPI,0.4101480229005369,0,1
2681,24,Tier2,Gig,111026,42632,2,21,12,2,0.2326421908393121,0.11078355301950976,UPI,0.3839821303118188,1,86
2682,24,Tier1,Startup,62543,17776,0,15,17,3,0.07193558247600833,0.017879155983778098,Card,0.2842204563260477,1,110
2683,34,Tier1,MNC,50803,21474,2,10,13,3,0.16164803452755538,0.03192306139784976,UPI,0.4226915733322835,0,2
2684,48,Tier2,MNC,55356,21907,2,15,7,2,0.10967329529487524,0.075934230834838,UPI,0.39574752511019584,0,1
2685,38,Tier1,MNC,30619,5622,1,13,11,0,0.1761360303094831,0.0396510233886961,Card,0.18361148306607009,0,3
2686,37,Tier3,MNC,88979,29521,2,16,16,1,0.053285987708604626,0.17173145519565666,Card,0.331774913181762,0,1
2687,29,Tier1,SME,66257,25817,1,10,11,1,0.15087211578685888,0.14263419465624472,UPI,0.38964939553556605,0,0
2688,40,Tier2,SME,39022,15316,2,15,14,0,0.08338712783439296,0.09624458360441379,UPI,0.3924965404131003,0,1
2689,42,Tier3,MNC,39673,7038,3,23,16,5,0.0768764151955606,0.03338671683983139,UPI,0.17740024701938345,0,2
2690,54,Tier2,MNC,60305,13109,2,18,6,4,0.09137619135966107,0.05211489326853778,Card,0.2173783268385706,0,3
2691,45,Tier2,Gig,78639,21540,3,23,6,3,0.2040319668530435,0.07843075080310409,Card,0.27390989203830163,0,1
2692,41,Tier2,MNC,36980,8338,1,7,6,4,0.19742853168964627,0.04283215597998618,UPI,0.22547322877230935,0,3
2693,51,Tier1,SME,82268,15028,2,17,6,2,0.1336579828701973,0.1477369142103612,Wallet,0.18267126950940826,0,1
2694,35,Tier2,SME,58167,19697,2,6,12,1,0.09951666931786023,0.08146883791369265,UPI,0.33862843192875686,0,1
2695,52,Tier3,MNC,41395,12511,0,9,8,3,0.2536015027425801,0.12471740648730953,Card,0.3022345693924387,1,84
2696,33,Tier3,Gig,50646,9951,3,20,16,3,0.12545715118464892,0.08205406023429515,UPI,0.1964814595427082,0,1
2697,25,Tier1,MNC,94971,30952,3,7,12,0,0.0027065449540027305,0.08125010016932538,UPI,0.3259100146360468,0,0
2698,35,Tier1,Startup,32235,5434,1,14,12,1,0.21869927920414234,0.1333100851140055,UPI,0.1685745307895145,0,0
2699,25,Tier2,Startup,45362,12016,2,7,17,2,0.06938823172767337,0.01120908773931913,UPI,0.26489131872492394,0,1
2700,25,Tier2,Gig,79051,30652,1,11,15,2,0.0957455932212794,0.12314448572021311,UPI,0.38774968058595083,0,3
2701,50,Tier1,Startup,64329,26826,0,8,0,0,0.10313872193681314,0.14344898500725256,UPI,0.4170125448864431,0,2
2702,48,Tier1,Startup,44175,9876,1,14,17,2,0.4700551793449439,0.14505883269071607,UPI,0.2235653650254669,0,1
2703,28,Tier1,SME,79295,32340,1,17,15,0,0.31362943041872854,0.014252642930074555,Wallet,0.40784412636357903,0,1
2704,49,Tier1,SME,80245,33504,0,17,5,2,0.016201783118177313,0.0038541957912501435,Card,0.4175213408935136,0,0
2705,23,Tier1,Startup,66627,22124,1,22,4,4,0.37077970642882857,0.21140911440159135,UPI,0.33205757425668275,1,106
2706,30,Tier1,SME,47752,21233,3,8,9,2,0.23711923733834775,0.07835067784277765,UPI,0.44465153292008713,0,2
2707,45,Tier1,SME,50833,11379,1,13,17,1,0.2410307962622918,0.14148169479301673,NetBanking,0.2238506482009718,0,3
2708,31,Tier3,MNC,65693,11213,2,15,10,5,0.1292043838190153,0.04121503574135598,UPI,0.17068789673176746,0,2
2709,45,Tier1,MNC,33761,13606,1,7,10,1,0.414149402546355,0.0991426857945123,Wallet,0.4030093895323006,1,111
2710,50,Tier1,SME,86555,25731,0,7,3,0,0.29159333185637626,0.05031608141909027,UPI,0.2972791866443302,0,6
2711,23,Tier1,MNC,94004,23871,2,11,16,1,0.557425344349077,0.09066146426300264,NetBanking,0.25393600272328837,0,1
2712,21,Tier1,SME,55280,9207,1,21,14,2,0.052493788482825064,0.12075786721081207,Card,0.1665520984081042,0,3
2713,52,Tier3,MNC,67122,11369,1,16,1,5,0.2156602387161439,0.10644083552299106,UPI,0.16937814725425346,0,2
2714,38,Tier3,SME,83716,14835,3,16,4,1,0.21536072596852746,0.014137698651226018,UPI,0.1772062688136079,0,2
2715,38,Tier1,Startup,99111,20326,1,15,15,3,0.6553811293923777,0.11747104962228516,UPI,0.20508318955514523,0,4
2716,36,Tier1,SME,91139,40203,1,20,12,2,0.17234110304781966,0.07418649564990443,Card,0.44111741405984267,0,0
2717,35,Tier1,Startup,25289,5928,2,15,7,3,0.3196491676590647,0.11286184700535637,UPI,0.23441021788129227,0,2
2718,44,Tier1,MNC,53688,21212,0,18,9,4,0.2980828151253933,0.1738284061721383,Card,0.39509760095365815,0,2
2719,40,Tier1,MNC,70013,10909,2,11,2,3,0.19826857643179982,0.04480679194001535,NetBanking,0.15581392027194949,0,2
2720,26,Tier1,Startup,50115,12355,1,20,15,0,0.06703583148075934,0.05928272750451982,Card,0.24653297415943332,0,2
2721,42,Tier1,Gig,95655,40352,1,6,11,2,0.26851591533326874,0.08676676797673387,UPI,0.4218493544508912,0,3
2722,43,Tier2,Startup,92587,19027,1,12,9,4,0.11246244940270943,0.11996848401349397,NetBanking,0.20550401244235153,0,2
2723,24,Tier1,Startup,43681,10274,1,10,11,4,0.36742913587002934,0.3059911905985898,UPI,0.23520523797532109,1,118
2724,33,Tier1,Startup,56751,22584,2,8,10,2,0.2416867435615785,0.16320490782054672,Card,0.3979489348205318,0,2
2725,47,Tier1,Startup,45008,8390,3,15,7,1,0.2701928146498153,0.07568724567745401,UPI,0.18641130465694988,0,3
2726,42,Tier1,Startup,56097,9309,2,22,3,0,0.15923234789141524,0.07494547054230653,UPI,0.16594470292529012,0,3
2727,25,Tier1,Startup,55491,24404,1,8,8,0,0.059466883147490227,0.28313020735848343,NetBanking,0.4397830278783947,0,0
2728,22,Tier1,MNC,79085,21466,3,21,14,1,0.028712392793453872,0.1221129614943624,UPI,0.2714294746159196,0,5
2729,40,Tier1,MNC,42230,14669,2,21,0,5,0.04088031162294096,0.2009565923949309,Card,0.34735969689793983,0,3
2730,36,Tier1,SME,15000,2822,0,21,7,2,0.49345103021355186,0.11159570261840092,UPI,0.18813333333333335,0,1
2731,53,Tier2,SME,27909,6029,1,6,14,0,0.3963986170865347,0.19729781112139938,Card,0.21602350496255687,0,4
2732,38,Tier3,Startup,39433,11356,1,23,10,1,0.19302908015203776,0.08483663796021491,Card,0.287982146932772,0,3
2733,52,Tier1,SME,46886,16529,0,13,0,1,0.16529068673556033,0.14135845256230195,UPI,0.35253593823316126,0,2
2734,28,Tier1,MNC,63743,15169,1,16,15,0,0.24997000908454015,0.03248032872775475,UPI,0.237971228213294,0,2
2735,36,Tier2,Startup,38404,15952,1,11,0,2,0.07201867417692444,0.07335254232301645,UPI,0.41537339860431205,0,2
2736,25,Tier2,MNC,35777,13750,3,15,8,1,0.22030709799938045,0.12204739345547483,UPI,0.3843251250803589,0,2
2737,40,Tier1,Gig,41411,13063,1,15,2,4,0.24471423384935892,0.04039951239617624,UPI,0.3154475863900896,0,4
2738,27,Tier1,MNC,37686,10844,1,20,4,3,0.34734757519714443,0.0439549717965358,UPI,0.2877461126147641,0,3
2739,37,Tier1,SME,48910,16427,3,12,7,5,0.41981132410537686,0.27476800056955075,UPI,0.3358617869556328,1,33
2740,32,Tier2,SME,48054,17755,2,7,4,4,0.4452026519685952,0.1411847141033928,Card,0.3694801681441711,0,2
2741,27,Tier1,MNC,73781,14054,0,16,15,2,0.22178827192929237,0.09541798904362091,Card,0.1904826445832938,0,6
2742,24,Tier1,MNC,40209,16316,0,20,10,2,0.20111473714920278,0.07357377874705939,Card,0.40577980054216717,0,1
2743,38,Tier1,MNC,52848,15686,2,6,6,2,0.12679081790280744,0.03413524890774606,UPI,0.2968135028761732,1,46
2744,53,Tier1,SME,49099,21142,1,20,5,4,0.33385203458313045,0.054932319915114027,UPI,0.4305994012098006,0,0
2745,27,Tier1,SME,76177,33263,2,20,8,3,0.13754535929571904,0.0059354106597801675,Card,0.4366541081953871,0,3
2746,34,Tier2,Startup,56914,9061,2,16,6,2,0.11402160239402975,0.11766327602012105,UPI,0.15920511649154864,0,4
2747,28,Tier2,MNC,81013,21496,2,23,14,2,0.33090680599884037,0.02770024910603016,UPI,0.26534013059632405,0,1
2748,48,Tier1,SME,36952,11376,2,12,4,1,0.37992574746400815,0.30246480047586194,UPI,0.30785884390560725,0,2
2749,35,Tier1,MNC,59012,18404,2,8,12,3,0.1825392013656459,0.03285588213453891,Card,0.3118687724530604,0,1
2750,54,Tier2,Gig,48482,19233,2,17,8,3,0.147014519929404,0.07955872825911767,Card,0.39670393135596715,0,3
2751,29,Tier1,Startup,35479,6823,1,16,4,0,0.49058518326927086,0.04100906231861256,UPI,0.1923109445023817,1,109
2752,23,Tier1,Gig,58649,19749,1,22,8,3,0.15142716414517782,0.08232163344459066,UPI,0.3367320840935054,0,2
2753,40,Tier1,Gig,94658,40966,1,10,2,3,0.16460161425427638,0.24039231274901224,UPI,0.43277905723763443,0,2
2754,43,Tier2,SME,42941,19280,2,8,9,5,0.25837898870747655,0.13062129010252058,Card,0.44898814652662955,0,0
2755,54,Tier2,Startup,57450,8791,1,18,12,2,0.12537193431603144,0.09310813834007341,UPI,0.1530200174064404,0,0
2756,50,Tier3,SME,33755,14911,2,11,10,2,0.18633038413800795,0.016638072270694974,UPI,0.44174196415345873,0,3
2757,51,Tier2,Gig,30815,5752,1,9,0,0,0.11648234714699625,0.01220947754835046,UPI,0.18666233976959273,0,4
2758,42,Tier1,SME,44254,13766,2,18,10,4,0.1912626800855485,0.08507861004259112,Card,0.31106792606318073,0,2
2759,33,Tier1,SME,51000,11419,1,9,0,0,0.34347693933970763,0.027449801783048594,UPI,0.22390196078431374,0,1
2760,35,Tier1,Gig,51888,17222,3,20,6,0,0.14494946973793985,0.10202146534421608,UPI,0.33190718470551955,0,2
2761,25,Tier2,Gig,55479,8938,1,11,11,2,0.10039229100496605,0.05488234563460376,UPI,0.16110600407361345,0,3
2762,35,Tier2,Gig,27033,5987,2,17,16,0,0.10399877203988796,0.15364830907661337,Card,0.22147005511781898,0,4
2763,33,Tier1,MNC,47481,11403,2,16,17,2,0.020565109793081203,0.028656989095038325,NetBanking,0.2401592215833702,0,2
2764,22,Tier3,MNC,70035,29742,1,16,9,3,0.4251868135773946,0.21851800183835213,UPI,0.4246733775969158,0,2
2765,27,Tier1,SME,32835,10674,2,11,3,2,0.2971572983449021,0.020463393460308982,NetBanking,0.3250799451804477,0,1
2766,39,Tier1,SME,52897,19173,3,7,14,1,0.044865563961552564,0.05241710132410628,UPI,0.36245911866457453,0,0
2767,33,Tier1,SME,65856,23234,2,17,6,2,0.06471718916754665,0.05118971009810266,Card,0.3528000485908649,0,3
2768,54,Tier3,MNC,44354,11872,3,13,10,2,0.4894074635456026,0.045903641481317384,Card,0.26766469765973755,0,4
2769,37,Tier3,Startup,66830,10305,1,23,3,2,0.23754531681914098,0.07511853873569616,Card,0.15419721681879395,0,3
2770,53,Tier1,MNC,29577,5386,3,22,6,3,0.19852199283234928,0.12274510647513841,UPI,0.18210095682455962,0,0
2771,43,Tier3,Startup,77768,22369,2,7,8,2,0.27536947111024845,0.01232175708732829,UPI,0.28763758872543976,1,35
2772,22,Tier3,Gig,67316,29106,2,12,13,1,0.16404778994758232,0.0733314691364741,UPI,0.4323786321231208,1,109
2773,27,Tier2,Startup,61113,13727,2,13,16,1,0.13413940751924336,0.10564438853619088,UPI,0.22461669366583215,0,2
2774,44,Tier3,SME,82496,29656,2,12,3,3,0.2075142074090828,0.1022556078799559,Card,0.35948409619860355,0,2
2775,39,Tier1,MNC,53413,21257,2,19,10,0,0.26626050191702616,0.11529366512276236,Card,0.3979742759253365,0,1
2776,31,Tier2,MNC,47642,20106,2,12,17,2,0.16060228810459315,0.20291678238778232,UPI,0.42202258511397506,0,0
2777,38,Tier2,Startup,87450,20817,1,8,0,0,0.10766908585260809,0.01600839429377679,UPI,0.23804459691252144,0,0
2778,51,Tier2,SME,96815,41570,2,12,10,4,0.34085240275141876,0.004738833398098752,UPI,0.4293756132830656,0,2
2779,34,Tier1,MNC,46131,15333,1,20,13,0,0.28085400709176184,0.16591454150584942,NetBanking,0.3323795278662938,0,1
2780,22,Tier2,Gig,57725,17463,2,13,1,1,0.2084719323706945,0.09065630660534624,Card,0.30252057167605023,0,2
2781,31,Tier3,Startup,80900,31026,2,11,12,2,0.05771460033596031,0.039919508615350305,NetBanking,0.38351050679851667,0,0
2782,52,Tier1,Gig,58437,12950,1,19,7,2,0.3249519405657135,0.008175671823448452,UPI,0.22160617417047418,0,3
2783,46,Tier3,SME,71891,28308,1,7,10,2,0.0322846193202039,0.1882859960021736,UPI,0.3937627797638091,0,4
2784,49,Tier1,Gig,75608,26083,1,14,12,0,0.2314929024422416,0.1321991370035422,Card,0.34497672203999574,0,3
2785,51,Tier1,MNC,48753,19004,2,7,2,3,0.38996315007545407,0.028279026234723968,Wallet,0.389801653231596,0,5
2786,24,Tier1,MNC,68385,27813,1,16,1,3,0.06469829725250714,0.10127712661339422,UPI,0.4067119982452292,0,2
2787,30,Tier2,Gig,59876,20070,0,22,5,2,0.27473411927305813,0.13120531194442261,UPI,0.3351927316454005,0,2
2788,23,Tier2,Gig,35662,5742,1,13,4,3,0.1995231090677443,0.24088873496499427,Card,0.1610117211597779,0,0
2789,21,Tier1,SME,40206,9622,1,23,5,0,0.1993768603998761,0.0203455875807919,Card,0.23931751479878624,0,1
2790,49,Tier2,MNC,46951,19409,1,21,16,2,0.1319079162500281,0.13166518964165688,Card,0.41338842623160316,0,2
2791,52,Tier1,SME,78570,26563,1,19,12,5,0.14149602664357105,0.1711389083709378,Card,0.338080692376225,0,1
2792,26,Tier1,Startup,79227,33038,2,9,6,1,0.19921834601722613,0.06050195077579308,Wallet,0.41700430408825273,0,1
2793,45,Tier3,Gig,74998,19901,2,6,10,3,0.11310250943757358,0.12456184723871729,UPI,0.2653537427664738,0,2
2794,39,Tier2,SME,68802,20738,3,8,2,1,0.13392805524110016,0.15377037867317855,Card,0.30141565652161273,0,2
2795,23,Tier2,MNC,68256,27901,1,12,3,4,0.19272778601897003,0.24466898572026075,Card,0.4087699249882794,0,0
2796,52,Tier2,Startup,65551,24818,1,13,1,1,0.04631136543986597,0.09866554520764625,UPI,0.37860597092340315,0,1
2797,50,Tier3,Startup,68151,17940,0,9,7,1,0.27564751051128517,0.10483431233667355,NetBanking,0.2632389840207774,0,2
2798,40,Tier1,SME,69507,10897,2,23,11,1,0.4953112446336193,0.06309877878732764,UPI,0.15677557656063418,0,2
2799,45,Tier1,SME,31911,13214,0,19,9,0,0.09970841651842059,0.3650463777198663,Card,0.41408918554730345,1,93
2800,34,Tier1,Gig,44195,17055,1,18,10,2,0.29761951863232156,0.14411573522830398,UPI,0.3859033827356036,0,0
2801,47,Tier2,MNC,39421,11225,2,17,2,3,0.3592068499111739,0.07831100049185255,UPI,0.2847467086070876,0,0
2802,36,Tier2,SME,82142,25782,1,17,11,1,0.09639846619648315,0.013023572797741582,UPI,0.31387110126366535,0,1
2803,54,Tier2,Startup,93082,19667,2,21,9,2,0.09016320329419306,0.11489166373740946,UPI,0.2112868223716723,0,1
2804,23,Tier1,SME,16619,4547,2,13,17,1,0.1869062557504145,0.023732515761941377,UPI,0.27360250315903484,0,2
2805,26,Tier1,Gig,91296,18164,2,8,4,3,0.1829043094578222,0.05698256409230682,Card,0.19895723799509288,0,3
2806,53,Tier2,Startup,61734,13159,1,11,1,5,0.1394928287576307,0.0916795596313041,UPI,0.21315644539475814,0,0
2807,30,Tier3,SME,80254,32415,1,10,8,5,0.19731513467740197,0.12445766140143139,Card,0.4039051013033618,0,4
2808,31,Tier1,MNC,70129,18145,2,23,3,1,0.21159645419926246,0.001527936687490316,Wallet,0.2587374695204552,0,2
2809,47,Tier1,Startup,88807,35026,0,16,3,1,0.14833163675505537,0.027781337680871987,UPI,0.3944058463859831,0,4
2810,27,Tier1,MNC,64194,18755,0,13,4,2,0.14192610184207627,0.10079644612889684,UPI,0.29216126117705704,0,2
2811,38,Tier1,MNC,32730,5604,1,6,12,2,0.2736955757287926,0.009368404961564972,UPI,0.17121906507791018,1,119
2812,30,Tier1,SME,57886,14961,1,18,7,1,0.2583182547890869,0.11813900000683478,UPI,0.2584562761289431,0,1
2813,27,Tier1,SME,70313,13885,0,17,15,0,0.19628796461555573,0.039566805315313404,Card,0.19747415129492413,0,0
2814,53,Tier2,Gig,55680,19937,2,20,2,3,0.0776706526910956,0.1388328082892083,UPI,0.3580639367816092,0,4
2815,27,Tier1,Startup,73154,30974,2,8,16,0,0.3613705278278243,0.09244726621186485,Card,0.42340815266424253,0,0
2816,24,Tier1,Gig,58686,22237,1,17,7,3,0.17379644666047311,0.2170633123054771,UPI,0.37891490304331527,0,2
2817,43,Tier1,SME,48089,18443,2,12,9,4,0.15549571634331036,0.07113393659934704,Card,0.38351806026326185,0,5
2818,50,Tier3,SME,38280,15639,3,10,14,3,0.17272901798487897,0.02568804026232288,Card,0.4085423197492163,0,1
2819,25,Tier1,Gig,52163,19978,1,10,8,0,0.25923184776342234,0.04395598706218964,NetBanking,0.3829917757797673,0,0
2820,45,Tier1,SME,64091,20545,2,11,2,2,0.022613284025146015,0.1942760819902308,UPI,0.3205598289931504,0,1
2821,39,Tier1,Gig,20812,7581,1,19,4,0,0.14218017315589332,0.07322189140076145,UPI,0.3642610032673458,0,4
2822,49,Tier2,SME,44398,12199,3,6,16,0,0.20193144684276562,0.10314040268807462,UPI,0.274764629037344,0,1
2823,25,Tier3,MNC,20066,3436,0,23,1,0,0.2593857574743991,0.005269768925143652,UPI,0.17123492474833052,0,1
2824,54,Tier1,SME,47658,17236,1,23,16,0,0.20456073072045614,0.12499564107980532,Card,0.36166016198749423,0,2
2825,42,Tier1,MNC,83946,30766,3,23,12,3,0.03739506735109084,0.14804794359854265,UPI,0.3664975103042432,0,2
2826,49,Tier1,MNC,36277,7876,2,21,9,3,0.13584012847834082,0.050058314951323235,UPI,0.21710725804228576,0,3
2827,33,Tier2,MNC,74063,32304,1,11,5,0,0.321584769479727,0.3285195331619715,UPI,0.43616920729649084,0,2
2828,53,Tier3,MNC,116976,19389,2,13,15,1,0.12369443871240163,0.08653993232079032,Wallet,0.16575194911776775,0,1
2829,42,Tier1,SME,89070,33026,2,8,0,0,0.05173700336911799,0.10076708620842294,UPI,0.37078702144380826,0,0
2830,25,Tier1,Gig,62670,27608,1,22,12,1,0.0380828792367069,0.07019526590925707,UPI,0.4405297590553694,0,5
2831,52,Tier2,SME,77168,18732,1,19,3,0,0.15112849127635725,0.12369678784111703,UPI,0.24274310595065313,0,0
2832,48,Tier2,Gig,32606,13816,1,8,6,2,0.10416783671486224,0.0693711065746682,UPI,0.423725694657425,0,3
2833,31,Tier1,SME,28531,11353,3,23,1,2,0.25135826505430914,0.062339694681538965,UPI,0.3979180540464758,0,1
2834,39,Tier1,MNC,60573,22607,1,6,10,0,0.060209830838750866,0.1538079524317618,UPI,0.37321909101414824,0,4
2835,34,Tier1,MNC,67972,29645,1,19,2,1,0.44567710322949106,0.16624797262532476,UPI,0.4361354675454599,0,1
2836,39,Tier2,Gig,81888,28351,1,8,2,2,0.11150297388436803,0.19807314021311237,Card,0.3462167838999609,0,3
2837,53,Tier2,Startup,48624,14512,1,19,5,1,0.49377759643060753,0.08183075385498709,NetBanking,0.29845343863112866,0,2
2838,51,Tier2,Gig,63867,22526,2,21,8,2,0.230849710131932,0.02235722668716389,UPI,0.3527017082374309,0,0
2839,28,Tier2,SME,63182,17283,1,23,17,3,0.14481141031672165,0.043194789145723285,Card,0.2735430977177044,0,2
2840,54,Tier1,Startup,57372,14197,0,8,14,0,0.1987780484901327,0.17568636647188574,UPI,0.24745520462943596,0,4
2841,35,Tier1,Startup,58550,10227,1,8,7,0,0.1247727920375956,0.03184558323173712,UPI,0.17467122117847994,0,1
2842,44,Tier1,Gig,42905,11301,0,7,10,3,0.15792920196489327,0.19420464701749135,UPI,0.2633958746066892,0,3
2843,46,Tier3,MNC,65594,25644,0,20,13,0,0.26774059854900273,0.03488170731456487,UPI,0.39095039180412844,0,1
2844,37,Tier2,Gig,63900,27709,1,9,6,1,0.15321768769985272,0.06218224690357868,UPI,0.4336306729264476,0,0
2845,36,Tier1,SME,51199,22657,2,13,13,2,0.19635744402377836,0.106061280907689,UPI,0.4425281743784058,0,0
2846,36,Tier1,Gig,73315,15539,0,13,11,1,0.3070025149906071,0.018788665297434205,UPI,0.2119484416558685,0,5
2847,50,Tier2,SME,80556,25893,1,12,12,3,0.23273689899752867,0.15390344386185456,UPI,0.32142857142857145,0,2
2848,34,Tier2,SME,73547,23735,2,14,17,0,0.057124886488476696,0.05646435350363548,Card,0.3227188056616857,0,1
2849,30,Tier2,SME,39151,7940,2,12,6,1,0.46739617906723907,0.13671417230624253,NetBanking,0.20280452606574545,0,3
2850,33,Tier1,Gig,61992,20115,2,10,1,1,0.22434053341952367,0.16622803966621874,UPI,0.32447735191637633,0,4
2851,27,Tier3,MNC,41771,10811,3,12,9,3,0.05199664431697787,0.04544568721146616,UPI,0.2588159249239903,0,0
2852,34,Tier2,SME,61931,26798,1,20,5,5,0.06391303621710705,0.04490656013468609,UPI,0.4327073678771536,0,2
2853,24,Tier2,SME,41849,9481,0,8,1,1,0.05727966068762522,0.07490653449597515,Wallet,0.22655260579703218,0,0
2854,24,Tier2,Startup,85543,34258,0,23,2,0,0.32806087648636095,0.0342163603651174,Card,0.40047695311130077,0,1
2855,45,Tier3,SME,75666,31708,0,13,9,6,0.01361768497534815,0.07700938949252727,UPI,0.41905215023920916,0,0
2856,23,Tier3,Startup,83059,30795,3,11,17,2,0.24797816213246765,0.011868840065366376,UPI,0.370760543709893,0,3
2857,40,Tier2,SME,81034,17373,2,14,6,4,0.2780750011636582,0.025511710526463352,UPI,0.21439148999185528,0,2
2858,47,Tier1,Startup,54588,12452,2,22,9,3,0.10610914583554383,0.16537530077528648,UPI,0.2281087418480252,0,2
2859,45,Tier1,Startup,51487,22723,3,20,3,2,0.42671138394561275,0.07526764973125133,UPI,0.44133470584807816,0,4
2860,36,Tier2,Startup,94834,16382,2,20,2,3,0.16085349493761691,0.1412026641702761,UPI,0.17274395259084294,0,3
2861,27,Tier2,Gig,56697,10496,1,9,14,5,0.169598612391315,0.20313476622113613,Card,0.18512443339153747,0,0
2862,52,Tier1,SME,32908,14597,2,21,11,2,0.33857533605939166,0.023835863273087825,Card,0.44356995259511367,0,1
2863,49,Tier1,MNC,80149,30702,1,18,3,0,0.08778414459733996,0.07911808053183761,UPI,0.3830615478670975,0,0
2864,41,Tier3,Startup,62875,23509,1,7,9,2,0.2842962011581897,0.06345865165307076,UPI,0.37390059642147117,0,0
2865,23,Tier3,MNC,90118,17848,2,13,10,1,0.08107029992714422,0.03375768279178646,Card,0.1980514436627533,0,3
2866,22,Tier3,MNC,64859,19242,3,21,1,0,0.35016227302807146,0.09091442897794942,Wallet,0.2966743243034891,0,5
2867,31,Tier1,Startup,59599,23972,2,15,5,4,0.34402738465039867,0.1044646115711428,NetBanking,0.40222151378378834,0,1
2868,26,Tier2,SME,90522,22509,1,16,15,4,0.0718128474149148,0.03486859436767518,UPI,0.24865778484788228,0,1
2869,50,Tier2,SME,29230,6074,2,12,6,1,0.0893517191141148,0.14466374549538352,UPI,0.2078002052685597,0,3
2870,27,Tier1,Gig,48292,7402,1,6,12,2,0.17242786992427042,0.13517662073885292,NetBanking,0.15327590491178664,0,1
2871,30,Tier1,MNC,42252,14228,2,21,10,2,0.34763516207438117,0.14866880345195504,UPI,0.3367414560257503,0,1
2872,54,Tier3,MNC,16098,3833,1,19,0,3,0.35346589340627904,0.056862787498978565,UPI,0.23810411231208845,0,3
2873,48,Tier1,MNC,77463,31690,1,10,17,1,0.03439003526846396,0.28619005716461393,Card,0.4090985373662265,0,0
2874,28,Tier2,MNC,48851,11482,1,10,17,2,0.23603848894251292,0.018925145119797905,UPI,0.23504124787619496,0,2
2875,34,Tier2,Startup,78107,15267,2,15,12,2,0.2529842757091089,0.09857068627068302,Card,0.19546263459100977,0,2
2876,38,Tier2,Startup,67781,29697,3,20,2,1,0.09442704090615264,0.04807558113786026,NetBanking,0.4381316298077632,0,4
2877,43,Tier1,SME,72142,31701,1,7,15,1,0.24286913046309047,0.12896806355772417,UPI,0.4394250228715589,0,2
2878,52,Tier2,MNC,50892,18092,1,17,0,1,0.26508670226972403,0.002037561897068244,UPI,0.355497917157903,0,5
2879,50,Tier1,SME,44715,19161,0,21,9,2,0.09336185283870926,0.12316136690433513,UPI,0.4285139215028514,0,3
2880,54,Tier2,MNC,61795,12269,2,14,7,2,0.3787450338555621,0.050154000544164634,UPI,0.1985435714863662,0,1
2881,22,Tier1,Startup,78383,22582,2,6,12,2,0.19507913790521156,0.059694520094294254,UPI,0.2880981845553245,0,2
2882,29,Tier2,Startup,58992,12461,2,6,2,3,0.25249810658684274,0.17995747257618722,Card,0.21123203146189315,0,3
2883,40,Tier2,MNC,45961,13495,0,8,15,0,0.15771802556281617,0.20363988287475487,UPI,0.2936185026435456,0,2
2884,22,Tier1,Gig,36019,13952,0,22,10,2,0.14487834628431176,0.024937572362231514,NetBanking,0.38735112024209445,0,2
2885,33,Tier1,Startup,64083,25856,3,14,4,5,0.1780102617859587,0.049196205927851705,NetBanking,0.40347674110138415,0,2
2886,26,Tier2,SME,48918,7398,2,8,5,2,0.23301803980979327,0.032489562234579945,UPI,0.15123267508892432,0,2
2887,52,Tier1,Startup,58565,15628,1,22,12,4,0.4171546800479377,0.04703142991218363,UPI,0.2668488004781013,0,2
2888,23,Tier1,Startup,55224,24752,1,20,3,2,0.036009138788843736,0.1303504357976712,Card,0.448210922787194,0,2
2889,26,Tier1,MNC,51111,16702,1,8,5,3,0.19637044952124483,0.13768327670990582,Wallet,0.32677897125863314,0,2
2890,27,Tier3,MNC,65876,15735,0,18,17,5,0.0704883367120656,0.1310433828620933,UPI,0.23885785415022162,0,3
2891,26,Tier2,Startup,71090,18959,0,11,15,0,0.2695074799573868,0.07318232213093367,Card,0.26669011112674074,0,1
2892,40,Tier1,Gig,99305,24505,2,7,5,0,0.17153918199077703,0.09282790212071056,Wallet,0.24676501686722724,0,2
2893,33,Tier3,SME,75159,21366,1,7,10,1,0.06594763934213604,0.03417532410118891,Card,0.28427733205604117,0,1
2894,52,Tier1,SME,91873,26031,1,15,7,5,0.35729876777007336,0.07466540313903568,UPI,0.28333678012038355,0,2
2895,29,Tier1,Startup,43627,13177,2,21,3,1,0.21001396645522746,0.07436218865598014,NetBanking,0.3020377289293327,0,3
2896,39,Tier1,SME,27981,8096,1,23,5,2,0.545145354034248,0.25723710166869324,UPI,0.2893391944533791,0,1
2897,43,Tier1,MNC,59711,18201,1,18,1,3,0.17662050103838756,0.010199237968790267,NetBanking,0.3048182077004237,0,4
2898,42,Tier1,SME,77160,12221,2,22,15,2,0.16765841805918436,0.12915910973840505,Card,0.15838517366511146,0,1
2899,48,Tier2,Gig,74023,12312,1,10,4,3,0.10409930058998458,0.023579451252782973,UPI,0.1663266822474096,0,4
2900,27,Tier1,Gig,84227,22012,2,8,3,3,0.05807440202798393,0.12501493311234405,NetBanking,0.2613413750934973,0,3
2901,38,Tier2,Gig,15000,6232,1,7,11,1,0.01863978467560579,0.008206014514953185,Card,0.41546666666666665,0,1
2902,48,Tier1,MNC,85059,32939,1,9,2,3,0.038189134070155374,0.15058587977210527,Card,0.3872488507976816,0,2
2903,50,Tier1,SME,66709,12210,0,19,17,2,0.2650380485800072,0.06322657399890609,UPI,0.18303377355379333,0,4
2904,42,Tier1,SME,29119,8690,2,8,15,2,0.333025919046815,0.22881458949075464,UPI,0.2984305779731447,0,0
2905,43,Tier2,MNC,74470,24677,1,13,7,1,0.06482595083724271,0.07124451428025157,UPI,0.33136833624278234,0,0
2906,50,Tier2,MNC,63389,18658,2,19,3,6,0.07151879281324502,0.0067830357962189915,Card,0.2943412894981779,0,1
2907,42,Tier1,Startup,67624,24295,1,22,2,3,0.23496997770151287,0.14362975304527117,Card,0.35926594108600496,0,0
2908,53,Tier1,Startup,79982,35926,2,8,15,4,0.18706720473845223,0.03197274805633011,Card,0.4491760646145383,0,0
2909,25,Tier1,Startup,68605,12276,0,9,7,2,0.23455646319340098,0.009705885806454812,NetBanking,0.17893739523358357,0,1
2910,32,Tier2,MNC,30543,9305,1,7,10,2,0.15957565302722576,0.020136604404974542,UPI,0.3046524571915005,0,1
2911,24,Tier1,SME,57139,17353,2,8,2,4,0.1821993268008766,0.15996438567833882,UPI,0.303697999614974,0,3
2912,24,Tier2,MNC,27647,8811,0,13,14,3,0.2991238138227243,0.23063879081119917,UPI,0.3186964227583463,0,2
2913,37,Tier1,MNC,72981,14602,1,11,9,4,0.33652638339524327,0.044766669393135894,Card,0.20007947273948015,0,3
2914,28,Tier1,SME,87959,30038,2,23,1,3,0.5309201302192574,0.24549303522900867,UPI,0.3415000170533999,0,1
2915,34,Tier2,SME,35170,5743,2,13,1,5,0.12776100666234871,0.08393370646994426,UPI,0.1632925789024737,0,2
2916,35,Tier1,Gig,46570,17339,2,11,17,2,0.04574529332558587,0.3084607907120594,UPI,0.3723212368477561,0,5
2917,42,Tier1,SME,42352,14778,1,14,1,2,0.022407658764036446,0.29455233565781364,UPI,0.34893275406120133,0,2
2918,53,Tier3,MNC,50921,12685,0,19,5,2,0.10595370034936369,0.12907428960546602,UPI,0.24911136859056185,0,1
2919,49,Tier1,MNC,68248,30486,1,12,0,1,0.055717895928113825,0.033204519132813554,Card,0.44669440862735904,0,3
2920,33,Tier1,Startup,51138,20385,1,8,1,0,0.14611411918587647,0.25499915745605084,UPI,0.3986272439281943,0,1
2921,32,Tier1,MNC,73050,22781,1,13,14,2,0.09340926975428702,0.11902595779482025,UPI,0.31185489390828197,0,2
2922,47,Tier1,MNC,81307,36356,1,17,13,0,0.4698347165754539,0.13930912014799054,UPI,0.4471447722828293,0,1
2923,25,Tier2,SME,82035,32734,1,11,5,1,0.6308321582089126,0.004312479484874294,Card,0.39902480648503685,0,1
2924,39,Tier1,MNC,37636,7203,2,16,3,2,0.13795477086698224,0.04211335765194267,UPI,0.19138590711021364,0,3
2925,35,Tier3,Startup,87718,28711,0,11,4,1,0.20516252332537102,0.03215717415223704,UPI,0.32731024419161403,0,4
2926,27,Tier2,SME,89321,28962,1,22,6,1,0.04768438092709086,0.0038090992369752314,UPI,0.3242462578788863,0,0
2927,41,Tier3,MNC,91053,31493,1,21,13,2,0.1757298864483048,0.041862204783618746,UPI,0.34587547911655847,1,101
2928,31,Tier2,Startup,56843,24569,1,18,10,3,0.46276227742978865,0.019227582524828892,NetBanking,0.4322256038562356,0,0
2929,27,Tier3,SME,44963,13381,2,21,7,3,0.2867889717269131,0.07205397922404078,UPI,0.29760024909369925,0,3
2930,43,Tier2,Startup,40315,6983,1,8,1,4,0.25293272157690605,0.26262647749403056,UPI,0.1732109636611683,0,3
2931,26,Tier1,MNC,37964,11153,1,17,2,1,0.23442064033729101,0.0200453312486945,UPI,0.2937783162996523,0,0
2932,43,Tier1,Startup,60233,23270,2,13,3,0,0.1960252329343482,0.04053551425797746,NetBanking,0.38633307323228133,0,5
2933,26,Tier2,MNC,76957,19822,1,19,3,4,0.7116685362208214,0.04153106612226998,NetBanking,0.25757241056693997,0,1
2934,35,Tier1,SME,86131,13620,1,6,8,2,0.3650639908383837,0.04216686932039642,UPI,0.15813121872496547,0,0
2935,48,Tier2,MNC,50288,12118,2,9,15,0,0.4631554511631087,0.0058720314062871565,Card,0.24097200127266943,1,31
2936,28,Tier1,Gig,59226,21004,2,10,7,0,0.20029393778015356,0.11141053545257286,Card,0.354641542565765,0,2
2937,47,Tier2,MNC,57916,10181,3,16,5,3,0.26320639414777824,0.05724724889479497,UPI,0.17578907383106568,0,2
2938,45,Tier1,Gig,47294,12428,2,23,10,0,0.1023757786333772,0.024683558099605766,UPI,0.262781748213304,1,84
2939,51,Tier3,Gig,74714,14191,2,22,1,0,0.2694445523503048,0.04707388644642087,UPI,0.18993762882458443,0,4
2940,26,Tier1,SME,67256,19691,1,14,13,3,0.1481678311163928,0.07888882184328416,UPI,0.29277685262281433,0,0
2941,45,Tier1,SME,62836,12093,1,6,0,2,0.3477333259330585,0.09417035685267096,UPI,0.19245337067922846,0,2
2942,52,Tier2,SME,67166,12271,1,21,6,2,0.3174823130242552,0.15909889116847778,UPI,0.18269660244766697,0,2
2943,46,Tier2,Gig,72309,25983,2,16,17,0,0.16170847032504287,0.06725807113542605,UPI,0.3593328631290711,0,0
2944,27,Tier2,Startup,72108,14234,3,6,7,3,0.12708677077262792,0.2592232683913753,UPI,0.19739834692405836,0,2
2945,48,Tier3,SME,43230,8492,0,17,13,3,0.2052774842557922,0.19638198248538763,NetBanking,0.1964376590330789,0,4
2946,24,Tier1,MNC,77926,25540,2,21,4,3,0.3088771927506075,0.14341800618399372,Card,0.3277468367425506,0,6
2947,41,Tier2,Gig,65107,10617,2,21,15,1,0.018885687863776788,0.16059613929634728,Card,0.16307002319259065,0,2
2948,37,Tier1,MNC,51307,8203,1,22,6,6,0.07059997025888275,0.005435089347236614,Card,0.15988071803067808,0,2
2949,39,Tier2,MNC,64684,18074,2,23,4,2,0.2090383183242755,0.11613663533305893,UPI,0.27941994929194236,0,0
2950,38,Tier1,MNC,66889,17359,2,17,0,2,0.13850272643011893,0.2350193132784612,Card,0.2595195024592982,0,1
2951,22,Tier1,SME,81635,25583,1,17,5,2,0.42283605623099274,0.0910113935839329,UPI,0.31338274024621793,0,3
2952,38,Tier2,Gig,39076,17507,1,8,10,0,0.23928357497476482,0.11647227028649453,UPI,0.4480243627802232,0,3
2953,52,Tier2,Startup,86499,24255,1,17,1,3,0.2052790273965689,0.021127953627497833,UPI,0.28040786598689005,0,2
2954,35,Tier1,MNC,60463,19518,1,21,3,3,0.19827613246617953,0.0130029915390106,UPI,0.32280899062236407,0,0
2955,30,Tier3,SME,49876,21235,2,20,6,1,0.17788664600677212,0.05076297806728008,Card,0.42575587456893094,0,6
2956,54,Tier2,Startup,49264,14530,2,22,12,1,0.025075025844677735,0.026874799950641563,Card,0.29494153946086393,0,4
2957,24,Tier1,SME,39972,15362,2,9,10,4,0.07402353049369206,0.0707530191929574,UPI,0.38431902331632145,0,3
2958,37,Tier2,MNC,25181,7921,2,9,0,3,0.10064477762086084,0.03393290380789893,Wallet,0.3145625670148128,0,3
2959,38,Tier1,SME,73547,25091,2,21,0,2,0.27684042403361653,0.2167553960831496,UPI,0.34115599548587977,0,3
2960,37,Tier1,Startup,99617,42810,0,22,1,1,0.0823348600706884,0.03483195381652821,UPI,0.4297459269000271,0,3
2961,52,Tier2,Gig,27647,4152,2,15,5,1,0.11817236449607453,0.06419012993494491,UPI,0.1501790429341339,0,1
2962,35,Tier1,Startup,40991,17227,2,21,5,2,0.11482024170173592,0.393125345018228,UPI,0.4202629845575858,0,1
2963,54,Tier1,MNC,75031,22457,1,18,2,0,0.0457253852361404,0.035049947884889805,UPI,0.29930295477869145,0,4
2964,23,Tier2,Startup,59087,19618,1,9,7,1,0.14216658358906184,0.07058435100423739,UPI,0.33201888740332053,0,1
2965,45,Tier1,MNC,76688,21857,2,15,10,3,0.36687007191068277,0.060006613923313544,UPI,0.28501199666179844,0,4
2966,41,Tier2,Gig,57965,13231,3,13,12,0,0.06008057430763816,0.039277254593582986,UPI,0.22825843181230052,0,2
2967,29,Tier2,SME,48387,8216,3,20,17,1,0.15371044325798097,0.08967185213216987,UPI,0.1697976729286792,0,4
2968,28,Tier1,MNC,55483,24053,1,12,12,2,0.12309834935484998,0.05853741894181002,UPI,0.43352017735162124,0,1
2969,45,Tier2,SME,15000,5057,2,9,17,4,0.27833379688723836,0.3496292620516918,UPI,0.33713333333333334,0,1
2970,42,Tier1,MNC,37130,15299,1,14,17,1,0.24428381634196625,0.10270028248361922,UPI,0.4120387826555346,0,2
2971,41,Tier2,MNC,78965,18733,2,14,15,1,0.23293140177733776,0.04026470950781649,UPI,0.23723168492370036,0,2
2972,22,Tier1,SME,83837,19567,2,22,6,1,0.2833933773927471,0.10685927116622176,UPI,0.23339337046888606,0,2
2973,41,Tier3,Startup,88123,22095,3,6,0,1,0.27290981381032203,0.02073983230711743,UPI,0.25072909456101133,0,3
2974,54,Tier1,Gig,68817,15092,3,21,1,3,0.22399534303922367,0.16121659527029306,UPI,0.21930627606550707,0,1
2975,21,Tier2,SME,15000,4490,1,9,15,1,0.1936455628594299,0.04846549917139222,UPI,0.29933333333333334,0,2
2976,36,Tier1,MNC,47299,20379,3,9,15,2,0.1802228610517775,0.07999600421560903,UPI,0.4308547749423878,0,0
2977,37,Tier1,SME,86493,35705,2,13,5,0,0.46014699368170614,0.13022196366610092,UPI,0.412807972899541,0,2
2978,51,Tier1,SME,92461,27602,1,15,13,1,0.3262891014232136,0.12982781071106986,Card,0.29852586495928013,0,2
2979,30,Tier2,MNC,87252,22216,0,22,8,0,0.06923704565450267,0.09574153801685725,UPI,0.25461880529959197,0,3
2980,37,Tier3,Gig,55274,18434,2,15,1,3,0.1311470409817236,0.06302833372455575,Card,0.33350218909433005,0,1
2981,45,Tier1,Gig,33868,11300,1,8,11,1,0.019303485680750868,0.03642590579662194,Card,0.33364828156371795,0,1
2982,23,Tier1,MNC,59187,21019,1,14,1,3,0.17330250032542624,0.1290453276478512,Card,0.3551286600097994,0,2
2983,48,Tier1,Startup,60296,18732,2,22,2,2,0.23963188668099286,0.09374313666560319,Card,0.31066737428685154,0,1
2984,48,Tier1,Startup,91311,14429,0,18,8,2,0.09289205549135816,0.0176692912908458,UPI,0.15802039184764158,0,2
2985,45,Tier3,MNC,64555,11156,1,9,1,3,0.15918918075200394,0.056359780484097226,Card,0.1728138796375184,0,4
2986,43,Tier3,Startup,60333,26675,2,17,6,1,0.32238320064580545,0.1886099223852864,UPI,0.44212951452770455,0,0
2987,46,Tier3,MNC,61469,22981,0,19,13,1,0.4767491033318492,0.13013152657135313,Card,0.37386324814133953,0,0
2988,47,Tier1,MNC,67997,29542,2,10,10,4,0.1620906623127397,0.023384192633564907,UPI,0.43446034383869875,0,1
2989,51,Tier1,Gig,72528,18266,1,15,0,3,0.5420822375615785,0.026496932675254936,NetBanking,0.2518475623207589,0,3
2990,35,Tier2,Startup,45509,14129,2,12,3,3,0.1588311539439334,0.034451145104267736,UPI,0.31046606165813356,0,2
2991,36,Tier1,MNC,38847,9579,1,9,17,2,0.28287826302953667,0.096377174084731,Card,0.24658274770252528,0,2
2992,42,Tier2,SME,87411,36946,2,21,17,1,0.08526855193922435,0.028815352368478184,UPI,0.42266991568566886,0,2
2993,27,Tier1,Gig,27179,6422,2,11,16,3,0.12421479941781029,0.11679408254551203,UPI,0.23628536737922662,0,2
2994,50,Tier1,SME,92754,33219,2,11,9,1,0.3987061793337948,0.0291840667706156,Card,0.3581408888026392,0,1
2995,47,Tier3,Gig,21786,4412,2,7,7,1,0.04009334821709896,0.049835991170385355,Card,0.20251537684751675,1,73
2996,42,Tier1,Gig,48309,8771,1,13,13,1,0.10168019685768284,0.08467763328000194,UPI,0.18156037177337556,0,1
2997,31,Tier3,SME,79437,15624,0,17,17,2,0.31367075249681536,0.07745952552873776,UPI,0.19668416480984932,0,2
2998,32,Tier1,Startup,60006,18532,2,23,2,6,0.13307061726069766,0.03980213828165608,NetBanking,0.30883578308835785,0,3
2999,35,Tier1,Startup,33670,13581,2,19,16,0,0.1970089843192913,0.06618356347596385,UPI,0.40335610335610333,0,2
3000,43,Tier1,Startup,68528,30822,2,21,11,3,0.23276151656707378,0.026148436163906275,UPI,0.4497723558253561,0,2
3001,47,Tier1,SME,61340,20659,1,23,2,3,0.12976181176233736,0.030720252911974485,UPI,0.3367949135963482,0,1
3002,43,Tier2,MNC,55679,17265,2,18,15,1,0.6441500788634622,0.06859504868937542,UPI,0.3100810000179601,0,5
3003,52,Tier1,MNC,47521,18346,1,21,0,3,0.12980467123393058,0.023288532377669532,Card,0.3860608993918478,0,2
3004,53,Tier2,Startup,59307,10030,2,11,0,2,0.2656165014939299,0.012189943795405733,UPI,0.16912000269782657,0,3
3005,44,Tier3,Startup,48361,18997,2,18,6,1,0.2737284573650219,0.12986975962285133,Card,0.3928165257128678,0,3
3006,33,Tier1,Startup,108690,41031,1,17,9,2,0.3527944048458924,0.04456261754613969,UPI,0.37750483025117304,0,4
3007,41,Tier1,SME,55199,17048,2,14,7,2,0.4137290102252983,0.02434131706736955,UPI,0.30884617474954257,0,2
3008,35,Tier1,MNC,52524,8240,1,17,4,4,0.31190307305785864,0.14016232521211444,UPI,0.15688066407737417,0,1
3009,42,Tier2,MNC,49167,10357,2,18,11,3,0.20697467446855197,0.04798014998390373,UPI,0.21064941932597067,0,4
3010,48,Tier2,Startup,95539,24927,2,13,8,5,0.21029196351197396,0.11664956803263185,Wallet,0.2609091575168256,0,1
3011,33,Tier1,SME,27218,11768,1,21,2,1,0.1998340264793402,0.06822007100304135,UPI,0.4323609376148137,0,1
3012,38,Tier2,Startup,67188,22947,1,6,14,4,0.3849747295599282,0.004666575913118145,Card,0.3415342025361672,1,104
3013,22,Tier1,MNC,55214,16731,2,11,5,3,0.19710723697956128,0.1894106372448373,Card,0.30302097294164526,0,1
3014,46,Tier1,SME,31531,9349,2,12,12,6,0.3062708676258946,0.05694460717622036,UPI,0.29650185531698964,0,3
3015,37,Tier1,Gig,43618,16748,0,20,6,2,0.293370642201126,0.20251899797008757,Card,0.3839699206749507,0,2
3016,36,Tier3,MNC,66339,16391,1,15,13,3,0.22665749413992514,0.28552432891683555,Card,0.24707939522754338,0,0
3017,39,Tier1,MNC,42712,7618,1,22,5,1,0.11375491800905671,0.04460433652424602,UPI,0.17835737029406257,1,55
3018,28,Tier1,Startup,65191,23019,2,23,3,3,0.32015510634333705,0.020111380343244774,Card,0.3531008881594085,0,2
3019,41,Tier1,SME,94583,23523,1,14,1,5,0.03427641942029777,0.06912352329371745,Wallet,0.2487021980694205,0,5
3020,46,Tier2,Gig,63412,15705,2,19,14,2,0.02316237043062201,0.243084431568405,UPI,0.24766605689774807,0,2
3021,32,Tier1,Gig,30929,8858,2,10,12,1,0.5142888098543489,0.060873807565240454,UPI,0.28639787901322383,0,1
3022,25,Tier1,Startup,43064,9595,2,7,11,4,0.05526224725795584,0.05523080394214701,NetBanking,0.22280791380271225,0,3
3023,34,Tier1,MNC,54291,23155,3,14,10,1,0.04877841712015878,0.02894505852046215,UPI,0.42649794625260173,0,3
3024,27,Tier2,SME,52955,21398,1,11,1,4,0.04989297320835364,0.1985770207748563,UPI,0.40407893494476443,1,87
3025,33,Tier1,Gig,63040,28199,2,19,7,2,0.10288528377163754,0.05395311257048917,UPI,0.44731916243654823,0,5
3026,42,Tier3,SME,66248,29107,2,15,15,2,0.1556353153404881,0.07759521441684317,Card,0.43936420722135006,0,2
3027,24,Tier1,Gig,94610,23116,2,8,5,1,0.31025588909532953,0.16507439954200726,NetBanking,0.24432935207694748,1,70
3028,46,Tier1,Startup,59925,15830,2,14,1,2,0.2353652504433028,0.06825166724321634,UPI,0.26416353775552776,0,3
3029,28,Tier3,MNC,36956,13284,1,13,15,1,0.2253783894741489,0.037296163452408174,Card,0.3594544864162788,0,2
3030,51,Tier2,SME,83076,12856,3,6,0,1,0.2595279346901964,0.12907786245243486,UPI,0.1547498675911214,0,0
3031,45,Tier1,Startup,85260,38210,0,15,12,0,0.10983222405068115,0.15624872118112657,Card,0.4481585737743373,0,4
3032,30,Tier2,MNC,64648,9907,3,22,15,3,0.08443355818402926,0.05698133111629627,UPI,0.15324526667491647,0,0
3033,40,Tier2,SME,55072,17041,1,22,13,2,0.26153814276451937,0.012622391119803943,NetBanking,0.3094312899477048,0,1
3034,24,Tier1,Startup,72450,25401,1,22,0,3,0.17606927007286297,0.09595858630600085,UPI,0.3506004140786749,0,1
3035,24,Tier2,MNC,55778,23663,3,22,16,3,0.09247913378381288,0.026768391914552433,Card,0.4242353616121051,0,1
3036,53,Tier2,SME,18885,6482,2,22,1,2,0.2039912811876954,0.08447209400172767,UPI,0.3432353719883505,0,0
3037,48,Tier1,Startup,71269,23453,2,7,15,1,0.038337627110922076,0.06393159583385226,UPI,0.3290771583718026,0,4
3038,26,Tier2,Startup,77845,18691,1,13,0,3,0.11815285625274395,0.17468383027533071,Card,0.24010533752970648,0,2
3039,30,Tier1,SME,88821,29069,1,15,8,3,0.22778379495678758,0.030108074892687093,UPI,0.32727620720325146,0,3
3040,27,Tier1,Gig,45384,17014,0,21,15,0,0.253789231592743,0.02757657006442461,UPI,0.3748898290146307,0,0
3041,34,Tier3,Gig,64523,19658,2,12,4,4,0.04431691053214205,0.06091314271102399,UPI,0.3046665530121042,1,65
3042,30,Tier2,SME,64955,24935,1,18,0,5,0.18798314160662136,0.06383835741304744,UPI,0.38388114848741434,0,2
3043,32,Tier2,MNC,61707,10544,1,20,1,0,0.582313760043538,0.06695681881086678,UPI,0.17087202424360284,0,1
3044,38,Tier2,Startup,62297,15612,1,15,6,3,0.2074375990347368,0.060313235307512585,Wallet,0.2506059681846638,0,2
3045,27,Tier2,MNC,60742,26601,3,10,6,2,0.34321645987235505,0.21702739848264385,UPI,0.4379342135589872,0,2
3046,51,Tier1,Gig,64234,15867,2,7,3,2,0.21647598095908113,0.008796271293925047,UPI,0.24701871283121088,0,3
3047,45,Tier3,SME,74813,25178,1,14,8,2,0.04489194252379656,0.13007544357660286,UPI,0.3365457874968254,0,2
3048,46,Tier2,SME,84405,25825,3,9,6,2,0.48669793158202046,0.0868629136621306,UPI,0.30596528641668147,0,1
3049,26,Tier2,SME,44873,19339,1,17,10,2,0.13827080278116682,0.10485155947815274,NetBanking,0.430971853898781,0,2
3050,45,Tier1,SME,56553,11244,1,10,5,3,0.41625512676139437,0.08332420078191567,Card,0.1988223436422471,0,5
3051,49,Tier1,Gig,51547,12361,1,21,5,0,0.34175200453352794,0.13069092618525185,UPI,0.23980057035326982,0,1
3052,26,Tier1,MNC,48686,19898,2,22,15,2,0.20406244728358303,0.10888000124926198,Card,0.40870065316518095,0,4
3053,46,Tier1,Gig,27679,9683,1,21,14,5,0.2082773498194995,0.027336716554022047,UPI,0.34983200260125,0,0
3054,33,Tier1,MNC,60484,18926,1,17,13,3,0.14968887250897903,0.11573011454367797,UPI,0.31290919912704185,0,3
3055,47,Tier2,Startup,69586,18681,3,8,6,2,0.28596565114140726,0.07344714408393956,UPI,0.2684591728221194,0,4
3056,37,Tier3,Gig,56898,15555,2,23,15,1,0.3268220133024958,0.10805442317516661,UPI,0.2733839502267215,0,3
3057,48,Tier1,SME,59820,25751,2,7,6,2,0.26014751180950135,0.18890754782450253,Card,0.4304747576061518,0,0
3058,26,Tier1,MNC,68368,24019,2,16,12,1,0.298371609380213,0.11527805273357121,UPI,0.35131933068102034,0,1
3059,34,Tier2,Gig,88222,37823,2,20,13,5,0.19824097347944,0.1303160012577156,UPI,0.42872526127269844,0,1
3060,30,Tier1,Gig,51604,22791,0,7,5,3,0.12099924735208692,0.08764457573148529,UPI,0.44165180993721415,1,37
3061,29,Tier3,SME,36567,11485,2,14,11,0,0.42831015874275086,0.04586010965187598,Card,0.3140810019963355,0,3
3062,31,Tier1,SME,58191,19375,1,14,3,1,0.07198202087008884,0.1744261612104146,UPI,0.3329552679967693,0,1
3063,34,Tier1,Gig,97671,33882,1,9,6,3,0.23895945213269715,0.19648755705140125,UPI,0.3468992843320945,1,56
3064,25,Tier1,MNC,36781,14776,3,8,9,3,0.04830082172539925,0.018011073768191638,UPI,0.40172915363910716,0,1
3065,45,Tier3,Startup,73002,25384,0,22,11,3,0.7050353090161563,0.016768464909437463,UPI,0.34771650091778306,0,0
3066,39,Tier1,SME,83158,15333,0,22,6,4,0.015788975143321785,0.13002500341099624,UPI,0.18438394381779263,0,1
3067,49,Tier2,MNC,15000,6490,1,7,12,2,0.07484654018105918,0.03213944778623642,UPI,0.43266666666666664,0,0
3068,44,Tier1,Gig,68204,23754,2,11,11,1,0.052708419918968664,0.10228064127157437,Card,0.3482786933317694,0,3
3069,26,Tier1,SME,72068,29618,3,13,15,2,0.3499745279190985,0.21106298230603535,UPI,0.41097296997280347,0,0
3070,23,Tier3,Gig,54653,15161,1,9,0,5,0.11156388574169308,0.016283232423350336,UPI,0.27740471703291675,0,0
3071,35,Tier1,SME,47071,13764,1,7,9,1,0.09100537241228934,0.1631330526511498,UPI,0.29240933908351213,0,2
3072,37,Tier1,SME,48186,17185,2,15,12,1,0.04003009335031079,0.1385081952768451,UPI,0.3566388577595152,0,3
3073,29,Tier2,SME,53428,20458,2,13,7,1,0.22585190401466831,0.021383070276248344,Card,0.38290783858650895,0,2
3074,47,Tier3,SME,53958,9363,1,20,5,0,0.462087496737179,0.04355997174506831,UPI,0.1735238518847993,1,32
3075,40,Tier1,Gig,50184,13660,1,11,10,6,0.18499546520807905,0.04256403759097579,UPI,0.2721983102183963,0,1
3076,46,Tier1,Startup,53110,20232,2,15,8,0,0.38781564232383725,0.03839468252664754,UPI,0.380945208058746,0,0
3077,24,Tier3,Startup,83815,37521,0,11,7,1,0.04974993308431041,0.09737292162548669,Card,0.4476644991946549,0,1
3078,48,Tier2,SME,35711,5481,2,6,17,3,0.15430606642208078,0.08116542849731437,UPI,0.15348212035507267,0,1
3079,28,Tier3,MNC,25018,5740,1,19,7,5,0.41024701326013574,0.03320387096941386,UPI,0.22943480693900392,0,3
3080,36,Tier2,MNC,84135,24353,2,19,3,2,0.38318616011511425,0.08681485569105106,Wallet,0.28945147679324895,0,2
3081,35,Tier2,Startup,56159,12179,2,17,0,1,0.2601926630023046,0.09734781488064256,UPI,0.21686639719368223,0,1
3082,48,Tier1,SME,52235,8257,2,6,2,3,0.29459399997963465,0.06331726774373524,UPI,0.15807408825500144,0,0
3083,30,Tier1,SME,57775,18017,2,18,9,1,0.13006269756357694,0.04821178934325653,UPI,0.31184768498485504,0,3
3084,29,Tier2,SME,64185,22132,0,16,3,3,0.12844286949817585,0.034511529209131794,UPI,0.34481576692373606,0,0
3085,32,Tier2,SME,49518,13608,1,13,1,2,0.521570645114495,0.08306487977419066,UPI,0.2748091603053435,0,3
3086,33,Tier3,Startup,70118,18298,2,17,6,2,0.1690575504741037,0.025904312042937964,UPI,0.26096009583844376,0,0
3087,27,Tier2,Startup,40754,18163,2,7,4,2,0.19547285415436874,0.05779520532223303,UPI,0.44567404426559354,0,2
3088,26,Tier1,Gig,53963,15825,2,9,9,5,0.20096129261576753,0.01815995833852257,UPI,0.2932564905583455,0,3
3089,28,Tier1,MNC,15706,6116,1,8,1,1,0.021977738935418083,0.12765149327860037,Card,0.38940532280657075,0,4
3090,36,Tier2,SME,83444,19705,2,14,17,2,0.19749176803371546,0.060397424776387876,UPI,0.23614639758400843,0,0
3091,32,Tier1,MNC,56478,22537,1,22,16,0,0.07797087686180279,0.17146188379427388,Card,0.39904033428945784,0,2
3092,34,Tier2,Gig,73402,29148,0,6,15,2,0.311711719637384,0.016475428009768377,Card,0.3971008964333397,0,1
3093,45,Tier2,Startup,69531,16013,1,14,3,1,0.25663814118695927,0.07139845260274662,Card,0.23030015388819375,1,43
3094,29,Tier1,SME,70996,24618,3,11,12,6,0.03887865103979128,0.13844657068205388,Card,0.3467519296861795,0,5
3095,51,Tier2,Gig,59844,21220,2,22,0,1,0.24862622908675647,0.2008189531980221,Wallet,0.3545885970189159,0,4
3096,46,Tier2,SME,67764,19162,1,17,12,1,0.16373649766012452,0.11206513679818235,UPI,0.2827755150227259,0,2
3097,26,Tier3,MNC,40774,15581,2,9,14,2,0.3369409184358229,0.06680719614231813,UPI,0.38213076960808356,0,1
3098,31,Tier1,SME,36576,8853,0,11,5,1,0.3471098090065491,0.04735344628004879,Wallet,0.24204396325459318,0,1
3099,27,Tier2,MNC,57977,17119,1,16,8,0,0.23436309175418105,0.15577196910149183,Card,0.2952722631388309,0,3
3100,30,Tier1,Gig,46404,20744,0,6,16,2,0.0608725284976397,0.05238389322917222,Card,0.4470304284113438,0,2
3101,33,Tier2,Startup,88509,18020,1,7,3,2,0.19867056972037614,0.22830558717032076,UPI,0.203595114621112,0,1
3102,25,Tier1,Startup,67502,13117,1,18,9,4,0.2102743635721446,0.05896541691621404,NetBanking,0.19432016829130988,0,5
3103,21,Tier3,Gig,45670,8798,1,20,5,2,0.21776914654466,0.05032525369177771,UPI,0.19264287278300854,0,1
3104,35,Tier3,Startup,54569,24525,2,19,2,4,0.11993900887971562,0.09279625799425925,UPI,0.4494309956202239,0,5
3105,44,Tier2,SME,62660,12405,2,9,12,3,0.04282611160115359,0.10510403734087022,Wallet,0.19797318863708904,0,2
3106,31,Tier2,MNC,58639,12142,3,21,17,4,0.33309386206401453,0.001577840327104222,UPI,0.20706355838264637,0,7
3107,50,Tier1,SME,65434,23453,1,10,10,2,0.196957460212667,0.062178044660366125,NetBanking,0.35842222697680104,0,4
3108,33,Tier2,Gig,61373,23189,2,21,9,0,0.25300932605291854,0.027605562804312204,UPI,0.377837159663044,0,2
3109,51,Tier1,Gig,32186,9917,0,11,9,3,0.3448220230660072,0.06540964277264932,Card,0.3081153296464301,0,4
3110,29,Tier2,Startup,16981,7553,1,14,2,3,0.012252571061434531,0.017421995616350355,UPI,0.4447912372651787,0,1
3111,39,Tier1,MNC,52527,8492,2,23,3,0,0.25975345107325665,0.10726507947335509,UPI,0.1616692367734689,0,4
3112,46,Tier2,MNC,71209,23943,1,13,13,2,0.2670076994666972,0.06045374200761904,NetBanking,0.33623558819812105,0,4
3113,23,Tier1,Gig,52752,17510,2,18,10,2,0.256949586622529,0.03298124124188564,Card,0.33193054291780405,1,99
3114,52,Tier2,MNC,84731,20875,2,16,4,1,0.12036556300126995,0.09102008133567686,Card,0.24636791729119212,0,1
3115,33,Tier2,SME,59062,24796,0,7,0,1,0.1801338309285657,0.017511350159659794,UPI,0.41983000914293456,0,3
3116,37,Tier1,SME,87143,27525,3,20,3,4,0.22147071155121323,0.262813773757944,UPI,0.3158601379342001,0,2
3117,42,Tier1,SME,83038,18592,0,12,9,6,0.16532404937531464,0.01893136335191949,NetBanking,0.22389749271417905,0,2
3118,42,Tier2,Startup,81025,14301,3,14,4,0,0.3859681484341677,0.002368398796962258,Wallet,0.17650107991360692,0,2
3119,21,Tier2,Gig,35929,6543,2,11,13,2,0.06305891592868464,0.016995333867021428,UPI,0.18210915973169306,0,1
3120,50,Tier1,Startup,60342,25295,0,23,10,3,0.13758243753810157,0.033796966811296465,NetBanking,0.41919392794405225,0,3
3121,42,Tier1,SME,84455,19010,1,15,2,0,0.12496547952682548,0.005266705719043692,UPI,0.2250902847670357,0,1
3122,54,Tier1,SME,65446,27624,1,17,5,3,0.21913539029936838,0.11212478763067037,UPI,0.42208843932402285,0,2
3123,37,Tier2,Gig,71087,13224,2,15,0,4,0.1915348608879886,0.22018919522480848,UPI,0.18602557429628483,0,1
3124,41,Tier2,SME,32242,14353,1,11,0,1,0.29279067999570446,0.0860275647980021,Card,0.4451646920166243,0,0
3125,35,Tier1,SME,98375,39350,2,16,13,2,0.1160947893447268,0.08327983211025963,Wallet,0.4,0,0
3126,51,Tier2,Startup,44172,8166,1,20,6,1,0.19648347627944734,0.012606251342720793,UPI,0.18486824232545504,1,77
3127,49,Tier2,MNC,20111,3535,3,7,15,2,0.1901399192362546,0.055077232210241495,UPI,0.17577445179255133,0,2
3128,51,Tier2,MNC,52977,20715,1,8,4,5,0.07018876079035608,0.11679005792513637,UPI,0.391018743983238,0,2
3129,38,Tier1,Gig,15000,2601,2,8,5,3,0.06804137605165311,0.11407717666620136,NetBanking,0.1734,0,1
3130,47,Tier1,Startup,38297,8756,2,22,9,1,0.3394031856426103,0.1551073276476549,NetBanking,0.22863409666553516,0,1
3131,33,Tier1,MNC,111170,43397,1,16,5,3,0.29229065747229205,0.047695080745412705,UPI,0.39036610596383914,0,0
3132,36,Tier1,MNC,52399,22126,0,12,8,1,0.08666153514568015,0.13667106919944977,Card,0.4222599667932594,0,2
3133,46,Tier1,Gig,31444,11958,2,9,2,0,0.4982669254273106,0.10952883630333583,UPI,0.38029512784632996,0,2
3134,23,Tier1,Startup,60505,25228,2,18,1,2,0.31028346834635745,0.026456062239882134,UPI,0.4169572762581605,0,1
3135,45,Tier1,Startup,42043,13368,2,15,15,1,0.14921174514029062,0.09020310696644376,Card,0.31796018362153033,0,2
3136,21,Tier2,MNC,77290,29670,1,17,4,3,0.13747565451918037,0.05633451401084476,UPI,0.3838788976581705,0,3
3137,40,Tier1,Gig,42209,10689,2,18,1,2,0.20664690437284727,0.07971731072597948,UPI,0.253239830367931,0,0
3138,37,Tier2,Gig,65414,25221,3,7,5,2,0.17593102184641587,0.19731462368507063,UPI,0.38555966612651726,0,0
3139,36,Tier1,SME,37058,13115,2,18,7,2,0.2352333474171861,0.038826078192796064,Wallet,0.35390468994549085,0,2
3140,37,Tier2,SME,111980,36107,0,18,8,0,0.05949489393828602,0.05711417600905367,UPI,0.32244150741203786,0,1
3141,37,Tier1,Startup,70072,31370,0,10,13,3,0.3122860031123514,0.00941036949911287,UPI,0.44768238383377096,0,2
3142,34,Tier2,Gig,57089,16609,3,11,14,1,0.16335883185745215,0.09964725591123544,UPI,0.2909317031302002,0,1
3143,36,Tier2,Startup,54140,18178,2,16,5,1,0.30647703898243617,0.11160569344522032,Wallet,0.3357591429626893,0,4
3144,40,Tier1,Gig,48928,14823,2,12,3,2,0.3935715998056225,0.13777955629079836,UPI,0.3029553629823414,0,1
3145,46,Tier2,Startup,44781,10216,3,22,2,1,0.372251313584429,0.13532048510172773,NetBanking,0.22813246689444183,0,0
3146,39,Tier1,SME,44232,11018,0,7,2,3,0.01459855112129605,0.049171261122220214,UPI,0.24909567733767407,0,3
3147,42,Tier2,SME,93566,41509,2,9,0,2,0.29346630114928546,0.026682947921390216,UPI,0.44363337109633844,0,4
3148,49,Tier1,Gig,48947,13099,2,20,0,3,0.37098877904113137,0.07446431120914075,UPI,0.26761599280854803,1,67
3149,54,Tier1,MNC,17411,6160,2,18,7,1,0.16080722074124204,0.09081370740883248,UPI,0.353799322267532,0,1
3150,24,Tier1,MNC,36680,11742,2,21,10,1,0.331441523825493,0.04275909450735651,Card,0.32011995637949836,0,3
3151,45,Tier3,Startup,78554,32752,1,6,14,1,0.3105138242000794,0.08604755466667405,UPI,0.4169361203757925,0,1
3152,28,Tier1,SME,54953,20734,0,8,5,2,0.11263190858493251,0.05346979800703049,UPI,0.37730424180663474,0,4
3153,27,Tier2,Gig,57318,9984,3,21,5,5,0.330545214019209,0.10777808941490583,Card,0.17418611954359886,0,0
3154,47,Tier1,MNC,83396,21402,2,20,12,0,0.24616301504031565,0.1323149193851434,UPI,0.25663101347786466,0,1
3155,23,Tier1,SME,44456,16163,1,20,11,0,0.10110573583908992,0.11184350755281744,UPI,0.36357297102753283,0,3
3156,49,Tier1,MNC,72648,14413,3,22,12,0,0.052042148887255356,0.03988485056667612,UPI,0.19839500055060016,0,1
3157,47,Tier3,Startup,46642,14040,1,10,3,1,0.3905348237983228,0.08430679421637559,Card,0.3010162514471935,0,1
3158,54,Tier2,Startup,71517,17545,1,7,0,1,0.29721793206347813,0.03667381873926347,Card,0.24532628605786036,0,0
3159,43,Tier1,SME,52177,8840,3,11,9,6,0.25051670806529425,0.05427602393281162,Wallet,0.16942330912087702,1,108
3160,50,Tier2,SME,55169,24778,2,23,7,4,0.23807504157585757,0.030971157220826315,UPI,0.4491290398593413,0,2
3161,25,Tier1,MNC,76402,32761,2,15,4,1,0.29100128238949236,0.042226359566131126,NetBanking,0.42879767545352215,0,2
3162,51,Tier1,Startup,74960,28054,2,6,17,4,0.1842156500806955,0.019873132558679816,UPI,0.3742529348986126,0,0
3163,26,Tier2,Gig,56691,11922,2,19,2,1,0.04954761067901451,0.14669065972900797,UPI,0.21029793088850082,1,95
3164,31,Tier1,Startup,50567,22581,1,21,4,2,0.1745978968577259,0.008127363868681967,Card,0.44655605434374196,0,0
3165,25,Tier1,MNC,91982,31203,2,8,13,3,0.09033878749465189,0.24722811750423523,UPI,0.3392294144506534,0,3
3166,34,Tier2,Startup,71786,31573,2,16,9,3,0.07345104672883564,0.045490271731225426,UPI,0.43982113504025855,0,1
3167,46,Tier1,MNC,52177,8493,2,19,4,1,0.231388638945228,0.10216724563035008,UPI,0.1627728692719014,0,2
3168,30,Tier3,MNC,46938,9483,2,23,9,2,0.42791920441242515,0.10832554525291711,Wallet,0.20203246836252078,1,115
3169,48,Tier2,MNC,80497,28429,0,16,7,3,0.4195121991722696,0.07652167138966263,Card,0.3531684410599153,0,1
3170,41,Tier2,MNC,62308,26303,0,12,4,2,0.2751788757704755,0.037521412899503316,Wallet,0.4221448289144251,0,3
3171,42,Tier2,MNC,56728,11500,2,22,12,1,0.191169437296079,0.024146692744985366,Card,0.2027217599774362,0,1
3172,52,Tier3,Startup,62299,15271,2,12,14,1,0.2648481143412824,0.21850991003402995,Card,0.24512431981251706,0,2
3173,35,Tier1,MNC,66755,21792,1,17,1,3,0.07017928596740947,0.08947695771646853,UPI,0.3264474571193169,0,4
3174,32,Tier2,Startup,58866,26483,1,21,0,3,0.15971208744663162,0.3490827336488484,UPI,0.4498861821764686,0,2
3175,54,Tier2,Gig,84073,32780,1,15,16,1,0.5081630180192603,0.012013712067643192,UPI,0.3898992542195473,0,1
3176,39,Tier3,SME,85186,36380,2,18,4,1,0.31191947977569784,0.007500684655842791,UPI,0.42706548024323243,0,3
3177,41,Tier1,SME,70637,24899,1,21,1,3,0.1890193961279992,0.021478812841070154,UPI,0.35249231988901003,0,3
3178,31,Tier2,Startup,87494,36153,2,16,10,2,0.10975042844727795,0.17578306271415725,UPI,0.41320547694699067,0,1
3179,28,Tier2,MNC,60169,18177,2,13,5,3,0.12988663316147386,0.026009480770443953,Wallet,0.30209908757001114,0,0
3180,26,Tier1,SME,73806,13819,1,17,16,1,0.26110621330387734,0.09027094242622805,UPI,0.18723410020865514,0,3
3181,28,Tier3,SME,80089,29061,2,13,17,1,0.25340474245041017,0.02857484726272015,UPI,0.3628588195632359,0,3
3182,27,Tier1,Gig,80380,26560,2,18,0,1,0.19228843700891685,0.1518595940634994,Card,0.33043045533714854,0,3
3183,46,Tier1,Gig,78319,23151,1,7,3,4,0.2489158371074846,0.055926012316124034,UPI,0.2955987691364803,0,4
3184,22,Tier2,Gig,72623,16884,1,6,10,4,0.10527544687038799,0.22097706434142847,UPI,0.23248833014334302,0,0
3185,42,Tier1,Startup,99142,38195,0,14,6,2,0.2387310792364528,0.11021025856629237,Card,0.3852554921224103,0,2
3186,53,Tier1,SME,49206,19491,2,8,0,1,0.18094101753611824,0.0708154452939275,UPI,0.39611023045970006,1,105
3187,47,Tier1,Gig,56895,14750,3,19,8,1,0.02047061663816915,0.07169161525313887,UPI,0.2592494946831883,0,5
3188,34,Tier1,Gig,55709,23861,2,9,11,3,0.21299568611882938,0.020516591880573348,Wallet,0.428314993986609,0,2
3189,23,Tier2,SME,52638,13734,3,14,17,4,0.33212579842676476,0.003289113592921637,NetBanking,0.2609141684714465,0,1
3190,49,Tier3,Gig,20224,3686,2,9,7,2,0.4916809188406201,0.34310801671820407,UPI,0.18225870253164558,0,2
3191,21,Tier2,Gig,87497,17495,1,22,14,1,0.2323481824804427,0.10427320612371124,UPI,0.19994971256157354,0,3
3192,44,Tier1,SME,39479,11778,1,21,7,4,0.06889876240146266,0.13414323006087317,UPI,0.29833582410902,0,3
3193,43,Tier2,MNC,63396,11028,2,6,12,0,0.09816079854752939,0.16304136603240518,Card,0.17395419269354534,0,2
3194,27,Tier3,MNC,31562,11536,2,13,17,3,0.17730105654372744,0.03103536084096507,UPI,0.36550281984665106,0,2
3195,46,Tier2,Startup,72414,28134,2,22,14,3,0.1957055167202642,0.12043025601467425,Card,0.38851603281133484,0,3
3196,26,Tier1,MNC,44292,13944,2,14,12,1,0.10495840091191988,0.06501385599135971,UPI,0.3148198320238418,0,3
3197,28,Tier1,SME,37280,15583,1,21,14,0,0.2029307513801741,0.18407544214211194,UPI,0.4179989270386266,0,1
3198,48,Tier3,Startup,63886,27872,1,7,3,3,0.25936205005961804,0.16074032390423837,UPI,0.4362771186175375,1,106
3199,54,Tier3,Gig,45985,13072,2,13,14,1,0.2253413008544232,0.026132659505513006,UPI,0.2842666086767424,0,1
3200,30,Tier1,Gig,48516,8574,2,21,17,0,0.14537621550256052,0.08492762618227795,NetBanking,0.17672520405639378,0,0
3201,52,Tier2,Startup,63435,13916,2,9,17,0,0.09055780392117334,0.032352032997184324,UPI,0.21937416252857256,0,2
3202,52,Tier1,SME,75999,26393,1,6,4,2,0.1582552457819774,0.2396587848802259,UPI,0.3472808852748063,0,0
3203,47,Tier1,MNC,43631,11856,2,19,7,2,0.1503382052341598,0.05172193267085377,UPI,0.2717334005638193,0,1
3204,25,Tier2,Startup,40176,14282,1,7,12,1,0.040087793491104515,0.047226320860830895,UPI,0.3554858622062923,0,2
3205,31,Tier2,MNC,60469,21165,1,11,1,0,0.17962116664366434,0.016329466548906296,UPI,0.3500140567894293,0,1
3206,44,Tier1,SME,70785,23473,2,20,12,2,0.1810348688344338,0.10457146834342924,UPI,0.33160980433707704,0,1
3207,54,Tier3,Gig,89255,17614,3,22,4,1,0.04856086736287803,0.18302794896104868,UPI,0.19734468657218082,0,4
3208,48,Tier2,SME,38573,9094,3,8,15,1,0.4781059831092964,0.049816670142828486,Card,0.23576076530215437,0,2
3209,35,Tier1,Startup,53640,14126,1,14,11,0,0.1748456269944441,0.0917246074628077,UPI,0.2633482475764355,0,3
3210,28,Tier2,Startup,83515,33182,1,20,7,1,0.21750645881009084,0.0757822924656623,UPI,0.3973178470933365,0,3
3211,53,Tier2,Gig,99461,35275,2,13,0,0,0.5837571994774353,0.19049416946134845,UPI,0.3546616261650295,0,3
3212,30,Tier2,SME,40138,13786,2,12,12,3,0.327860411974525,0.045757946128939894,UPI,0.3434650455927052,0,0
3213,32,Tier3,SME,45223,15902,2,15,9,2,0.3197356605185428,0.16289159540766585,Card,0.3516352298609115,0,3
3214,53,Tier2,MNC,67622,20351,0,19,11,3,0.3469551051097427,0.025721986583820432,UPI,0.30095235278459675,1,63
3215,40,Tier1,Startup,48445,7842,2,6,0,2,0.0590956971070939,0.14329532534540082,UPI,0.16187429043244916,0,0
3216,29,Tier1,MNC,44815,9426,0,6,7,3,0.17182090963323596,0.09702665810875147,UPI,0.21033136226709806,0,1
3217,21,Tier2,SME,64889,12464,1,7,13,4,0.059752703852441975,0.05359063902391047,UPI,0.19208186287352247,0,2
3218,35,Tier3,Startup,90988,15395,2,12,16,1,0.20637575036126515,0.05331784107296717,UPI,0.16919813601793643,1,70
3219,54,Tier1,MNC,33810,8311,1,11,6,1,0.06921310904853033,0.028669092521137123,UPI,0.24581484767820172,0,7
3220,35,Tier1,SME,89966,34755,2,14,4,1,0.5635764196124179,0.032271119044620246,Card,0.386312606984861,0,2
3221,44,Tier2,MNC,48504,8950,2,11,12,1,0.5274485992425294,0.02729344668510493,Wallet,0.18452086425861786,0,3
3222,29,Tier1,MNC,66915,12274,1,17,4,4,0.24183586735889026,0.039291104779136506,UPI,0.18342673541059554,0,2
3223,47,Tier1,MNC,91817,17195,1,11,15,0,0.1411138242711876,0.018844424777098412,UPI,0.18727468769400002,0,1
3224,47,Tier3,MNC,66506,15359,3,21,11,2,0.20335616309154897,0.05083134170782412,UPI,0.23094156918172795,0,3
3225,41,Tier2,Gig,54050,11386,2,11,16,3,0.16215242054751894,0.09144229722663931,NetBanking,0.2106567992599445,0,1
3226,47,Tier3,Gig,74363,11465,2,10,3,2,0.16586285337733148,0.03963164322241667,UPI,0.15417613598160376,0,5
3227,40,Tier2,Startup,56536,13170,1,21,1,4,0.12977450920649497,0.01650973975972258,UPI,0.23294891750389132,0,2
3228,33,Tier1,Startup,70427,31613,2,17,14,3,0.17918284506453458,0.009056804576983237,Card,0.4488761412526446,0,2
3229,46,Tier3,Startup,55906,14029,3,6,5,1,0.09856810312995942,0.31199533650239175,Card,0.2509390763066576,0,1
3230,49,Tier1,Gig,77223,16477,1,8,6,5,0.24494185102293142,0.1307747950552679,Card,0.21336907398054983,1,103
3231,49,Tier1,SME,32115,9593,1,6,4,3,0.18520115598536283,0.01585128215443465,UPI,0.2987077689553168,0,1
3232,28,Tier3,MNC,39729,8693,3,20,7,2,0.16660033422494966,0.024632768077526367,Card,0.21880742027234515,0,3
3233,44,Tier2,Startup,31821,10115,1,17,16,0,0.15146726337139174,0.043978877272387105,UPI,0.3178718456365293,0,0
3234,21,Tier3,Gig,58871,15906,1,22,12,2,0.17365170590446352,0.028096293779066618,UPI,0.27018396154303476,0,1
3235,40,Tier1,MNC,29409,12323,3,11,1,4,0.3871656009813204,0.216035538599326,Card,0.419021388010473,0,2
3236,40,Tier3,SME,46163,19775,1,6,15,4,0.4604334944392014,0.27307004310116273,Card,0.4283733726144315,0,1
3237,33,Tier2,SME,37849,13773,2,14,7,1,0.16338573305497492,0.05015980223625749,UPI,0.36389336574282016,0,2
3238,54,Tier2,SME,89593,19236,2,7,12,5,0.20595534592708878,0.13870457317170704,Card,0.2147042737713884,0,1
3239,51,Tier3,Startup,40186,11741,2,8,6,0,0.33174447413868563,0.2991520085835078,UPI,0.29216642611854876,0,7
3240,22,Tier1,SME,34269,8280,1,20,1,1,0.08179470015806942,0.03441611039256232,Card,0.24161778867197758,0,1
3241,28,Tier2,Gig,64966,25303,0,12,7,1,0.1879763641860129,0.02480332043584619,Card,0.38948065141766464,0,2
3242,28,Tier2,Startup,93736,14880,2,21,6,0,0.42282017773631125,0.14265271967155863,Card,0.15874370572672186,1,71
3243,51,Tier2,MNC,57678,20115,2,15,0,1,0.027026022109937882,0.10414116528576464,UPI,0.34874648912930406,0,1
3244,38,Tier3,Gig,59225,14626,1,17,13,2,0.19621721313377746,0.03784798002480245,UPI,0.24695652173913044,1,98
3245,45,Tier2,Startup,85815,25255,1,21,15,0,0.09638709032960535,0.06356659289751311,UPI,0.2942958690205675,0,2
3246,48,Tier1,SME,77564,19150,2,14,16,1,0.14420569016109355,0.034706097092406324,Card,0.2468928884534062,0,3
3247,47,Tier1,SME,68508,17773,1,11,4,5,0.2287763847067093,0.10283451203677813,UPI,0.2594295556723302,0,3
3248,24,Tier3,Gig,48353,17035,2,19,11,1,0.09561289187238997,0.06279714573421959,UPI,0.3523049242032552,0,3
3249,25,Tier3,SME,69119,22715,3,20,9,4,0.1614915735793648,0.06649356189662887,UPI,0.32863612031424067,0,3
3250,34,Tier3,MNC,32784,7318,1,11,10,1,0.08142088249721093,0.039277203126329256,UPI,0.22321864324060517,0,3
3251,32,Tier1,SME,47526,7751,3,20,14,1,0.11262905181544729,0.13364450248644816,UPI,0.16308967722930606,0,2
3252,46,Tier1,MNC,88629,36054,2,23,6,2,0.09055034720507599,0.09565103962971834,Card,0.4067968723555495,0,1
3253,26,Tier2,Startup,86039,25613,2,9,4,0,0.1903280861999267,0.09221184520162107,UPI,0.2976905821778496,0,3
3254,33,Tier2,MNC,68749,23073,3,21,8,1,0.26439683060145647,0.1033516408142661,NetBanking,0.33561215435860886,0,5
3255,29,Tier1,Startup,21412,6349,1,7,11,2,0.17158195868514745,0.03565586623183672,Card,0.29651597235195215,0,1
3256,27,Tier2,SME,35835,12029,3,21,7,2,0.028299631375235473,0.05795824155188383,Card,0.33567741035300686,0,3
3257,26,Tier1,Gig,46410,15690,0,22,5,2,0.20183582541144543,0.1192382248070631,UPI,0.3380736910148675,0,3
3258,27,Tier1,SME,56566,8740,1,21,0,1,0.20533915932545713,0.06140148255373355,UPI,0.15450977619064454,0,3
3259,40,Tier1,Gig,34991,10846,2,12,10,0,0.25392346716446784,0.018465390094671567,Card,0.3099654196793461,0,3
3260,34,Tier1,Gig,55073,16556,1,22,0,1,0.49447101983384534,0.052407417765952355,UPI,0.30061917818168615,0,2
3261,35,Tier1,MNC,95345,17042,2,15,8,1,0.1053362698328339,0.05533314605498868,UPI,0.1787403639414757,0,1
3262,37,Tier3,Startup,68016,25421,1,7,11,1,0.06355203995448643,0.045499276900331356,UPI,0.37375029404845916,0,2
3263,46,Tier2,MNC,64376,14211,1,21,8,4,0.2243003570517187,0.03357436842428371,Card,0.22074996893252144,0,3
3264,50,Tier3,Gig,39648,6595,2,22,9,2,0.16374815771040524,0.017192933659986885,Wallet,0.16633878127522195,0,0
3265,38,Tier1,Startup,27220,10641,1,11,4,3,0.02072402601603005,0.09038817481214403,NetBanking,0.3909257898603968,0,0
3266,42,Tier1,MNC,35436,14512,1,10,4,1,0.12654922854344955,0.10212111455777446,NetBanking,0.4095270346540242,0,1
3267,46,Tier1,MNC,26412,5868,1,16,15,0,0.16737396240030863,0.017302482255861625,UPI,0.22217174011812812,0,2
3268,44,Tier2,SME,61500,21910,3,12,16,0,0.1627774525827323,0.05519412755586309,UPI,0.356260162601626,0,1
3269,25,Tier1,Gig,67677,10252,2,17,2,6,0.21401048772184444,0.06846655637395331,UPI,0.15148425609882235,0,2
3270,54,Tier2,Startup,40694,14908,2,12,3,6,0.42847866421776937,0.06851596670159839,UPI,0.3663439327665012,1,30
3271,26,Tier2,MNC,62958,18222,2,9,6,0,0.11111517922756715,0.16230968058178122,UPI,0.28943104927094254,0,0
3272,35,Tier3,SME,89379,34656,2,10,12,2,0.3404454555645454,0.042998214089564724,UPI,0.38774208706743196,0,1
3273,43,Tier1,SME,99153,26564,1,17,1,4,0.18548797813285467,0.038561081622842344,Card,0.2679091908464696,0,1
3274,34,Tier2,SME,75408,19253,0,13,14,2,0.22296120119431015,0.12953670743328538,UPI,0.25531773817101633,0,3
3275,29,Tier1,MNC,56503,22727,2,6,0,4,0.01839801958085632,0.043551249566612694,NetBanking,0.4022264304550201,0,4
3276,52,Tier1,SME,74762,12081,1,15,15,5,0.0415383842062892,0.03127148507530725,UPI,0.16159278777988817,0,3
3277,23,Tier2,Gig,87036,17942,2,20,0,4,0.2383826284745731,0.09756084137062453,Card,0.20614458385036077,0,1
3278,29,Tier2,SME,19855,5433,1,8,15,3,0.20879546645075386,0.010617127523309077,UPI,0.2736338453789977,0,1
3279,54,Tier2,Startup,89641,29483,2,10,16,2,0.16436525186028475,0.10296141859933958,Card,0.3289008377862808,0,3
3280,45,Tier1,SME,49108,7441,1,12,14,1,0.25296946234146445,0.01573026752288926,UPI,0.15152317341370042,0,2
3281,23,Tier3,SME,49300,15901,2,22,17,5,0.1283528671175985,0.0473341425704281,Card,0.32253549695740363,0,1
3282,46,Tier3,Startup,52901,13941,3,12,8,2,0.377224142643844,0.13482331376486031,UPI,0.2635299899812858,0,4
3283,53,Tier1,MNC,66401,22509,1,21,11,0,0.08355833058924071,0.052477799937060914,UPI,0.3389858586467071,0,1
3284,24,Tier3,MNC,37774,15944,0,18,11,1,0.11466843202199402,0.08812806927435089,Card,0.4220892677503044,0,0
3285,35,Tier1,Gig,54303,15327,2,23,0,1,0.08843585762850921,0.008049699673192676,UPI,0.28224959946964256,0,3
3286,36,Tier2,Gig,70505,22305,1,16,15,3,0.4531211294682495,0.0212320410147585,UPI,0.3163605418055457,1,106
3287,25,Tier3,Startup,64371,18592,1,11,12,1,0.3674089416672348,0.04765013630792461,UPI,0.28882571344238867,0,1
3288,27,Tier2,MNC,67616,12546,2,18,7,0,0.3218281311954755,0.018244149181036347,UPI,0.18554779933743493,0,1
3289,26,Tier2,MNC,53520,20762,1,7,3,2,0.2876794994431421,0.08500797113402517,Card,0.38792974588938717,0,4
3290,27,Tier1,MNC,73874,30698,1,20,12,0,0.13626136175122985,0.10342102898658402,UPI,0.4155453880932398,0,1
3291,34,Tier2,Gig,81128,31918,1,10,17,1,0.16528264857493014,0.1985878560972339,UPI,0.3934276698550439,0,4
3292,36,Tier2,Gig,79928,34711,1,18,2,4,0.0632616779247939,0.08675643096999223,UPI,0.43427835051546393,0,1
3293,29,Tier1,SME,68552,19908,3,16,16,0,0.04110989539678212,0.22582535323104921,UPI,0.2904072820632513,0,1
3294,30,Tier1,Gig,78777,27232,1,10,10,4,0.19452482166979576,0.02786299218020589,UPI,0.34568465415032307,0,2
3295,27,Tier2,MNC,77421,15523,1,14,14,1,0.2400457434842302,0.037305398968989,UPI,0.2005011560171013,0,4
3296,48,Tier2,SME,113530,50298,2,15,2,1,0.4486255032262532,0.20167423272131293,UPI,0.443037082709416,0,1
3297,28,Tier2,MNC,84361,27346,2,19,1,1,0.04054735576707362,0.07061271879413641,Card,0.32415452638067355,0,1
3298,51,Tier3,SME,58225,13304,1,14,11,2,0.19078699765092758,0.20796125188510922,UPI,0.2284929154143409,0,2
3299,39,Tier2,Gig,41766,16356,2,7,5,1,0.07165738164153972,0.20273993804899318,UPI,0.3916104008044821,0,0
3300,48,Tier1,Gig,54777,17854,2,7,6,0,0.13367302247462165,0.021783627702525808,UPI,0.32593971922522225,0,4
3301,42,Tier1,MNC,53364,23208,1,17,11,4,0.18561899773116497,0.12287609781327866,Card,0.43489993253879017,0,3
3302,30,Tier2,MNC,70228,26756,1,22,4,1,0.21493800985120254,0.08855012001993862,NetBanking,0.3809876402574472,1,39
3303,41,Tier2,SME,45994,19003,2,13,6,2,0.09431462683010094,0.04921942951757712,UPI,0.4131625864243162,0,2
3304,30,Tier2,MNC,83843,26326,1,7,6,3,0.23964748329929175,0.09319657875684213,UPI,0.3139916272079959,0,1
3305,25,Tier2,SME,32208,9829,1,9,6,1,0.20929942685352015,0.008693781827052556,NetBanking,0.30517262791852956,0,1
3306,29,Tier2,SME,27349,10315,2,23,12,4,0.16238460274558467,0.12300737167264458,NetBanking,0.3771618706351238,0,5
3307,30,Tier2,MNC,57297,10399,1,18,2,1,0.09875837033923078,0.04460964553973803,UPI,0.1814929228406374,0,3
3308,25,Tier2,MNC,43148,7171,1,6,16,5,0.11142528338926683,0.03540287625350442,UPI,0.16619542041346064,0,1
3309,21,Tier1,MNC,34835,15505,1,10,12,0,0.15533782855195902,0.029543969255317187,UPI,0.44509832065451416,0,3
3310,53,Tier2,Gig,47258,20079,2,19,0,4,0.14897351823465252,0.08821073192451637,UPI,0.4248804435227898,0,4
3311,38,Tier2,SME,44770,19550,2,17,10,1,0.16308267208897723,0.054145226982545994,Card,0.43667634576725484,0,0
3312,34,Tier1,SME,60202,10156,1,11,3,3,0.18553290782966325,0.06088879980002068,UPI,0.16869871432842762,0,3
3313,52,Tier2,SME,47590,10983,1,18,2,4,0.10186751684178766,0.1287571334984887,Card,0.23078377810464384,0,4
3314,28,Tier2,Startup,49217,20693,3,22,12,4,0.20842780649356504,0.049436385194393084,UPI,0.42044415547473435,0,3
3315,34,Tier2,MNC,59902,10593,2,22,4,2,0.16122059966204957,0.004056075841654867,UPI,0.17683883676671897,0,1
3316,49,Tier2,MNC,80284,22915,2,20,10,2,0.16792190723241474,0.08110079981975823,Card,0.2854242439340342,0,2
3317,42,Tier1,Startup,89414,22566,0,12,5,3,0.10494472119055306,0.010754274452718201,NetBanking,0.252376585322209,0,0
3318,34,Tier1,Startup,62955,26060,1,6,5,2,0.10496198300869149,0.032653106220350545,UPI,0.4139464697005798,0,1
3319,29,Tier1,MNC,64510,19702,1,13,12,0,0.302104588876507,0.053323341766090666,Wallet,0.3054100139513254,1,34
3320,22,Tier1,SME,56336,13357,2,6,11,4,0.3829279854040324,0.22819256731061108,Card,0.2370952854302755,0,1
3321,23,Tier2,Gig,69624,21394,3,16,0,3,0.07736091360622067,0.10244165042834456,UPI,0.30727909916120877,0,5
3322,26,Tier2,MNC,67804,12457,1,16,15,1,0.08821007917546797,0.20919030722542803,UPI,0.18372072444103593,0,1
3323,47,Tier2,MNC,86516,31955,2,12,10,4,0.4287323523879287,0.05485403219411955,UPI,0.36935364556844974,0,2
3324,42,Tier1,SME,22225,7456,2,8,4,3,0.13211621158462214,0.11565534430667761,Card,0.33547806524184476,0,2
3325,35,Tier1,MNC,55310,18264,2,15,2,4,0.266406079320635,0.19763570636322536,UPI,0.33021153498463207,1,58
3326,47,Tier1,Startup,66783,18789,1,6,8,3,0.1421955873727968,0.1135783715437409,Wallet,0.28134405462467993,0,4
3327,26,Tier2,Startup,59474,14171,1,10,12,0,0.29189295691133643,0.026866984957568982,UPI,0.2382721861653832,0,2
3328,28,Tier1,SME,41216,6990,3,23,0,1,0.14831720298187714,0.018996280905081823,UPI,0.16959433229813664,0,1
3329,34,Tier2,Startup,34012,14764,1,22,5,2,0.1916411474883825,0.011167101476728683,UPI,0.4340820886745854,0,4
3330,52,Tier2,SME,76126,20932,1,17,17,1,0.1777390298248919,0.0949344198174949,UPI,0.2749651892914379,0,1
3331,41,Tier2,Startup,44861,13403,1,12,1,2,0.46425508598675613,0.3137673021505144,UPI,0.2987673034484296,0,2
3332,49,Tier1,MNC,24901,6542,2,6,14,1,0.3576404336236394,0.14451454955766052,Card,0.2627203726757962,0,2
3333,29,Tier1,SME,77131,34428,1,17,4,3,0.16306537831616905,0.18816369664215632,UPI,0.44635749568915223,0,5
3334,49,Tier2,Startup,69179,26900,2,14,9,4,0.0790205869495553,0.026190110000636053,UPI,0.3888463261972564,0,1
3335,23,Tier2,SME,57682,10309,3,18,13,2,0.5062261544273882,0.1758047455923629,Card,0.17872126486598938,0,5
3336,28,Tier1,MNC,41708,13865,2,8,17,1,0.034317831709402044,0.051717493572201866,NetBanking,0.33243022921262105,0,3
3337,38,Tier3,SME,57731,17053,3,20,10,4,0.24707020911152167,0.0973274515002643,Wallet,0.2953872269664478,0,1
3338,22,Tier2,Startup,84311,32713,3,20,3,4,0.14834885680337215,0.11182101167510604,UPI,0.38800393780171033,0,2
3339,50,Tier1,MNC,27706,12445,2,13,1,3,0.16680843880183716,0.044276241002755505,UPI,0.44918068288457375,0,6
3340,50,Tier1,Startup,28720,10720,2,6,13,3,0.09313974264410575,0.021683810340352182,UPI,0.3732590529247911,0,1
3341,39,Tier1,Startup,47444,19427,2,14,10,2,0.161045254612033,0.05491162396377997,Wallet,0.40947221988027993,0,2
3342,31,Tier1,Startup,59467,17887,2,12,13,7,0.2137349985600846,0.04730105375645856,Wallet,0.3007886727092337,0,2
3343,24,Tier1,MNC,50074,13123,1,19,17,0,0.2817938486621754,0.27311572035048803,UPI,0.26207213324280065,0,1
3344,42,Tier2,Gig,72856,24988,3,10,14,2,0.3639939538559753,0.05313227367553954,Card,0.34297792906555397,0,1
3345,39,Tier1,MNC,81776,30651,2,6,9,1,0.12267346123659688,0.005716489307833506,UPI,0.37481657209939345,0,2
3346,46,Tier3,Gig,65575,14312,3,23,12,0,0.5373515872028962,0.1402999492033515,NetBanking,0.2182539077392299,0,0
3347,41,Tier3,Startup,71208,21434,1,10,11,1,0.2860073152939541,0.01926095772813546,UPI,0.3010055049994383,1,83
3348,25,Tier1,MNC,65441,12050,1,7,3,5,0.1397443941337031,0.12662608103107556,Card,0.18413532800537888,0,2
3349,25,Tier1,Startup,60190,12935,2,21,5,1,0.24185518422763125,0.04021398198719628,UPI,0.21490280777537796,0,4
3350,47,Tier2,SME,34128,14148,2,18,1,2,0.030872903866167208,0.00926341245282511,UPI,0.41455696202531644,0,2
3351,26,Tier3,SME,39440,7628,1,10,6,2,0.20573885890199883,0.028237662330233747,UPI,0.19340770791075051,0,3
3352,52,Tier3,SME,32981,12974,2,14,3,2,0.43089134706447546,0.023921527616928662,UPI,0.39337800551832874,0,2
3353,24,Tier1,Startup,57029,14928,2,18,16,0,0.057480329871157435,0.0816834810379018,NetBanking,0.26176155990811695,0,7
3354,45,Tier1,Startup,64645,22564,0,20,15,2,0.1365372891915159,0.030584913273321808,UPI,0.3490447830458659,0,0
3355,54,Tier1,Gig,31014,13121,2,12,13,2,0.34517553499789794,0.053068122057946594,UPI,0.4230670019990972,0,1
3356,36,Tier2,MNC,61451,23613,0,9,7,2,0.08361675083719322,0.01581193572676692,Card,0.38425737579534913,0,1
3357,22,Tier2,Startup,42495,16903,1,6,0,4,0.10161404349899458,0.15508373506968182,Card,0.39776444287563245,0,4
3358,50,Tier2,Startup,38616,8817,1,21,9,5,0.15118386287279068,0.018937577831712488,UPI,0.22832504661280298,0,2
3359,27,Tier2,Startup,47493,12277,1,20,0,2,0.056681957411936996,0.10588291192350487,Card,0.2585012528162045,0,0
3360,38,Tier1,SME,37590,13902,3,23,0,1,0.35805975160457254,0.21875628758082505,UPI,0.36983240223463687,0,1
3361,54,Tier2,SME,72133,27639,1,19,2,0,0.10156438959424119,0.059272838103781124,Card,0.38316720502405277,0,2
3362,46,Tier1,Startup,56639,21920,2,9,8,1,0.2036890833226031,0.010915775876393129,Card,0.387012482565017,0,2
3363,22,Tier2,SME,76304,28387,2,10,13,2,0.03938793561167191,0.030661314919757092,Wallet,0.3720250576640805,0,3
3364,48,Tier2,MNC,51130,11222,1,10,7,1,0.2187315603104054,0.008190934808889501,Card,0.21947975748093096,0,2
3365,26,Tier2,SME,51886,12282,3,14,13,4,0.08493709679574152,0.248020195283778,Card,0.2367112515900243,0,2
3366,46,Tier1,MNC,97467,42165,1,23,9,0,0.4913270383773535,0.05357467311968679,UPI,0.4326079596171012,0,1
3367,42,Tier2,MNC,27538,8706,2,18,16,1,0.11641495432926349,0.10379067484166556,UPI,0.31614496332340764,0,5
3368,30,Tier2,MNC,85689,32247,2,13,6,5,0.3153123877084993,0.1422425952720102,UPI,0.37632601617477157,0,1
3369,35,Tier1,Startup,93090,30697,2,19,5,4,0.11525867710633961,0.1945664075109202,UPI,0.329756149962402,0,1
3370,25,Tier1,Gig,75316,32186,1,21,1,2,0.2833714402442978,0.22239053470168474,UPI,0.4273461150353179,1,62
3371,54,Tier2,SME,53390,21923,2,13,3,3,0.20068231980237441,0.03453672815950316,Wallet,0.4106199662858213,1,74
3372,29,Tier1,MNC,88538,20223,3,21,0,0,0.05071049611603249,0.027428598940941393,NetBanking,0.228410400054214,1,82
3373,31,Tier1,Gig,53564,22251,1,6,3,1,0.0993786969016432,0.03664791675630431,UPI,0.4154096034650138,0,0
3374,38,Tier1,MNC,45884,11012,2,11,17,0,0.08238639700605495,0.0025401285094661247,UPI,0.23999651294568913,0,4
3375,43,Tier1,Gig,52234,14745,1,9,9,0,0.11796825607653785,0.06739146476708602,UPI,0.2822873990121377,0,0
3376,38,Tier1,SME,48596,19699,1,9,10,1,0.16005532773057807,0.04297224601703974,Wallet,0.4053625812824101,0,1
3377,38,Tier2,MNC,41067,10151,1,9,6,3,0.21587358250014774,0.07394971117040652,UPI,0.24718143521562325,0,1
3378,40,Tier1,SME,82200,19500,1,12,11,1,0.2956289462412404,0.05775998896011391,NetBanking,0.23722627737226276,0,1
3379,50,Tier2,SME,44531,15612,2,19,10,4,0.4047700833875139,0.07103864940567656,UPI,0.35058723136691294,1,50
3380,34,Tier1,Startup,59407,26727,1,16,16,2,0.2005844536548764,0.19267010292024156,UPI,0.4498964768461629,0,1
3381,49,Tier1,MNC,31124,5892,0,13,14,2,0.015382820159914216,0.032841161692396335,NetBanking,0.18930728698110783,1,83
3382,47,Tier1,Gig,60616,21841,1,14,9,3,0.1555464113764505,0.023715397666925788,Card,0.360317407945097,0,5
3383,53,Tier2,Startup,36881,11362,0,9,14,2,0.35737036938533256,0.14841730614490078,UPI,0.30807190694395487,1,104
3384,52,Tier3,Gig,36390,9941,2,19,11,2,0.07048821861427253,0.06708242752830385,Wallet,0.2731794449024457,0,4
3385,48,Tier1,Gig,57814,21677,2,19,17,3,0.1557350956304709,0.26458670281551666,NetBanking,0.37494378524232885,0,3
3386,29,Tier1,MNC,81139,25676,1,15,9,2,0.1313833951935405,0.22129873209332082,UPI,0.31644461972664195,0,0
3387,47,Tier1,SME,68808,26789,1,20,15,1,0.21998934414965546,0.04554023544285474,UPI,0.3893297291012673,0,3
3388,46,Tier1,Gig,70182,26188,0,20,3,2,0.2746893876879002,0.14319236028340832,Card,0.3731441110256191,0,4
3389,30,Tier2,SME,57401,25574,2,20,3,0,0.2339408323098614,0.054747442254151325,UPI,0.4455323077995157,0,2
3390,44,Tier1,MNC,53287,20955,1,7,5,1,0.42611060467752343,0.28379498063431735,UPI,0.3932478840993113,0,3
3391,29,Tier3,MNC,75822,12892,2,7,14,2,0.11186388954397776,0.021224576546793782,Card,0.1700298066524228,0,2
3392,38,Tier2,MNC,48736,18708,2,13,15,3,0.23023975196361504,0.11733841213978125,UPI,0.3838640840446487,0,3
3393,48,Tier2,Gig,76688,26450,1,7,7,3,0.04991358628734623,0.2068472753488906,UPI,0.3449040267056124,0,2
3394,27,Tier2,SME,84718,14989,0,6,7,1,0.11718072749751794,0.015192733819763533,UPI,0.1769281616657617,0,2
3395,32,Tier1,Startup,43172,14317,1,8,8,1,0.033694165569914204,0.09918067502825341,UPI,0.3316269804502919,0,1
3396,48,Tier2,Gig,46111,17302,1,8,3,4,0.11858083482610379,0.06175906823321172,UPI,0.37522500054217,0,1
3397,36,Tier1,MNC,49086,10266,1,11,9,2,0.045880531731183755,0.12467731638857281,Wallet,0.20914313653587582,0,1
3398,53,Tier2,Startup,30660,8599,3,11,14,2,0.5202661999693166,0.04416101123097899,UPI,0.2804631441617743,0,3
3399,21,Tier2,MNC,50611,15828,1,20,13,2,0.2265168468332107,0.03329008900476751,UPI,0.31273833751555985,0,3
3400,45,Tier1,MNC,86028,23567,1,22,1,2,0.19786910902449895,0.0038075995792734288,Wallet,0.27394569210024644,0,3
3401,48,Tier2,MNC,39088,16135,2,9,6,0,0.05757806282550702,0.03322423829879097,Wallet,0.4127865329512894,0,0
3402,52,Tier1,SME,86503,17358,3,12,11,1,0.3102662316875142,0.1514438865890185,Card,0.2006635608013595,0,4
3403,26,Tier1,SME,51331,19581,1,15,10,0,0.24010937259473022,0.009550031433448788,UPI,0.3814653912840194,0,3
3404,54,Tier2,SME,102280,39216,2,10,12,2,0.3625760655447655,0.15254689345968322,UPI,0.3834180680484943,0,2
3405,34,Tier1,MNC,46363,13186,0,11,13,0,0.2164757056429906,0.0012805177487774037,UPI,0.284407825205444,0,3
3406,32,Tier3,MNC,57120,17812,2,18,5,2,0.11128937381527103,0.10410722265903444,UPI,0.3118347338935574,0,0
3407,33,Tier2,Startup,41796,8194,2,13,8,4,0.20971939210377716,0.028645188645712,UPI,0.19604746865728778,0,3
3408,42,Tier2,MNC,46245,9644,1,18,3,0,0.10241756595090643,0.29625386759879524,UPI,0.20854146394204778,0,1
3409,43,Tier1,Gig,86763,26853,1,7,12,1,0.13046442395994212,0.07330542940103354,Card,0.3094982884409253,0,2
3410,37,Tier1,Gig,69490,15107,1,14,8,1,0.3026642937561494,0.1571546072977753,NetBanking,0.2173981867894661,0,3
3411,23,Tier3,Startup,80576,31580,2,11,6,3,0.21350544016837558,0.07611297446089979,Card,0.39192811755361395,0,1
3412,54,Tier1,SME,33688,11280,0,11,13,2,0.15602734473522464,0.12083300437839681,Card,0.334837330800285,0,0
3413,28,Tier2,Startup,73096,12205,2,14,16,1,0.1576619727848173,0.16502100070409065,UPI,0.16697220094122797,0,1
3414,24,Tier1,Startup,40571,10441,0,11,15,1,0.11195705608834894,0.1757503009755624,UPI,0.2573513100490498,0,4
3415,41,Tier1,Gig,33253,13551,2,19,2,0,0.3019035517081997,0.03976579621918423,NetBanking,0.4075121041710522,0,4
3416,35,Tier2,Gig,64775,15107,1,9,14,2,0.12671610945270298,0.022395941445217254,UPI,0.2332226939405635,0,3
3417,41,Tier2,SME,64570,23627,3,22,10,2,0.09188367491754876,0.04790583794433025,Card,0.3659129626761654,0,0
3418,50,Tier2,Startup,61066,10878,1,12,1,1,0.1322474975944736,0.03618451640193287,UPI,0.1781351324796122,0,1
3419,24,Tier3,Gig,74351,31908,1,15,6,4,0.11900296369418913,0.13428118523247318,Card,0.4291536092318866,0,2
3420,30,Tier1,MNC,77471,22064,1,9,4,2,0.27734621193783227,0.0020014174148331666,Card,0.28480334576809385,0,4
3421,38,Tier1,SME,89394,26592,2,22,4,3,0.4065093278337073,0.11621443394798399,UPI,0.29746962883414996,0,0
3422,47,Tier1,Startup,36193,11616,1,17,11,7,0.07657613708995747,0.08606617421856888,Card,0.3209460392893653,0,1
3423,41,Tier2,Startup,90040,23323,1,19,7,1,0.19504198020865451,0.13000089826156463,Card,0.259029320302088,0,1
3424,34,Tier1,SME,97646,35893,1,22,12,4,0.18325504482302366,0.005546967089463645,UPI,0.3675829015013416,0,2
3425,41,Tier2,MNC,52675,8131,1,23,14,0,0.16858552524545062,0.13625790877838068,UPI,0.15436165163739915,0,1
3426,54,Tier1,MNC,26630,5290,2,10,0,3,0.2924414470678678,0.06512977897445738,UPI,0.19864814119414195,1,39
3427,37,Tier2,SME,32330,6680,1,11,14,4,0.2441129397065122,0.032876016710646466,UPI,0.2066192390968141,0,3
3428,51,Tier2,Gig,50762,17289,2,10,2,0,0.1806340317832218,0.11848045003896215,Card,0.340589417280643,1,46
3429,47,Tier3,Gig,100282,41835,2,15,0,3,0.27288345538540176,0.021934740338956465,UPI,0.41717357053110227,1,41
3430,31,Tier1,SME,60341,10203,2,22,1,3,0.5659851382068238,0.2568004273545259,UPI,0.16908901078868432,0,0
3431,29,Tier3,MNC,47656,19335,0,19,0,3,0.16630557231562917,0.04381326841848823,UPI,0.40572016115494375,0,4
3432,47,Tier1,Startup,46291,18324,2,16,6,0,0.13494072229668996,0.05591962979891981,Card,0.3958436845175088,0,1
3433,28,Tier1,Startup,33545,5802,2,14,15,0,0.14671419862162943,0.04051930399177629,UPI,0.172961693247876,0,0
3434,32,Tier1,SME,77491,14953,1,19,12,5,0.01587880859460695,0.08292206224785946,NetBanking,0.1929643442464286,0,2
3435,29,Tier1,SME,58158,14831,1,14,7,4,0.26921719159313273,0.04358120131803949,Card,0.25501220812270026,0,2
3436,41,Tier2,MNC,101996,18808,1,22,16,3,0.2106740329898536,0.03439764665052065,UPI,0.18439938821130242,0,4
3437,31,Tier1,Startup,72564,27391,1,16,8,2,0.07538125036970111,0.08496346273715286,Card,0.37747367840802604,0,2
3438,43,Tier1,Startup,76598,23072,0,17,1,2,0.5086339398430584,0.02500384709471256,UPI,0.30120890884879503,0,2
3439,52,Tier2,SME,55157,15070,1,18,0,1,0.2923270398596302,0.030174323072632576,UPI,0.2732200808600903,0,2
3440,49,Tier2,Gig,38179,14030,2,19,9,2,0.06424530176710486,0.0523800748742563,UPI,0.3674795044396134,0,1
3441,53,Tier2,Startup,42528,10116,1,14,4,2,0.26660840074190933,0.067950626639678,UPI,0.2378668171557562,0,3
3442,21,Tier2,Gig,32615,13419,1,12,6,2,0.25534262747532355,0.01775356678860327,Card,0.4114364556185804,0,3
3443,36,Tier1,SME,78207,27074,3,13,5,1,0.2288420856719876,0.018936645523167605,UPI,0.34618384543583053,0,4
3444,28,Tier2,SME,52301,13281,1,22,7,1,0.12182847268678479,0.05758008064688204,UPI,0.2539339591977209,0,0
3445,52,Tier1,Gig,79050,24660,1,7,17,1,0.13361565664634287,0.04557029176900885,UPI,0.31195445920303605,0,2
3446,45,Tier1,Gig,62718,14289,1,18,1,3,0.09063723608796966,0.1289727245484798,NetBanking,0.22782933129245192,0,1
3447,31,Tier1,Gig,54143,24120,1,23,1,1,0.04990322235635422,0.11342147972874117,UPI,0.44548695122176457,0,2
3448,40,Tier2,Gig,36607,10274,2,7,5,1,0.10609290698272965,0.22354945430605483,UPI,0.28065670500177564,1,74
3449,41,Tier1,SME,66032,27669,0,17,13,1,0.26823325412382765,0.24685386959732508,UPI,0.4190241095226557,0,4
3450,37,Tier2,MNC,55627,24665,2,16,4,2,0.18798833508958612,0.011952770384366939,NetBanking,0.4433997878727956,0,6
3451,37,Tier1,SME,78043,24250,2,12,4,0,0.2733726152193093,0.037439158539581865,UPI,0.3107261381546071,0,2
3452,22,Tier1,Gig,45691,16859,1,7,12,2,0.21797334344712652,0.10471893052416353,Card,0.3689785734608566,0,3
3453,36,Tier1,SME,72322,23264,2,18,10,4,0.0932199081522229,0.0765508509857188,Wallet,0.32167252011835956,0,5
3454,32,Tier1,Startup,92816,16472,2,15,11,4,0.26687956945411623,0.024260501081808727,UPI,0.17746940182727117,0,0
3455,48,Tier1,Gig,65451,28518,2,19,11,0,0.15907491145147393,0.19690317602283897,Card,0.43571526791034515,0,0
3456,50,Tier2,Gig,75705,21726,1,7,11,2,0.09943225487849712,0.13618172143911025,UPI,0.2869823657618387,0,2
3457,46,Tier2,Gig,71437,29876,2,22,9,1,0.193223710546977,0.009248638631897973,UPI,0.4182146506712208,0,0
3458,22,Tier1,SME,97961,33961,0,17,9,1,0.19744556489009168,0.069954865542577,UPI,0.346678780330948,0,0
3459,49,Tier2,SME,67431,12242,0,13,13,2,0.07992844086978393,0.06636817162801904,UPI,0.18154854592101555,0,3
3460,34,Tier1,Gig,73999,20358,2,14,6,0,0.3070224894574568,0.02407379486762298,UPI,0.27511182583548427,1,64
3461,35,Tier1,MNC,59274,12373,1,23,5,2,0.4711358943685261,0.07186711078164729,NetBanking,0.20874245031548402,0,0
3462,53,Tier1,MNC,44512,8945,1,15,4,1,0.07545269161413048,0.06754704629162671,UPI,0.20095704529115743,0,1
3463,50,Tier1,Gig,35836,13063,1,16,14,0,0.25033849258957913,0.07990638983983896,UPI,0.3645217100122782,0,3
3464,22,Tier1,Startup,85338,13569,2,17,0,3,0.12043344375050662,0.22160850175898741,NetBanking,0.1590030232721648,0,0
3465,33,Tier2,SME,39832,17519,1,11,3,1,0.19580457415934296,0.1582056469284163,NetBanking,0.4398222534645511,0,3
3466,46,Tier1,MNC,74917,21349,1,10,2,3,0.19401620288269394,0.08996860551069182,UPI,0.2849686986932205,0,2
3467,39,Tier2,SME,68320,20286,2,19,6,1,0.09870029012094449,0.1732895881645696,UPI,0.29692622950819675,0,1
3468,29,Tier1,Gig,78355,18791,1,11,3,2,0.24607876281222746,0.04136720574482571,Card,0.23981877353072553,0,1
3469,38,Tier2,Startup,49705,8732,1,6,9,2,0.5259018124689548,0.162978548132664,UPI,0.1756764912986621,0,1
3470,50,Tier2,SME,44185,14425,2,14,17,2,0.12923732069480834,0.08089375904078695,Card,0.326468258458753,0,2
3471,28,Tier1,SME,67567,17123,3,6,7,4,0.11198183331714268,0.0180260239450465,UPI,0.2534225287492415,0,1
3472,46,Tier1,Gig,54153,18261,2,16,17,3,0.22406830309949982,0.1956881487840584,NetBanking,0.3372112348346352,0,5
3473,45,Tier2,Gig,35379,11205,1,17,5,2,0.15178407702842528,0.09195221202096805,Card,0.3167133045026711,0,1
3474,51,Tier3,SME,98770,21242,1,22,13,4,0.14448847152280067,0.14996804646416467,NetBanking,0.2150653032297256,0,1
3475,31,Tier3,Startup,44171,12743,2,16,2,2,0.20633483678211667,0.06691737394900056,Wallet,0.28849244979737837,1,92
3476,28,Tier1,MNC,40127,9727,1,12,10,2,0.33228158941813923,0.18260911246440695,Card,0.24240536297256213,0,2
3477,39,Tier2,SME,55157,12240,2,17,13,1,0.10139822999593186,0.1369840969848419,UPI,0.22191199666406802,0,2
3478,39,Tier1,MNC,85057,32399,1,16,12,2,0.12546252399005475,0.05744790372993611,Card,0.3809092726054293,0,3
3479,34,Tier1,SME,16665,2559,2,19,16,1,0.2529949695748121,0.019484704818067508,NetBanking,0.15355535553555355,0,2
3480,47,Tier2,SME,83397,19236,1,22,10,1,0.02732233805506341,0.029648073160582437,UPI,0.23065577898485556,0,1
3481,48,Tier2,SME,41770,12920,3,7,10,1,0.1048895991945451,0.16873859770487012,UPI,0.30931290399808475,0,2
3482,29,Tier2,MNC,65290,19119,1,18,11,2,0.07142558034544,0.27190380365914774,Card,0.29283198039516006,0,2
3483,48,Tier2,MNC,46479,20081,2,20,6,1,0.09952545975408895,0.05695747332348942,Card,0.43204457927235956,0,3
3484,28,Tier1,MNC,99838,40244,1,11,3,1,0.284751566767922,0.02249235090041972,UPI,0.40309301067729725,0,1
3485,34,Tier2,Startup,62492,23464,2,13,16,1,0.2548494735373632,0.13163450419799866,UPI,0.3754720604237342,0,4
3486,21,Tier1,MNC,45838,13944,1,13,17,2,0.2696817147444234,0.0514218594724981,Card,0.30420175400322874,0,2
3487,32,Tier1,MNC,53978,15042,0,12,16,0,0.26071286011727257,0.17562808808877375,UPI,0.27866908740598023,0,2
3488,53,Tier1,Gig,61792,9946,1,21,13,1,0.04468869900109321,0.24122794115473536,NetBanking,0.160959347488348,0,2
3489,36,Tier3,MNC,63553,25198,1,11,4,0,0.41832351822446234,0.195344121391333,UPI,0.39648797067014935,0,4
3490,45,Tier1,Gig,68775,19202,3,13,4,1,0.3654184237425369,0.06316320709641357,Card,0.27920029080334424,0,3
3491,24,Tier1,Startup,59971,14770,2,16,5,3,0.10958255925725477,0.01665880322679045,UPI,0.24628570475729936,0,2
3492,42,Tier2,Startup,32456,10775,2,10,9,2,0.32253281600207134,0.05776831020891499,Card,0.33198792210993344,0,2
3493,33,Tier3,SME,53194,20013,1,18,4,3,0.04386051549751927,0.09576556281855421,Wallet,0.37622664210249274,0,3
3494,46,Tier3,MNC,72133,22138,1,15,14,3,0.2449537583233948,0.044856469470170246,UPI,0.30690529993206994,0,1
3495,52,Tier2,Gig,46602,9081,1,9,1,0,0.15183225197786152,0.0744589696697653,Card,0.1948628814213982,0,1
3496,39,Tier1,Gig,73455,31328,1,9,16,4,0.4109094926170392,0.1363439773706904,UPI,0.42649241031924306,0,0
3497,24,Tier2,SME,60634,11147,2,6,8,0,0.2200184964285127,0.15241423389938402,UPI,0.18384074941451992,0,1
3498,37,Tier2,Startup,55645,24532,2,16,6,5,0.4628415081417471,0.016958917064529885,NetBanking,0.44086620540929106,0,2
3499,25,Tier3,SME,83882,23717,1,20,8,3,0.174535670871469,0.10039069663099916,UPI,0.2827424238811664,0,2
3500,36,Tier2,Gig,25237,10952,0,23,8,3,0.3339830787670636,0.22444798450928796,UPI,0.4339660022982129,0,3
3501,23,Tier1,Gig,46493,19731,1,17,9,1,0.05028804109628949,0.04504240656524946,Card,0.42438646677994535,0,1
3502,42,Tier1,MNC,84648,23014,1,23,5,2,0.19582174964748467,0.012691803764805097,UPI,0.27187883942916546,0,1
3503,31,Tier2,Gig,96600,37674,0,23,5,0,0.20083134812253803,0.009829982483217939,UPI,0.39,0,2
3504,27,Tier1,Gig,105719,18705,1,17,6,1,0.1450155428384156,0.04900868245852576,UPI,0.17693129900963875,0,3
3505,21,Tier1,Startup,61007,10665,1,12,2,4,0.12148108339490209,0.13758929437617745,NetBanking,0.17481600472076975,0,2
3506,51,Tier1,MNC,69157,17758,1,21,4,5,0.26136539155840965,0.023176621393975843,NetBanking,0.25677805572827045,0,3
3507,49,Tier2,Gig,76348,25418,2,17,7,1,0.32147471893255986,0.04230645557570713,Card,0.3329229318384241,0,4
3508,48,Tier3,Startup,85501,13064,3,20,0,1,0.30469089825939993,0.03498842303448557,UPI,0.15279353457854294,1,65
3509,22,Tier2,SME,66261,20179,1,10,7,1,0.11289210397038826,0.019155193800126435,Card,0.3045381144262839,0,3
3510,32,Tier3,Gig,78522,34761,1,23,7,2,0.1062760450888887,0.11995858242425926,Card,0.4426912202949492,0,4
3511,54,Tier2,SME,69195,28199,1,13,0,5,0.0320521178185954,0.08637798782912921,UPI,0.40752944576920297,0,2
3512,40,Tier2,Gig,70444,15479,2,21,8,1,0.36317751634319256,0.08664610025652605,UPI,0.21973482482539322,1,107
3513,25,Tier1,Startup,41632,12840,2,12,11,3,0.3124309099233256,0.05508562243889421,Card,0.30841660261337434,0,4
3514,25,Tier2,MNC,53415,10758,2,22,14,0,0.09306390274835609,0.14576276936409008,Card,0.201404099971918,0,1
3515,29,Tier1,Gig,49544,11344,2,18,6,5,0.08249406779137894,0.01801166271258594,UPI,0.22896818989181333,0,1
3516,54,Tier1,SME,36222,15463,3,10,9,0,0.31674904584502717,0.14270973438686166,UPI,0.42689525702611675,0,2
3517,26,Tier1,SME,26967,12117,0,8,1,3,0.18036891648986342,0.07668144779008121,Card,0.4493269551674269,0,3
3518,51,Tier2,SME,51527,11478,1,8,5,1,0.1726192941340746,0.09176078294114723,Card,0.22275700118384537,0,1
3519,44,Tier2,MNC,54722,11689,1,12,11,2,0.2073006409215241,0.24180199032712177,NetBanking,0.213606958809985,0,0
3520,52,Tier3,Startup,62100,16466,1,6,8,6,0.3404501898480499,0.11085404346104775,UPI,0.26515297906602253,0,5
3521,49,Tier3,SME,71114,20179,1,15,17,1,0.15820474302536358,0.1620747649413598,Card,0.2837556599263155,0,2
3522,32,Tier3,Gig,63762,11271,2,17,14,0,0.08259109941619597,0.11420428547200741,UPI,0.17676672626329162,0,0
3523,49,Tier1,Gig,54861,10660,2,19,16,2,0.1658255484920389,0.09033204759014136,UPI,0.1943092542972239,0,3
3524,26,Tier3,Startup,41697,11568,3,22,8,1,0.21280562821714916,0.07512875570032702,NetBanking,0.27743003093747753,0,1
3525,30,Tier2,MNC,77541,17107,3,20,1,2,0.1315185989584023,0.214903787252224,UPI,0.2206187694252073,0,2
3526,28,Tier3,Startup,57963,23386,2,23,9,2,0.16157238582493075,0.176038815006229,UPI,0.403464278936563,0,1
3527,25,Tier1,MNC,51324,19270,2,16,17,3,0.1818422937050914,0.2583214628796777,UPI,0.37545787545787546,0,5
3528,24,Tier1,Gig,56270,17494,2,21,3,0,0.2396410613683397,0.12825410564798106,Card,0.3108939043895504,0,3
3529,27,Tier3,SME,45345,12687,1,19,17,1,0.44815964305354367,0.12608028820976513,UPI,0.27978828977836584,0,2
3530,25,Tier1,Gig,49386,19719,2,20,0,1,0.1906299407657368,0.1358679072832517,UPI,0.3992831976673551,0,4
3531,33,Tier1,SME,48750,9740,3,13,11,2,0.06548133458513164,0.0718399229877862,Card,0.1997948717948718,0,1
3532,23,Tier1,MNC,54253,22580,2,15,16,3,0.43834461980373873,0.06324337462310696,Card,0.4161981825889813,0,3
3533,23,Tier1,Gig,73115,12043,2,22,3,1,0.07115615006349449,0.07449677590279871,Wallet,0.16471312316214184,0,2
3534,54,Tier1,SME,68142,29097,1,14,4,1,0.32583005511241997,0.11764195300581526,UPI,0.42700537113674386,0,1
3535,23,Tier3,Gig,90934,17426,2,16,14,2,0.17409849222184406,0.05243149656713634,NetBanking,0.1916334924230761,0,1
3536,23,Tier3,Gig,84234,33157,1,17,6,4,0.2873492629701761,0.1616102674094848,UPI,0.3936296507348577,0,3
3537,22,Tier3,SME,99128,15405,2,9,11,4,0.4715860498270188,0.09273392730584137,UPI,0.15540513275764667,0,1
3538,25,Tier1,SME,71183,28083,2,6,2,2,0.13472175551143048,0.030918560432804762,Card,0.3945183541014006,0,3
3539,38,Tier1,SME,70862,23045,2,18,12,0,0.14983272106191564,0.10958271399700796,UPI,0.32520956224774916,0,1
3540,49,Tier1,Gig,50251,7824,1,20,9,3,0.13414757154561693,0.15423126191260902,NetBanking,0.15569839406180971,0,1
3541,45,Tier1,Gig,76520,29250,2,16,9,4,0.5177399792298077,0.015235477850176154,UPI,0.38225300575013066,0,1
3542,40,Tier1,SME,46877,8459,1,17,13,2,0.2318480964195403,0.09928553825442653,UPI,0.18045096742538985,0,2
3543,23,Tier2,Startup,30590,9543,1,7,8,3,0.08354034925627105,0.03541028990814565,Card,0.31196469434455704,0,1
3544,47,Tier3,MNC,90526,22595,1,9,12,1,0.17592742105971404,0.08285922272581157,UPI,0.24959680091907296,0,2
3545,22,Tier2,Startup,35016,13227,2,19,7,1,0.12685444679754565,0.021121068775366812,Card,0.3777416038382454,0,0
3546,42,Tier1,Gig,68777,27921,1,17,15,2,0.07608587675450428,0.17100175337338316,UPI,0.40596420314930864,0,1
3547,34,Tier1,Gig,42393,12263,1,9,10,2,0.3994752737472304,0.030956938888503434,UPI,0.2892694548628311,0,4
3548,50,Tier1,SME,82533,31146,2,16,5,1,0.3216534928732728,0.17849040681901493,UPI,0.37737632219839334,0,2
3549,31,Tier1,SME,85258,36233,1,6,15,1,0.033554397307278425,0.1083535798842449,UPI,0.4249806469774097,0,2
3550,42,Tier2,MNC,70583,25181,2,20,5,0,0.16223784408289937,0.021408566833836764,Wallet,0.35675729283255175,0,3
3551,35,Tier1,MNC,84927,20942,1,6,16,3,0.1330892793965123,0.17033115976534377,UPI,0.24658824637629964,0,1
3552,38,Tier2,SME,60146,17381,1,21,17,3,0.08983756514872941,0.014838910399455247,Card,0.2889801483057892,0,2
3553,52,Tier2,Gig,104683,22925,2,10,10,2,0.1013238114854192,0.11770376756734828,NetBanking,0.21899448812128045,0,5
3554,45,Tier1,SME,74923,21542,1,10,8,0,0.024282382296382778,0.08341858943034061,UPI,0.28752185577192585,0,4
3555,35,Tier1,SME,41988,9395,3,22,4,2,0.09624528611670713,0.017060286453524757,NetBanking,0.22375440602076785,0,4
3556,36,Tier1,Startup,61392,24076,1,20,15,0,0.06776810011240735,0.026741910339269103,UPI,0.39216836069846234,0,1
3557,44,Tier1,MNC,56949,18962,2,12,4,2,0.1422595064286571,0.14295555189099682,Card,0.3329645823456075,0,2
3558,32,Tier2,MNC,54991,18695,1,9,11,1,0.12252454188301184,0.02190991335916491,UPI,0.3399647214998818,0,1
3559,26,Tier2,Gig,26857,4916,2,7,14,1,0.2269974332112274,0.08840176975798986,NetBanking,0.18304352682727035,0,1
3560,36,Tier3,MNC,67737,10190,1,13,3,2,0.3654645171598965,0.0444552986993366,UPI,0.15043476977132145,1,97
3561,23,Tier2,SME,32284,12486,2,16,3,5,0.0993338723506265,0.08155424494119433,NetBanking,0.3867550489406517,0,2
3562,26,Tier1,SME,15000,4690,1,14,17,4,0.13544137018122,0.011506761190786856,NetBanking,0.31266666666666665,0,1
3563,35,Tier1,MNC,53119,22812,2,22,17,3,0.3145671452602889,0.025964944942765807,UPI,0.4294508556260472,1,45
3564,48,Tier1,MNC,44882,13966,1,20,5,3,0.243897921962206,0.037920426387186804,Card,0.31117151642083685,0,1
3565,47,Tier1,MNC,42769,9169,1,10,4,2,0.26431746413124857,0.1556981344388857,UPI,0.2143842502747317,1,76
3566,29,Tier3,SME,15000,5393,2,22,11,0,0.3488728023183933,0.07474576112196496,Card,0.3595333333333333,0,1
3567,35,Tier1,Gig,42983,15486,1,14,10,0,0.2459206939520199,0.1392210095192824,NetBanking,0.3602819719423958,0,4
3568,26,Tier1,SME,56527,9590,2,6,4,2,0.07114347950578354,0.32926736926648614,Card,0.16965343994905088,0,0
3569,46,Tier1,SME,47316,16943,2,21,3,1,0.5209507670142313,0.04932140681181948,Card,0.3580818327838363,0,2
3570,29,Tier1,SME,67746,14481,1,19,10,1,0.28001353519601374,0.06059913122738205,NetBanking,0.21375431759808697,0,4
3571,48,Tier3,Gig,87853,19886,2,12,4,4,0.2241871484733935,0.041817476848071855,Card,0.22635538911590952,0,2
3572,49,Tier1,MNC,70327,11211,1,21,9,0,0.44190018124146924,0.035305745113050915,UPI,0.15941245894180045,0,1
3573,44,Tier1,Gig,80527,27235,2,22,12,1,0.21703219120971567,0.12181659004464933,Card,0.33820954462478425,0,3
3574,32,Tier1,SME,82182,30367,1,23,4,1,0.13281547862762055,0.030617717842462533,NetBanking,0.3695091382541189,0,1
3575,53,Tier2,Gig,39622,8683,1,22,10,1,0.06218658952553988,0.02973848070400209,Card,0.21914592902932714,0,2
3576,44,Tier2,SME,68782,26671,2,10,17,1,0.12275248868883576,0.11094385172255326,UPI,0.38776133290686515,0,0
3577,42,Tier2,MNC,79903,30252,3,16,9,0,0.11187994542383523,0.14569834448842808,NetBanking,0.378609063489481,0,3
3578,50,Tier1,SME,51280,13995,3,9,2,1,0.27020178554387214,0.13452345234328447,NetBanking,0.27291341653666146,0,1
3579,50,Tier1,MNC,44187,7532,2,18,13,3,0.3176530501203817,0.0036463490044653032,UPI,0.1704573743408695,0,1
3580,23,Tier3,Startup,70608,16526,0,14,7,2,0.047764238378815965,0.1856591113277115,UPI,0.2340527985497394,0,4
3581,50,Tier1,Startup,30367,6062,1,21,12,2,0.10144272391725674,0.13237118475102905,UPI,0.1996245924852636,0,4
3582,47,Tier1,Startup,38239,16735,1,22,0,1,0.07696826452836165,0.15817317885253687,NetBanking,0.4376421977562175,1,74
3583,28,Tier2,MNC,46664,18447,2,11,12,3,0.2668536009405715,0.1291975101200093,UPI,0.3953154465969484,0,1
3584,31,Tier1,Startup,69010,11974,1,11,12,2,0.07205707722662456,0.020784893527790987,UPI,0.17351108534994927,0,0
3585,46,Tier1,SME,64378,19573,3,6,0,0,0.2714507258719039,0.14936270598160525,UPI,0.30403243343999503,0,2
3586,28,Tier2,Gig,80647,18554,1,15,8,4,0.20594695196022333,0.012785976684242457,UPI,0.23006435453271665,0,1
3587,36,Tier1,Startup,41562,6634,0,12,8,3,0.3126103107815252,0.04885664433753737,Wallet,0.15961695779798854,0,2
3588,44,Tier1,SME,40490,9988,2,23,10,1,0.14985277238207428,0.2026626172316374,UPI,0.24667819214620895,0,1
3589,43,Tier1,Gig,70478,13269,1,20,11,2,0.11326771483744984,0.033572963101805464,Wallet,0.18827151735293282,0,3
3590,51,Tier2,SME,44026,9545,0,14,12,2,0.19493268219170387,0.27239212920173117,Card,0.2168037069004679,0,1
3591,24,Tier1,SME,47929,11884,2,16,16,3,0.11474254355682964,0.09550321485471867,Card,0.24795009284566755,0,1
3592,31,Tier1,MNC,22864,6234,3,17,13,3,0.0983158349260849,0.10965639480054386,UPI,0.2726557032890133,0,1
3593,54,Tier2,Startup,65816,19121,1,22,5,3,0.27220577625665343,0.060990603191175566,UPI,0.29052206150480125,0,5
3594,40,Tier2,SME,90825,27797,1,23,17,3,0.3359371376925599,0.09840881709904441,Card,0.3060500963391137,0,3
3595,29,Tier3,MNC,39414,10287,1,13,8,1,0.12881710050649114,0.1248055599187059,UPI,0.2609986299284518,0,0
3596,30,Tier1,Gig,80434,24090,2,12,15,2,0.020673694368424235,0.11215971847215095,UPI,0.29950021135340776,1,56
3597,32,Tier1,MNC,58812,16194,1,18,8,3,0.09994450097099303,0.18785366625253558,UPI,0.27535196898592124,0,2
3598,39,Tier2,Startup,24691,10847,2,10,5,3,0.21982842872459832,0.10556091394201414,Card,0.4393098699931149,0,0
3599,30,Tier2,MNC,42105,7170,1,8,13,2,0.0835208918147901,0.19448651620767016,UPI,0.1702885643035269,0,0
3600,42,Tier1,SME,40870,13314,3,11,13,2,0.14728974950353174,0.004801617010925849,UPI,0.3257646195253242,0,2
3601,36,Tier2,Gig,53669,11168,2,11,2,1,0.17539386569847648,0.08328368295316049,Card,0.2080903314762712,0,3
3602,41,Tier1,MNC,68390,17961,2,17,1,0,0.2930346807042307,0.045659860239447285,Card,0.2626261149290832,0,1
3603,26,Tier2,Startup,96978,30445,1,19,13,1,0.19096640996777428,0.09162638517936961,UPI,0.31393718162882306,0,1
3604,42,Tier2,Startup,31377,11858,1,8,2,2,0.023285255454587084,0.047687386630562906,UPI,0.37792013258119006,0,2
3605,52,Tier1,Gig,50304,22300,1,6,8,5,0.1355057833290625,0.14561658587304696,UPI,0.44330470737913485,0,0
3606,25,Tier3,MNC,42080,12543,2,8,8,4,0.13100164028663788,0.13022730744945119,UPI,0.2980750950570342,0,1
3607,32,Tier3,Startup,34640,7866,1,22,7,0,0.29790565409917724,0.04189326143752616,UPI,0.22707852193995381,0,1
3608,44,Tier1,SME,61908,23987,1,10,8,2,0.03296072515873251,0.027583916889369807,Card,0.3874620404471151,0,1
3609,41,Tier1,SME,60029,12994,1,15,17,3,0.22717882056291552,0.08324898996398333,UPI,0.21646204334571623,0,5
3610,43,Tier2,SME,23723,7172,1,15,9,1,0.17142253741581187,0.11283062214701382,UPI,0.3023226404754879,0,3
3611,40,Tier1,SME,60363,24387,1,11,15,2,0.2031168618309958,0.11172153286285726,UPI,0.4040057651210178,0,4
3612,44,Tier1,SME,35892,9731,2,21,8,2,0.1715622980764464,0.0392798135047501,UPI,0.27111891229243285,0,0
3613,41,Tier1,MNC,60236,19100,2,7,8,3,0.4928482371020552,0.09235055210063808,UPI,0.3170861278969387,0,2
3614,23,Tier3,SME,85389,15870,1,15,11,2,0.08214967942810232,0.2285880244041704,UPI,0.1858553209429786,0,0
3615,46,Tier1,Startup,69261,11552,2,13,4,4,0.24168515214018851,0.14375347711992117,NetBanking,0.16678939085488226,0,2
3616,36,Tier2,SME,63550,28335,0,20,17,3,0.25820197097379516,0.0018526496597950572,UPI,0.44586939417781274,1,95
3617,22,Tier1,MNC,49424,10066,3,9,16,3,0.06375138043384501,0.3749918544297052,UPI,0.203666235027517,0,3
3618,34,Tier1,SME,61337,15375,2,23,3,0,0.029420448154533606,0.05556021399737743,UPI,0.2506643624565923,0,3
3619,35,Tier3,SME,71265,21479,1,20,2,2,0.4982383824890098,0.20223118120613717,Card,0.30139619729179823,0,3
3620,23,Tier1,Startup,69283,18175,2,19,6,2,0.12781074945520304,0.071755554882058,UPI,0.2623298644689173,0,0
3621,54,Tier1,Gig,58015,10396,1,14,3,1,0.03975355148226108,0.17385516359460063,UPI,0.17919503576661208,1,48
3622,28,Tier1,SME,64347,13453,1,17,1,1,0.03823826995756791,0.23340335761516587,UPI,0.20906957589320405,0,4
3623,32,Tier2,Startup,33668,10034,1,9,14,0,0.022589181357919492,0.04043456677314665,UPI,0.2980278008791731,0,2
3624,35,Tier1,MNC,45313,12761,3,6,3,2,0.47761749665060144,0.1301004029092616,UPI,0.2816189614459427,0,1
3625,49,Tier1,Gig,74151,28878,2,19,6,3,0.35848755197235127,0.13242348758675535,NetBanking,0.38944855767285674,0,3
3626,46,Tier1,SME,76840,18713,2,14,17,3,0.20215835882326444,0.03743277893999326,UPI,0.2435320145757418,0,2
3627,47,Tier1,SME,61871,26734,2,12,7,3,0.23933155709114087,0.14939125770983294,UPI,0.4320925797223255,0,1
3628,29,Tier1,MNC,89579,21037,1,10,0,1,0.14524739983777024,0.11749642756429905,UPI,0.23484298775382623,0,1
3629,49,Tier2,MNC,70160,17497,2,17,4,2,0.07922531318541433,0.28386957803579616,Card,0.24938711516533638,0,1
3630,49,Tier1,Startup,55337,24060,1,15,3,1,0.239974411653668,0.14149249792791108,UPI,0.43479046569203245,0,6
3631,36,Tier1,MNC,35604,14317,1,18,10,1,0.056753064604651036,0.046387590068379184,Card,0.4021177395798225,0,0
3632,39,Tier2,MNC,88774,21757,3,23,7,6,0.040551760397606246,0.05371183580874221,UPI,0.2450830198030955,0,2
3633,22,Tier2,MNC,75406,20252,2,21,1,3,0.18838593673293755,0.25668860102322616,UPI,0.2685727926159722,1,112
3634,46,Tier1,Gig,95966,38643,3,11,5,1,0.22697722673662218,0.024246503401552228,UPI,0.40267386366004626,1,87
3635,53,Tier1,Startup,103336,18169,2,10,8,0,0.04494713229565374,0.09277668461308777,UPI,0.17582449485174576,0,0
3636,37,Tier1,Gig,34261,8167,1,8,9,2,0.14209711442651943,0.00312552022022433,UPI,0.23837599603047196,0,4
3637,39,Tier3,Gig,34313,10618,2,16,7,1,0.5477780617787767,0.05311295197603994,UPI,0.30944539970273655,0,2
3638,37,Tier1,Gig,15000,5980,1,20,17,3,0.10058730102970978,0.004986877845072547,UPI,0.39866666666666667,0,1
3639,23,Tier1,SME,78367,25029,2,10,8,2,0.24709648217716357,0.021725597345872368,NetBanking,0.3193818826802098,0,1
3640,42,Tier1,MNC,73129,21714,0,23,12,2,0.5780515399522964,0.14152761395427543,UPI,0.29692734756389394,0,2
3641,45,Tier1,SME,61955,27175,2,13,10,0,0.1751550952743609,0.08366068743193507,UPI,0.4386248083286256,0,2
3642,52,Tier1,MNC,35477,6560,2,20,7,2,0.011489175914724955,0.036389652428791136,Card,0.18490853228852497,0,1
3643,52,Tier1,Startup,58219,22357,0,11,0,2,0.13622306130068104,0.03263919836657638,Card,0.3840155275769079,0,1
3644,37,Tier2,MNC,63694,11981,1,8,12,2,0.10278412151279477,0.076775743219954,UPI,0.18810249003045812,0,1
3645,53,Tier2,MNC,75654,27980,1,15,15,3,0.44607338176788663,0.08723443205178409,Wallet,0.3698416475004626,0,2
3646,38,Tier2,Startup,65459,20483,1,15,15,2,0.359689782448418,0.12939650724294594,NetBanking,0.3129134267251257,0,1
3647,42,Tier2,MNC,73276,16809,2,14,14,4,0.5313855947698232,0.19304958955474122,UPI,0.22939297996615535,0,2
3648,41,Tier1,MNC,57517,18002,1,13,4,2,0.31139233177337694,0.15893522511067265,UPI,0.3129857259592816,0,2
3649,54,Tier3,MNC,83629,34607,1,17,8,1,0.18747424746198452,0.07232849538210565,UPI,0.4138157816068589,0,3
3650,46,Tier2,Startup,72634,21184,1,17,12,1,0.18854224231374273,0.11846781317165664,UPI,0.29165404631439823,0,5
3651,25,Tier2,MNC,36261,5510,1,8,13,3,0.14600958638120018,0.05401429084555315,Card,0.15195388985411323,0,2
3652,23,Tier2,MNC,87784,14658,1,18,11,0,0.3666133494374071,0.0128693527414192,UPI,0.16697803699990887,0,1
3653,34,Tier1,MNC,84511,28716,2,11,0,2,0.06551798874383089,0.08885421029693806,NetBanking,0.3397900864976157,0,2
3654,38,Tier1,Startup,69309,24492,2,20,13,2,0.24836644882955602,0.11870474513260301,UPI,0.35337402068995366,0,4
3655,43,Tier1,MNC,65614,17750,3,14,10,4,0.38104207912657917,0.01818390223646542,Card,0.27052153503825405,0,3
3656,37,Tier1,MNC,93172,20761,1,10,1,1,0.38781290379007394,0.2212374901309041,Card,0.22282445369853604,0,0
3657,38,Tier1,Gig,27333,9970,1,9,9,3,0.26188690602047693,0.10132929872037978,UPI,0.36476054586031537,0,3
3658,52,Tier1,Gig,84824,20463,0,23,13,2,0.10955905653298559,0.06892021634647054,NetBanking,0.2412406865981326,0,1
3659,32,Tier1,MNC,50475,8691,1,18,16,2,0.23988188063718605,0.15837533670982157,UPI,0.17218424962852896,0,2
3660,37,Tier3,MNC,81903,22349,0,9,14,0,0.05948310698947883,0.13492649663708045,UPI,0.2728715675860469,0,0
3661,39,Tier2,MNC,62407,19454,0,15,4,2,0.2655215575173359,0.16283687304624506,UPI,0.311727851042351,0,2
3662,36,Tier2,Startup,35141,15451,2,8,12,3,0.1161249378372317,0.09658626200652942,Card,0.43968583705642983,0,1
3663,53,Tier1,MNC,50069,16405,1,21,12,1,0.06606016423531298,0.1967829631913203,Card,0.32764784597255786,0,3
3664,53,Tier2,Gig,80434,17091,2,20,3,2,0.07814938143141306,0.12046876371361821,UPI,0.21248477012208766,1,60
3665,38,Tier3,Gig,55795,22298,2,20,14,1,0.07742365719986011,0.11212669520567377,UPI,0.399641544941303,0,2
3666,36,Tier2,SME,47570,11295,2,14,2,3,0.10107939109137372,0.11917771560731258,UPI,0.23743956274963213,0,2
3667,41,Tier2,MNC,47436,20766,1,8,13,0,0.32958951645767115,0.14452892982220503,Card,0.4377687832026309,0,1
3668,27,Tier1,Gig,72844,18035,2,14,13,4,0.20683751610266846,0.0064006625543366405,Card,0.247583877876009,0,1
3669,35,Tier1,Startup,95012,40176,1,15,17,4,0.25962263297751265,0.06778403664133756,UPI,0.42285185029259464,0,5
3670,28,Tier2,Startup,17182,7107,0,11,11,1,0.007088742601318382,0.0016966733114798232,Card,0.4136305435921313,0,1
3671,25,Tier3,MNC,116013,47472,1,12,1,1,0.08398504603395485,0.1529535917255289,UPI,0.4091955211915906,0,6
3672,24,Tier1,Startup,64074,10368,0,6,17,3,0.1480712708347773,0.0828383033868036,UPI,0.16181290382994662,0,1
3673,40,Tier1,Gig,71604,28996,1,15,6,0,0.21897576965623047,0.004818024775741281,UPI,0.40494944416513046,0,4
3674,21,Tier1,Gig,51274,18786,2,9,8,2,0.14294575687067904,0.1611600729609833,UPI,0.36638452237001207,0,3
3675,42,Tier1,SME,59929,14999,2,21,15,3,0.13831934154186834,0.030673291849380925,UPI,0.2502794974052629,0,2
3676,35,Tier3,SME,63850,18965,1,19,4,1,0.12798606495019715,0.0230857935281027,NetBanking,0.29702427564604544,0,2
3677,33,Tier2,SME,39018,13343,1,16,11,3,0.06112491603914697,0.37275489031623765,UPI,0.3419703726485212,0,1
3678,47,Tier1,Startup,43886,19005,1,10,13,0,0.15248779935570553,0.007771291348091216,UPI,0.43305382126418446,0,2
3679,39,Tier1,Gig,83691,32139,3,18,9,0,0.3825975345915066,0.08450271567672066,Card,0.3840197870738789,0,2
3680,45,Tier1,SME,28953,8064,1,23,13,3,0.42932444057383323,0.05684098540603298,UPI,0.2785203605843954,0,0
3681,45,Tier1,MNC,68820,23648,1,17,12,1,0.1316222611184103,0.001093619025735242,UPI,0.34362104039523395,0,1
3682,22,Tier2,MNC,52589,10820,0,20,9,2,0.059180595810538285,0.027745812672075904,Card,0.2057464488771416,0,4
3683,28,Tier2,Startup,40785,11304,2,22,1,3,0.1376923738694267,0.1841831119819657,UPI,0.2771607208532549,0,1
3684,40,Tier2,Gig,99438,38521,1,21,13,1,0.10149052739145885,0.12483992759353894,UPI,0.38738711558961364,0,5
3685,54,Tier1,MNC,40909,13580,0,8,14,5,0.09223968168655784,0.02162984352824091,UPI,0.3319562932362072,0,1
3686,26,Tier2,SME,37397,14396,1,21,5,2,0.21177544280955046,0.021341142702370308,Wallet,0.38495066449180415,0,2
3687,24,Tier2,Gig,56260,17043,2,19,14,5,0.2948191476195522,0.025519147487105532,UPI,0.3029328119445432,0,2
3688,52,Tier1,SME,44628,11783,1,18,3,3,0.1792106766398906,0.11252812005117897,UPI,0.26402706820829974,0,1
3689,53,Tier2,MNC,60127,22413,3,10,3,1,0.1478191665842015,0.07290466624664348,Card,0.3727609892394432,0,0
3690,26,Tier2,SME,63107,11241,2,14,2,3,0.06105904152088479,0.04195970685058427,UPI,0.17812603990048648,0,1
3691,34,Tier2,SME,64693,28696,2,22,9,0,0.27800067664068834,0.22766728709898834,UPI,0.44357194750591256,0,5
3692,42,Tier1,MNC,57522,24994,3,22,5,1,0.05499612352715974,0.09130151261782186,UPI,0.4345120127951045,0,3
3693,27,Tier1,Startup,45956,19030,2,8,12,1,0.05648425138133177,0.16385534056385706,Wallet,0.4140917399251458,0,2
3694,32,Tier1,SME,72868,30260,1,13,11,1,0.08726528384483227,0.17167287487530383,Card,0.41527144974474395,0,4
3695,34,Tier1,Startup,57766,17521,2,16,7,4,0.2867438119524234,0.20507000170832637,Card,0.3033099054807326,0,1
3696,42,Tier1,Startup,50087,14995,2,7,4,2,0.08777194274337695,0.11730279194283731,Card,0.2993790804001038,0,2
3697,31,Tier2,MNC,89599,35483,2,10,16,3,0.1870233287987407,0.06928650460327035,UPI,0.39602004486657216,0,2
3698,35,Tier1,MNC,57573,13528,2,16,15,2,0.11388257173784978,0.00344701424417985,UPI,0.23497125388637036,0,4
3699,30,Tier1,MNC,81839,33142,2,17,6,1,0.16849356901652005,0.05013634903850836,UPI,0.40496584757878273,0,1
3700,46,Tier3,MNC,84536,17774,3,7,4,1,0.0995870079827961,0.004857801446624844,Card,0.21025361975962903,0,2
3701,26,Tier2,Startup,85753,35478,1,13,14,2,0.028336355436869364,0.03268765524021163,UPI,0.41372313505066877,0,2
3702,28,Tier1,MNC,73823,23056,2,17,12,2,0.13744591386370567,0.05041226088523502,UPI,0.31231459030383485,0,1
3703,29,Tier2,Startup,59987,24172,2,23,8,1,0.21592408303150504,0.009093331446689033,Card,0.40295397336089483,0,3
3704,51,Tier1,MNC,58719,17494,2,23,9,2,0.14669059742832571,0.07181900333093069,UPI,0.2979274170200446,0,1
3705,53,Tier1,MNC,55117,18328,1,11,13,1,0.41681242874112356,0.04185330837957563,NetBanking,0.3325289837981022,0,0
3706,38,Tier2,MNC,16662,7131,1,18,3,2,0.2126759729652279,0.12051403953403539,UPI,0.427979834353619,0,2
3707,26,Tier1,SME,74376,20487,1,15,17,0,0.12173022787934284,0.030232267376937048,UPI,0.2754517586318167,0,1
3708,46,Tier1,Startup,64889,14021,0,9,10,0,0.19914652879100414,0.09895852109086231,UPI,0.21607668480019726,0,2
3709,37,Tier1,Gig,76510,13564,1,15,2,2,0.24604527115015806,0.16461673751874017,UPI,0.1772840151614168,0,2
3710,49,Tier2,MNC,57659,18854,1,8,17,2,0.06633127499763972,0.09545438689465852,UPI,0.32699144973031097,0,1
3711,33,Tier1,Startup,73296,24431,1,8,17,1,0.198346623724451,0.17343043449565562,UPI,0.33331969002401224,0,3
3712,54,Tier2,Startup,32449,10909,2,12,16,1,0.03415437837794841,0.11232214605126707,Card,0.33618909673641717,0,1
3713,48,Tier1,SME,36614,5900,1,10,12,4,0.5329132465930457,0.18828087816760491,UPI,0.16114054733162178,0,0
3714,28,Tier2,MNC,15000,2373,1,8,5,0,0.030508270224792886,0.07751335179097366,UPI,0.1582,1,38
3715,45,Tier1,MNC,57313,23992,2,6,9,2,0.05707443703825962,0.03045132151242824,UPI,0.41861357807129274,0,3
3716,30,Tier1,MNC,44549,15977,1,16,9,1,0.193553535662503,0.07602422386349172,UPI,0.35863880221778266,0,1
3717,32,Tier2,Gig,41932,7715,2,6,9,0,0.10075567293473003,0.06073250680904707,UPI,0.183988362110083,0,5
3718,29,Tier2,SME,66693,11497,2,20,2,1,0.024859738651085622,0.012271292532350197,UPI,0.1723869071716672,0,3
3719,44,Tier1,SME,51489,10223,1,7,5,4,0.3396140599792375,0.10042283412665545,Card,0.1985472625220921,0,0
3720,29,Tier1,Startup,31338,12286,1,17,8,1,0.22941664283812652,0.06029047581258246,UPI,0.3920479928521284,0,1
3721,42,Tier1,SME,110895,40690,1,8,9,4,0.31521082207493384,0.03777431805499186,UPI,0.36692366653140357,0,1
3722,40,Tier1,Startup,59259,20242,1,17,5,4,0.03478374346020984,0.17103404381371964,UPI,0.3415852444354444,0,4
3723,46,Tier2,MNC,38336,13120,2,8,13,1,0.1200037024378498,0.14639517579472788,Wallet,0.34223706176961605,0,2
3724,54,Tier1,SME,46603,18998,1,13,16,4,0.10332064142788047,0.14990293724915504,Card,0.40765615947471195,0,4
3725,21,Tier2,MNC,56537,14136,1,17,8,0,0.45951828134318456,0.13752780968664116,UPI,0.25003095318110263,0,2
3726,54,Tier1,MNC,56495,13935,1,9,11,2,0.12957070940566492,0.07673092668720648,UPI,0.2466589963713603,0,2
3727,24,Tier1,MNC,86043,23887,0,8,3,3,0.06760173370680479,0.19460583949010787,UPI,0.277617005450763,0,4
3728,38,Tier1,Startup,58411,26104,1,17,3,1,0.22510562652138655,0.11465492634903747,Card,0.44690212459981854,0,3
3729,32,Tier1,Startup,97104,30730,2,17,1,5,0.03200722184152627,0.06467113482534596,Wallet,0.31646482122260666,0,2
3730,42,Tier1,Startup,51351,16127,0,13,17,3,0.161263072696618,0.11395758212433459,UPI,0.3140542540554225,0,0
3731,45,Tier3,MNC,68528,26923,2,8,5,2,0.09027837428610774,0.024139628295522686,Card,0.39287590473966844,0,1
3732,50,Tier1,Gig,80439,16362,3,11,12,2,0.059964391145672466,0.01687384464311266,Card,0.20340879424159922,0,1
3733,34,Tier2,MNC,83903,22789,2,9,11,0,0.20188120788250966,0.12660911973032637,Card,0.27161126538979535,0,3
3734,52,Tier1,Gig,86237,29528,1,17,2,3,0.019800164235386993,0.11279522239173219,UPI,0.34240523209295315,0,6
3735,31,Tier1,Startup,54559,24355,1,11,2,2,0.1427330875621238,0.057953537011757705,NetBanking,0.44639747795964,0,0
3736,27,Tier1,SME,59890,11758,2,12,14,0,0.31577837607935316,0.19555508278579833,Card,0.1963265987644014,0,1
3737,33,Tier1,SME,15000,4284,2,10,14,1,0.2009837273618708,0.023892395392996427,UPI,0.2856,0,1
3738,38,Tier2,Startup,56079,23647,3,9,10,2,0.14413435870749328,0.03587128633352535,Card,0.4216729970220582,0,2
3739,43,Tier2,Startup,81825,30083,1,20,6,1,0.5145963348084153,0.04033652082738752,Card,0.3676504735716468,0,3
3740,49,Tier2,MNC,77936,26041,1,14,7,2,0.15861068324467123,0.08888144023574159,UPI,0.3341331348799015,0,0
3741,28,Tier2,Startup,58270,13235,1,16,14,0,0.0834325150233551,0.20848841912192453,Card,0.22713231508494938,0,4
3742,31,Tier1,MNC,93982,19375,3,11,3,2,0.16334655797812372,0.0888345599843169,Card,0.20615649805281863,0,1
3743,52,Tier1,SME,52319,13721,2,7,1,3,0.29866958575718044,0.15277852284935603,UPI,0.2622565416005658,0,2
3744,35,Tier2,Startup,45677,10347,2,19,5,2,0.31471598534949374,0.16865352437560635,UPI,0.22652538476695055,1,98
3745,29,Tier1,Gig,50636,19876,2,18,3,1,0.1794273381788377,0.4101764935960809,Card,0.3925270558495932,0,1
3746,54,Tier1,SME,37550,13751,3,6,3,4,0.19739074114454544,0.018946160311037102,NetBanking,0.36620505992010655,0,0
3747,36,Tier3,MNC,72447,29019,2,21,8,2,0.33447637735772945,0.008420356906730523,UPI,0.40055488840117603,1,30
3748,54,Tier3,SME,65769,13240,3,21,14,5,0.14139059160786405,0.16178632737854115,Card,0.20131064787361827,0,0
3749,52,Tier2,MNC,72199,17543,2,21,12,2,0.12193128978613041,0.02935566834918918,Card,0.24298120472582724,0,0
3750,51,Tier1,SME,51712,19679,2,14,4,0,0.20209708674827506,0.08344524341894792,UPI,0.38054996905940597,0,3
3751,40,Tier2,SME,58838,11712,3,18,7,2,0.16044370078439268,0.06994258719963298,UPI,0.19905503246201434,0,1
3752,48,Tier1,Startup,16431,3182,2,6,8,2,0.20582007635830918,0.06251879667842737,NetBanking,0.1936583287687907,0,0
3753,53,Tier1,MNC,67524,17888,2,16,7,5,0.16606778219657062,0.05215027143454426,UPI,0.2649132160417037,0,2
3754,30,Tier1,MNC,61976,12762,2,8,17,1,0.10388079585870133,0.05376924684304894,UPI,0.20591842003356137,0,3
3755,22,Tier3,SME,37989,6597,2,22,17,0,0.3404355436745435,0.2937454600807168,NetBanking,0.1736555318644871,0,3
3756,31,Tier3,MNC,57906,14119,2,23,17,2,0.06764507191606522,0.055734548044542254,UPI,0.24382620108451628,0,2
3757,42,Tier2,MNC,54843,22632,2,8,7,1,0.2574063765353844,0.01421446911662064,UPI,0.41266889119851213,0,2
3758,39,Tier1,SME,95286,15908,1,15,14,5,0.22720806957027112,0.12517142714668794,UPI,0.16695002413785864,0,1
3759,23,Tier1,SME,38777,12402,2,16,13,4,0.13105425682839902,0.01105431155739449,UPI,0.319828764473786,0,3
3760,40,Tier1,MNC,66628,21247,2,19,14,1,0.0983614452308226,0.1195588980951781,Card,0.31888995617458127,0,2
3761,26,Tier3,SME,38184,11808,2,14,2,0,0.35928574749011366,0.03084936289594146,NetBanking,0.3092394720301697,0,0
3762,38,Tier1,Gig,48842,14733,1,21,17,4,0.34171722996551224,0.11948199073904418,UPI,0.3016461242373367,0,1
3763,40,Tier1,SME,65536,10169,2,12,16,1,0.4444544217429624,0.07856906477333847,NetBanking,0.1551666259765625,0,2
3764,42,Tier2,MNC,55772,9159,2,11,14,1,0.031400394486017794,0.015509031815580415,UPI,0.1642221903464104,0,3
3765,35,Tier1,MNC,59880,18165,1,19,10,2,0.0590533297381516,0.035112773164739985,NetBanking,0.3033567134268537,0,4
3766,34,Tier2,MNC,66654,29360,2,15,8,0,0.028463101871058948,0.09601995311818233,NetBanking,0.4404836919014613,0,2
3767,44,Tier1,SME,50126,13653,2,7,4,4,0.28633383496532083,0.05350601162793355,UPI,0.2723736184814268,0,1
3768,46,Tier2,Startup,77682,22659,2,17,1,0,0.2394259678491059,0.10534470544571536,UPI,0.291689194407971,0,2
3769,48,Tier1,MNC,53890,23960,1,11,17,4,0.17514424544300827,0.13299220112790852,UPI,0.44460938949712375,0,0
3770,32,Tier1,MNC,58048,22274,1,21,3,2,0.24167690888143617,0.010608256722807694,Wallet,0.38371692392502754,0,3
3771,35,Tier1,SME,67226,25615,2,21,6,2,0.21664881862131674,0.006327341590132015,UPI,0.3810281736233005,0,1
3772,32,Tier1,SME,64540,19453,3,13,8,0,0.05823193544161204,0.018110438249324363,UPI,0.301409978308026,0,3
3773,38,Tier2,Gig,72884,30565,1,21,12,3,0.21314195775042735,0.1912710985655241,UPI,0.4193650183853795,1,85
3774,25,Tier1,MNC,66339,21517,3,23,4,3,0.2448748316692802,0.28092965065831127,UPI,0.32434917620102804,0,2
3775,35,Tier1,MNC,69380,24075,1,19,3,3,0.10707938146830491,0.00028985365803549476,Card,0.3470020178725858,0,0
3776,27,Tier2,SME,53492,20662,1,16,5,3,0.2538110520713357,0.007284797052056684,UPI,0.386263366484708,0,2
3777,39,Tier1,MNC,38624,10504,2,22,5,0,0.24907759614765188,0.07458583004060937,NetBanking,0.2719552609776305,0,1
3778,49,Tier2,MNC,31447,13710,0,21,1,2,0.10127635219731866,0.1752029625099394,UPI,0.4359716348141317,1,79
3779,54,Tier2,SME,26585,11867,1,14,7,2,0.16637676575187527,0.06059711161007291,NetBanking,0.44637953733308255,0,1
3780,36,Tier1,SME,95254,31066,3,7,9,4,0.15103495350481078,0.22668214849684526,UPI,0.3261385348646776,0,1
3781,22,Tier2,MNC,15744,3410,2,16,8,4,0.14891336832520566,0.020365818657290438,NetBanking,0.21659044715447154,0,1
3782,28,Tier1,Startup,83874,32079,1,14,6,1,0.580508063736985,0.04536944806228797,Card,0.38246655697832466,0,2
3783,24,Tier1,SME,43582,10749,1,12,16,4,0.2596497899844282,0.10930614563285358,Card,0.2466385204901106,0,3
3784,46,Tier1,MNC,83728,27055,2,9,4,1,0.2003317790331729,0.036501591327503594,UPI,0.32312965793999615,0,2
3785,54,Tier2,Gig,15949,2807,2,18,15,3,0.2121533104199244,0.11767805581099913,UPI,0.17599849520346103,0,4
3786,39,Tier2,MNC,55298,21688,1,22,10,1,0.12565514800353328,0.04951402298535688,NetBanking,0.39220224962928135,0,1
3787,27,Tier2,Gig,89080,38992,1,16,11,2,0.2128724548831251,0.052629049950128175,UPI,0.4377189043556354,0,3
3788,21,Tier3,Gig,74264,13238,2,10,4,3,0.04904071938018544,0.04250525791215939,UPI,0.17825595173973932,0,1
3789,54,Tier1,SME,53254,19676,2,6,17,1,0.04177297546864798,0.01935833949426837,Card,0.36947459345776845,0,4
3790,31,Tier3,MNC,21140,8630,3,18,8,3,0.39504053410776935,0.050534093550314525,Card,0.40823084200567644,0,2
3791,24,Tier2,Gig,33550,6134,1,8,9,1,0.16230141460001193,0.08592629155385277,NetBanking,0.18283159463487333,1,119
3792,27,Tier3,SME,87782,19666,2,7,4,2,0.2038358429066014,0.1067481734973085,Card,0.22403226173930874,0,1
3793,29,Tier3,MNC,53035,14190,3,9,8,3,0.34731754636129747,0.046441560916445544,Card,0.2675591590459131,0,0
3794,43,Tier3,SME,58563,23485,1,9,12,0,0.03024980885356242,0.08027826056884146,UPI,0.40102112255178185,0,3
3795,51,Tier1,SME,65670,19571,0,12,16,3,0.1285327033291827,0.0988198765101794,Card,0.2980204050555809,0,2
3796,30,Tier2,Gig,33943,6486,2,11,15,0,0.11484600567663714,0.11674572049435404,NetBanking,0.19108505435583184,0,4
3797,44,Tier2,Startup,68145,15462,3,9,2,2,0.31792728933313713,0.07487935867749466,NetBanking,0.22689852520360995,0,1
3798,23,Tier2,Gig,51607,14977,0,20,1,1,0.22830235633022625,0.13119994834872822,NetBanking,0.29021256806247214,0,1
3799,21,Tier1,Startup,65874,10657,1,20,17,1,0.45191797038143583,0.09473929915287403,Card,0.16177854692291344,0,2
3800,22,Tier3,Startup,48438,16434,2,10,14,2,0.06394626824382374,0.04691545569083208,UPI,0.3392790784095132,0,0
3801,52,Tier1,SME,28537,4497,2,12,2,2,0.1887165810414166,0.1683480115573717,UPI,0.1575848897921996,0,1
3802,40,Tier1,Gig,51452,19771,0,20,15,1,0.2530486924803041,0.05616338617692037,UPI,0.3842610588509679,0,6
3803,48,Tier2,Gig,72815,26952,1,23,13,2,0.37416624141370036,0.087369837652435,UPI,0.37014351438577214,0,2
3804,21,Tier1,Gig,67881,27806,1,20,17,2,0.3333619343267646,0.3400226873333177,UPI,0.4096286147817504,0,3
3805,21,Tier2,Startup,60618,11960,3,15,2,0,0.2085922820866638,0.041743109393130966,UPI,0.19730113167705962,0,2
3806,49,Tier1,SME,77962,25787,2,23,14,2,0.29081001358919484,0.23412596767776203,UPI,0.330763705394936,0,1
3807,24,Tier2,MNC,55928,21493,1,19,6,2,0.2390005139720779,0.025770626094943256,UPI,0.3842976684308397,0,1
3808,26,Tier2,Gig,61125,18626,2,18,9,0,0.09928404699256684,0.04603650904337656,UPI,0.304719836400818,1,117
3809,38,Tier1,MNC,50404,9538,2,6,4,1,0.11564061561569126,0.06499345012860418,Card,0.189231013411634,0,2
3810,41,Tier2,MNC,79132,14218,3,17,1,4,0.10174563338289108,0.034435385228497484,NetBanking,0.17967446797755648,0,1
3811,28,Tier1,SME,65830,21840,1,11,12,4,0.06179687664911608,0.08981744597613636,UPI,0.33176363360170136,0,1
3812,36,Tier2,SME,48860,14622,0,16,1,3,0.11862679101871075,0.03085434242601377,UPI,0.29926320098239867,0,2
3813,43,Tier3,SME,30219,12959,1,16,8,2,0.2315831023777562,0.05588736430487107,UPI,0.4288361626791092,0,2
3814,36,Tier1,MNC,82099,32852,1,7,3,3,0.29276980267969566,0.1256288327846775,UPI,0.4001510371624502,0,3
3815,34,Tier2,MNC,45118,16563,2,14,16,0,0.08766117062682993,0.23586316264484553,UPI,0.36710403829957,0,0
3816,23,Tier2,MNC,61441,27323,2,15,8,3,0.35802786710481643,0.012606034185874642,Card,0.4447030484529874,0,4
3817,36,Tier2,SME,107051,38365,1,6,3,1,0.1648122625809612,0.027315392023173065,UPI,0.3583805849548346,0,1
3818,48,Tier2,MNC,76030,13511,2,21,17,5,0.10952735973323457,0.025928188241303326,UPI,0.17770616861765093,0,2
3819,42,Tier1,Startup,92222,15979,2,22,12,1,0.13816981338022596,0.11902467090964361,Card,0.17326668257031944,0,0
3820,51,Tier2,MNC,49237,19436,2,6,3,2,0.28049785366882496,0.05851737837740874,UPI,0.3947437902390479,0,2
3821,25,Tier1,SME,81419,21023,1,8,6,2,0.08958064924215191,0.12464699018466532,Card,0.25820754369373244,0,2
3822,21,Tier1,SME,60533,25864,3,8,9,1,0.11917431525620785,0.017355448928290183,UPI,0.4272710752812515,0,2
3823,39,Tier3,SME,67320,12486,2,13,13,6,0.10017152395035177,0.10361942987032123,Card,0.18547237076648843,0,5
3824,27,Tier1,Gig,100416,21050,2,16,17,1,0.16314416778966914,0.15670684526806758,UPI,0.20962794773741236,0,4
3825,41,Tier2,MNC,54427,20788,2,10,15,1,0.10428525829752719,0.024992312211609625,UPI,0.3819427857497198,0,1
3826,51,Tier1,SME,60385,24410,2,21,0,0,0.30840641047694006,0.27061729355714814,UPI,0.404239463442908,0,3
3827,32,Tier2,Startup,41935,17200,0,11,8,1,0.11140593211941137,0.013647685218522207,NetBanking,0.41015857875283174,0,3
3828,39,Tier2,MNC,77769,13978,2,11,0,3,0.10718005291646791,0.14549154023956395,UPI,0.17973742750967608,0,1
3829,44,Tier1,Gig,48787,12906,1,16,5,3,0.11148396497874388,0.08252881632083826,UPI,0.26453768421915674,1,71
3830,26,Tier1,Gig,80454,27669,3,21,4,0,0.026107071169250762,0.1211737720756073,Card,0.3439108061749571,0,4
3831,51,Tier1,Startup,27001,11492,1,10,4,2,0.10210858619050803,0.0808352877909751,UPI,0.4256138661531054,0,3
3832,27,Tier3,Gig,70972,15734,1,12,4,4,0.18773701811261884,0.045371773839310826,UPI,0.22169306205264047,0,2
3833,48,Tier2,SME,47126,15556,2,12,7,3,0.14045798459899989,0.11803868603950618,UPI,0.33009379111318593,0,1
3834,43,Tier1,SME,74610,14403,2,14,8,2,0.1632552718206087,0.08141245435854937,UPI,0.19304382790510655,0,0
3835,25,Tier2,MNC,59728,22349,2,13,17,3,0.06568292990456395,0.015747895392030833,UPI,0.37417961425127244,0,3
3836,45,Tier1,MNC,49293,9279,2,23,7,2,0.2812126767059675,0.013039100653483791,UPI,0.18824173817783457,0,1
3837,27,Tier1,MNC,52268,23520,2,8,0,1,0.024054909439368093,0.11485706666029488,UPI,0.44998852070100254,0,3
3838,41,Tier1,SME,42992,7638,3,13,10,5,0.23195042567060897,0.07565821551534915,UPI,0.1776609601786379,0,4
3839,53,Tier1,SME,76755,27294,1,10,5,2,0.4958228306308319,0.09025334026864655,Wallet,0.35559898377955834,0,0
3840,53,Tier2,MNC,39027,14951,2,16,2,2,0.11753613015521248,0.03073290586198867,UPI,0.3830937556050939,0,2
3841,50,Tier3,Startup,54658,12429,2,20,12,6,0.272009762711449,0.03253153693154674,UPI,0.22739580665227413,0,3
3842,37,Tier3,MNC,66904,15150,1,22,12,2,0.09773625837003264,0.044339751093208486,UPI,0.2264438598589023,0,2
3843,40,Tier3,SME,92269,30342,1,13,6,4,0.2956072653958355,0.09515962894079785,UPI,0.328842839957082,0,0
3844,31,Tier1,MNC,59814,20285,0,10,3,1,0.24635436564990956,0.053297512584050605,UPI,0.3391346507506604,0,2
3845,52,Tier1,Startup,55149,20193,2,23,8,2,0.1994384138650955,0.15212601078712112,UPI,0.36615351139639885,0,3
3846,37,Tier2,SME,65472,21218,2,7,8,2,0.3525032386360688,0.08154140423358495,Wallet,0.32407746823069405,0,0
3847,47,Tier3,Startup,18530,3749,1,8,17,1,0.4003718427301778,0.08551413251246036,NetBanking,0.20232056125202375,0,3
3848,33,Tier2,MNC,36027,15392,1,23,0,3,0.12134032924411121,0.039192913049911994,UPI,0.4272351292086491,0,0
3849,46,Tier1,SME,52492,10497,0,21,3,1,0.17616368032583513,0.10489461507057443,UPI,0.19997332926922198,0,1
3850,28,Tier2,Gig,45740,14617,1,16,14,1,0.0250576286688811,0.17613068788335437,UPI,0.31956711849584607,0,1
3851,45,Tier2,MNC,27983,11920,1,11,17,4,0.11787842190282403,0.06275296219922653,Card,0.42597291212521887,0,0
3852,22,Tier3,SME,77155,32705,2,23,11,3,0.32722489920459175,0.06861652786733816,UPI,0.4238869807530296,1,98
3853,24,Tier2,MNC,65195,13063,3,23,5,4,0.25872939447737636,0.07848798995976848,Card,0.20036812639006057,0,2
3854,32,Tier1,MNC,62805,13916,2,21,3,1,0.14176378117721775,0.06143021970486319,Card,0.22157471538890217,0,2
3855,37,Tier1,SME,46120,15245,2,19,15,2,0.4766194060026297,0.040578240767841556,Card,0.33055073720728534,0,1
3856,45,Tier1,MNC,61587,15467,3,16,10,4,0.1323507681018294,0.030766125564861302,UPI,0.25114066280221475,0,3
3857,33,Tier1,SME,70288,25954,2,12,7,2,0.23163151175646762,0.11859495919397788,UPI,0.36925221944001824,0,1
3858,21,Tier3,Gig,54702,16778,2,14,7,0,0.1974804420300061,0.17630141220566517,UPI,0.30671639062557127,0,1
3859,32,Tier2,MNC,68891,15833,2,15,2,0,0.19553761704632858,0.13589986708079144,UPI,0.22982682788753248,0,4
3860,35,Tier1,MNC,44078,12047,2,14,14,2,0.19345832492598844,0.10461004598090773,UPI,0.27331094877263035,0,5
3861,39,Tier1,Gig,61949,22136,1,21,0,1,0.12739019649443378,0.1312420701627644,UPI,0.35732618767050317,1,34
3862,42,Tier2,SME,82849,31941,0,8,17,0,0.35914472715272844,0.0478821255598854,Card,0.38553271614624196,0,2
3863,29,Tier2,Gig,84640,22079,2,7,3,2,0.2746456101628339,0.1340887700076142,UPI,0.2608577504725898,0,5
3864,41,Tier1,SME,86551,15708,2,14,2,1,0.37777052462740485,0.13995779418451526,UPI,0.18148837101824358,1,98
3865,42,Tier3,Startup,65711,16820,2,9,1,5,0.07515505961306793,0.11368433688124313,UPI,0.2559693202051407,0,3
3866,47,Tier1,Gig,60632,20562,1,20,8,5,0.33306765889545625,0.11776722045317381,UPI,0.3391278532787967,0,1
3867,38,Tier1,MNC,51024,19284,2,21,1,4,0.4973554984574447,0.1972870990205246,Card,0.37793979303857006,0,2
3868,48,Tier1,Gig,23850,9871,2,23,4,2,0.11795083149773206,0.07059400296206408,UPI,0.4138784067085954,0,2
3869,28,Tier2,Startup,33102,14517,2,12,14,1,0.16023258385576816,0.031578874556754136,Card,0.43855356171832516,0,6
3870,45,Tier2,Gig,56638,17490,1,23,13,1,0.3416806706327044,0.06922072500787825,UPI,0.30880327695186977,0,2
3871,22,Tier3,MNC,57834,23946,1,7,6,0,0.1178281103527614,0.08659920201467045,Card,0.41404710032161013,0,1
3872,24,Tier1,SME,88244,20174,1,23,0,3,0.21859005376866364,0.08472062414632406,UPI,0.22861610987715877,0,3
3873,50,Tier3,MNC,86295,27432,3,10,2,3,0.019983757816139255,0.03547750362276926,UPI,0.31788632018077523,0,1
3874,37,Tier2,Gig,46270,14427,1,6,9,2,0.11409792750632478,0.12182565951372851,UPI,0.3118003025718608,0,1
3875,42,Tier1,MNC,76366,29065,2,20,8,3,0.08886146434523444,0.19133673496243797,UPI,0.380601314721211,0,3
3876,41,Tier1,MNC,50458,19271,1,15,15,1,0.051910382774057136,0.0812412496066671,UPI,0.38192159816084664,0,3
3877,44,Tier1,Gig,73652,17352,3,13,8,1,0.18646584601723581,0.34730020701391734,UPI,0.2355944169879976,0,3
3878,29,Tier3,SME,76120,31647,1,9,7,4,0.09457734583086595,0.02512781010707862,UPI,0.4157514450867052,0,4
3879,27,Tier1,SME,84841,35416,2,13,11,2,0.1844773399607496,0.0941278219870144,UPI,0.4174396812861706,0,0
3880,22,Tier1,MNC,50147,21787,2,17,15,1,0.25288437516292983,0.06860957226653353,UPI,0.43446267972161845,0,1
3881,50,Tier2,Startup,80286,23065,2,8,14,4,0.16993378413810534,0.12391624406123779,UPI,0.2872854545001619,0,2
3882,28,Tier3,MNC,22543,10059,2,23,2,4,0.2319998581646588,0.03422864613178215,UPI,0.4462139023200106,0,0
3883,40,Tier2,SME,85924,33121,0,19,7,1,0.21622388302782802,0.1172074041910368,Wallet,0.38546855360551185,0,3
3884,36,Tier2,SME,59499,20584,1,21,16,2,0.2853377970520418,0.22890032373264702,UPI,0.345955394208306,0,1
3885,26,Tier1,SME,59925,16759,1,6,14,0,0.13285604896628866,0.0585672129732187,UPI,0.2796662494785148,0,2
3886,35,Tier3,MNC,19251,7752,2,21,14,1,0.3751804321159978,0.2001894264600812,UPI,0.40268038023998753,0,4
3887,23,Tier1,MNC,52226,19806,2,21,2,1,0.08435169389078816,0.014558401564051488,UPI,0.37923639566499445,0,3
3888,27,Tier1,Startup,87109,28368,1,12,7,3,0.1095438435538405,0.09217844931038094,UPI,0.32566095351800617,0,2
3889,25,Tier3,MNC,51465,23115,2,16,14,2,0.04866010401967655,0.025132880643755094,UPI,0.44914019236374236,0,1
3890,49,Tier1,MNC,74269,16698,1,15,2,0,0.3810201109100639,0.05078903337134171,UPI,0.22483135628593356,0,2
3891,40,Tier1,SME,60691,20788,1,20,12,2,0.13508041508042937,0.04209889841098119,Card,0.3425219554793956,0,0
3892,52,Tier2,SME,81253,20015,1,11,9,2,0.2206159811703644,0.22393003757531807,Card,0.2463293663003212,0,2
3893,35,Tier1,Startup,63830,18341,2,22,13,1,0.31217437301516465,0.041976132783884484,UPI,0.2873413755287482,0,2
3894,27,Tier1,SME,41363,10410,0,15,12,2,0.16674891612780746,0.09817180497803239,UPI,0.25167420158112325,0,4
3895,41,Tier2,Gig,61129,15304,3,6,1,2,0.1145906587972615,0.03033689423041871,UPI,0.25035580493710025,0,2
3896,52,Tier2,Startup,92024,24206,2,11,2,1,0.0203370129759554,0.17585106490668703,Card,0.2630400765017821,0,0
3897,39,Tier2,Gig,69952,11682,2,8,6,2,0.26850145315461044,0.05736391755027522,NetBanking,0.1670002287282708,0,2
3898,21,Tier1,Startup,57671,9340,1,20,16,0,0.1941951810978037,0.12544008391994624,Card,0.16195314802933883,0,0
3899,31,Tier2,MNC,105114,38626,2,13,16,0,0.0911111931275505,0.007886755901392723,UPI,0.3674677017333562,0,0
3900,52,Tier2,Gig,83184,20236,2,14,13,0,0.09766031751171808,0.013797539843149624,Card,0.2432679361415657,0,1
3901,38,Tier1,Startup,76334,11935,2,12,4,2,0.07042316619670455,0.18836908720914006,UPI,0.15635234626771818,0,3
3902,53,Tier1,SME,66346,11573,1,18,17,2,0.16261085701102965,0.046168195146341684,Card,0.17443402767310764,0,1
3903,38,Tier1,MNC,74605,15574,1,23,12,3,0.29437317990436696,0.03474955836931601,Card,0.2087527645600161,0,3
3904,21,Tier2,MNC,75254,12376,1,21,5,2,0.19309480274727334,0.12547465687364434,UPI,0.1644563744119914,0,1
3905,50,Tier1,Startup,16343,7090,1,23,12,1,0.2205783668665589,0.08086064795175285,UPI,0.43382487915315426,0,0
3906,46,Tier2,SME,67898,21761,2,11,7,0,0.026008054192689943,0.03849829942230814,UPI,0.32049544905593685,0,0
3907,45,Tier3,Startup,56783,15229,1,17,8,2,0.4669845659615331,0.04043969191547273,Card,0.2681964672525228,0,3
3908,53,Tier1,SME,50004,15491,2,17,4,2,0.19905638380268387,0.03555148511484658,UPI,0.30979521638268936,0,0
3909,27,Tier2,SME,56091,10312,1,11,11,0,0.3422798120166102,0.2377112969639234,UPI,0.1838441104633542,0,1
3910,51,Tier1,MNC,28883,10413,2,21,4,0,0.33347822328022986,0.09911076370046046,UPI,0.3605234913270782,0,1
3911,28,Tier1,MNC,23907,10540,3,22,16,3,0.08063708251079968,0.04564168213189854,Card,0.4408750575145355,0,4
3912,54,Tier2,MNC,84930,16068,1,23,2,0,0.3218181727334122,0.057539432229796066,UPI,0.1891910985517485,0,1
3913,27,Tier1,Gig,69243,13556,1,23,4,2,0.17145245596001962,0.3296083943590767,UPI,0.1957743020955187,1,65
3914,39,Tier3,SME,15000,5078,2,8,2,2,0.0815645324298017,0.06310966516613568,Card,0.33853333333333335,0,3
3915,47,Tier2,Gig,48472,9480,1,8,4,3,0.13041022040914582,0.09933989712337886,UPI,0.19557682785938274,0,3
3916,23,Tier1,Startup,77611,14576,2,18,12,2,0.2265382597921518,0.07978410201357483,Card,0.18780842921750782,0,1
3917,23,Tier1,Startup,54399,19101,2,19,17,3,0.21508473182674911,0.03252748107824258,UPI,0.35112777808415596,0,2
3918,49,Tier1,SME,84900,28492,2,13,2,2,0.33471778976285566,0.13327086942651928,Card,0.33559481743227326,0,1
3919,23,Tier3,Gig,80995,17439,3,8,4,3,0.0636290459394976,0.12134981834465275,UPI,0.21530958701154393,0,3
3920,41,Tier2,Gig,32865,13045,1,11,2,4,0.20878794158512232,0.05867656448242662,UPI,0.39692682184694966,0,2
3921,52,Tier1,Startup,57133,10373,1,8,14,2,0.22894302826419174,0.08949572043322238,Card,0.1815588188962596,0,0
3922,41,Tier2,MNC,51038,12747,1,8,9,2,0.11074623774698307,0.058565411080060144,Card,0.2497550844468827,0,1
3923,37,Tier2,Startup,32215,11973,2,9,6,1,0.0376477998490574,0.03425087690855546,UPI,0.3716591649852553,0,3
3924,35,Tier2,MNC,30914,10330,1,16,12,2,0.1323254147035428,0.13706146534582633,Card,0.33415281102413147,0,1
3925,42,Tier1,MNC,43879,14481,0,15,1,1,0.04611059397221368,0.051773970594493963,UPI,0.3300211946489209,0,3
3926,40,Tier1,Startup,47181,16790,3,12,14,4,0.46600880105655984,0.05563707066135037,Card,0.35586358915665206,0,0
3927,38,Tier1,Gig,65664,22584,1,15,1,0,0.15778143377152992,0.04812106087152209,UPI,0.3439327485380117,0,4
3928,26,Tier1,MNC,80884,33346,1,18,10,3,0.13617805690499413,0.09539230925425182,UPI,0.41226942287720686,0,1
3929,43,Tier1,MNC,70272,22531,1,7,0,0,0.5650662413273948,0.17679823251862664,UPI,0.3206255692167577,1,50
3930,46,Tier1,Gig,75007,20280,1,11,3,2,0.08616415926313496,0.07306263423312752,Card,0.2703747650219313,0,0
3931,45,Tier1,MNC,54667,20763,0,9,11,2,0.2614727657334318,0.02473374141587479,Card,0.37980865970329447,0,1
3932,23,Tier1,MNC,72060,16413,1,6,10,2,0.4609821979471286,0.10486884289051963,Card,0.22776852622814323,1,31
3933,44,Tier1,Startup,57032,21551,1,8,8,2,0.12678130446303607,0.03588030809178593,Wallet,0.3778755786225277,0,2
3934,45,Tier3,Gig,51170,11973,2,19,11,1,0.03134833737465061,0.05986728552030297,UPI,0.233984756693375,0,3
3935,27,Tier2,SME,97942,28806,1,21,15,2,0.09845157888455469,0.07224166755342719,Card,0.29411284229441914,0,0
3936,49,Tier1,SME,15000,5576,2,8,4,1,0.03927935825677199,0.05351904382433833,UPI,0.37173333333333336,0,1
3937,38,Tier2,SME,22533,7622,2,19,17,2,0.23707496797440208,0.16890017815851988,UPI,0.33825944170771755,0,2
3938,37,Tier1,MNC,67653,11887,2,10,2,1,0.08447250731470715,0.06336805551831473,UPI,0.175705438044137,0,2
3939,45,Tier3,Startup,54700,15533,3,8,17,3,0.24258275791796416,0.00647151055353258,NetBanking,0.2839670932358318,0,1
3940,38,Tier2,Gig,31260,12302,1,10,16,1,0.04903957029735367,0.12931123649809623,NetBanking,0.39353806781829814,0,5
3941,39,Tier1,SME,38907,17470,1,22,7,3,0.19242693847274603,0.04714527235962946,Wallet,0.44901945665304444,0,0
3942,31,Tier3,MNC,41511,12039,0,12,1,2,0.264140740424777,0.11494817001580354,Card,0.2900195129001951,0,1
3943,52,Tier2,MNC,77846,13683,1,19,7,0,0.03781724303400799,0.017714943612588376,Card,0.17577011021760913,0,0
3944,53,Tier2,MNC,84248,21892,2,14,4,4,0.019093624393403126,0.07547362312816192,UPI,0.25985186591966575,0,2
3945,25,Tier1,MNC,92791,27556,2,13,10,4,0.20526122267037394,0.19193758772608877,UPI,0.29696845599249927,0,0
3946,45,Tier1,MNC,28219,4854,1,20,4,2,0.08047952407339377,0.05406174389788177,UPI,0.17201176512278962,0,2
3947,21,Tier2,Startup,32657,13365,1,23,1,3,0.28150265198233243,0.06889944716489914,NetBanking,0.4092537587653489,0,1
3948,33,Tier1,MNC,31287,9750,2,17,16,1,0.16795402862108758,0.2501633087203783,UPI,0.3116310288618276,0,3
3949,53,Tier2,Startup,85777,23574,2,21,15,3,0.11614216659191869,0.03474294618354062,UPI,0.2748289168425102,0,2
3950,26,Tier2,SME,68344,18395,1,8,9,1,0.2178122399002068,0.16095490054313602,UPI,0.26915310780756174,0,1
3951,33,Tier1,Gig,61603,9763,2,22,15,2,0.13435748454292037,0.23576996558113,Card,0.1584825414346704,0,3
3952,28,Tier1,Gig,64592,19743,2,9,17,2,0.10713729555407128,0.11628653907544499,Wallet,0.30565704731236065,0,3
3953,45,Tier1,SME,58864,17227,1,9,16,2,0.17658584405090283,0.030123560876010112,Card,0.2926576515357434,0,1
3954,36,Tier1,MNC,37577,9535,1,21,14,2,0.12688088012714854,0.2744057114534544,Card,0.2537456422811826,0,0
3955,41,Tier2,Startup,70263,24423,2,14,0,0,0.3415401192804452,0.1872174050458758,Card,0.3475940395371675,0,4
3956,53,Tier2,MNC,56277,15381,1,10,13,6,0.12112862493255987,0.00781087790037619,Card,0.2733088117703502,0,1
3957,38,Tier1,MNC,35993,11572,3,6,16,4,0.030155076502686437,0.07214288778773058,UPI,0.32150695968660575,0,1
3958,45,Tier2,MNC,71485,29702,2,9,3,1,0.18434465179826914,0.19313960142004874,UPI,0.4154997551933972,0,6
3959,24,Tier2,Gig,51484,13342,2,20,1,1,0.06280481487984894,0.0696056407616879,Card,0.25914847331209695,0,3
3960,28,Tier2,MNC,64549,17388,2,6,6,4,0.3166962143090506,0.026126539429039593,NetBanking,0.26937675254457855,0,2
3961,53,Tier1,SME,57500,23561,3,22,14,2,0.1508110914252533,0.02928757580703793,UPI,0.4097565217391304,0,1
3962,50,Tier2,SME,77827,20034,0,19,14,2,0.0067581614303008596,0.024700570774740967,UPI,0.2574170917547895,0,1
3963,43,Tier2,Startup,64403,18149,0,9,10,3,0.19941130102229723,0.20070181681410326,NetBanking,0.28180364268745245,0,2
3964,33,Tier1,MNC,42325,16517,2,19,17,2,0.11417119871654194,0.2319146046508643,UPI,0.39024217365623154,0,3
3965,27,Tier2,Gig,66440,21763,1,15,2,0,0.05318998852412937,0.14117589272598996,UPI,0.32755869957856715,0,2
3966,49,Tier3,Startup,67093,28861,2,12,15,0,0.2631353012655996,0.05630992227607272,Wallet,0.4301641005768113,0,3
3967,47,Tier1,SME,70226,20449,2,15,15,5,0.32788258614035765,0.06570467975662628,Card,0.2911884487226953,0,2
3968,29,Tier2,SME,80717,23707,1,6,17,2,0.5744883472070826,0.10693261732973437,UPI,0.29370516743684727,0,1
3969,41,Tier3,Gig,47680,7766,1,21,5,3,0.12737397981780288,0.012167690986587482,NetBanking,0.1628775167785235,0,1
3970,42,Tier3,Startup,73358,15345,2,20,11,0,0.021659645816970517,0.10270976793808956,UPI,0.20917963957577906,0,0
3971,37,Tier1,SME,25503,7956,1,9,4,2,0.35002952787938624,0.1959015096566176,Card,0.31196329843547815,1,96
3972,52,Tier2,SME,57600,11873,1,7,8,2,0.22865126573806377,0.16363816942033857,UPI,0.20612847222222222,1,45
3973,25,Tier3,MNC,54506,15592,1,13,17,1,0.1890406138839675,0.03754714377546067,UPI,0.28606025024767917,0,4
3974,29,Tier2,MNC,88956,20904,1,14,9,3,0.1408618409282564,0.06022386897196343,UPI,0.23499258060164577,0,4
3975,24,Tier1,MNC,56873,8886,2,19,13,1,0.04805019849274274,0.0519104924317111,UPI,0.15624285689167092,0,2
3976,44,Tier1,MNC,72159,21108,3,21,8,1,0.5210883352950701,0.07002804453391094,Card,0.2925206834906249,0,1
3977,42,Tier2,MNC,24764,8515,2,7,0,5,0.04450345308258732,0.11408608516445504,Card,0.3438459053464707,0,3
3978,54,Tier1,Gig,52964,13318,2,10,2,2,0.16644722913289556,0.07379133925037601,UPI,0.2514538176874858,0,1
3979,39,Tier1,Startup,43072,16494,1,16,12,3,0.12851420759792204,0.10538376880134843,NetBanking,0.38294019316493316,0,3
3980,26,Tier1,Gig,109510,21224,3,12,5,2,0.35353818285923405,0.10036405986124923,UPI,0.19380878458588258,0,3
3981,36,Tier2,Startup,46664,8277,2,23,5,3,0.2197252102474379,0.03655275468288486,UPI,0.17737442139550832,0,2
3982,24,Tier1,Startup,61465,26457,2,17,1,4,0.1897481093870488,0.03955740480627668,UPI,0.43044008785487675,0,3
3983,43,Tier3,MNC,62531,26669,1,11,14,3,0.1092404207979082,0.034101093980867546,UPI,0.42649245973996897,0,3
3984,43,Tier2,Startup,28210,7672,1,18,1,3,0.46964436470603427,0.05698309817440445,NetBanking,0.2719602977667494,1,73
3985,50,Tier3,MNC,49479,13655,1,13,9,1,0.21621338200963253,0.11078986952989746,UPI,0.2759756664443501,0,1
3986,32,Tier3,SME,68095,27599,1,14,5,4,0.189138526983437,0.05857057160035623,UPI,0.40530141713782214,1,36
3987,31,Tier1,Gig,61714,19079,0,18,16,2,0.07401715525103807,0.07489324028335437,UPI,0.3091518942217325,0,3
3988,23,Tier2,Gig,15000,2777,2,13,11,2,0.539324249310975,0.07607970689009741,Card,0.18513333333333334,0,0
3989,35,Tier1,MNC,48660,8975,1,18,1,2,0.26838692870695746,0.01899386354915842,UPI,0.18444307439375257,0,2
3990,37,Tier3,Startup,80416,15225,1,13,11,0,0.1355348949423189,0.20828999027682693,UPI,0.18932799442896936,0,4
3991,46,Tier1,MNC,71764,27573,2,16,2,2,0.28114014054872055,0.06335538218609761,UPI,0.38421771361685525,0,2
3992,46,Tier2,MNC,84360,27886,3,14,10,0,0.3343485614582384,0.10052166133475683,Card,0.33055950687529634,0,4
3993,25,Tier2,MNC,40287,9666,1,16,4,2,0.09668140229608217,0.03929288574593828,Wallet,0.23992851291980044,0,1
3994,30,Tier1,MNC,85618,17005,1,12,13,0,0.4881169499792712,0.10805407248636477,UPI,0.19861477726646265,0,4
3995,38,Tier2,Startup,59111,11056,2,8,8,0,0.4231148833278326,0.09512209823427005,UPI,0.18703794556004805,0,0
3996,32,Tier1,SME,91844,34204,3,10,7,2,0.24419515140808262,0.04817427756489107,UPI,0.3724140934628283,0,2
3997,21,Tier1,MNC,60066,24972,2,12,15,1,0.5057947654948902,0.02470985967949598,UPI,0.4157426830486465,0,3
3998,49,Tier1,Gig,19050,5892,1,11,7,4,0.2646208387449281,0.3841043202407389,Card,0.30929133858267716,0,1
3999,45,Tier1,SME,76985,29393,2,13,4,2,0.08322133448110036,0.07756503456589842,UPI,0.381801649672014,0,3
4000,38,Tier2,SME,51129,12012,2,14,9,0,0.1861080661211381,0.007169478035085764,UPI,0.2349351639969489,0,2
4001,31,Tier3,SME,52475,17091,1,10,14,6,0.13655405878500726,0.07676717932167389,UPI,0.3256979514054312,0,3
4002,49,Tier1,SME,30938,8706,1,12,1,6,0.21271646498071486,0.34036774488006566,UPI,0.281401512702825,0,3
4003,22,Tier2,SME,92443,16298,2,11,5,0,0.12285706828315789,0.06892796288068584,UPI,0.17630323550728558,0,3
4004,36,Tier3,Startup,49577,14685,2,16,10,1,0.21853937171870413,0.045165259428964905,Card,0.2962059019303306,0,3
4005,48,Tier2,Gig,91500,36969,1,14,4,0,0.2594926813229185,0.03787315401747761,Card,0.4040327868852459,0,2
4006,53,Tier1,SME,51375,8504,2,17,13,2,0.30260142160273046,0.11385032431077628,NetBanking,0.1655279805352798,0,0
4007,29,Tier3,SME,41445,12148,2,13,1,0,0.3583175391111841,0.1630551851368159,UPI,0.29311135239474,0,4
4008,43,Tier1,MNC,86390,35590,1,23,4,5,0.1274297511815282,0.008167554485638676,UPI,0.4119689778909596,1,108
4009,27,Tier2,Gig,58533,22653,1,14,10,3,0.07923273904795954,0.052443543408411744,UPI,0.3870124545128389,0,1
4010,24,Tier2,SME,58728,17502,1,17,15,4,0.011054047892898213,0.16197356231931964,UPI,0.2980179812014712,0,2
4011,33,Tier2,MNC,34367,6921,3,13,6,3,0.0028378507398056823,0.055785694935315516,UPI,0.20138504961154596,0,1
4012,51,Tier1,Gig,50847,20570,1,19,4,2,0.056552601933104116,0.07210622383398858,UPI,0.40454697425610164,0,2
4013,44,Tier1,SME,68573,13436,2,16,16,1,0.38593369883414985,0.1908304091980779,Card,0.1959371764397066,0,2
4014,37,Tier2,MNC,34016,7927,2,7,9,3,0.28337096045435634,0.10451258550633238,Card,0.23303739416745062,0,1
4015,30,Tier1,MNC,49218,9217,2,19,3,0,0.19188708229876553,0.06666647516704083,UPI,0.1872688853671421,0,3
4016,25,Tier1,SME,51591,14842,3,19,15,0,0.037953872624433165,0.11010976661107941,Card,0.28768583667693975,0,1
4017,30,Tier2,Gig,61328,20775,3,13,0,2,0.16866935262939484,0.09455575475465984,UPI,0.3387522828072006,0,1
4018,26,Tier2,SME,89591,35669,2,15,13,0,0.35430895760879777,0.13592873519476242,UPI,0.39813150874529807,0,1
4019,27,Tier1,MNC,54000,15573,1,6,16,0,0.06139025082155215,0.07057218434524694,Card,0.28838888888888886,0,0
4020,44,Tier1,SME,46189,20379,1,21,10,3,0.2830399316318708,0.09800568846741466,Card,0.4412089458529087,0,2
4021,25,Tier3,SME,114927,37783,1,20,16,2,0.12449102804382348,0.11165707139969078,UPI,0.3287565150051772,0,1
4022,22,Tier1,MNC,51336,17008,2,23,11,1,0.08794777533687811,0.07743774148520474,UPI,0.33130746454729626,0,3
4023,39,Tier1,Gig,56186,11382,1,16,10,3,0.023701351799173785,0.05507303340088966,UPI,0.2025771544512868,0,3
4024,30,Tier1,MNC,52843,10940,1,10,1,2,0.2186485100417797,0.02300170272891832,UPI,0.2070283670495619,0,2
4025,36,Tier1,Gig,54464,17591,0,11,3,2,0.24551471876802755,0.10880934923308277,Wallet,0.3229839894242068,0,0
4026,25,Tier3,Startup,61555,22545,2,22,12,3,0.1360947705050134,0.06932423094244702,UPI,0.3662578182113557,0,2
4027,28,Tier1,MNC,78415,16577,1,6,12,4,0.26348388177025045,0.1049345807581914,Card,0.21140087993368617,0,5
4028,35,Tier1,Startup,68079,20097,1,18,11,2,0.5119221701626022,0.15390092912223258,UPI,0.2952011633543383,0,2
4029,44,Tier2,Startup,81541,20944,2,7,3,0,0.16446456354295055,0.040882851574565525,Card,0.25685238101077984,0,2
4030,35,Tier1,Startup,80880,22778,2,19,1,1,0.14432938869506676,0.042295936246440895,UPI,0.2816271018793274,0,3
4031,39,Tier1,SME,64171,13901,2,16,1,1,0.3936388945803919,0.056012335439693535,UPI,0.21662433186330274,0,2
4032,38,Tier3,MNC,67526,12979,2,14,2,2,0.05389304793146811,0.3035200588722618,UPI,0.19220744602079198,0,1
4033,30,Tier2,MNC,82174,20227,2,18,3,2,0.5239640088059824,0.04243590615792003,NetBanking,0.24614841677416213,1,90
4034,30,Tier1,Startup,37775,15513,1,12,17,1,0.06934993750938917,0.0675390323890419,UPI,0.41066843150231636,0,1
4035,35,Tier1,MNC,109964,43058,1,16,14,4,0.05665913318887143,0.186388959098372,UPI,0.39156451202211634,0,0
4036,22,Tier1,MNC,49748,8979,2,20,3,4,0.13677378392299763,0.05048958416174794,UPI,0.1804896679263488,0,5
4037,44,Tier1,SME,52980,9342,1,14,5,0,0.19223830299945402,0.04693931698824591,UPI,0.17633069082672706,0,5
4038,41,Tier2,MNC,35761,10652,2,6,16,5,0.09323306923106393,0.04209894905317397,Card,0.2978663907608848,0,4
4039,31,Tier2,Startup,36356,8478,3,23,8,1,0.05625182908009926,0.028768601591675377,NetBanking,0.23319397073385412,0,3
4040,33,Tier2,Gig,79480,31555,1,15,4,0,0.19656436917204556,0.06338333618873071,UPI,0.3970181177654756,0,0
4041,32,Tier3,Gig,105403,31183,2,13,5,2,0.5974671439783686,0.20300582581442994,NetBanking,0.2958454692940429,0,3
4042,43,Tier1,MNC,48655,19744,1,7,7,2,0.07528390760001025,0.09750185889722958,Card,0.40579590997841947,0,1
4043,46,Tier3,SME,66946,12214,1,7,9,2,0.14799690336273288,0.02769849020117845,UPI,0.18244555313237534,0,1
4044,24,Tier2,Gig,64403,28403,1,10,9,2,0.10138754887479223,0.036517650631873726,UPI,0.4410198282688695,0,2
4045,35,Tier1,SME,80004,30411,2,22,9,0,0.26514275435487195,0.04401007436829959,UPI,0.38011849407529624,0,3
4046,21,Tier2,Startup,104374,38572,3,19,11,2,0.1377121255702951,0.02109820310471988,UPI,0.36955563646118766,0,4
4047,36,Tier1,SME,90419,39066,1,13,5,3,0.18198444932954205,0.022900467590598356,UPI,0.43205520963514304,0,1
4048,29,Tier2,SME,55226,16075,2,19,8,2,0.20619113380079318,0.08497806347461284,Card,0.29107666678738275,0,3
4049,32,Tier2,MNC,70575,13738,1,13,14,2,0.08599363690000754,0.25405506205028267,Wallet,0.1946581650726178,0,2
4050,36,Tier1,Startup,72561,21700,1,22,6,5,0.13661905589046905,0.05880077117859104,UPI,0.29905872300547126,0,0
4051,32,Tier3,MNC,59598,23515,2,11,17,1,0.2329965962591589,0.175228306801497,UPI,0.3945602201416155,0,4
4052,34,Tier1,Gig,38081,15531,2,18,8,0,0.29423257537845227,0.04824187422547203,UPI,0.4078411806412647,0,0
4053,47,Tier2,SME,44024,13055,2,13,6,3,0.08642028389506809,0.10474491182066348,UPI,0.2965427948391786,0,2
4054,48,Tier1,MNC,82963,30670,3,18,12,3,0.2309797107812362,0.11394808156562786,UPI,0.3696828706772899,0,3
4055,21,Tier1,Startup,85026,19053,1,9,7,1,0.24636811682962176,0.02379027221365945,UPI,0.22408439771364053,0,1
4056,33,Tier1,SME,55848,12239,2,23,7,4,0.4086946096559413,0.12625548739571843,Wallet,0.21914840280762068,0,3
4057,49,Tier3,MNC,65221,21254,1,11,6,2,0.17836899973937173,0.21717471445020692,UPI,0.32587663482620627,1,106
4058,39,Tier1,Gig,83945,23212,2,15,9,0,0.2210347674473947,0.018245622443012824,UPI,0.2765143844183692,0,2
4059,27,Tier3,Startup,25914,5139,0,18,0,0,0.2420835461837442,0.061583943292454126,UPI,0.19830979393378098,0,1
4060,41,Tier1,SME,51072,19326,1,17,6,6,0.29950311476134933,0.09160736982166785,UPI,0.37840695488721804,0,1
4061,25,Tier1,Gig,100357,31074,2,15,13,0,0.36727084276364586,0.021669123038921455,UPI,0.3096346044620704,0,5
4062,21,Tier1,SME,65986,20199,1,21,5,1,0.06545347436902725,0.03516463523393071,NetBanking,0.3061103870517989,0,3
4063,42,Tier1,SME,37415,7737,2,23,9,0,0.080985080644633,0.1006840716992198,UPI,0.20678872110116264,0,3
4064,38,Tier3,MNC,62345,13861,3,19,5,4,0.14190498436330687,0.062420787631583534,UPI,0.22232737188226803,0,0
4065,46,Tier1,MNC,80428,28778,1,9,16,5,0.15844353182842957,0.13160286918818254,UPI,0.3578107126871239,0,2
4066,32,Tier2,SME,15000,6083,2,19,4,5,0.2186450277808068,0.05957470678851703,UPI,0.40553333333333336,0,3
4067,50,Tier2,SME,63525,12905,3,15,13,0,0.16056166963076582,0.23092833198075108,Card,0.20314836678473042,0,2
4068,35,Tier2,Startup,52551,20689,2,15,13,2,0.06210883342911605,0.0612020632555886,Card,0.3936937451237845,0,4
4069,46,Tier2,SME,27160,10495,1,22,7,0,0.15426805031101562,0.13966300461268455,UPI,0.3864138438880707,0,2
4070,24,Tier3,SME,61638,24314,2,15,17,2,0.08473023131747576,0.07597282524367562,NetBanking,0.39446445374606576,0,0
4071,24,Tier2,Gig,57270,18585,2,21,17,2,0.09702539594171,0.10129920434648719,UPI,0.32451545311681507,0,5
4072,47,Tier2,Gig,59518,15209,2,17,0,1,0.23090216990863738,0.17214402875663015,Card,0.25553614032729594,0,1
4073,49,Tier2,SME,53034,20222,2,7,10,3,0.14061354778741159,0.043225989292075856,UPI,0.3813025606214881,0,2
4074,53,Tier2,Gig,39573,11633,1,18,3,3,0.17914321329342503,0.11969496473217257,NetBanking,0.29396305561872993,0,2
4075,32,Tier1,Gig,30903,6692,2,14,17,2,0.16440542274262762,0.05630065214857781,NetBanking,0.2165485551564573,0,5
4076,21,Tier2,MNC,46186,12503,0,15,17,4,0.5582373607442441,0.04130856216139152,UPI,0.27070973888191224,0,3
4077,54,Tier1,SME,77185,22176,2,11,7,2,0.22023350116684504,0.14808582363571868,UPI,0.28730971043596554,0,1
4078,41,Tier2,MNC,64661,19501,2,9,6,4,0.25378404580864905,0.05067769540883023,NetBanking,0.30158828350937966,0,4
4079,29,Tier3,Startup,58616,24575,3,19,14,0,0.07664182959038948,0.05365712390559792,Card,0.41925412856557936,0,1
4080,46,Tier3,SME,39204,10716,0,10,7,1,0.06301347072222593,0.04090543717827262,UPI,0.27333945515763697,0,1
4081,51,Tier2,SME,52521,12365,1,7,13,2,0.6462505208708664,0.1098239403159362,UPI,0.23542963766874203,0,1
4082,30,Tier2,Startup,74743,32790,1,14,11,0,0.14895746190714568,0.09036030576699533,UPI,0.4387032899401951,0,3
4083,47,Tier2,SME,70095,15602,1,18,5,2,0.17520606679860473,0.06215370782135982,Card,0.2225836364933305,0,2
4084,47,Tier1,SME,50456,7736,1,9,6,1,0.03079019509953771,0.05504049331670238,NetBanking,0.15332170604090692,0,3
4085,38,Tier1,Gig,15000,6074,2,12,16,2,0.29271159768224037,0.007869183997336441,Card,0.4049333333333333,0,4
4086,42,Tier1,Gig,46503,20290,1,13,8,2,0.18534565673660827,0.04604211292036074,NetBanking,0.43631593660624046,0,3
4087,30,Tier1,Startup,50346,17854,3,22,7,2,0.15221199945137254,0.022170662845840284,UPI,0.35462598816191954,0,1
4088,52,Tier3,MNC,41857,11397,1,8,16,3,0.15865053799681683,0.10163939662885775,UPI,0.2722842057481425,0,2
4089,54,Tier3,MNC,51736,16199,1,22,10,0,0.3456297120330767,0.13027267726014044,UPI,0.31310886036802227,0,2
4090,54,Tier2,MNC,76331,30501,2,8,10,0,0.015055126765170252,0.2441582478227362,UPI,0.3995886337136943,0,1
4091,46,Tier1,SME,59254,24626,1,16,6,1,0.1956694008691578,0.049008617838131804,UPI,0.41560063455631685,0,0
4092,22,Tier2,MNC,79793,14423,2,21,12,3,0.07199228703945953,0.022171149977305706,UPI,0.18075520409058438,0,2
4093,33,Tier1,Gig,29832,12243,2,22,0,2,0.003762068274217458,0.18487712651542723,UPI,0.4103982300884956,0,2
4094,36,Tier2,Startup,53898,18066,2,15,3,2,0.25701332097170737,0.1271501677095288,UPI,0.3351886897473005,0,1
4095,53,Tier3,SME,21219,3388,2,14,14,3,0.15796809754461888,0.05637956215407005,UPI,0.15966822187662,0,2
4096,39,Tier1,MNC,51468,9395,2,20,4,4,0.17755457124117388,0.4317353771952626,UPI,0.18254060775627576,0,1
4097,39,Tier1,SME,39086,6396,3,22,17,3,0.25006039238658456,0.19418688424200362,UPI,0.1636391546845418,0,3
4098,25,Tier1,SME,85625,37209,0,6,16,2,0.26817228892196954,0.05818481800665269,UPI,0.43455766423357667,1,70
4099,47,Tier1,Startup,68194,18954,1,10,6,0,0.15496591532708642,0.15182895234688323,UPI,0.27794234096841364,0,1
4100,32,Tier1,MNC,80296,29282,2,11,16,3,0.2736390005095563,0.06627974703364405,Card,0.3646756999103318,0,0
4101,24,Tier1,Gig,51413,7738,0,21,12,1,0.17978650688598868,0.15865639534929435,UPI,0.1505066811895824,1,83
4102,54,Tier1,MNC,39605,15364,2,6,14,1,0.050351540505836456,0.08196959555638152,Card,0.38793081681605857,0,4
4103,27,Tier1,MNC,38968,11480,2,8,8,4,0.07407241514321418,0.11824821131345582,NetBanking,0.2946006980086225,0,1
4104,21,Tier1,Gig,65308,27891,1,6,2,5,0.1792432907616008,0.16330781892433027,Card,0.4270686592760458,0,3
4105,23,Tier2,MNC,96203,29464,1,23,9,3,0.46574215055696194,0.21153230555462918,UPI,0.3062690352691704,0,2
4106,36,Tier1,MNC,68247,26387,2,6,14,3,0.28175715144167285,0.2999739763584267,UPI,0.3866397057746128,0,3
4107,24,Tier3,Startup,52504,17790,0,10,1,1,0.3168992142141659,0.07007812820224524,UPI,0.33883132713698005,0,4
4108,49,Tier1,SME,56224,17213,1,15,0,3,0.12290204624939988,0.009627346291658337,UPI,0.3061503984063745,0,1
4109,38,Tier1,MNC,59373,25795,2,12,14,0,0.09102032955704953,0.19379533049731493,UPI,0.434456739595439,0,1
4110,32,Tier1,MNC,100532,30026,2,7,10,1,0.16665602420927758,0.025246565141781835,Card,0.29867106990808895,0,1
4111,21,Tier2,MNC,84672,35368,2,13,9,3,0.04711727434798525,0.0533737682431239,UPI,0.41770597127739983,0,2
4112,37,Tier1,SME,65199,10485,1,20,12,1,0.3570696666859862,0.044059572649620724,UPI,0.16081534992867988,0,3
4113,26,Tier2,MNC,62194,21595,1,11,12,0,0.1440114537978814,0.08436432646984271,Card,0.34721998906646945,0,2
4114,54,Tier1,Startup,65987,27945,2,15,7,2,0.2095182568452196,0.12186020660697482,UPI,0.4234925060996863,0,5
4115,30,Tier3,Gig,69885,29336,1,14,10,3,0.029220529568431488,0.0009194988465522859,UPI,0.4197753452099878,0,3
4116,37,Tier1,MNC,51736,15288,3,10,8,2,0.08794466644273684,0.07854005725329641,UPI,0.29550023194680686,0,2
4117,21,Tier1,SME,43118,12574,2,6,3,4,0.27432054309784726,0.23085098079970356,Card,0.2916183496451598,0,2
4118,25,Tier3,MNC,80644,31705,0,21,13,1,0.20835233564984068,0.1578743641533699,UPI,0.3931476613263231,0,2
4119,28,Tier1,MNC,60439,15140,2,23,6,1,0.23302805844579866,0.05475673378347066,UPI,0.250500504641043,0,3
4120,22,Tier1,MNC,78974,34049,3,15,16,1,0.1962096874989016,0.26631372239835915,Card,0.43114189480082055,0,0
4121,45,Tier2,Startup,92923,20926,2,20,7,2,0.09291784894499304,0.11864388321411491,UPI,0.22519720628907805,0,3
4122,53,Tier1,SME,70412,12133,2,12,3,1,0.09678484963382643,0.024572856222576652,UPI,0.17231437823098336,0,2
4123,54,Tier1,SME,67170,25630,1,22,14,2,0.20094953749477687,0.04264350594339605,Wallet,0.3815691528956379,0,3
4124,30,Tier1,Startup,124004,33656,2,16,2,2,0.12180808530488313,0.07167201029707755,UPI,0.27141059965807557,0,2
4125,47,Tier1,Gig,64140,16466,2,20,17,2,0.12197806632776044,0.2698088232096493,UPI,0.2567196757093857,0,4
4126,38,Tier3,SME,38189,9404,2,18,11,3,0.29096812574612696,0.1559332848160673,NetBanking,0.24624891984602895,1,116
4127,22,Tier2,MNC,54375,24149,1,22,8,1,0.5493246533624654,0.12516700436234193,NetBanking,0.44411954022988503,0,1
4128,24,Tier2,Gig,91033,29267,3,16,4,6,0.2002568247722646,0.07949503156207957,UPI,0.32149879713949886,1,30
4129,39,Tier1,SME,34116,15269,2,21,3,4,0.1283224935258232,0.15978700854918612,Card,0.44756126157814513,0,1
4130,35,Tier2,Startup,44950,11375,1,22,3,1,0.14109914836987422,0.013868130723080338,UPI,0.25305895439377085,0,3
4131,21,Tier2,Startup,82128,22518,1,19,14,2,0.36342151886238566,0.05850098616835921,Card,0.27418176504967856,0,0
4132,52,Tier1,SME,54567,11651,1,12,3,2,0.16035829985928476,0.07396234830590763,Card,0.21351732732237433,0,1
4133,45,Tier3,MNC,57795,16131,1,7,0,1,0.3051840436914408,0.06051556580392785,UPI,0.27910718920321825,1,96
4134,38,Tier2,MNC,81467,13735,1,13,3,1,0.13477307345960152,0.10153442417383793,Card,0.16859587317564168,0,0
4135,54,Tier2,SME,45663,6857,2,18,10,3,0.17109195545853062,0.09469219792386396,UPI,0.15016534174276766,0,4
4136,54,Tier1,SME,30627,8756,1,21,8,2,0.24564670443328876,0.09317837446964201,UPI,0.28589153361413133,0,4
4137,54,Tier1,Startup,32222,12044,1,19,6,2,0.2708029711122277,0.05399419353781766,UPI,0.37378188815095276,0,0
4138,29,Tier2,Startup,71635,20137,1,17,17,5,0.4264385369070626,0.07306402548463974,UPI,0.2811056048021219,0,0
4139,50,Tier2,Gig,65182,19906,1,15,6,2,0.12728530079554387,0.03610698704224014,UPI,0.30539105888128626,0,0
4140,38,Tier1,Gig,46148,13091,1,23,14,2,0.1783173997154048,0.10796898605853474,UPI,0.28367426540695156,0,0
4141,45,Tier1,Startup,36824,11343,1,10,2,2,0.12910003251057772,0.03372687768924219,UPI,0.3080328046925918,0,2
4142,50,Tier2,MNC,54588,20889,2,20,9,1,0.29020918236912413,0.043352377058253073,UPI,0.38266652011431085,0,2
4143,26,Tier1,SME,82330,32202,1,15,2,1,0.21540066550128908,0.10677117663843921,Card,0.39113324426090124,0,2
4144,36,Tier1,Startup,43283,17374,2,15,1,1,0.043098038420499994,0.2595432321042954,UPI,0.40140470854608046,0,1
4145,25,Tier2,SME,46746,9990,0,13,12,3,0.10135405037843007,0.19251141884074216,UPI,0.2137081247593377,0,0
4146,30,Tier1,MNC,36189,10399,1,17,12,0,0.28596424338990895,0.08882630447377189,Card,0.2873525104313465,0,2
4147,35,Tier1,SME,52651,21023,0,23,10,4,0.04743028172285148,0.05336728478060932,Card,0.3992896621146797,0,0
4148,50,Tier1,SME,66761,28878,1,13,8,1,0.2901600510515694,0.20686116163983995,Card,0.43255793052830244,0,1
4149,50,Tier3,SME,102303,32010,2,8,4,1,0.21595120311258073,0.11425482621560469,UPI,0.3128940500278584,1,115
4150,34,Tier1,Gig,64355,19171,2,8,14,3,0.26186465072979265,0.087147369722544,Card,0.2978944914925025,0,0
4151,32,Tier2,SME,58926,22355,2,9,3,2,0.4767506919361144,0.0025437732350980444,UPI,0.3793741302650782,0,1
4152,39,Tier3,SME,77258,34573,1,13,8,3,0.14584206368562727,0.06416741937312403,Card,0.44750058246395197,0,4
4153,52,Tier2,SME,73924,20534,1,6,16,1,0.015623922442074759,0.010081734309979412,Card,0.2777717655970997,0,5
4154,54,Tier2,SME,48446,9666,3,11,12,1,0.20733103081490284,0.1472828805699998,NetBanking,0.19952111629443092,0,0
4155,28,Tier2,MNC,106041,42447,1,18,15,2,0.0950259811197684,0.31368229792018987,NetBanking,0.4002885676295018,0,3
4156,27,Tier1,SME,59512,21610,0,18,3,2,0.27759241739487167,0.05826901067078012,UPI,0.3631200430165345,0,2
4157,45,Tier2,SME,64727,12526,1,18,0,0,0.21275391273253247,0.13728269685991856,UPI,0.1935204783166221,0,2
4158,31,Tier3,Startup,71026,17547,3,18,14,3,0.22036725474749555,0.04066756125743615,UPI,0.24705037591867768,0,1
4159,27,Tier2,MNC,66917,21143,3,7,10,3,0.13878152190113327,0.06926617315976237,Card,0.3159585755488142,0,3
4160,22,Tier1,Gig,90507,33436,1,22,14,0,0.18536729234919722,0.0677179230043574,UPI,0.36942998884064215,0,4
4161,34,Tier1,Startup,48201,18518,0,11,15,2,0.04573426925958208,0.2325411530737019,Card,0.3841829007696936,0,3
4162,34,Tier3,SME,75667,14885,2,7,6,2,0.17787299481163152,0.04156853950571847,UPI,0.19671719507843577,0,4
4163,40,Tier1,SME,63291,13609,1,20,1,2,0.2076160079962013,0.06244189533749258,UPI,0.2150226730498807,0,1
4164,27,Tier2,SME,79654,29729,0,14,17,0,0.18049165915629797,0.04811476526614769,UPI,0.3732267055012931,0,3
4165,45,Tier1,Startup,55700,10295,1,12,5,0,0.16545131209952654,0.04646804865116613,UPI,0.1848294434470377,0,3
4166,44,Tier2,Startup,52991,15868,1,13,2,2,0.20821332582818952,0.134662433621716,Card,0.2994470759185522,0,4
4167,36,Tier2,Startup,74641,23422,1,16,10,3,0.13008701789038588,0.04622405304281629,Card,0.31379536715746037,0,3
4168,27,Tier1,Gig,67159,16911,2,15,0,2,0.09010883901344041,0.09356325986138157,UPI,0.2518054169954883,0,3
4169,38,Tier1,SME,43594,16953,2,6,1,2,0.1804705343667769,0.2355246552725541,NetBanking,0.3888837913474331,0,1
4170,43,Tier2,Startup,86912,14481,2,8,13,4,0.23251273455983631,0.064433574655039,UPI,0.16661680780559646,0,3
4171,33,Tier1,SME,74650,28608,0,23,1,2,0.0639029315075827,0.05976577760661897,UPI,0.3832283991962492,0,2
4172,29,Tier1,Startup,58515,20118,0,14,10,3,0.043144412314392956,0.03230263455746395,NetBanking,0.343809279671879,0,2
4173,38,Tier2,SME,50635,15300,2,23,8,0,0.02602515479664985,0.038062290723746645,NetBanking,0.3021625357953984,0,2
4174,33,Tier1,Startup,67282,27700,1,17,1,3,0.32595907426594706,0.105712389531453,UPI,0.4117000089176897,0,2
4175,34,Tier2,MNC,73209,15423,1,19,16,3,0.10704166440480067,0.17060783676377536,UPI,0.21067081916157848,0,2
4176,32,Tier1,MNC,28118,10972,1,11,2,1,0.027316151813333873,0.01632027336377367,UPI,0.39021267515470515,0,5
4177,31,Tier1,MNC,67513,13930,1,21,11,2,0.180675404323621,0.21634356107813005,UPI,0.20633063261890303,0,2
4178,45,Tier3,Gig,73051,32663,1,17,2,4,0.4765446926869467,0.06590023633852905,UPI,0.4471259804793911,0,4
4179,36,Tier1,SME,15000,2397,1,19,10,0,0.2407620090810505,0.11406623850306985,Card,0.1598,0,3
4180,36,Tier1,SME,63923,20197,2,10,3,1,0.17474677913693523,0.16424239938348248,UPI,0.3159582622843108,0,2
4181,43,Tier2,SME,73892,14808,1,16,15,4,0.025986986326210992,0.08127401311652072,UPI,0.20040058463703783,0,1
4182,33,Tier3,SME,71617,19507,2,12,8,1,0.22978029744126494,0.06143009330811189,UPI,0.27237946297666754,0,3
4183,24,Tier2,Gig,76048,14782,2,22,0,1,0.07914759338310744,0.019232025330097397,NetBanking,0.19437723543025456,0,1
4184,49,Tier2,Gig,53448,11125,1,22,0,1,0.03452705871832881,0.08141951996386187,Card,0.20814623559347403,0,4
4185,22,Tier1,Gig,39201,6597,2,12,9,2,0.14960361856504642,0.12299370167051298,UPI,0.16828652330297697,0,1
4186,40,Tier1,Gig,24005,3658,3,6,9,1,0.2692957130589465,0.17890743364648348,UPI,0.15238491980837326,0,2
4187,30,Tier3,MNC,81844,29937,1,10,5,0,0.446756762251642,0.08929481535212311,NetBanking,0.36578124236352083,0,1
4188,28,Tier3,MNC,74061,21184,2,10,10,3,0.2017903654019487,0.07512261366761608,UPI,0.2860344850866178,0,4
4189,22,Tier2,SME,83369,13645,2,6,14,0,0.3202218741498441,0.018981678994926053,Card,0.163669949261716,0,1
4190,51,Tier1,Startup,45497,19640,2,22,13,3,0.11065783557752637,0.09096613405365757,Card,0.43167681385585865,0,2
4191,35,Tier1,MNC,76076,26602,0,14,13,2,0.34756040532527865,0.09101528395039771,Card,0.3496766391503234,0,1
4192,32,Tier1,Startup,29946,6866,0,8,17,3,0.37548335377195197,0.2215931306747438,Card,0.22927936953182396,0,2
4193,46,Tier3,MNC,42610,11999,1,16,3,2,0.5653418784361448,0.06669046032397759,UPI,0.2816005632480638,0,1
4194,22,Tier2,MNC,62519,18554,0,13,1,2,0.07991948115057294,0.091108253870433,UPI,0.2967737807706457,0,0
4195,40,Tier1,SME,73264,23516,1,9,2,1,0.1076193842671501,0.01497023561316686,UPI,0.3209761956759118,0,4
4196,37,Tier1,Gig,93580,38109,2,14,0,2,0.19145816685800676,0.10141197759439856,UPI,0.4072344518059414,0,3
4197,39,Tier1,Startup,55198,18048,1,16,5,3,0.26334130862518423,0.043279115562858475,UPI,0.3269683684191456,1,94
4198,25,Tier1,SME,42685,18935,1,17,2,2,0.2597101310866685,0.04006894866857376,UPI,0.4435984537893874,0,1
4199,53,Tier2,Gig,41657,15331,1,10,16,1,0.6489819397680068,0.1682744708933521,UPI,0.3680293828168135,0,1
4200,29,Tier2,Gig,46243,20650,1,17,6,2,0.19125470741315118,0.11131941420154251,NetBanking,0.4465540730488939,0,2
4201,44,Tier1,SME,104420,32915,2,20,3,0,0.19988738182615387,0.10005620666483944,UPI,0.31521739130434784,0,2
4202,46,Tier2,Startup,75137,26563,2,17,9,2,0.03884695057204067,0.05099905056899283,UPI,0.3535275563304364,0,2
4203,32,Tier3,MNC,82250,30545,1,23,7,3,0.1877103703797156,0.03884540835351674,UPI,0.3713677811550152,0,1
4204,25,Tier1,SME,55220,20786,1,22,0,4,0.21851411458930234,0.040383353151870284,UPI,0.3764215863817457,0,2
4205,31,Tier1,MNC,59967,9434,1,14,17,2,0.06027620381299004,0.06187703872879745,UPI,0.1573198592559241,0,2
4206,48,Tier1,SME,73985,13927,3,13,12,5,0.26662756949982447,0.02508252973672015,UPI,0.18824085963370954,0,3
4207,51,Tier1,SME,49884,10890,1,14,14,2,0.39384668322362365,0.0673569751092478,UPI,0.21830647101274958,0,1
4208,52,Tier2,MNC,54173,12538,1,14,17,0,0.34517273448468627,0.1507708518818513,UPI,0.2314437081202813,0,3
4209,28,Tier2,SME,46505,19606,1,9,15,2,0.08527934952483486,0.137982803988236,UPI,0.42158907644339316,0,0
4210,41,Tier1,Startup,51050,18724,0,23,4,4,0.2592070884267885,0.14284339478301034,NetBanking,0.36677766895200786,0,1
4211,26,Tier1,Startup,60979,11768,1,16,13,3,0.14396601874716963,0.05517784103473346,UPI,0.19298447006346447,0,2
4212,45,Tier3,MNC,43565,12106,3,8,0,1,0.2956017775425567,0.2258494994825018,Card,0.27788362217376333,0,3
4213,35,Tier1,MNC,65719,14651,0,22,6,1,0.09103839621771183,0.0740124619306123,Card,0.22293400690820006,0,4
4214,45,Tier2,SME,65691,26208,1,23,13,3,0.038556801513567114,0.05107804328091267,UPI,0.39895876147417453,0,3
4215,44,Tier2,Gig,56415,23995,1,16,12,3,0.3042577601027602,0.08453783426510768,NetBanking,0.4253301426925463,1,49
4216,54,Tier2,Gig,43450,8659,1,23,13,1,0.13294108254025627,0.09232127418016198,Card,0.19928653624856157,0,1
4217,37,Tier2,SME,62099,17075,3,23,13,1,0.18805624638722293,0.0364259957717504,UPI,0.2749641701154608,0,1
4218,32,Tier2,Startup,49901,21749,2,23,0,0,0.08537316373033224,0.050874828646285605,UPI,0.43584296907877595,0,4
4219,38,Tier2,SME,60931,21150,3,23,10,4,0.17811692066313173,0.006811437535695581,Wallet,0.34711394856476996,0,2
4220,26,Tier1,Gig,81962,33639,2,7,11,4,0.17062958614345505,0.14578433600757726,Card,0.41042190283302016,0,2
4221,24,Tier1,MNC,34941,8990,2,6,2,2,0.06799475178256105,0.022825366990783157,UPI,0.25729086173835897,0,5
4222,38,Tier1,SME,103469,22029,2,16,4,2,0.17857257674745503,0.1257358724922174,UPI,0.21290434816225148,0,4
4223,49,Tier1,SME,58549,20924,2,19,8,1,0.17802112963631123,0.010365922537322131,Card,0.35737587320022546,0,1
4224,39,Tier1,SME,68236,13048,2,21,11,2,0.18546644945435886,0.033147379099776525,UPI,0.19121871153057038,0,0
4225,47,Tier1,MNC,44944,18066,2,17,15,3,0.4368487595026948,0.05455857071102192,UPI,0.4019668921324315,0,0
4226,27,Tier1,MNC,82844,31186,2,11,13,4,0.3295226754148932,0.10712010919694623,Card,0.3764424701849259,0,8
4227,36,Tier1,SME,57487,13881,1,22,17,1,0.1295961891593142,0.03768172571335369,UPI,0.24146328735192304,0,1
4228,41,Tier1,Startup,52117,15614,2,16,4,2,0.27875071085665404,0.33148143117606954,UPI,0.29959514170040485,1,38
4229,32,Tier2,Startup,48489,18898,1,18,7,3,0.044451666727157606,0.2085165240785924,UPI,0.38973787869413684,0,1
4230,21,Tier2,MNC,54630,23516,2,10,4,2,0.07542066274562521,0.0731673997441702,Card,0.4304594545121728,0,1
4231,23,Tier2,Gig,68366,17477,2,19,16,2,0.27891014294983174,0.04416410982834103,UPI,0.2556387678085598,1,57
4232,52,Tier2,SME,63456,24557,2,8,11,3,0.4240752730520678,0.11010870456770334,UPI,0.38699256177508823,0,3
4233,41,Tier3,Gig,59202,12334,2,21,9,2,0.07235289789736171,0.054978552201185554,UPI,0.20833755616364313,0,2
4234,29,Tier2,MNC,45771,19272,2,21,10,2,0.097011965214113,0.07738841853215461,UPI,0.42105263157894735,0,1
4235,29,Tier1,Gig,44616,15877,2,18,5,2,0.06706522824365362,0.24721963779101597,UPI,0.35585888470503857,0,3
4236,22,Tier3,Gig,50782,9944,1,23,15,1,0.1353623563179722,0.08724600994139174,UPI,0.19581741561970778,1,118
4237,53,Tier1,Gig,69205,25740,1,22,11,4,0.21343227871679643,0.02814927224445723,Card,0.371938443754064,0,1
4238,24,Tier2,Gig,73245,26896,0,7,9,3,0.31892122201849676,0.0687468200234843,Card,0.36720595262475253,0,0
4239,46,Tier2,SME,75940,28302,1,9,12,2,0.19241757825322586,0.09582998314148791,UPI,0.3726889649723466,0,2
4240,29,Tier1,Startup,59970,15200,1,8,14,2,0.10091039923297739,0.10090043357138635,NetBanking,0.25346006336501586,0,0
4241,32,Tier2,SME,67671,25169,2,11,7,0,0.2792188968624799,0.02732654487377996,UPI,0.3719318467290272,0,1
4242,30,Tier1,SME,56630,22537,2,16,13,1,0.5905937764160637,0.11534610276825025,UPI,0.39796927423627054,0,2
4243,49,Tier1,Gig,25154,6392,1,8,14,4,0.408233317794921,0.0379406309237121,Card,0.2541146537330047,0,3
4244,22,Tier1,MNC,55681,11825,2,7,11,1,0.14743907308086376,0.01674662309388454,Wallet,0.21237046748442018,0,3
4245,32,Tier1,SME,52493,21856,1,17,2,1,0.12650103141567448,0.02560899411717496,NetBanking,0.41636027660830965,0,2
4246,30,Tier1,Gig,39219,13185,2,17,3,3,0.3129594595249377,0.016312630927378464,UPI,0.33618909202172415,1,104
4247,30,Tier2,MNC,48652,14017,1,12,0,1,0.06129378608183026,0.06164275783735939,UPI,0.2881073748252898,0,1
4248,27,Tier2,MNC,62701,25953,2,18,4,2,0.19183932620869448,0.15009180285519358,UPI,0.41391684343152424,0,5
4249,52,Tier1,SME,37335,7123,1,16,2,2,0.049617806127894626,0.11552595299361483,UPI,0.19078612561939198,0,3
4250,33,Tier2,Startup,45784,18001,0,13,10,2,0.04645892894800008,0.05259758715806965,UPI,0.39317228726192555,0,5
4251,35,Tier1,Gig,90958,27036,1,7,16,0,0.17090932339213233,0.04144535335701373,UPI,0.297236086985202,0,3
4252,34,Tier1,MNC,27945,4548,2,19,1,2,0.029189341992025768,0.1633140623565616,UPI,0.16274825550187869,0,3
4253,54,Tier2,Startup,56336,24888,3,17,5,3,0.16699150720298755,0.07853262751529713,UPI,0.44177790400454414,0,3
4254,32,Tier3,SME,36673,14061,2,8,0,1,0.00800418072779032,0.07354164534970464,UPI,0.38341559185231644,0,2
4255,32,Tier1,Startup,44967,9642,2,9,1,3,0.17396413734989624,0.17467142003142297,UPI,0.21442391086796986,0,1
4256,32,Tier1,Startup,56045,23937,0,11,0,2,0.23620595470058278,0.0813606009228088,Card,0.4271032206262825,0,3
4257,32,Tier2,Gig,40248,17330,2,9,10,3,0.5818198371525725,0.003990353346441314,Card,0.4305804015106341,0,2
4258,24,Tier3,SME,71478,27886,2,20,16,3,0.1498227111921527,0.05129343460934819,Card,0.39013402725314084,0,2
4259,41,Tier1,MNC,87023,16373,1,22,13,2,0.10836122507917373,0.0251261751641094,UPI,0.188145662640911,0,1
4260,21,Tier1,SME,76833,15821,1,7,12,1,0.17760746433646818,0.18967009956817701,UPI,0.20591412544089127,0,4
4261,28,Tier1,SME,80492,30281,0,10,2,2,0.1670803557506232,0.06245838343404673,UPI,0.3761988769070218,0,1
4262,27,Tier2,SME,32405,13744,1,11,15,7,0.5705397085260518,0.11199595939266829,Card,0.42413207838296557,0,2
4263,30,Tier3,MNC,55138,11827,0,23,10,3,0.20328660771809037,0.028620612920032908,NetBanking,0.21449816823243498,0,0
4264,46,Tier2,MNC,69348,19989,2,17,17,4,0.2411703828335208,0.08039322130372134,NetBanking,0.2882419103651151,0,3
4265,41,Tier1,Gig,77423,15208,2,23,7,2,0.03855063984524606,0.05130745093339958,Wallet,0.19642741820905932,0,4
4266,54,Tier2,MNC,95067,27892,1,10,12,3,0.10855473407011224,0.0180378381406714,Card,0.2933930806694226,0,3
4267,32,Tier2,SME,81380,27893,3,7,8,3,0.06140739476801247,0.09947408504219006,UPI,0.3427500614401573,0,3
4268,52,Tier1,Startup,77929,12123,2,14,9,2,0.15570843318245717,0.12038292624804793,UPI,0.15556468067086707,0,4
4269,22,Tier2,MNC,112671,38632,2,20,1,1,0.24085000815432012,0.19666178658696265,Card,0.34287438648809365,0,4
4270,38,Tier1,MNC,61926,21174,3,21,8,1,0.17241457861126988,0.01266061724378131,NetBanking,0.3419242321480477,0,5
4271,48,Tier1,SME,54218,15533,2,14,3,1,0.42812574066770964,0.0443245422542333,UPI,0.28649157106496,0,2
4272,39,Tier2,SME,63547,26602,1,10,13,0,0.05031853174181111,0.04492057613408897,Card,0.41861928965962203,0,1
4273,52,Tier1,SME,41698,7941,3,6,12,1,0.19296519451389468,0.020278640221584206,UPI,0.19044078852702767,0,3
4274,31,Tier3,Startup,61352,10147,1,13,15,2,0.22668027111586816,0.03693483303562933,UPI,0.1653898813404616,0,2
4275,22,Tier2,MNC,25462,7606,1,15,8,2,0.024006318900156972,0.08846719150677644,UPI,0.2987196606708036,0,4
4276,47,Tier1,MNC,49409,15312,1,6,14,2,0.36517975984289464,0.10041995027093933,NetBanking,0.30990305409945557,0,3
4277,23,Tier1,MNC,57693,13269,2,22,16,0,0.13575095930221567,0.06479196189110577,Card,0.22999324008111902,0,3
4278,47,Tier2,SME,78992,34637,3,18,8,2,0.28659958827966875,0.06000385840685275,NetBanking,0.4384874417662548,0,2
4279,45,Tier1,SME,82221,18591,1,11,17,1,0.27238373925729537,0.1886855500710153,UPI,0.22611011785310323,0,3
4280,49,Tier2,Gig,40727,9409,2,12,13,3,0.2956220744890825,0.1437122867904502,UPI,0.2310261006212095,1,37
4281,37,Tier1,MNC,101520,39927,1,12,5,5,0.1814446240309151,0.06242730736056379,UPI,0.3932919621749409,0,2
4282,51,Tier1,SME,62967,26877,2,21,8,2,0.13918383977746224,0.026663901683168876,UPI,0.42684263185478105,0,3
4283,26,Tier2,SME,64800,20142,1,19,1,0,0.36648736346299093,0.0757581223267207,Card,0.31083333333333335,0,4
4284,35,Tier1,Startup,27646,4304,2,7,6,4,0.356196774876346,0.043304087338251106,Wallet,0.1556825580554149,0,1
4285,25,Tier2,Startup,47598,12215,2,11,6,2,0.24417842375221488,0.05575738209075391,UPI,0.25662842976595657,0,4
4286,47,Tier2,MNC,80996,17590,0,20,5,3,0.15654331910456817,0.027805070859004914,Card,0.21717121833176947,0,1
4287,45,Tier1,Startup,63395,19228,3,12,6,2,0.15814183665834186,0.11553291448495237,NetBanking,0.30330467702500197,0,2
4288,48,Tier2,SME,62156,22051,3,20,0,1,0.3842736584019655,0.0757405467341004,UPI,0.35476864663105734,0,2
4289,46,Tier2,Startup,64543,17280,1,15,8,1,0.07128986010233881,0.3228120110913549,Card,0.26772849108346375,0,2
4290,31,Tier2,MNC,31135,9689,2,19,3,2,0.17465873329967238,0.07604342376856355,Wallet,0.311193190942669,0,2
4291,23,Tier1,Startup,58067,21946,2,15,4,0,0.3786389101613396,0.056060457094056805,Card,0.3779427213391427,0,4
4292,52,Tier1,Startup,88166,19735,1,19,13,2,0.1529401277577772,0.1094433948867746,UPI,0.22383912165687453,0,1
4293,37,Tier2,Startup,81734,17065,0,13,15,1,0.047188997593818144,0.10682291828713997,UPI,0.20878704088873665,1,50
4294,24,Tier2,MNC,57496,22520,2,10,3,1,0.151037678376368,0.05655927707826466,Card,0.39167942117712534,0,2
4295,52,Tier2,Startup,91273,14704,2,21,10,2,0.04852849087260772,0.10330674692859106,Card,0.16109912022175232,0,1
4296,54,Tier2,Startup,34818,6795,2,13,16,1,0.07155324720164839,0.10682853194621135,Card,0.1951576770635878,0,1
4297,36,Tier2,SME,40566,6235,2,6,10,2,0.15571499462506666,0.0502483027729596,Wallet,0.15370014297687717,0,3
4298,47,Tier1,SME,97272,30797,2,12,1,1,0.1573149121714457,0.23376064324903137,NetBanking,0.3166070400526359,0,2
4299,22,Tier2,MNC,71559,23616,1,13,13,3,0.15310205571852242,0.09301575959881048,UPI,0.33002138095837,0,3
4300,24,Tier1,MNC,54222,16771,1,10,0,2,0.20624562778389713,0.015328673399026495,Wallet,0.30930249714138175,0,1
4301,30,Tier1,Startup,58893,16153,1,21,11,1,0.08061977085865885,0.027095493905529545,Card,0.27427707876997265,0,3
4302,43,Tier2,SME,43867,13542,1,14,8,1,0.042022277787931425,0.14959657933528564,NetBanking,0.30870586089771357,1,38
4303,25,Tier1,Startup,65531,13642,2,12,9,3,0.30855379811030414,0.02045795172069501,UPI,0.20817628298057408,0,1
4304,22,Tier1,Startup,63947,25442,2,18,4,1,0.39947883093321196,0.23957853357416617,NetBanking,0.3978607284157193,0,2
4305,43,Tier3,Startup,60397,26830,1,17,15,1,0.2802195432886088,0.12044872217215967,Wallet,0.4442273622862063,0,1
4306,47,Tier2,Startup,36804,11489,2,14,1,5,0.061157634347858245,0.11164848364391394,Card,0.3121671557439409,0,1
4307,46,Tier2,Startup,65295,17127,1,23,16,1,0.32231671752616475,0.044060558535780274,Card,0.26230186078566503,0,3
4308,48,Tier3,SME,49409,19147,1,23,1,1,0.34771408144184596,0.02846953742142483,UPI,0.387520492218017,0,3
4309,48,Tier1,MNC,40280,8375,3,14,5,2,0.29801378857171046,0.034002119513990854,UPI,0.20791956305858988,0,1
4310,41,Tier2,Gig,85334,21011,1,18,9,1,0.16710232416976156,0.10328045695181805,Card,0.24622073265052616,0,2
4311,38,Tier1,Gig,103394,44665,2,6,9,2,0.04763830288824025,0.04636213766989425,Card,0.43198831653674297,1,68
4312,50,Tier1,SME,98852,20352,0,13,4,7,0.234101230786595,0.17013143052884877,Card,0.20588354307449522,0,3
4313,32,Tier1,Gig,73002,13405,1,13,5,1,0.021303048700010943,0.03259978410970872,UPI,0.18362510616147504,0,1
4314,24,Tier1,Gig,54688,17166,2,13,10,1,0.4793530979236943,0.06748747324705705,UPI,0.3138897015798713,0,3
4315,46,Tier2,SME,58592,19114,2,21,0,2,0.49466423794121267,0.10033337667274608,UPI,0.3262220098306936,0,0
4316,30,Tier1,Startup,68112,22418,2,16,2,2,0.13036520726332265,0.12219973793302659,UPI,0.3291343669250646,0,0
4317,54,Tier2,Startup,51595,10285,2,14,7,2,0.179020987268566,0.0055365193628038505,Card,0.19934102141680396,0,1
4318,35,Tier1,MNC,86376,31643,2,13,0,3,0.2571790825661397,0.024746379981662663,UPI,0.36634018708900623,0,2
4319,49,Tier1,MNC,19285,4294,2,17,1,1,0.10383691229124077,0.12241234474668637,UPI,0.22266009852216748,0,2
4320,22,Tier3,SME,54085,23496,1,9,0,1,0.06078469352634098,0.0852070579218074,UPI,0.4344272903762596,0,2
4321,43,Tier2,Startup,76021,16602,1,10,14,4,0.1133769882046361,0.06509698975566819,UPI,0.218387024637929,0,3
4322,36,Tier3,SME,43096,6688,2,15,2,1,0.24828272577406443,0.12960862998662748,UPI,0.15518841655838128,0,1
4323,36,Tier1,Startup,55197,17682,2,11,3,2,0.11627218633348275,0.10215721088118358,UPI,0.32034349692918096,0,3
4324,30,Tier1,Startup,71872,15154,1,18,14,2,0.1790397452560139,0.05590531111093036,UPI,0.21084706144256457,0,1
4325,54,Tier2,Startup,90365,30595,1,22,7,1,0.3747856502925992,0.1361551150773377,NetBanking,0.3385713495269186,0,2
4326,34,Tier2,MNC,34121,7464,1,12,8,4,0.334169323054628,0.0809662755721026,Card,0.2187509158582691,1,106
4327,49,Tier1,SME,32638,9087,0,16,11,2,0.16497596589459557,0.017918033565644323,Card,0.2784177952080397,0,1
4328,35,Tier3,MNC,41079,8374,1,11,11,3,0.1837622589689998,0.007373318595343353,UPI,0.20385111614206772,0,1
4329,22,Tier2,MNC,29249,8150,2,20,7,1,0.34298200789578664,0.045471924764492494,UPI,0.27864200485486684,0,0
4330,50,Tier2,MNC,30672,5857,2,9,15,1,0.11314436483886724,0.01851264461036016,UPI,0.19095592070944184,0,0
4331,27,Tier1,MNC,40546,10192,3,15,4,0,0.22367547152260617,0.011711468325053539,UPI,0.25136881566615693,1,82
4332,30,Tier2,MNC,84669,17753,2,12,3,3,0.30144830223253116,0.03356721059871871,NetBanking,0.20967532390839622,1,39
4333,50,Tier1,SME,53758,21225,1,19,9,0,0.13887140681377635,0.06458480903676944,NetBanking,0.3948249562855761,0,0
4334,51,Tier3,SME,60627,22359,2,10,15,2,0.04288991568300496,0.14221891104313114,NetBanking,0.3687960809540304,0,2
4335,52,Tier1,MNC,40890,8179,2,9,16,1,0.30865434612165094,0.04662565394278498,Card,0.2000244558571778,0,1
4336,35,Tier1,Gig,72670,12707,2,19,13,8,0.3781825308189834,0.0885043841025625,UPI,0.1748589514242466,0,1
4337,46,Tier1,SME,97515,15380,1,16,0,4,0.5140599786600426,0.04631470009035554,Card,0.1577193252320156,1,85
4338,32,Tier2,Gig,42247,9209,2,17,13,1,0.08246573119866117,0.07859540383836705,UPI,0.21797997490946103,1,64
4339,46,Tier3,Startup,94494,27786,0,20,2,2,0.09910051651258295,0.24937495092971343,UPI,0.2940504158994222,0,4
4340,38,Tier3,MNC,67288,18165,1,11,15,1,0.41452960969114117,0.0749129927561328,UPI,0.26995898228510284,0,2
4341,22,Tier2,Gig,60337,26635,1,10,2,2,0.3220415220979189,0.0871670848073998,UPI,0.44143726071896183,1,112
4342,35,Tier3,Gig,68002,26362,1,23,2,1,0.4267783984732295,0.06905616040175738,UPI,0.3876650686744508,0,5
4343,36,Tier2,Startup,67810,11762,2,8,9,2,0.23805965065117288,0.02774460425790689,UPI,0.17345524258958855,0,3
4344,29,Tier1,SME,97142,19203,1,17,9,2,0.1418951221797924,0.15467454364094552,UPI,0.1976796854089889,0,1
4345,33,Tier2,SME,70404,11122,0,12,6,1,0.16418898774467414,0.0472849403812372,UPI,0.1579739787512073,0,1
4346,38,Tier1,SME,70822,13560,2,8,8,1,0.2333628341840537,0.12483782099423196,NetBanking,0.19146592866623366,0,1
4347,22,Tier1,Startup,51570,15926,2,23,12,3,0.24870776765627892,0.202515014789663,UPI,0.30882295908473917,0,4
4348,26,Tier1,SME,76781,13284,2,20,11,4,0.10491374163060754,0.034766282936865074,UPI,0.17301155233716675,0,0
4349,47,Tier1,MNC,40863,6863,1,9,12,1,0.26925465558974765,0.015136199336113047,Card,0.16795144751976115,0,2
4350,32,Tier3,MNC,62180,11531,1,19,4,1,0.3195102571245131,0.06578124134855814,Card,0.1854454808620135,0,1
4351,41,Tier3,MNC,117665,41279,2,19,10,1,0.2588994225738505,0.022024176871455078,UPI,0.3508180002549611,1,84
4352,40,Tier1,MNC,15000,2337,2,15,2,3,0.20651342764614952,0.03379601745859233,Card,0.1558,0,2
4353,39,Tier2,SME,64662,28508,1,23,4,1,0.2663767729730262,0.04273534223920136,UPI,0.44087717670347343,0,3
4354,35,Tier1,Gig,65432,17289,3,10,17,1,0.1814124753405919,0.0741349699295313,UPI,0.26422851204303704,0,3
4355,37,Tier1,MNC,55438,13913,2,7,0,1,0.03898765529477506,0.11092893928242101,Card,0.2509650420289332,0,0
4356,49,Tier1,SME,55909,16350,2,20,8,1,0.12001692031133813,0.04291142926055861,UPI,0.2924394999016259,0,5
4357,53,Tier1,MNC,61828,18879,0,12,8,3,0.17940172921348216,0.10038134107302327,UPI,0.3053470919324578,0,5
4358,29,Tier1,SME,54959,15168,3,8,4,0,0.1972008761781954,0.04779734437791496,UPI,0.27598755435870376,0,1
4359,43,Tier1,Startup,64439,19067,2,23,0,3,0.10800503200734439,0.01955205714606967,UPI,0.29589223917193,0,0
4360,53,Tier1,SME,50247,12658,1,13,2,2,0.1012134502244591,0.11257498653319287,UPI,0.25191553724600474,0,2
4361,21,Tier1,Gig,100447,24770,1,21,13,3,0.06590256024145805,0.05170701640786528,NetBanking,0.24659770824414864,1,104
4362,47,Tier3,Gig,54959,8694,1,20,10,2,0.110918194835923,0.027604207013470036,UPI,0.15819065121272222,0,0
4363,37,Tier1,Gig,71392,25097,1,11,10,1,0.23613298456481066,0.04376588981659333,UPI,0.3515379874495742,0,2
4364,53,Tier1,Gig,46619,15625,0,20,2,2,0.07715909576068732,0.04086896005649451,UPI,0.3351637744267359,0,2
4365,40,Tier2,SME,78662,27582,1,14,9,3,0.12423097003294378,0.04414247059634178,UPI,0.35063944471282193,0,1
4366,49,Tier1,SME,74669,32280,1,17,3,2,0.14319946490289992,0.06838150493763366,UPI,0.4323079189489614,0,0
4367,26,Tier2,SME,68385,19963,2,11,5,2,0.19565804581711715,0.11919638670567617,Card,0.2919207428529648,0,2
4368,25,Tier1,Startup,39453,16354,2,6,17,3,0.08380740658656302,0.0828345824686054,UPI,0.41451854104884295,0,2
4369,52,Tier2,MNC,44951,12729,2,9,8,0,0.16020302327232902,0.1235795677915342,UPI,0.28317501279170654,0,2
4370,38,Tier2,MNC,93723,27487,1,11,0,3,0.12931178395660417,0.024711966183482915,NetBanking,0.2932791310564109,1,86
4371,39,Tier2,MNC,44730,15203,1,15,10,1,0.11929304673266802,0.12774454155462248,Card,0.33988374692600043,0,1
4372,26,Tier2,Startup,72818,15639,2,21,3,1,0.36279233120182075,0.2755748178694606,Wallet,0.21476832651267544,0,2
4373,28,Tier1,Startup,41106,8846,2,9,0,2,0.03735323146236088,0.0131480555418447,Card,0.21519972753369337,0,1
4374,48,Tier1,MNC,80167,24286,1,18,12,5,0.11454088487723589,0.0386096830718216,NetBanking,0.30294260730724615,0,2
4375,31,Tier1,SME,46272,7893,3,19,11,1,0.25762153691939094,0.10006787700285345,NetBanking,0.1705783195020747,0,3
4376,40,Tier2,SME,40736,9002,2,20,3,1,0.14738740221543417,0.09029320681881955,UPI,0.22098389630793402,0,3
4377,31,Tier1,Startup,45753,17753,2,20,13,4,0.20618338255778404,0.14712199399978004,Wallet,0.3880182720258781,0,2
4378,29,Tier1,MNC,48923,14144,2,7,3,1,0.16262425961643315,0.10648430467280753,UPI,0.2891073728103346,0,2
4379,26,Tier2,MNC,68093,10757,1,9,9,2,0.07988148944460562,0.009224690958430842,Wallet,0.15797512225926308,0,1
4380,52,Tier1,Startup,61387,10326,3,22,10,4,0.27820959003991647,0.09076051692963315,Card,0.16821151058041606,0,3
4381,52,Tier1,SME,38096,16223,3,17,2,4,0.061446126966202844,0.038318879471291346,Card,0.4258452330953381,0,1
4382,24,Tier2,Gig,59441,25976,2,10,12,2,0.1362805319958763,0.04840855640772511,UPI,0.43700476102353597,0,0
4383,33,Tier1,SME,37129,12710,2,23,9,1,0.07830230344380457,0.08897211297501934,UPI,0.34232001939185003,0,4
4384,40,Tier2,Gig,72871,14973,3,11,7,1,0.1766025889443977,0.10125222567676458,UPI,0.20547268460704532,0,3
4385,34,Tier3,SME,76538,19932,2,11,13,3,0.46889142296468,0.004753260843908823,UPI,0.2604196608220753,0,1
4386,45,Tier3,SME,59521,14382,1,21,14,6,0.12010608010126178,0.09498976682155022,NetBanking,0.24162900488903077,0,0
4387,29,Tier1,Gig,65433,25227,2,23,8,1,0.10852885997671621,0.0888112136285459,UPI,0.3855394067213791,0,1
4388,23,Tier1,MNC,95042,29570,2,13,14,2,0.23854952526711343,0.02990084717552099,Wallet,0.31112560762610214,0,3
4389,32,Tier2,Startup,56847,21823,2,17,0,2,0.3254537738967665,0.03725662237100492,UPI,0.38389009094587223,0,1
4390,41,Tier2,MNC,41114,10613,1,17,11,1,0.27267480130408867,0.11302074880532646,UPI,0.25813591477355646,0,3
4391,27,Tier2,SME,71583,29410,2,10,5,1,0.20537950419073533,0.056205957967194756,UPI,0.41085173854127377,0,1
4392,48,Tier1,MNC,37346,10410,3,15,10,3,0.16701197938710094,0.007941508626876639,UPI,0.2787447116157018,0,3
4393,21,Tier1,SME,55788,15353,1,7,11,1,0.3153993197273991,0.04478305567810811,UPI,0.2752025525202553,0,5
4394,23,Tier1,Startup,48020,14248,1,21,14,3,0.06822252391161046,0.0031032830765627593,Card,0.2967097042898792,0,2
4395,38,Tier1,MNC,45963,15054,2,20,10,3,0.507089192421202,0.01837087767702201,UPI,0.3275243130343972,0,3
4396,38,Tier1,MNC,54998,23002,1,8,0,2,0.0663482145878288,0.15401589679720176,UPI,0.418233390305102,0,1
4397,31,Tier3,SME,77997,22410,1,16,17,4,0.343858878119333,0.05216611008430815,Wallet,0.287318743028578,0,1
4398,29,Tier1,MNC,82113,35229,2,7,9,2,0.1908723880704886,0.04196355307326786,UPI,0.42903072595082387,0,0
4399,23,Tier2,SME,78524,21052,3,7,2,3,0.10976736556383185,0.12726739759851208,UPI,0.26809637817737253,0,0
4400,43,Tier3,Gig,66727,16506,1,17,2,2,0.22960126834989975,0.051964704792956756,UPI,0.2473661336490476,0,2
4401,33,Tier1,MNC,54845,13081,1,20,0,1,0.32457219363704987,0.0878238542058205,UPI,0.2385085240222445,0,1
4402,25,Tier2,SME,15000,2345,1,21,3,4,0.2701231525196014,0.048614385067085535,UPI,0.15633333333333332,0,2
4403,34,Tier2,SME,67353,27260,2,11,4,3,0.12436108895827926,0.02486130626149534,UPI,0.4047332709753092,0,1
4404,52,Tier1,MNC,15000,2606,1,22,17,3,0.018323354543167348,0.09985144230076362,UPI,0.17373333333333332,0,6
4405,29,Tier1,MNC,21532,5389,1,15,14,1,0.2577578522360503,0.1746625269252631,Card,0.25027865502507896,0,3
4406,51,Tier2,Startup,56766,12780,2,13,0,0,0.2210271147707847,0.15218477247396872,Card,0.22513476376704367,0,0
4407,29,Tier2,Startup,65291,24375,3,12,6,2,0.02582925355568096,0.12631155186667148,UPI,0.37332863641236924,0,3
4408,27,Tier2,Gig,50978,21909,1,19,5,3,0.2287761594506464,0.13350636062514998,UPI,0.42977362783946016,0,2
4409,29,Tier3,SME,90710,35831,2,12,8,1,0.04285988623082664,0.09195183486255329,Wallet,0.39500606327858007,0,2
4410,31,Tier1,Startup,69242,17033,2,13,2,3,0.045832530813451774,0.08989199680795244,NetBanking,0.24599231680194103,0,2
4411,25,Tier2,Gig,55011,15773,1,12,4,3,0.33825711332524483,0.05918341981112716,UPI,0.2867244732871608,0,4
4412,40,Tier2,Gig,87726,19660,2,11,10,1,0.08225778918006053,0.09715958368926925,Card,0.22410687823450287,0,2
4413,32,Tier2,Gig,91302,39003,1,13,9,2,0.2468020745821318,0.13630570315401996,UPI,0.42718669908654794,0,3
4414,45,Tier2,MNC,70251,13040,1,6,15,1,0.13108290478348225,0.10869640067932514,UPI,0.18562013352123102,0,1
4415,37,Tier2,Gig,44494,19380,0,21,16,1,0.07000721205772135,0.22113725945755894,UPI,0.4355643457544838,0,2
4416,36,Tier3,Gig,48994,19308,0,10,7,3,0.021820940741341197,0.02447947902218647,UPI,0.39408907213128136,1,45
4417,37,Tier1,Startup,31065,11291,2,14,14,2,0.09919145514327776,0.012323729128319283,UPI,0.36346370513439563,0,3
4418,26,Tier2,Startup,59151,22607,2,9,15,2,0.1689451166632312,0.2368223917708165,Card,0.38219134080573447,0,2
4419,45,Tier1,Gig,38999,9820,2,15,6,3,0.351386230432424,0.1302491445236939,UPI,0.2518013282391856,0,1
4420,24,Tier2,SME,53418,12754,2,10,7,1,0.07939290238545073,0.101856767404871,UPI,0.23875847092740274,0,2
4421,45,Tier2,Startup,65212,17243,1,9,11,2,0.1525185970098582,0.04184455008705254,Wallet,0.2644145249340612,0,1
4422,54,Tier2,Startup,20325,4156,3,11,16,3,0.45130175368923103,0.005477051725582432,Card,0.20447724477244772,0,0
4423,46,Tier1,Startup,34725,12983,2,22,13,0,0.348966766452066,0.08191458662564788,UPI,0.37388048956083514,0,2
4424,36,Tier2,Startup,49863,14585,1,21,15,6,0.3301433815648814,0.06585021392779926,UPI,0.2925014539839159,0,4
4425,31,Tier1,MNC,58949,24507,2,20,14,2,0.5397857787128563,0.05626649800570146,UPI,0.4157322431254135,0,2
4426,50,Tier1,SME,50122,20726,2,9,3,1,0.16036976133535563,0.02818742805208477,NetBanking,0.41351103307928655,0,2
4427,29,Tier1,SME,54589,10740,1,17,3,5,0.19896976010217773,0.15202452416459866,Card,0.19674293355804284,1,34
4428,37,Tier3,Startup,45876,9892,1,20,15,2,0.3642067383170588,0.3004705400884214,UPI,0.21562472752637546,0,3
4429,47,Tier1,Startup,31012,8472,1,17,8,0,0.2830844928723798,0.12936695306836785,UPI,0.27318457371340127,0,1
4430,52,Tier3,Gig,49304,9153,3,21,3,3,0.17851450846296332,0.016978111775378227,Card,0.1856441668018822,0,1
4431,52,Tier1,Startup,55736,19888,2,9,5,1,0.1415989550976394,0.13906870780886085,Card,0.3568250322951055,0,0
4432,23,Tier2,SME,53792,19971,2,14,8,3,0.4071588675731724,0.1866929436698129,UPI,0.3712633848899465,0,2
4433,51,Tier2,MNC,62235,22803,3,11,10,3,0.1865760516278676,0.1893357199294955,UPI,0.36640154254037116,0,0
4434,24,Tier2,Startup,68377,19902,1,19,3,2,0.2854435359090954,0.06538854486387866,Card,0.29106278426956433,0,3
4435,40,Tier2,Gig,73634,29671,3,8,4,0,0.03716608824141439,0.06350130446914891,UPI,0.40295244044870576,0,3
4436,52,Tier2,Startup,47328,15701,2,11,6,3,0.09771921717012343,0.24820650587069032,NetBanking,0.33174864773495605,0,2
4437,43,Tier3,Gig,28484,12763,2,18,3,1,0.21419963754452986,0.1819765933189426,Card,0.4480761129054908,0,3
4438,53,Tier2,Gig,85431,33713,1,6,17,4,0.1807861223955221,0.15863515644493675,UPI,0.39462256089709824,0,0
4439,32,Tier1,SME,67708,24827,1,10,0,2,0.08180923211193684,0.17195739781523883,UPI,0.3666774974892184,1,54
4440,31,Tier1,Startup,40906,7649,1,18,13,2,0.1728427419583816,0.09353704072137596,NetBanking,0.18698968366498803,0,2
4441,32,Tier2,SME,65554,26207,1,10,5,8,0.17151422429023724,0.06655717040388112,Wallet,0.3997772828507795,0,1
4442,33,Tier1,SME,81359,19662,0,16,9,2,0.274792705770384,0.115635929003112,UPI,0.2416696370407699,0,4
4443,44,Tier2,MNC,94583,26074,1,13,5,1,0.05219404624798128,0.0320659118490017,UPI,0.2756732182316061,0,4
4444,36,Tier2,MNC,65012,18777,2,14,16,1,0.21574928982031183,0.010694567753334374,Card,0.2888236017965914,0,0
4445,46,Tier1,MNC,81193,20248,3,12,17,3,0.21263179779134767,0.05824839479437023,UPI,0.24938110428238888,0,3
4446,35,Tier2,Startup,35807,6535,0,22,6,0,0.23070879717257786,0.17089486984539368,Card,0.1825062138687966,0,4
4447,31,Tier2,MNC,59281,12437,0,18,0,1,0.07164613216905681,0.2574942256004876,UPI,0.209797405576829,0,3
4448,27,Tier2,SME,53299,20842,2,19,3,2,0.0527440755081453,0.08089084523730153,Card,0.3910392315052815,0,4
4449,39,Tier2,SME,66851,23109,2,20,12,4,0.07080403799107766,0.16337788137649673,NetBanking,0.345679197020239,0,5
4450,51,Tier3,SME,92223,39918,2,13,14,0,0.24316195575194025,0.01436736531380183,UPI,0.4328421326567125,0,3
4451,50,Tier2,Gig,64997,25759,3,7,0,2,0.00831621265342709,0.01576025826939005,NetBanking,0.3963105989507208,0,0
4452,29,Tier3,SME,41246,11163,1,6,0,0,0.15919088262082856,0.02233935000878891,Card,0.2706444261261698,0,3
4453,37,Tier1,MNC,34731,13401,1,14,8,7,0.25450563213075333,0.09969779897302847,UPI,0.3858512568022804,0,0
4454,44,Tier2,Gig,92915,30004,3,21,14,0,0.15938535724875486,0.2770602912431612,Card,0.32291879674971746,0,2
4455,41,Tier2,Gig,70275,16577,2,14,13,1,0.09838049939704059,0.01618567641650255,NetBanking,0.2358875844895055,0,5
4456,23,Tier1,Startup,68961,30517,2,23,0,2,0.1412695796778161,0.12655537070928935,NetBanking,0.442525485419295,0,0
4457,41,Tier1,Startup,53125,22766,3,15,17,2,0.09734558405445294,0.14350046443105136,NetBanking,0.4285364705882353,0,5
4458,22,Tier2,MNC,65357,12003,1,17,5,4,0.08431708654911108,0.2321398292442121,UPI,0.1836528604434108,0,1
4459,24,Tier1,Startup,40260,16177,1,7,4,2,0.22804048738921043,0.017175047751642657,UPI,0.40181321410829607,0,1
4460,43,Tier3,MNC,67743,11740,1,19,6,1,0.18163119293552124,0.05784026230184733,UPI,0.17330203858701268,0,0
4461,24,Tier1,SME,36502,15646,2,22,13,4,0.2141888900969883,0.08327434160637402,Wallet,0.4286340474494548,0,5
4462,32,Tier1,MNC,52814,17811,2,15,5,0,0.07670332281462731,0.06759314396605999,NetBanking,0.3372401257242398,0,1
4463,41,Tier2,Startup,47142,9427,1,22,11,2,0.02223146794983092,0.0974972633978836,Card,0.1999703024903483,0,0
4464,43,Tier1,MNC,15000,5927,1,10,4,1,0.1731867201695414,0.1493952646894726,Card,0.39513333333333334,0,3
4465,36,Tier1,MNC,53064,16170,2,14,2,3,0.2083438640275658,0.18144156530077402,UPI,0.30472636815920395,0,1
4466,24,Tier2,MNC,42022,7054,1,22,1,1,0.21247165589160644,0.051033994349271375,UPI,0.16786445195373853,0,4
4467,48,Tier2,Startup,55792,21732,2,16,7,1,0.06317352437808464,0.020911501234791473,Card,0.3895182104961285,0,3
4468,53,Tier1,MNC,60034,23203,1,18,0,4,0.06655011531921715,0.15073683164627025,UPI,0.38649765133091246,0,1
4469,51,Tier2,SME,95358,28094,2,13,10,2,0.21032236630670745,0.09203123338209808,UPI,0.2946160783573481,0,3
4470,46,Tier2,SME,66094,24410,2,15,13,4,0.20047748891459075,0.09719110390089995,UPI,0.3693224801040942,0,0
4471,34,Tier2,Startup,66682,10805,1,12,10,3,0.053783795950784245,0.019014538854012185,UPI,0.162037731321796,0,3
4472,50,Tier1,MNC,69912,17158,2,18,8,3,0.10015812092142055,0.24038321708920576,UPI,0.24542281725597895,0,0
4473,37,Tier1,Gig,77436,27254,2,7,3,0,0.2740815101200159,0.016406932752518207,NetBanking,0.3519551629732941,0,4
4474,25,Tier3,SME,69085,15142,1,15,2,0,0.2121199939200779,0.028211456080466688,UPI,0.21917927191141348,0,6
4475,49,Tier2,MNC,65634,18713,1,22,2,2,0.1627042661631194,0.07917811873934931,UPI,0.28511137520187707,0,3
4476,31,Tier1,MNC,74224,31885,2,7,1,3,0.14180089010501332,0.008369884597905096,Card,0.4295780340590645,0,2
4477,52,Tier2,MNC,15000,5970,2,14,10,6,0.2946113161066205,0.10553391168081847,UPI,0.398,1,115
4478,33,Tier1,SME,101781,32305,2,17,5,2,0.4632125312230988,0.1268156711568498,UPI,0.3173971566402374,0,0
4479,50,Tier2,MNC,91794,29650,1,7,11,2,0.3527697495523325,0.04148354463917844,UPI,0.3230058609495174,0,2
4480,39,Tier2,Gig,64342,26772,2,6,6,2,0.43179162385112324,0.17313683511937616,UPI,0.41608902427652233,0,3
4481,36,Tier3,SME,31739,12978,2,8,5,1,0.16674429361783377,0.03892212733167372,UPI,0.40889757081193484,0,3
4482,31,Tier3,MNC,84207,14861,1,9,8,3,0.12537443698154568,0.14642132268789118,UPI,0.17648176517391667,0,0
4483,49,Tier1,SME,46122,13360,1,21,6,2,0.25973423709126847,0.043000987128753713,NetBanking,0.2896665365769047,0,5
4484,23,Tier2,MNC,70676,14648,1,8,1,1,0.1442294046515446,0.11693899639365683,UPI,0.20725564548078557,0,4
4485,36,Tier1,MNC,34341,6008,2,17,0,1,0.27410264248368477,0.15633129419816014,UPI,0.1749512244838531,0,1
4486,33,Tier2,SME,104528,24848,1,12,17,2,0.3646203632999515,0.06477348470829827,Card,0.23771621001071483,0,4
4487,39,Tier2,MNC,31155,10380,2,15,1,2,0.08108995346241382,0.09477613750387018,Card,0.3331728454501685,0,1
4488,29,Tier1,MNC,61379,23834,1,22,4,1,0.4649014177965664,0.08572728373102424,UPI,0.38830870493165415,0,3
4489,43,Tier1,Gig,17556,7439,2,21,7,2,0.1664582458764676,0.089400361361325,UPI,0.4237297789929369,0,3
4490,34,Tier1,Startup,59175,16384,1,7,7,0,0.06394341137785985,0.04540022294409508,Card,0.2768736797634136,0,4
4491,27,Tier1,Gig,51494,14248,2,7,13,1,0.05921228543744191,0.18093002886605838,NetBanking,0.2766924301860411,0,3
4492,27,Tier1,MNC,82743,16215,2,12,12,4,0.10991045498230037,0.11355984968229296,UPI,0.1959682390051122,0,4
4493,44,Tier3,Gig,51492,10733,2,20,10,0,0.1303521396569885,0.13402229777569338,Card,0.20844014604210362,1,33
4494,29,Tier2,SME,82772,14960,3,19,5,6,0.09468242104038539,0.08253460126673622,NetBanking,0.18073744744599624,0,2
4495,31,Tier2,MNC,39517,17496,0,17,17,1,0.23911090529566942,0.13966982492926772,Card,0.4427461598805577,0,2
4496,42,Tier2,Gig,54360,10234,1,21,1,1,0.20324117394425506,0.13988918594839472,UPI,0.18826342899190582,0,1
4497,32,Tier2,MNC,54761,20644,0,9,5,2,0.24823247261483627,0.06261530194589478,UPI,0.37698361972936945,1,35
4498,34,Tier1,SME,69911,17151,2,19,6,2,0.2786710638476943,0.06329769472647867,Card,0.24532620045486403,0,3
4499,29,Tier3,Gig,67367,20960,2,23,6,2,0.3241924440913398,0.07545698049955736,UPI,0.3111315629314056,0,2
4500,32,Tier2,Startup,74444,30657,0,23,9,1,0.18489035431637504,0.09641938611716903,UPI,0.41181290634570955,0,3
4501,44,Tier2,SME,65336,28150,2,18,0,1,0.39481775559312005,0.05447002706513807,UPI,0.43084976123423535,0,2
4502,39,Tier3,SME,73226,16261,1,18,15,1,0.09399044111927594,0.09973557839433862,UPI,0.22206593286537568,0,4
4503,54,Tier2,MNC,42042,17799,3,10,2,2,0.2783164074885617,0.026846200981025085,UPI,0.4233623519337805,0,0
4504,47,Tier2,Gig,67775,15291,1,19,6,2,0.3444285417921625,0.03703772072534784,Card,0.22561416451493913,0,1
4505,21,Tier3,MNC,92164,36076,3,10,10,3,0.19515696269658608,0.09493778586277303,UPI,0.3914326635128684,0,1
4506,33,Tier1,MNC,26400,4080,2,13,16,1,0.16323697257818284,0.06088758527598732,UPI,0.15454545454545454,0,2
4507,30,Tier2,MNC,69780,21671,3,8,10,3,0.2320343522617408,0.0007579768309097799,UPI,0.3105617655488679,0,1
4508,40,Tier1,Gig,73535,27042,2,11,9,2,0.26354023881267,0.12439776708699532,UPI,0.367743251512885,1,33
4509,30,Tier1,Startup,89223,35839,1,7,4,1,0.290723401909525,0.07916028735472577,UPI,0.40167893928695514,0,2
4510,53,Tier2,SME,74520,29982,2,14,12,7,0.05738160337145729,0.2393668154194123,UPI,0.40233494363929145,0,4
4511,31,Tier1,Gig,62006,14860,1,7,10,5,0.029619886592244998,0.017963172410701608,UPI,0.23965422701028932,0,1
4512,38,Tier3,MNC,68601,27848,1,19,0,3,0.17641122788306848,0.009849633819551453,UPI,0.4059416043497908,0,2
4513,25,Tier1,Gig,45299,11193,1,17,7,0,0.372515052253296,0.036894380283027675,UPI,0.24709154727477428,0,1
4514,51,Tier2,MNC,52240,11499,2,17,16,1,0.2088200469511219,0.1275939809702225,Card,0.2201186830015314,0,0
4515,52,Tier1,SME,33285,5007,2,18,15,2,0.24572457616818133,0.08895229872032485,UPI,0.15042812077512394,0,2
4516,47,Tier3,MNC,89740,19806,1,19,3,0,0.1587468595788228,0.03433496161682205,Card,0.22070425674169825,0,2
4517,32,Tier1,Gig,69003,12802,2,18,13,1,0.10947942192388763,0.0803473321572599,Card,0.18552816544208223,0,0
4518,22,Tier1,Gig,41677,14690,1,17,5,3,0.10136534200728126,0.0040477510272297935,NetBanking,0.352472586798474,1,48
4519,45,Tier1,SME,65427,12655,0,9,13,5,0.024669761378730653,0.06526917829501097,UPI,0.19342167606645574,0,3
4520,35,Tier2,MNC,83186,27086,1,19,9,1,0.02197452020753934,0.059229844984504086,Card,0.32560767436828314,0,3
4521,54,Tier3,MNC,79855,15007,0,14,5,3,0.18272137580327835,0.058142804550016323,UPI,0.18792811971698703,0,2
4522,44,Tier3,SME,41447,14975,2,8,17,0,0.09056452901274147,0.018802265877689545,UPI,0.3613047988997997,1,48
4523,39,Tier1,SME,15000,3534,1,14,4,2,0.24230806433225233,0.1727267373268404,Card,0.2356,0,1
4524,54,Tier1,MNC,67907,16474,0,11,6,1,0.46501963168801247,0.05296339261802214,Card,0.24259649226147526,0,5
4525,48,Tier1,Startup,42262,14458,1,9,16,1,0.03033397658867307,0.3446671000709705,UPI,0.3421040177937627,0,1
4526,36,Tier2,Startup,72446,31273,2,16,3,4,0.16426650908815335,0.02197153152978154,Card,0.4316732462799879,0,1
4527,21,Tier2,Gig,79005,35353,2,22,3,1,0.22780617531811062,0.2956018921531441,Card,0.4474780077210303,0,2
4528,24,Tier1,SME,82272,21158,1,6,17,2,0.14283400159031462,0.026347943651448928,UPI,0.25717133411124077,0,1
4529,36,Tier2,SME,94894,41174,2,8,8,2,0.265333827133964,0.02635090146819378,UPI,0.4338946614116804,0,1
4530,40,Tier3,SME,84727,28273,0,22,14,5,0.2806617094560518,0.0688656277442771,Card,0.3336952801350219,0,0
4531,22,Tier1,MNC,94990,40080,2,18,1,4,0.06861383055486507,0.20411154421415492,Card,0.4219391514896305,0,5
4532,25,Tier1,Startup,87581,13868,1,10,11,3,0.2521746802857776,0.10023357689785664,UPI,0.1583448464849682,0,2
4533,44,Tier1,Startup,89324,14287,0,12,1,3,0.21767389901614323,0.050902088033988234,UPI,0.15994581523442747,0,6
4534,46,Tier1,MNC,59182,10201,1,7,7,1,0.04272701438204564,0.05838754448454056,UPI,0.17236659795208004,0,2
4535,22,Tier1,SME,34213,13388,0,21,3,2,0.06530802397712658,0.03233374733906647,UPI,0.39131324350393126,0,1
4536,38,Tier2,Gig,109645,20984,1,17,7,4,0.24896158754047581,0.09953968491095919,UPI,0.1913812759359752,0,0
4537,23,Tier1,SME,61259,12434,2,10,7,2,0.19372438407330683,0.12271838053993657,Card,0.20297425684389234,0,1
4538,45,Tier2,SME,84574,27538,1,9,17,3,0.031913447442840664,0.08430017015354938,Card,0.32560834298957125,0,3
4539,49,Tier3,Startup,48994,21421,0,18,11,0,0.18619875264498678,0.03782085117588038,Wallet,0.43721680205739477,0,1
4540,50,Tier3,SME,79278,25379,2,16,1,2,0.33927446177922044,0.06470781519076448,UPI,0.32012664295264764,0,1
4541,41,Tier2,MNC,15000,5546,2,19,8,1,0.31450294134581475,0.06755264862535923,NetBanking,0.36973333333333336,0,0
4542,42,Tier1,Gig,51791,10685,3,10,13,3,0.02776409418724465,0.08551199637560311,UPI,0.2063099766368674,0,2
4543,52,Tier1,Gig,58031,24619,1,23,8,2,0.08333963777917154,0.03584436769034912,NetBanking,0.4242387689338457,0,3
4544,41,Tier1,MNC,69252,11548,2,8,10,0,0.22846626223181887,0.1224536680129672,UPI,0.16675330676370356,0,3
4545,36,Tier3,MNC,81440,19125,2,9,9,1,0.12805147270591713,0.05853813179419208,UPI,0.23483546168958744,0,3
4546,46,Tier3,Startup,38117,10905,2,19,17,4,0.36917528675590855,0.04291292077363945,Card,0.2860928194768738,0,3
4547,41,Tier1,Startup,73199,15946,1,16,11,0,0.0962555434221959,0.025958017080106845,NetBanking,0.21784450607248734,0,3
4548,49,Tier1,SME,84533,29512,1,12,10,2,0.12408539199437642,0.4613645370488762,UPI,0.3491180958915453,0,3
4549,38,Tier2,SME,106918,37810,1,19,16,0,0.25523491131255793,0.2855584460107362,NetBanking,0.3536354963616978,0,1
4550,50,Tier1,Startup,74132,15831,2,16,5,2,0.24809727516795427,0.06827782907978112,UPI,0.21355150272486914,0,3
4551,22,Tier3,SME,50809,7752,2,13,13,1,0.7189301883396736,0.08998468789429553,NetBanking,0.15257139483162432,0,1
4552,22,Tier1,MNC,34564,5955,1,9,14,3,0.023443470244707484,0.06652357725139163,UPI,0.17228908691123712,0,1
4553,24,Tier1,MNC,96584,14499,1,18,6,1,0.12761938328686154,0.13270550301891193,NetBanking,0.1501180319721693,0,0
4554,39,Tier1,SME,74746,31514,3,15,17,2,0.3433835450516479,0.007275745535765554,UPI,0.4216145345570331,0,2
4555,45,Tier1,Gig,59560,20041,1,22,5,3,0.2875754327963552,0.04096630049082449,Card,0.3364842175957018,0,1
4556,28,Tier1,SME,27603,5286,2,13,16,1,0.1144613254141326,0.5050080115990372,Card,0.19150092381262906,0,1
4557,26,Tier3,SME,41376,7354,3,10,0,2,0.13722084096026435,0.13477552456789754,UPI,0.17773588553750966,0,2
4558,50,Tier1,Gig,72626,28707,1,6,5,1,0.25238980287957197,0.17964378429410774,UPI,0.39527166579461903,0,1
4559,46,Tier2,SME,67076,26381,2,10,5,2,0.08861601440113798,0.026347297527846526,UPI,0.3933001371578508,0,0
4560,43,Tier1,SME,21073,9023,2,19,6,1,0.2965812102279978,0.11361182534819997,UPI,0.4281782375551654,0,3
4561,37,Tier1,MNC,72652,14369,1,11,7,2,0.21901368265544324,0.07068668615404698,Card,0.19777845069647085,0,2
4562,35,Tier1,Startup,28631,8780,1,15,13,2,0.3191131963024925,0.26202505126865183,Card,0.3066606126226817,0,2
4563,21,Tier1,Startup,87080,16235,2,9,7,1,0.2366279299626723,0.014253669302972697,UPI,0.186437758383096,0,1
4564,27,Tier1,Startup,64171,24942,0,22,10,4,0.21603357067392356,0.1362820056856593,Card,0.38868024497046955,0,4
4565,51,Tier1,SME,50731,13887,1,22,2,1,0.4465777899510037,0.09272840389379927,Wallet,0.2737379511541267,0,1
4566,32,Tier2,SME,79803,28629,1,20,0,2,0.07184816356395335,0.008269921063120283,UPI,0.3587459118078268,0,6
4567,44,Tier2,MNC,67069,10670,2,19,7,4,0.13034472741378514,0.209520180799488,Card,0.15908989249876992,0,4
4568,44,Tier3,Gig,86498,33161,1,16,2,1,0.42308323100460526,0.05784617931063944,UPI,0.38337302596591827,0,0
4569,31,Tier1,MNC,61609,13482,1,6,1,1,0.19802748903459602,0.022851890228766436,Card,0.21883166420490513,0,1
4570,27,Tier2,Startup,62776,25288,1,6,1,2,0.032666796786362355,0.004368302156610411,UPI,0.4028291066649675,0,0
4571,44,Tier2,Startup,54294,11171,1,13,4,1,0.15657832646349226,0.03495032946289274,UPI,0.20575017497329354,1,48
4572,24,Tier1,MNC,65259,25257,2,19,3,3,0.23889875559199877,0.05777536801766821,UPI,0.38702707672504943,0,2
4573,37,Tier1,SME,93959,17873,2,8,2,1,0.2675826343943593,0.09017074684912808,NetBanking,0.1902212667227195,0,2
4574,51,Tier2,MNC,49944,17431,1,15,5,0,0.2012318398420419,0.12119140518144514,Card,0.3490108921992632,0,1
4575,45,Tier2,SME,72959,28000,2,23,4,1,0.34162549667978415,0.07035910138366663,NetBanking,0.38377718992859006,0,2
4576,46,Tier1,Gig,42391,11270,2,21,17,1,0.055618894332646863,0.0671280159954542,Card,0.26585831898280293,0,2
4577,23,Tier1,SME,18665,4167,2,15,11,0,0.22007981717065545,0.019698542002132776,Card,0.22325207607822126,0,1
4578,27,Tier3,Gig,64149,16252,2,16,12,4,0.1118093333201561,0.016136327503519635,NetBanking,0.25334767494427035,0,1
4579,30,Tier1,MNC,67408,16108,0,7,12,2,0.22027368096005323,0.045865181065353894,UPI,0.2389627343935438,0,2
4580,30,Tier3,SME,57798,19646,2,6,0,3,0.04000376259755661,0.0037534720113772606,Card,0.3399079552925707,0,2
4581,27,Tier2,Gig,30080,4914,2,11,8,3,0.17157685879006926,0.06977155568126973,Card,0.16336436170212765,0,1
4582,54,Tier2,Gig,66086,10734,2,20,10,0,0.1688140427723889,0.05285979940576179,Card,0.16242471930514785,0,4
4583,26,Tier2,SME,65326,15438,1,6,16,0,0.023350750423885097,0.08100380279047154,Card,0.23632244435599914,0,2
4584,45,Tier1,Startup,42224,9842,0,20,7,2,0.04843088664972149,0.0817727709440383,UPI,0.2330901856763926,0,1
4585,40,Tier2,Gig,32930,6688,1,10,4,7,0.2840765197490282,0.05641303252430889,Wallet,0.20309747950197388,0,4
4586,41,Tier2,Startup,54952,20059,1,7,13,3,0.26938911471108307,0.10717263746860371,UPI,0.3650276605037123,0,1
4587,28,Tier2,Startup,73058,11479,1,7,3,3,0.21449222448538047,0.06766861399764061,UPI,0.15712173889238687,0,3
4588,31,Tier1,MNC,68333,29196,1,18,15,4,0.2901574010556024,0.049093015360493555,UPI,0.427260620783516,0,0
4589,41,Tier1,MNC,42383,15988,0,6,6,1,0.2867437764233757,0.13370286928969677,UPI,0.37722671825967957,0,3
4590,31,Tier1,Startup,62738,16994,1,15,1,2,0.18625252288350758,0.08983506756831314,UPI,0.2708725174535369,0,3
4591,44,Tier1,SME,77742,31693,3,22,6,3,0.35415849923444465,0.13267887063365166,Card,0.4076689562913226,0,0
4592,22,Tier2,MNC,36546,12259,2,16,17,0,0.135244174317203,0.04796661111077427,UPI,0.33544026706069063,0,2
4593,23,Tier2,MNC,61263,19669,1,12,7,3,0.0846031207024029,0.15892727292073297,NetBanking,0.3210583876075282,0,2
4594,45,Tier2,SME,86792,21169,2,22,1,2,0.15849924937208848,0.019040012799016227,UPI,0.2439049681998341,0,0
4595,41,Tier2,SME,34501,12038,1,7,6,1,0.1805462775684163,0.027237793868324707,UPI,0.3489174226834005,0,4
4596,22,Tier1,SME,83110,15949,0,10,13,2,0.16452907235485298,0.17663311344760857,UPI,0.1919022981590663,0,1
4597,51,Tier1,SME,92383,28404,2,9,0,2,0.20789164996128848,0.010380256455369772,UPI,0.3074591645649091,0,2
4598,21,Tier1,MNC,55555,10268,1,6,16,1,0.31718999802526887,0.018751297077401842,UPI,0.18482584825848258,0,0
4599,53,Tier1,Gig,53139,15067,2,23,13,0,0.1275258187537678,0.08709341861157965,NetBanking,0.2835393966766405,0,2
4600,45,Tier1,Startup,80661,27011,1,9,13,1,0.2949006886978757,0.06192503524366411,NetBanking,0.33487063140799145,1,105
4601,54,Tier1,MNC,56277,11066,1,7,13,1,0.12339898183756005,0.05425965383899511,UPI,0.196634504326812,0,2
4602,53,Tier1,SME,15000,3249,1,22,2,4,0.025214058686623637,0.036532853043404374,UPI,0.2166,0,5
4603,31,Tier2,SME,58024,22860,1,23,14,2,0.22400646158402523,0.006235801701342831,Card,0.3939749069350614,0,0
4604,46,Tier1,Startup,69408,15735,2,9,3,0,0.1998984461667068,0.05598817936924409,Card,0.22670297372060857,0,1
4605,28,Tier1,Startup,74801,13364,1,13,2,1,0.282456119119075,0.0680708803666343,NetBanking,0.17866071309207096,0,2
4606,37,Tier1,Startup,42387,10563,1,18,0,1,0.34443848260543597,0.08070769233112307,NetBanking,0.24920376530540025,0,4
4607,29,Tier2,Startup,54603,23508,0,13,2,2,0.25954763246397233,0.040745822320351406,UPI,0.4305257952859733,0,2
4608,37,Tier2,MNC,79538,28485,2,20,2,0,0.0827649553266068,0.10052166899093366,NetBanking,0.35813070482033743,0,3
4609,50,Tier1,SME,58800,18970,2,10,15,3,0.17586791124231133,0.05564953043797351,UPI,0.32261904761904764,0,3
4610,35,Tier1,MNC,29425,11832,2,20,1,1,0.3440646156577904,0.04119119716552204,NetBanking,0.402107051826678,0,0
4611,24,Tier3,SME,84752,29498,2,16,11,0,0.2232075799784752,0.023174000191901883,Card,0.3480507834623372,0,1
4612,32,Tier2,SME,55717,21915,3,6,0,3,0.2144023850079477,0.08667945307446946,UPI,0.3933269917619398,0,3
4613,47,Tier2,Startup,81824,28404,1,17,17,3,0.43322590038295467,0.04998464062600476,UPI,0.3471353148220571,0,3
4614,38,Tier2,MNC,32090,13133,2,6,10,3,0.30560254396325937,0.11984467885238362,UPI,0.40925521969460893,0,1
4615,40,Tier2,Startup,57580,19416,1,21,9,2,0.2742671571640927,0.04035866924663219,UPI,0.33720041681139284,0,4
4616,35,Tier3,SME,70194,16106,1,23,1,2,0.250688351818886,0.13571162106802417,UPI,0.2294498105251161,0,1
4617,30,Tier1,SME,58257,9457,2,8,15,3,0.18791896789576312,0.08602287532675393,UPI,0.1623324235714163,0,0
4618,41,Tier2,Startup,36339,6599,3,15,7,1,0.20633910817363604,0.03242032291286456,UPI,0.1815955309722337,0,2
4619,42,Tier1,MNC,15000,4556,2,12,2,3,0.27994033877379587,0.002971120072556792,UPI,0.30373333333333336,0,0
4620,51,Tier2,SME,90465,39943,1,7,12,3,0.11245823940421702,0.054637318350999914,NetBanking,0.4415298734317139,0,0
4621,42,Tier1,SME,64960,24544,2,18,16,3,0.15349383755353155,0.07429816910850551,UPI,0.37783251231527093,0,2
4622,54,Tier1,Startup,83336,31887,1,6,0,2,0.09181046544188681,0.0565358908041136,UPI,0.3826317557838149,0,1
4623,49,Tier3,MNC,78573,27432,2,6,3,0,0.23663782055135105,0.06498293673343869,Card,0.3491275629032874,0,2
4624,23,Tier3,Gig,71936,30288,1,20,11,3,0.07034491280257547,0.05584665804998643,Card,0.4210409252669039,0,3
4625,34,Tier1,Gig,53573,19856,1,11,1,1,0.11297414978305209,0.038137116858236536,UPI,0.3706344613891326,0,1
4626,34,Tier3,Gig,69795,15878,0,22,13,1,0.18724542673494524,0.05489291308117883,UPI,0.22749480621821047,0,1
4627,21,Tier1,MNC,88650,26581,3,16,10,2,0.3322437773240733,0.1466833385236364,UPI,0.2998420755781162,0,1
4628,27,Tier1,Startup,61660,16728,0,15,9,1,0.05238172510427077,0.0077072635239440615,UPI,0.27129419396691534,0,6
4629,46,Tier3,MNC,98034,19569,1,13,5,2,0.09594384741131531,0.07252240376741202,UPI,0.19961441948711672,0,2
4630,32,Tier1,Gig,30011,6503,1,12,8,1,0.015441827208529739,0.11953314119813173,Card,0.21668721468794774,1,116
4631,26,Tier1,SME,27861,6562,1,10,1,0,0.10195486065176217,0.03275433277679388,UPI,0.23552636301640287,0,3
4632,30,Tier2,MNC,79761,16119,1,18,13,4,0.07905549500177082,0.06699608881816294,UPI,0.20209124760221162,0,1
4633,30,Tier1,SME,43625,9387,2,16,11,4,0.2743309353672524,0.09262683753187194,UPI,0.21517478510028654,0,1
4634,26,Tier1,Gig,100866,42859,1,6,9,6,0.0768681433902414,0.03343214035652104,UPI,0.42491027700116984,0,1
4635,24,Tier1,Gig,86746,21944,1,11,14,2,0.08684121972270341,0.1525744762756874,UPI,0.2529684365849722,0,2
4636,46,Tier2,SME,91751,36540,1,22,9,2,0.13586724362133454,0.015216547072965051,NetBanking,0.3982517901712243,0,1
4637,49,Tier1,SME,77688,13153,1,14,7,2,0.03338983603819357,0.2590595750800997,UPI,0.1693054268355473,0,4
4638,37,Tier1,Startup,41568,18478,2,10,14,1,0.24884253654344285,0.0018433552655308099,UPI,0.44452463433410316,0,2
4639,41,Tier2,Gig,26813,10173,1,10,16,4,0.2556866384875857,0.18723298052817458,NetBanking,0.3794055122515198,0,3
4640,52,Tier1,Startup,89905,37941,2,9,15,2,0.18906468936344928,0.10517841873109403,UPI,0.4220121239085702,0,3
4641,49,Tier1,SME,30008,9235,1,21,9,1,0.38826116295279606,0.12331502316268474,Card,0.3077512663289789,0,1
4642,22,Tier2,Startup,91697,31210,1,11,6,2,0.010863087705706691,0.037121064766879576,UPI,0.3403600990217783,1,114
4643,53,Tier2,Gig,73392,18953,1,11,2,1,0.27009236436834155,0.20812307136919708,UPI,0.2582434052757794,0,4
4644,23,Tier1,MNC,58474,16349,2,7,7,3,0.20645210712850648,0.017323071132299625,UPI,0.2795943496254746,0,1
4645,21,Tier3,SME,68840,25830,1,22,14,1,0.23997105528967752,0.012126657528663485,UPI,0.3752178965717606,0,1
4646,34,Tier2,MNC,69305,11434,2,13,14,0,0.07312214644027244,0.017561769025281653,Card,0.16498088161027344,0,0
4647,46,Tier1,SME,55951,9006,2,18,2,1,0.05535996906758503,0.020381477411232772,UPI,0.16096227055816698,0,3
4648,23,Tier2,Startup,88513,36509,0,18,9,1,0.44915384489810617,0.060885814352063264,NetBanking,0.4124704845615898,0,1
4649,30,Tier2,MNC,87828,16072,1,12,12,2,0.35545022238881935,0.11719972332847123,NetBanking,0.18299403379332332,0,4
4650,29,Tier2,SME,63113,23118,1,14,12,3,0.24464292954092598,0.01702616573817032,UPI,0.3662953749623691,0,0
4651,34,Tier2,MNC,48000,10073,1,7,15,1,0.10035570864885203,0.011629653375387919,Card,0.20985416666666667,0,2
4652,54,Tier2,Gig,86119,22379,1,18,1,2,0.5341806955643379,0.16488158560052812,Card,0.25986135463718807,1,108
4653,32,Tier3,Gig,19548,4653,2,18,8,3,0.30106044081943273,0.06534610874189951,UPI,0.23802946593001842,0,4
4654,28,Tier2,SME,68877,20463,2,9,1,5,0.11705263827062898,0.03053570851120556,UPI,0.29709482120301406,0,3
4655,25,Tier2,Startup,74791,29766,2,9,13,3,0.25282344442457577,0.14968668245755093,NetBanking,0.3979890628551564,0,5
4656,27,Tier2,MNC,43432,17922,0,13,9,2,0.32095132166076507,0.04273667579119781,UPI,0.41264505433781545,0,3
4657,25,Tier3,Gig,79475,17215,1,18,7,1,0.176314454895034,0.1390180504451931,UPI,0.21660899653979238,0,4
4658,40,Tier3,Startup,59472,14944,2,15,14,0,0.33170954013198284,0.14824055309697876,UPI,0.25127791229486146,0,2
4659,35,Tier1,MNC,49085,19686,1,7,15,4,0.1520648119825061,0.04286953937772216,UPI,0.4010593867780381,0,1
4660,37,Tier1,Gig,79264,14021,2,16,5,4,0.25859681717762556,0.07410673413340639,UPI,0.1768898869600323,0,6
4661,49,Tier2,MNC,38286,7085,2,18,14,2,0.21580563051025575,0.030066492340369694,Card,0.18505458914485712,0,3
4662,40,Tier1,Startup,77383,22740,1,9,17,1,0.09543541561338752,0.3173678693883997,Card,0.2938629931638732,0,2
4663,26,Tier2,MNC,20353,7877,0,14,0,3,0.17638276084606166,0.07673825879254811,UPI,0.3870191126615241,0,0
4664,33,Tier2,Startup,65714,16480,2,20,13,3,0.15296724030848619,0.11297766018839282,UPI,0.2507836990595611,0,1
4665,31,Tier3,MNC,60876,10399,2,11,2,0,0.436818464848679,0.027274612280388362,Card,0.17082265589066298,0,1
4666,49,Tier1,MNC,49206,21668,0,7,14,2,0.053172393930752584,0.08490501428840506,Card,0.4403528025037597,0,6
4667,31,Tier2,SME,67792,29264,1,22,12,0,0.08014003362885305,0.11258562144689117,Card,0.4316733537880576,0,1
4668,25,Tier1,Gig,58408,20184,0,7,15,2,0.21644487162781542,0.0030428327210433575,UPI,0.3455691001232708,0,2
4669,46,Tier2,MNC,81093,28752,2,7,10,3,0.04610444176095029,0.015920524814582542,UPI,0.35455588028559804,0,1
4670,35,Tier1,Startup,71203,30625,0,10,4,1,0.30759817795132693,0.05141962461069296,UPI,0.43010828195441203,0,3
4671,24,Tier2,SME,69053,23696,2,19,12,2,0.14833816141330003,0.08047062012297812,Card,0.3431567057187957,0,3
4672,44,Tier2,Gig,65837,25447,3,17,5,1,0.1483692866141034,0.14260743550551408,UPI,0.38651518143293284,0,2
4673,28,Tier2,MNC,50556,14613,3,10,0,2,0.09326215276835953,0.28984539394950065,Card,0.28904581058628054,1,60
4674,50,Tier2,SME,53963,11785,1,7,2,1,0.22837917914727118,0.12331112908716238,UPI,0.21839037859273946,0,2
4675,49,Tier1,Gig,64964,25969,1,23,15,3,0.2950928592816513,0.06541436428867979,Card,0.3997444738624469,0,2
4676,33,Tier1,SME,56532,20086,2,6,6,2,0.17254609073419916,0.06087220948309176,NetBanking,0.35530319111299796,0,1
4677,39,Tier1,SME,82229,19477,2,22,2,3,0.1247068311231474,0.07579358924507378,UPI,0.23686290724683506,0,3
4678,40,Tier3,Gig,61869,20848,1,14,0,2,0.016424754598062485,0.0892098099640052,UPI,0.3369700496209733,0,1
4679,43,Tier3,SME,67519,26666,2,9,0,1,0.18698578083677436,0.1062417175778118,UPI,0.3949406833632015,0,2
4680,23,Tier1,SME,31946,7382,2,12,13,1,0.26394704849598777,0.09154758184430985,UPI,0.23107744318537532,0,1
4681,32,Tier1,SME,78864,30003,2,11,2,1,0.10123349999243768,0.14877540515212262,UPI,0.3804397443700548,0,3
4682,26,Tier1,Gig,48376,8306,3,8,14,3,0.04606528700221382,0.09501826515436748,UPI,0.17169670911195634,0,4
4683,44,Tier2,Gig,39146,13211,3,13,10,1,0.07830579377147065,0.05352174947284052,UPI,0.3374802023195218,0,3
4684,23,Tier1,Startup,92923,41785,2,17,3,3,0.1913128924472786,0.13243593442048865,Card,0.44967338549121316,0,1
4685,38,Tier1,Startup,73952,30313,1,14,16,3,0.2254298528304695,0.07316767127926711,UPI,0.4099010168758113,0,3
4686,45,Tier1,SME,79541,32826,2,17,8,4,0.2928202432029182,0.17881141314917268,UPI,0.41269282508391897,0,3
4687,53,Tier1,MNC,69089,24464,2,23,7,5,0.23743852825723863,0.04919421344469024,Card,0.3540939947024852,0,1
4688,30,Tier1,MNC,58136,16763,2,8,12,1,0.46834853637233165,0.03726317722641059,UPI,0.28834113114077337,0,2
4689,21,Tier1,MNC,54407,19214,1,19,11,1,0.2851188767366099,0.14322241717879097,Card,0.35315308691896263,0,1
4690,45,Tier2,MNC,75582,18620,2,10,13,0,0.1734170333973232,0.014140493564572153,UPI,0.2463549522373052,0,3
4691,21,Tier2,Startup,82650,26103,2,6,11,2,0.08427586203915674,0.06269995768025864,Wallet,0.3158257713248639,0,3
4692,23,Tier1,MNC,58636,18288,3,12,17,1,0.09145582265972625,0.18656952685740677,UPI,0.31189030629647313,0,0
4693,54,Tier2,MNC,101450,31765,2,13,7,4,0.41102628745061254,0.08914231026087563,UPI,0.3131099063578117,0,2
4694,50,Tier1,SME,56053,15335,1,23,3,4,0.2621345768914503,0.14869902737004417,UPI,0.2735803614436337,0,4
4695,45,Tier2,MNC,32119,8217,2,12,2,4,0.19072923823710827,0.08829478628178829,UPI,0.25582988262399203,0,0
4696,49,Tier3,MNC,25569,6369,2,19,4,6,0.1822385525382109,0.07746454710846379,UPI,0.2490906957644022,0,1
4697,23,Tier1,MNC,26244,5705,2,22,13,2,0.2063857406263894,0.2607758370387125,UPI,0.21738302088096326,0,1
4698,24,Tier3,MNC,51723,14563,0,12,15,2,0.29049305621106314,0.04968466436137064,Card,0.2815575275989405,0,1
4699,31,Tier2,SME,55359,10259,2,9,5,2,0.2539340266632666,0.050532288830887,NetBanking,0.1853176538593544,0,0
4700,21,Tier2,Startup,73651,30968,2,23,1,0,0.14413524482949772,0.06847818836271212,UPI,0.4204695116155925,0,2
4701,51,Tier1,Gig,59427,10156,1,14,12,0,0.1779509868006663,0.018930993425212678,Card,0.17089874972655528,0,0
4702,22,Tier1,Startup,76867,30841,3,14,14,1,0.28463642631733416,0.09036847880881181,Card,0.40122549338467745,0,0
4703,39,Tier1,Startup,60897,13541,3,19,0,6,0.12214575793426667,0.11424629294068293,UPI,0.2223590653069938,0,2
4704,50,Tier3,Gig,60270,24467,2,12,2,0,0.20802562769635463,0.11764735307816582,UPI,0.4059565289530446,0,1
4705,45,Tier2,SME,48449,17736,3,15,6,4,0.13818463896997987,0.05934136253178399,UPI,0.36607566719643336,0,0
4706,28,Tier1,Startup,88451,37706,1,22,8,1,0.10216318899012015,0.11548690330774103,UPI,0.4262925235441092,0,4
4707,36,Tier2,SME,29370,12073,3,6,1,4,0.29260142367193076,0.07469732968302645,Card,0.4110657133129043,0,3
4708,39,Tier1,SME,66026,23790,3,19,10,0,0.212297712975834,0.21547359729125887,UPI,0.3603126041256475,0,4
4709,47,Tier1,SME,56366,11019,2,13,8,2,0.08399352341633971,0.044629771279158924,NetBanking,0.19549018912110136,0,2
4710,35,Tier2,MNC,75635,23803,1,15,13,2,0.19613844069388886,0.28005142092883095,NetBanking,0.3147087988365175,0,4
4711,30,Tier2,Startup,59583,15011,1,22,17,0,0.05942381736073837,0.01919906499376397,UPI,0.2519342765553933,0,4
4712,48,Tier2,MNC,60172,25015,1,16,2,4,0.14662577358718404,0.026940455206440353,UPI,0.41572492189058036,0,2
4713,51,Tier2,Startup,54667,22504,2,13,8,2,0.6595855489999103,0.09463124360102107,UPI,0.4116560264876434,0,2
4714,37,Tier2,Gig,87865,21457,2,23,14,0,0.228980856897917,0.09697864593406176,NetBanking,0.24420417686223184,0,0
4715,21,Tier2,SME,60048,21107,2,16,0,3,0.24615030433032764,0.2545577154705724,NetBanking,0.3515021316280309,0,3
4716,38,Tier1,MNC,99393,24995,2,8,15,3,0.3032577480167391,0.1499088887945656,Card,0.25147646212509933,0,1
4717,51,Tier2,SME,65444,23131,1,7,7,5,0.1526416343967144,0.06315612885437971,UPI,0.3534472220524418,0,3
4718,54,Tier2,SME,60435,20195,1,12,14,2,0.16543149917239272,0.05665398299469501,UPI,0.334160668486804,0,3
4719,34,Tier1,Gig,57093,17315,2,18,10,2,0.2793287205185984,0.18553212659148396,Card,0.3032771092778449,0,1
4720,26,Tier1,Startup,71284,29477,1,13,16,3,0.1432872124994168,0.09632546944807573,NetBanking,0.4135149542674373,0,1
4721,40,Tier1,Startup,48232,10795,3,9,2,1,0.02918481999236827,0.02457603419799895,NetBanking,0.22381406535080445,0,1
4722,49,Tier1,SME,62914,24488,2,23,15,1,0.07983581909949924,0.12241095276572805,Card,0.38922974218774836,0,3
4723,53,Tier2,Startup,60162,21468,1,9,10,1,0.24468893980414808,0.40228318337797025,UPI,0.3568365413383864,0,3
4724,22,Tier1,Startup,66504,15587,2,7,13,1,0.19153031836298298,0.10472048278891362,UPI,0.2343768795861903,0,1
4725,30,Tier2,MNC,67000,18525,2,12,13,5,0.11852404346706316,0.03164072189197947,NetBanking,0.2764925373134328,0,2
4726,37,Tier1,MNC,68039,11614,2,8,10,3,0.3105491699931841,0.07643108926853838,UPI,0.17069621834536075,0,1
4727,24,Tier1,MNC,61898,20381,2,16,8,2,0.22953463879424554,0.266907944011719,Card,0.3292675046043491,0,1
4728,51,Tier1,SME,91378,38046,3,13,14,1,0.17726408166551286,0.04679762313988051,Card,0.41635842325286176,0,2
4729,24,Tier1,Gig,68451,12687,2,22,9,4,0.20669427151436734,0.016143037646285243,UPI,0.1853442608581321,0,2
4730,43,Tier3,Startup,112119,21257,0,9,17,1,0.17091975332335085,0.04314788719408022,UPI,0.18959320008205569,0,0
4731,52,Tier1,SME,60997,17833,2,10,12,3,0.34540357210639916,0.040709486765633976,NetBanking,0.29235864058888145,0,3
4732,44,Tier1,Gig,79178,18556,2,18,11,2,0.11276641969925674,0.07807364151245248,Card,0.23435802874535855,0,3
4733,46,Tier1,MNC,45479,10600,3,18,10,1,0.3354989372625486,0.026469477650962896,UPI,0.23307460586204623,0,1
4734,29,Tier1,MNC,88015,30066,1,12,4,2,0.4714291567090496,0.04014202627875354,NetBanking,0.341600863489178,0,1
4735,49,Tier2,Gig,45914,12538,1,22,13,2,0.26348295970068764,0.18613466367197964,UPI,0.27307575031580783,0,1
4736,35,Tier2,Gig,69117,27881,2,21,4,1,0.4331029312651426,0.2616633763946096,UPI,0.40338845725364236,0,3
4737,23,Tier1,Startup,54711,15246,2,17,11,1,0.10590371703066612,0.08183307989553718,UPI,0.27866425398914296,0,4
4738,33,Tier2,MNC,69040,23099,2,19,14,4,0.24550903730461537,0.2051679286068142,Card,0.3345741599073001,0,3
4739,32,Tier1,Gig,55304,14897,1,15,8,0,0.11595742537437666,0.20895878218908182,UPI,0.2693656878345147,1,118
4740,38,Tier2,Startup,44214,10028,2,14,17,2,0.18076486887549537,0.12017379226987085,UPI,0.22680598905324106,0,6
4741,30,Tier2,Startup,54568,15901,2,15,2,1,0.04792107698221457,0.07322391277302354,UPI,0.2913978888725993,0,0
4742,36,Tier1,MNC,90831,33257,2,21,3,0,0.04236595224409245,0.17997992541490918,UPI,0.36614151556186764,0,0
4743,35,Tier2,SME,69345,30223,2,6,5,3,0.20438263111016292,0.11433185566852727,UPI,0.4358353161727594,1,59
4744,32,Tier2,Gig,34222,5566,1,7,17,5,0.3254714880112672,0.05180967272771924,Card,0.1626439132721641,0,2
4745,44,Tier1,Gig,81907,25354,3,14,9,1,0.07511795884411297,0.12298435397675037,Card,0.3095461926331083,0,2
4746,31,Tier3,SME,42169,14370,1,16,4,0,0.07952006914934019,0.23703397847788932,UPI,0.340771656904361,0,3
4747,47,Tier3,SME,74867,13155,3,9,17,0,0.11071416156861633,0.07985163164598007,Card,0.17571159522887253,0,4
4748,29,Tier1,Startup,71063,28336,1,16,7,8,0.03267363163197033,0.04531436727224914,UPI,0.39874477576235173,0,3
4749,50,Tier2,SME,72326,16836,2,6,4,4,0.08522311004022366,0.004258159995036068,UPI,0.23277936011945913,0,3
4750,33,Tier2,SME,97063,40035,1,10,16,2,0.1353326803940788,0.07437897139447384,Card,0.41246406972790867,0,1
4751,22,Tier2,MNC,43427,13713,0,14,2,2,0.0848477309120422,0.14634567234046303,Card,0.3157712943560458,0,2
4752,26,Tier2,MNC,72215,14126,3,6,17,2,0.13215656212377985,0.04256596654318533,UPI,0.19561033026379562,0,3
4753,48,Tier3,Startup,85191,31671,1,17,0,1,0.054762786319721514,0.05295226946992862,Card,0.37176462302355884,0,4
4754,50,Tier2,MNC,47133,9293,0,15,10,1,0.3143481239460631,0.0784548045273456,UPI,0.19716546793117348,0,1
4755,28,Tier2,MNC,45084,16505,2,16,10,2,0.03489487014918193,0.10883802838908313,UPI,0.3660944015615296,0,1
4756,41,Tier1,Gig,54256,21293,1,15,17,2,0.3727815920992618,0.12219484791105574,UPI,0.39245429076968447,0,3
4757,40,Tier1,Startup,66494,21454,2,18,16,1,0.12287999742495265,0.17140839674321182,UPI,0.3226456522392998,0,4
4758,25,Tier3,MNC,31790,7353,3,17,15,0,0.21773604311280417,0.09838061058682612,UPI,0.23129915067631332,0,0
4759,36,Tier2,SME,71028,19973,1,17,16,3,0.05818963005268572,0.18271186469398323,Card,0.28119896378892834,0,0
4760,44,Tier1,Startup,31832,9817,0,9,15,2,0.22335386059706736,0.007617300079099456,Card,0.3084003518471978,0,2
4761,53,Tier3,SME,85866,30030,2,18,9,3,0.14285241827333064,0.09091981247696296,UPI,0.34973097617217525,0,4
4762,49,Tier2,SME,70275,23905,2,9,15,1,0.058934015183228265,0.03135431983638599,Card,0.3401636428317325,0,2
4763,24,Tier2,SME,98262,26543,1,6,13,3,0.35219062088507275,0.1046701365320731,UPI,0.2701247684761149,0,1
4764,29,Tier1,MNC,73375,27695,2,23,6,1,0.180477871874181,0.10299759190286885,Card,0.37744463373083476,0,3
4765,35,Tier2,Startup,53904,20560,1,9,15,2,0.0708779371088515,0.22267367160284401,UPI,0.38141881864054616,0,0
4766,26,Tier1,MNC,44026,15800,0,8,0,4,0.1520456956166745,0.09520040627513539,UPI,0.35887884431926587,0,1
4767,40,Tier1,SME,64777,15005,1,11,1,3,0.0719069261484993,0.15312527409751525,Card,0.23164086018185467,0,3
4768,21,Tier2,MNC,59394,17272,3,23,2,0,0.14734979216904134,0.174019580222062,UPI,0.29080378489409703,0,2
4769,24,Tier3,MNC,83722,23427,1,21,9,1,0.0764903168161182,0.027948238513641314,Card,0.27981892453596424,0,0
4770,22,Tier1,MNC,41427,16365,1,18,1,1,0.2840881046911065,0.09144474131312078,UPI,0.39503222536027227,0,3
4771,31,Tier3,Gig,100418,39409,3,9,4,0,0.30036382232818337,0.2213367316453673,Card,0.39244956083570676,1,74
4772,46,Tier3,MNC,85495,35037,1,17,4,1,0.2618725168522507,0.02133462104303478,Card,0.40981343938242004,1,85
4773,27,Tier1,MNC,55929,12268,3,20,4,0,0.2003033086367383,0.02804106686926548,Card,0.2193495324429187,0,1
4774,54,Tier1,MNC,95956,35939,2,12,0,4,0.107448113068782,0.10423422206393956,NetBanking,0.37453624577931555,0,3
4775,30,Tier2,Startup,44337,18227,1,10,4,3,0.29613015100575746,0.12061757837953353,NetBanking,0.411101337483366,0,2
4776,22,Tier2,SME,64111,12818,1,21,4,1,0.4049860043293542,0.07935598156357396,UPI,0.19993448862129742,0,4
4777,32,Tier1,Gig,34470,5583,1,8,13,3,0.24644831966403666,0.07072371418788817,Card,0.1619669277632724,0,4
4778,46,Tier2,Startup,96931,17607,1,22,10,0,0.2020523441701841,0.0759580643491919,UPI,0.18164467507814838,0,1
4779,24,Tier2,SME,27052,8977,1,14,5,0,0.22734019672032701,0.027199530416293725,UPI,0.3318423776430578,0,2
4780,23,Tier2,Startup,31191,8624,1,18,2,2,0.30503495362387584,0.04868638443690138,UPI,0.2764900131448174,0,0
4781,49,Tier2,MNC,47305,9863,1,12,9,2,0.17832866089967936,0.0490796448828698,UPI,0.20849804460416446,0,0
4782,41,Tier1,Gig,86446,26667,2,18,5,4,0.007773156981704674,0.11671357503112703,UPI,0.30848159544686854,0,3
4783,32,Tier1,Gig,79096,30503,1,22,12,2,0.3608853761594031,0.029321915026032177,Card,0.3856452917973096,0,1
4784,46,Tier1,MNC,62441,25397,1,14,4,0,0.20715165304743163,0.08036943675411798,UPI,0.40673595874505536,0,0
4785,49,Tier3,Startup,80378,30183,1,9,17,1,0.16931124315347937,0.03291070360618738,NetBanking,0.37551320012938866,0,1
4786,33,Tier3,MNC,57691,23979,1,7,1,1,0.2555278456188009,0.10891482384573206,NetBanking,0.41564542129621607,1,103
4787,40,Tier2,SME,68448,22673,2,22,15,3,0.12971572180591068,0.006221205329352612,Card,0.33124415614773256,0,1
4788,21,Tier1,Startup,93034,37317,2,23,12,0,0.10532867469963096,0.14523426911101006,Wallet,0.40111142163080166,0,3
4789,31,Tier2,Gig,55067,15152,1,17,12,1,0.26649193172417895,0.17203112128068898,UPI,0.2751557193963717,0,0
4790,41,Tier1,SME,44672,18125,2,6,16,3,0.21265366496795668,0.10331807919827005,UPI,0.40573513610315187,0,2
4791,27,Tier1,Startup,69407,29063,1,21,8,0,0.15569859318377371,0.12475734816847625,UPI,0.4187329808232599,0,6
4792,54,Tier1,Startup,74805,26624,2,14,12,0,0.14731811011650017,0.1496167885146213,UPI,0.3559120379653766,0,4
4793,54,Tier2,MNC,62208,17375,1,10,9,1,0.06749149625182331,0.01918201988085471,Card,0.27930491255144035,0,4
4794,29,Tier1,Startup,80067,18775,2,12,12,2,0.1754218384506932,0.10936512807496239,UPI,0.2344911136922827,0,1
4795,34,Tier2,Startup,55974,13856,1,22,9,3,0.22830394839997703,0.07086349865163004,NetBanking,0.2475435023403723,0,2
4796,27,Tier3,Startup,62550,11866,1,19,17,2,0.15403198058231057,0.09239467838561982,UPI,0.18970423661071142,0,2
4797,38,Tier2,Gig,67491,11078,2,16,5,2,0.05544171722592872,0.0382154729027504,Wallet,0.16414040390570594,0,3
4798,25,Tier1,MNC,65747,18036,1,19,13,2,0.2979331070805083,0.017215811978197444,Card,0.27432430377051426,0,1
4799,34,Tier3,MNC,92265,15020,2,21,2,3,0.06938909617303587,0.17495747829336405,UPI,0.16279195794721726,0,6
4800,39,Tier2,MNC,67391,27911,2,17,0,1,0.3618282523725943,0.08050273882338041,Card,0.41416509622946684,0,0
4801,41,Tier1,MNC,53921,18602,1,11,12,2,0.2989143837024133,0.045467876074726514,NetBanking,0.3449861834906623,0,3
4802,41,Tier2,SME,70559,28442,3,7,3,1,0.35947312705039625,0.01783551847837834,UPI,0.40309528196261285,0,1
4803,28,Tier3,Gig,80177,22716,0,8,0,2,0.17916381576374335,0.12141335445884643,UPI,0.28332314753607646,0,2
4804,47,Tier1,SME,75484,16394,2,10,11,1,0.4311812286269097,0.09027494202661371,UPI,0.2171850988288909,0,2
4805,44,Tier2,Startup,74376,17633,1,19,11,3,0.5036490252676727,0.01197191617158002,Card,0.23707916532214693,0,1
4806,46,Tier1,SME,30038,12208,1,7,11,1,0.22859202549602076,0.05175018649236145,UPI,0.4064185365204075,0,3
4807,36,Tier1,SME,15000,2798,1,8,8,3,0.12595031915010954,0.012662373261072155,UPI,0.18653333333333333,0,2
4808,51,Tier2,Gig,85505,30737,2,23,14,6,0.3281332811511237,0.14533215926657794,UPI,0.35947605403192795,0,1
4809,34,Tier1,Startup,68777,14973,2,13,0,2,0.20978679236571043,0.20722921205194406,UPI,0.2177035927708391,0,2
4810,48,Tier1,SME,59568,15246,2,8,2,1,0.03197573537003851,0.07126027445976547,Card,0.2559427880741338,0,2
4811,27,Tier1,Gig,73886,11150,1,21,6,4,0.2612947772836347,0.176947106161113,UPI,0.15090815580759548,0,0
4812,29,Tier1,SME,98546,28945,1,23,17,2,0.20336719948386575,0.0872449947913798,UPI,0.29372069896292086,0,3
4813,38,Tier1,MNC,88270,16639,2,15,12,1,0.49534862040106636,0.090181748859123,UPI,0.18850118953211736,0,2
4814,39,Tier2,SME,79244,32323,2,8,9,0,0.24902465487835618,0.28222715568411133,UPI,0.4078920801574883,0,1
4815,46,Tier1,Startup,42265,7578,1,17,17,2,0.13644739031550435,0.043375968260369595,UPI,0.17929729090263813,0,2
4816,31,Tier1,SME,44864,10099,2,21,16,1,0.24660462413288312,0.12333698833481743,UPI,0.2251025320970043,0,2
4817,50,Tier3,Gig,15000,2316,2,23,1,2,0.0244658029520944,0.06051323492396982,UPI,0.1544,0,6
4818,32,Tier3,SME,72670,32546,2,16,9,1,0.10880587742165915,0.2524144390165723,UPI,0.4478601898995459,0,1
4819,39,Tier1,SME,82172,28138,2,22,17,1,0.41147369473892803,0.016173983455716356,UPI,0.34242807769069755,0,3
4820,52,Tier1,Gig,83803,28750,1,20,3,0,0.16492398018541057,0.10206160047271509,UPI,0.343066477333747,0,1
4821,39,Tier1,SME,73508,22468,1,8,2,3,0.11713040934415687,0.11468217611953145,UPI,0.3056538063884203,0,4
4822,44,Tier1,SME,56918,23360,2,17,6,1,0.6909318987132206,0.054985873279910724,NetBanking,0.4104149829579395,0,1
4823,51,Tier1,MNC,48714,9414,3,17,17,2,0.1773502683697148,0.23055874685405428,Card,0.19325040029560292,1,66
4824,54,Tier3,SME,43492,16868,2,19,3,2,0.15857672168068512,0.0371839089494473,UPI,0.38784144210429505,0,0
4825,37,Tier2,SME,56731,22246,0,15,11,2,0.07951285513986572,0.006589950526139732,UPI,0.3921312862456153,0,2
4826,35,Tier1,MNC,40443,6504,0,19,4,5,0.13881483026706662,0.033606213034128016,UPI,0.16081893034641348,0,1
4827,27,Tier3,SME,95119,18053,1,16,13,4,0.41315912837349933,0.308598792539482,NetBanking,0.18979383719341036,0,5
4828,39,Tier1,MNC,33952,10665,2,10,16,2,0.07317245686539098,0.04705477715134863,Wallet,0.31411993402450517,0,2
4829,52,Tier1,MNC,56058,9925,1,14,0,1,0.3653119229739986,0.19674486665605992,UPI,0.17704877091583718,0,4
4830,37,Tier1,SME,21275,4993,0,22,6,3,0.2739848825935933,0.16056587664832175,Card,0.2346886016451234,0,1
4831,32,Tier1,MNC,65931,17874,2,21,10,0,0.19898038653359934,0.10494838346122522,UPI,0.27110160622468943,0,1
4832,24,Tier3,Startup,59952,11820,1,17,3,5,0.1259215087047962,0.0980242749832548,Card,0.19715772618094476,0,5
4833,34,Tier1,Startup,52864,19096,1,11,11,0,0.1048104545815178,0.12461986284065436,Wallet,0.361228813559322,0,0
4834,29,Tier2,SME,41344,12341,2,9,6,1,0.6474510892402989,0.12327147285418812,UPI,0.2984955495356037,0,0
4835,54,Tier1,MNC,60049,20533,1,11,0,1,0.07468399192686276,0.07023577798306756,UPI,0.34193741777548337,0,2
4836,38,Tier3,SME,49110,14354,1,11,11,2,0.1485636154130949,0.03881770339248991,Card,0.2922826308287518,0,3
4837,25,Tier2,MNC,57262,15675,1,23,0,3,0.36289458514362627,0.08805469164679752,UPI,0.2737417484544724,0,1
4838,23,Tier1,SME,99148,29518,1,15,3,0,0.2577004600971678,0.07558243465593902,UPI,0.29771654496308547,0,5
4839,49,Tier1,Startup,63443,26636,3,13,2,3,0.33212541831256426,0.03349030844067236,UPI,0.41984143246693884,0,3
4840,52,Tier3,Startup,70657,18993,2,21,0,1,0.18273271705919203,0.09175482907928746,UPI,0.2688056385071543,0,2
4841,46,Tier2,SME,50710,17377,0,12,7,3,0.11803564575011344,0.08260497624231627,UPI,0.34267402879116543,0,3
4842,25,Tier1,Gig,44311,17732,1,20,15,0,0.20234638769371657,0.01289521082713134,UPI,0.40017151497370856,0,3
4843,24,Tier3,MNC,59540,20024,1,17,5,1,0.13804607008393305,0.012724411145830776,UPI,0.33631172321128655,0,1
4844,27,Tier1,Gig,110078,23977,2,11,4,0,0.29499739084944304,0.02130012782237618,UPI,0.21781827431457693,0,3
4845,46,Tier1,Gig,54251,10122,2,23,14,1,0.10122257675922083,0.10416413793980123,NetBanking,0.18657720595012073,0,0
4846,47,Tier2,SME,67228,22001,2,18,16,0,0.38973573061782774,0.18903032481088086,UPI,0.3272594752186589,0,1
4847,49,Tier1,MNC,43432,15992,1,23,5,1,0.11563792587964014,0.038983443129736214,UPI,0.3682077730705471,0,3
4848,24,Tier1,MNC,15000,5709,3,6,0,2,0.20947525014278817,0.1851708765368047,Wallet,0.3806,0,1
4849,26,Tier1,Gig,44203,15830,2,11,13,2,0.08131735910056041,0.11069310644953069,Wallet,0.3581204895595322,0,3
4850,51,Tier1,MNC,107614,16253,1,11,11,3,0.538471796375948,0.13376255313313176,Card,0.151030535060494,0,0
4851,52,Tier1,Gig,71907,27479,1,18,17,6,0.0361612342859672,0.017534634630143143,UPI,0.3821463835231619,0,0
4852,45,Tier1,SME,92818,30758,1,21,11,1,0.15781525416282735,0.03587053422960359,UPI,0.33137968928440603,0,2
4853,24,Tier3,SME,53045,23682,2,8,16,3,0.1891518083028685,0.07352060280927414,UPI,0.44645112640211143,0,3
4854,23,Tier2,Startup,15000,5690,1,8,2,3,0.4294618350215382,0.06099786504186095,NetBanking,0.37933333333333336,0,1
4855,22,Tier1,MNC,37825,10555,1,18,2,3,0.23624741991765733,0.04332895690803948,Card,0.2790482485128883,0,2
4856,44,Tier1,SME,67940,23972,2,12,11,1,0.11705575196839252,0.03274838984666154,NetBanking,0.35284074183102737,0,0
4857,49,Tier2,Gig,64752,21677,2,18,13,4,0.21943440397998618,0.05161816474409643,UPI,0.334769582406721,0,1
4858,42,Tier1,MNC,59791,15020,1,6,6,0,0.12982238129292986,0.02534127885272742,Wallet,0.2512083758425181,0,1
4859,29,Tier1,Gig,49395,15315,1,15,7,1,0.4159747326794314,0.06722794661574717,Card,0.3100516246583662,0,3
4860,46,Tier2,Gig,78794,16650,0,6,6,2,0.12992376351386928,0.04302570221266431,NetBanking,0.21131050587608194,0,2
4861,23,Tier1,MNC,49973,8812,1,23,0,4,0.2120031220622087,0.16617060975347503,Card,0.17633522101935045,0,2
4862,49,Tier2,SME,66156,24471,2,8,15,2,0.03280750611225551,0.053453974914642946,Card,0.36989842191184474,0,2
4863,51,Tier3,MNC,63906,16950,2,9,16,2,0.33246635051217543,0.010885986680490662,UPI,0.2652333114261572,0,3
4864,45,Tier2,Startup,52629,19826,3,7,17,3,0.029666029746380183,0.1518354096237054,UPI,0.3767124589104866,0,0
4865,50,Tier1,Gig,42374,12563,2,9,9,3,0.04141763329598541,0.10192345926094779,UPI,0.296478972955114,0,3
4866,40,Tier1,Gig,51453,20217,2,14,3,2,0.07888057389060828,0.04553332984463173,UPI,0.3929216955279575,1,35
4867,36,Tier1,Gig,97472,36248,1,17,7,2,0.04024470616501411,0.1482551185460189,Card,0.3718811556139199,0,2
4868,31,Tier2,MNC,82248,31191,1,22,12,4,0.19614927028020065,0.001538050018984179,UPI,0.3792311059235483,0,1
4869,52,Tier3,SME,80407,22417,3,21,3,2,0.13326275779169872,0.14111845373600515,Wallet,0.27879413483900656,1,65
4870,44,Tier3,MNC,44270,19405,2,7,2,1,0.10442762700804639,0.08598417835863384,Card,0.4383329568556585,1,96
4871,27,Tier1,Gig,31246,8485,3,13,17,1,0.20324779343999652,0.012620022158050801,Card,0.27155475900915316,0,3
4872,53,Tier2,MNC,81929,31783,2,21,0,2,0.23044599038970776,0.16235318565380993,NetBanking,0.38793345457652356,0,2
4873,23,Tier2,MNC,78095,23184,1,8,10,2,0.17925747586111687,0.1288788330300888,UPI,0.2968691977719444,0,2
4874,40,Tier2,MNC,62744,13836,1,18,2,4,0.19460865255541906,0.09130801133373379,UPI,0.22051510901440774,0,3
4875,27,Tier2,MNC,52589,17810,1,13,0,2,0.23355422023859923,0.32278960783257726,UPI,0.33866397915913976,0,2
4876,43,Tier1,MNC,30721,8931,2,9,11,3,0.09436058674331237,0.03990756952689696,UPI,0.29071319292991765,0,1
4877,35,Tier1,MNC,77348,17729,3,7,3,2,0.03174098833209279,0.14222257563226023,Wallet,0.22921083932357655,0,2
4878,35,Tier3,Gig,83722,22166,2,11,13,1,0.0996132840339165,0.11401026037960743,UPI,0.2647571725472397,0,2
4879,43,Tier1,Startup,46418,9189,2,6,14,1,0.1599712617765071,0.12778132954469634,UPI,0.19796199750096946,0,2
4880,46,Tier1,MNC,44748,19962,1,9,9,3,0.12355616590634955,0.15318639250264288,Card,0.4460981496379727,0,2
4881,33,Tier1,Startup,84821,29089,0,15,3,2,0.18992973809799676,0.2178168587341001,Card,0.3429457327784393,0,1
4882,54,Tier1,SME,47162,9529,1,20,17,1,0.07763036166846157,0.13426304338892273,Card,0.20204825919172215,0,4
4883,37,Tier3,Startup,95581,36261,3,15,6,1,0.09591129098582596,0.03798308716816721,Wallet,0.37937456188991536,0,1
4884,26,Tier1,SME,57818,19112,2,19,13,1,0.142948932960435,0.10374344588495113,UPI,0.33055449859905217,0,0
4885,21,Tier1,SME,52268,19170,2,7,3,3,0.5068159512732789,0.059986054477914136,NetBanking,0.366763602969312,0,0
4886,27,Tier2,SME,60902,19814,2,11,2,0,0.025171118602048143,0.20984029718271502,Wallet,0.32534235328889033,0,3
4887,44,Tier2,MNC,52267,8788,0,17,12,3,0.14301370881356334,0.10557058565587123,UPI,0.16813668280176786,0,3
4888,39,Tier1,SME,82524,17410,3,6,3,0,0.10745346532524543,0.08298857660157899,UPI,0.21096893025059377,0,3
4889,32,Tier1,Startup,77716,29580,2,16,9,4,0.1799037057079427,0.1963336815011579,UPI,0.380616604045499,0,4
4890,37,Tier1,Startup,81762,30767,0,9,10,1,0.1331691124784089,0.04871955879078459,Card,0.3762995034368044,0,3
4891,49,Tier1,SME,63690,23957,2,13,2,0,0.3648460563333529,0.17329886851286963,UPI,0.3761501020568378,0,3
4892,40,Tier1,SME,50872,7863,0,17,5,1,0.3473139094872527,0.0248939600166406,NetBanking,0.15456439691775437,0,1
4893,22,Tier1,Startup,59818,23421,2,23,3,1,0.401392788216971,0.12824470128153231,UPI,0.3915376642482196,0,2
4894,22,Tier2,MNC,51486,14505,1,7,0,3,0.2531831898609655,0.02886386552507408,UPI,0.28172707143689546,0,2
4895,37,Tier3,MNC,89331,31989,1,15,17,1,0.11035253930897461,0.09896266242724637,Card,0.35809517412768244,0,0
4896,34,Tier3,SME,80045,18540,2,15,0,1,0.15936044953460426,0.08567653087098487,UPI,0.23161971391092512,0,5
4897,49,Tier1,MNC,58169,22154,1,7,14,3,0.20895890108993426,0.0933573900290519,NetBanking,0.38085578228953565,0,0
4898,40,Tier1,SME,41470,18441,0,17,7,1,0.4044863828433966,0.16096473340288361,NetBanking,0.44468290330359295,0,1
4899,46,Tier3,MNC,90816,20530,2,7,4,5,0.21538537746020014,0.028833888727122937,UPI,0.22606148696264974,0,0
4900,40,Tier2,SME,62733,24168,1,18,9,4,0.09698670763023066,0.025214382922486005,UPI,0.3852517813590933,0,0
4901,32,Tier2,Startup,57396,19025,2,9,16,1,0.07654855804191085,0.09264492480447353,Card,0.33146909192278207,0,0
4902,43,Tier1,Startup,90993,21103,2,8,11,1,0.21182369137271645,0.00923448655973336,UPI,0.23191893881946962,0,4
4903,42,Tier1,Startup,49801,11867,0,7,1,2,0.145333079857853,0.1328350214124562,UPI,0.23828838778337785,0,2
4904,45,Tier2,SME,53621,19812,3,14,13,2,0.09077686371125146,0.1060955855723259,UPI,0.36948210589134856,0,1
4905,27,Tier2,Gig,55384,13032,1,10,13,0,0.27070262912208526,0.08481129784934245,UPI,0.23530261447349415,1,92
4906,42,Tier1,Startup,33668,5532,1,14,17,3,0.06939679588281635,0.15996614514070465,UPI,0.16431032434359036,0,3
4907,30,Tier3,SME,66314,27333,1,22,3,2,0.30250855234400786,0.39480249374400883,UPI,0.4121754079078324,0,0
4908,47,Tier2,MNC,44753,14620,2,21,15,2,0.134073295294961,0.07744817731512042,Card,0.3266820101445713,0,3
4909,48,Tier2,Startup,48585,18342,0,19,6,2,0.21609681375390513,0.24695264012569157,NetBanking,0.37752392713800553,1,103
4910,42,Tier1,SME,45911,15195,1,14,6,1,0.3428475178694642,0.05733763863407884,Card,0.33096643505913614,0,3
4911,53,Tier2,Startup,48258,14715,2,8,11,1,0.08799432231458301,0.22438195091239152,UPI,0.3049235359940321,0,2
4912,39,Tier2,Startup,43221,16466,2,13,9,2,0.3051850847757372,0.08930249524186021,Card,0.38097221258184677,0,0
4913,21,Tier1,Gig,64944,10368,1,6,4,1,0.18881010506840665,0.10617711931191479,Card,0.15964523281596452,0,4
4914,41,Tier2,Gig,56888,13855,1,8,3,0,0.2190552887468131,0.13132396596780047,Card,0.24354872732386443,0,0
4915,47,Tier2,Startup,60960,20619,1,11,11,1,0.07508974295875308,0.08936872492205289,UPI,0.338238188976378,0,3
4916,24,Tier2,Gig,107075,46384,1,18,17,1,0.24558362899179353,0.022384596752668226,UPI,0.43319168806911046,0,4
4917,24,Tier1,Gig,56888,15251,2,20,4,1,0.19283094427745784,0.042605181981291526,UPI,0.26808817325270706,0,2
4918,30,Tier3,MNC,72098,31909,1,17,9,2,0.11803357367718392,0.10001041923900075,UPI,0.4425781575078366,0,2
4919,49,Tier1,Startup,74374,28008,1,10,5,3,0.2833139034757141,0.04059883975536215,UPI,0.37658321456422944,0,1
4920,38,Tier1,MNC,58742,17356,1,18,4,3,0.22548017131746068,0.26341844299024525,UPI,0.2954615096523782,0,2
4921,54,Tier1,MNC,65475,18250,2,23,14,0,0.14297652046871367,0.0027462836542554592,UPI,0.2787323405880107,0,0
4922,50,Tier1,MNC,60413,11407,2,17,13,0,0.26251179420121906,0.15957864108213743,Card,0.18881697647857248,0,3
4923,39,Tier1,SME,64051,21428,1,19,8,0,0.15233010167643576,0.052752624780678326,UPI,0.3345459087289816,0,1
4924,44,Tier1,MNC,48269,7998,2,21,8,3,0.1259985632790697,0.02422815541172041,UPI,0.16569640970395078,0,0
4925,32,Tier2,MNC,50115,13968,2,18,7,0,0.17903381569592283,0.05904939861547473,NetBanking,0.2787189464232266,0,3
4926,24,Tier1,MNC,60338,13353,0,21,17,4,0.12690765179972938,0.11802780307428698,Card,0.2213033246047267,0,3
4927,34,Tier3,Startup,20561,8982,1,11,17,2,0.3587482879302918,0.05277907198443418,Card,0.4368464568843928,0,1
4928,41,Tier1,Gig,89921,23287,1,11,1,2,0.22534444595243042,0.13942492123247976,UPI,0.2589717641040469,0,3
4929,27,Tier2,Gig,103217,30632,2,9,14,2,0.22062374921373645,0.056554667936583924,Card,0.2967728184310724,0,2
4930,28,Tier3,SME,63407,16653,1,9,6,0,0.10531417762029502,0.07734496465425612,UPI,0.2626366174081726,0,3
4931,21,Tier2,MNC,73309,14013,1,15,11,1,0.3755559692304848,0.11905470808271336,NetBanking,0.19114979061233955,0,0
4932,45,Tier2,Gig,81621,20876,2,22,16,3,0.36537175573845304,0.04845142951883042,Card,0.2557675108121684,0,4
4933,51,Tier2,MNC,33506,12856,2,9,7,1,0.1623047170501153,0.19783814344855252,Card,0.38369247298991227,0,2
4934,49,Tier1,Gig,78565,26426,2,18,8,1,0.38485669592822985,0.0073954369219590395,Card,0.33635842932603577,0,0
4935,33,Tier1,Startup,51471,14474,1,7,11,2,0.1997925796775286,0.1373049532136044,UPI,0.28120689320199727,0,2
4936,41,Tier1,SME,105814,41920,1,23,5,3,0.07546881711151131,0.21505901140195272,Card,0.3961668588277544,0,1
4937,53,Tier1,MNC,56234,8505,2,15,4,1,0.3407467748879443,0.22130109433771786,Wallet,0.15124302023686736,0,3
4938,41,Tier1,MNC,78163,31107,2,14,10,1,0.016114429427803577,0.02618181357494234,UPI,0.3979760244617018,0,2
4939,31,Tier1,SME,56431,9472,3,12,3,3,0.061768782904593166,0.11437308978734208,UPI,0.16785100388084565,0,1
4940,32,Tier3,SME,103933,42724,2,23,11,2,0.2302519717700622,0.11865958986725432,UPI,0.41107251787209065,0,3
4941,45,Tier3,Gig,49752,21605,1,13,4,2,0.33762247229332454,0.04396486098717497,Card,0.43425389934073,0,0
4942,36,Tier2,Startup,83301,32966,1,8,1,1,0.27621840805982956,0.007824764899860559,UPI,0.39574554927311795,0,1
4943,49,Tier2,SME,72533,11306,3,16,1,1,0.33194884839687905,0.06450350038981498,NetBanking,0.15587387809686626,0,1
4944,50,Tier1,MNC,68086,20961,2,16,4,1,0.09014453527448188,0.06755361927282011,Card,0.3078606468290104,0,1
4945,22,Tier1,SME,64580,25744,1,19,1,2,0.21542449828171042,0.13065244370473234,Card,0.3986373490244658,0,2
4946,45,Tier2,MNC,46659,14627,1,14,5,2,0.3245422414006004,0.03206277412476717,UPI,0.3134872157568743,0,3
4947,33,Tier2,Startup,15000,3869,2,11,7,5,0.268696831733697,0.05455601759776754,UPI,0.25793333333333335,0,1
4948,38,Tier1,Startup,81487,23729,1,6,4,4,0.3720129444788777,0.025954014406205754,UPI,0.29119982328469574,0,3
4949,30,Tier1,Gig,50223,8749,2,23,9,1,0.13264958399108578,0.1437459494500196,UPI,0.17420305437747646,0,4
4950,33,Tier1,SME,83392,24925,2,9,6,3,0.08649536054119417,0.13866418522158422,UPI,0.29888958173445895,0,1
4951,32,Tier1,MNC,67033,10614,1,12,1,1,0.10159801419412705,0.12939110554688651,UPI,0.15833992212790715,0,3
4952,22,Tier1,Gig,84005,28833,3,8,6,0,0.18309883456707898,0.0684839917464571,UPI,0.3432295696684721,0,2
4953,47,Tier1,Startup,76037,20312,3,10,0,3,0.08583415367502342,0.02639466837610102,UPI,0.26713310625090414,0,2
4954,25,Tier2,Startup,15000,3111,1,7,13,1,0.12985497320588862,0.09683807506188842,UPI,0.2074,0,0
4955,33,Tier3,SME,72297,11221,1,12,7,1,0.0764232094248903,0.02739761983343918,Wallet,0.15520699337455218,0,3
4956,27,Tier2,Gig,53126,22665,2,23,10,0,0.11729677599108564,0.0983413157459189,Wallet,0.42662726348680496,0,1
4957,26,Tier2,MNC,83300,26397,1,10,2,1,0.32251152032916475,0.049906638521412555,Card,0.316890756302521,0,1
4958,33,Tier2,SME,71824,24713,3,23,7,3,0.08666637901599529,0.13580402962819815,UPI,0.34407718868344844,0,1
4959,52,Tier1,Startup,72059,27656,1,17,14,1,0.25253235929211926,0.10481892935579279,UPI,0.38379661111034014,0,1
4960,53,Tier2,MNC,54555,18438,2,22,3,6,0.08937947811785085,0.1942277230760671,Wallet,0.33797085510035746,0,1
4961,33,Tier1,Gig,41747,11435,2,17,17,3,0.25212305562566495,0.030003010649327488,Card,0.2739118978609241,0,0
4962,38,Tier2,SME,51342,17367,1,23,7,1,0.1702609740051603,0.06894370391938776,UPI,0.3382610728058899,0,0
4963,54,Tier1,MNC,24002,5418,2,15,2,1,0.21444047234859664,0.030128687946362986,UPI,0.2257311890675777,0,3
4964,28,Tier3,MNC,48193,15344,0,20,3,4,0.5947996595735752,0.1260247715845856,NetBanking,0.3183864876641836,0,1
4965,53,Tier3,Gig,30716,6501,1,6,8,0,0.3592902204057916,0.03324713078764424,UPI,0.21164865216825107,0,2
4966,24,Tier1,Startup,31245,13286,1,22,17,0,0.17094310182839614,0.05210216188258226,UPI,0.4252200352056329,0,4
4967,28,Tier1,MNC,62329,18877,1,6,8,2,0.035523509673288205,0.10289566833959557,UPI,0.30286062667458163,0,1
4968,32,Tier1,MNC,70680,15560,0,9,3,3,0.09399243534959238,0.15480600913046833,UPI,0.22014714204867006,0,1
4969,22,Tier2,MNC,59364,20295,1,19,6,0,0.2309927053288489,0.21250285855793116,UPI,0.34187386294724076,0,1
4970,48,Tier2,MNC,50024,8859,1,10,15,7,0.4458919049594775,0.08995884430323563,UPI,0.17709499440268672,0,2
4971,50,Tier1,Startup,41051,11502,1,6,17,3,0.21467371263474083,0.09792284870768536,UPI,0.28018805875618136,0,2
4972,34,Tier2,MNC,53656,21987,1,21,11,3,0.2035243135927512,0.07235042383371564,UPI,0.40977709855374983,0,3
4973,49,Tier1,MNC,43555,16566,2,15,15,3,0.14189068740518304,0.00616394181632614,UPI,0.3803466880955114,0,1
4974,47,Tier1,MNC,58743,21208,0,14,14,1,0.33892872589041045,0.03376014820552662,UPI,0.36103025041281517,0,3
4975,48,Tier1,SME,29569,8609,2,11,7,2,0.4871517071868626,0.04100414375488567,UPI,0.2911495146944435,0,1
4976,48,Tier2,Startup,74026,21028,0,18,15,1,0.27685479571935834,0.10034835326740656,UPI,0.28406235646934863,0,3
4977,40,Tier1,Startup,48659,7463,0,11,1,1,0.0295355268667699,0.03345856043814064,UPI,0.15337347664358084,0,0
4978,24,Tier1,SME,67525,22284,1,16,14,3,0.1363372282042184,0.01133027188309834,UPI,0.3300111069974084,0,3
4979,52,Tier1,Gig,77744,25119,1,8,10,3,0.17191054333541547,0.10236642467114282,Card,0.32309888866021813,0,4
4980,41,Tier3,SME,66557,10088,2,11,10,1,0.12207779833627384,0.15413659892461806,UPI,0.15156933155040042,0,2
4981,51,Tier2,Gig,75982,14521,2,6,16,1,0.23471902447004622,0.025067266897700852,UPI,0.19111105261772526,0,3
4982,53,Tier3,Startup,18667,2869,1,11,4,3,0.061653808412082935,0.15331389323144945,Wallet,0.15369368404135642,0,0
4983,27,Tier2,MNC,50142,11329,1,12,3,2,0.3098423260953997,0.06931978809581331,UPI,0.2259383351282358,0,0
4984,34,Tier2,Gig,82061,12404,2,19,11,2,0.1726635203104333,0.06563939243250574,UPI,0.15115584747931418,0,3
4985,27,Tier1,SME,70184,19315,1,20,13,0,0.15247062954341203,0.01030293078058976,UPI,0.2752051749686538,0,1
4986,22,Tier2,Startup,96969,28403,2,15,0,0,0.36018799081183756,0.018876273359673765,UPI,0.29290804277655746,0,3
4987,53,Tier1,MNC,94087,26450,2,22,8,2,0.24097482120025845,0.09078327284857562,UPI,0.28112279060869194,0,2
4988,52,Tier1,SME,65991,13846,1,12,6,0,0.06000034637473212,0.0685480175680619,UPI,0.2098164901274416,0,1
4989,52,Tier1,Gig,54960,16876,1,14,14,2,0.0760698000252921,0.08947012532510518,UPI,0.30705967976710336,0,4
4990,51,Tier1,MNC,40831,16096,1,17,15,1,0.3563633770187672,0.12770166070229624,Card,0.3942102814038353,0,1
4991,43,Tier3,MNC,50483,11982,2,9,2,0,0.21850418708205016,0.1221346556772846,UPI,0.23734722579878376,0,2
4992,38,Tier3,MNC,51835,12635,3,13,10,3,0.09074189919710089,0.21075210085364646,UPI,0.2437542201215395,0,3
4993,54,Tier2,SME,48135,15058,1,22,12,1,0.218921225485404,0.09514236364855772,Card,0.31282850316817284,0,1
4994,39,Tier1,Gig,41633,9164,3,14,4,3,0.4439528517409816,0.21657745018771113,Wallet,0.22011385199240988,0,3
4995,42,Tier3,Startup,68031,17098,1,22,16,0,0.0690374141285482,0.20710251014329203,Card,0.2513266011083183,0,1
4996,28,Tier2,Gig,93932,26839,1,18,16,3,0.18684609515027623,0.09588804239101452,NetBanking,0.28572797342758594,0,3
4997,46,Tier1,SME,78665,20916,2,9,3,0,0.27945117929962937,0.21712283853133818,UPI,0.2658869891311257,0,3
4998,48,Tier2,SME,53551,21177,3,14,0,3,0.1901915264134165,0.20667068844244668,UPI,0.3954548000971037,0,1
4999,44,Tier2,MNC,80280,32489,1,12,10,1,0.197166794344179,0.08763347297428258,UPI,0.40469606377678125,0,3
5000,37,Tier1,MNC,66933,18129,2,23,15,1,0.27846078433959986,0.3068700284627933,UPI,0.2708529424947335,0,2
