tenant_id,age,city_tier,employer_type,income_monthly,rent_amount,deposit_multiple,lease_term_months,tenure_months_on_platform,avg_days_late,late_payment_rate,failed_txn_rate,payment_method,rent_to_income,default_flag,dpd_next_month
1,21,Tier2,MNC,83967,19695,1,7,5,1,0.18566860160511245,0.13520398306303127,Card,0.2345564328843474,0,5
2,44,Tier2,Startup,85904,12995,2,15,13,5,0.167579303468352,0.19258694842750096,UPI,0.15127351462097224,0,1
3,41,Tier2,Startup,68478,24198,3,6,2,3,0.3539756547878687,0.02875342682098949,Card,0.3533689652151056,0,2
4,22,Tier1,Startup,49144,16322,2,6,10,0,0.17487957342392782,0.08223673087653752,Card,0.3321259970698356,0,2
5,51,Tier2,MNC,60288,22185,0,6,15,0,0.3603566448600688,0.13924293200062235,UPI,0.36798367834394907,0,1
6,28,Tier3,Startup,80345,13539,3,6,7,3,0.30712286419816603,0.005005202890017048,Card,0.1685107971871305,0,0
7,29,Tier2,Startup,76352,31653,2,15,4,2,0.7160385110238654,0.005924807852676324,NetBanking,0.414566743503772,0,4
8,27,Tier1,MNC,115801,47837,2,13,16,2,0.09321308083837856,0.06777782843856806,UPI,0.4130966053833732,0,0
9,32,Tier3,MNC,62846,11445,2,14,13,3,0.25015647459772056,0.12742393213429726,Card,0.18211182891512587,0,2
10,26,Tier2,Gig,75401,29079,1,6,6,1,0.046856949034142815,0.053939742323222836,UPI,0.3856580151456877,0,2
11,32,Tier2,MNC,32884,11983,1,22,9,3,0.3568543550507996,0.13457025998261132,Card,0.3644021408587763,0,1
12,48,Tier2,SME,28636,10801,2,20,16,2,0.3258231197674811,0.014897623745232109,Card,0.37718256739768125,0,1
13,36,Tier1,SME,70375,10652,2,14,14,2,0.025756447363246684,0.1304109736545849,UPI,0.15136056838365897,0,1
14,52,Tier1,MNC,54748,16364,2,9,4,1,0.26715736020842074,0.03409624695940521,UPI,0.2988967633520859,0,2
15,36,Tier1,MNC,41453,9428,1,18,0,2,0.2299238001625282,0.02585038446701252,UPI,0.2274383036209683,0,1
16,30,Tier2,Startup,47511,8907,0,11,11,2,0.3874464816950644,0.029760437514558483,UPI,0.1874723748184631,0,4
17,47,Tier3,SME,50037,13109,1,22,14,2,0.1842971137748094,0.33897838042602507,UPI,0.26198613026360495,0,3
18,48,Tier2,MNC,45115,11717,3,16,3,1,0.21472203742207585,0.3602614148072787,UPI,0.2597140640585171,0,3
19,50,Tier2,MNC,51392,16613,2,11,16,2,0.5869823513665409,0.11526076983364099,NetBanking,0.3232604296388543,0,3
20,51,Tier1,SME,30498,13199,2,14,4,1,0.4065476925181608,0.027402811985967338,NetBanking,0.43278247753951077,0,0
21,21,Tier2,Gig,54850,22759,2,19,3,3,0.05332945864867439,0.024835581316229954,UPI,0.41493163172288056,0,2
22,38,Tier3,SME,17819,3571,2,13,9,2,0.15412555129186883,0.12005636844213083,UPI,0.20040406307873618,0,0
23,30,Tier1,SME,67246,16138,2,22,0,1,0.18350664598434022,0.16726130905586217,NetBanking,0.2399845343960979,0,2
24,29,Tier2,MNC,73101,12351,3,17,12,2,0.3789203431947312,0.10403062579050902,Card,0.16895801699019164,0,1
25,29,Tier2,MNC,75039,12506,2,15,2,4,0.043054565444065634,0.18886579629186373,UPI,0.16666000346486493,1,50
26,49,Tier3,Gig,77438,13687,3,19,15,3,0.0572435548515037,0.20887957238130017,UPI,0.17674784989281747,0,2
27,47,Tier1,MNC,50253,24310,1,13,9,1,0.16848717654721973,0.0791566161003909,Card,0.48375221379818123,0,4
28,28,Tier1,MNC,85511,19622,3,11,6,6,0.05273658352642071,0.015783930206789695,UPI,0.22946755388195672,0,1
29,34,Tier2,MNC,47865,12501,2,7,9,7,0.18557060208440432,0.023138779291795853,UPI,0.261172046380445,0,2
30,46,Tier2,MNC,76817,17847,2,6,11,2,0.35012003981295764,0.017046863521990484,UPI,0.23233138497988726,0,5
31,26,Tier1,MNC,68069,13273,1,19,12,3,0.42112757557903063,0.2574563574872385,Card,0.1949933156062231,0,1
32,42,Tier3,MNC,67851,12843,1,12,7,6,0.2396157985637664,0.04621146916420228,UPI,0.18928239819604722,0,0
33,35,Tier2,Startup,67445,26247,2,22,7,0,0.5301257956796883,0.035641781373249345,UPI,0.38916153903180367,0,1
34,52,Tier1,SME,56659,18092,2,7,12,4,0.22547632389357875,0.31732134646631643,UPI,0.3193137895126988,0,2
35,46,Tier2,Startup,59682,18148,2,14,0,2,0.2660053433581682,0.07725790128969014,UPI,0.30407828155892896,0,1
36,28,Tier1,MNC,76104,15075,0,6,10,1,0.2294456925977706,0.26544714929082847,Card,0.19808420056764428,0,1
37,49,Tier2,SME,68949,19558,1,7,4,2,0.06900191898265695,0.29461189574252344,Card,0.2836589363152475,0,2
38,48,Tier2,Startup,100904,35979,1,12,9,7,0.30424204174336905,0.001453185669361883,UPI,0.356566637596131,0,2
39,28,Tier2,MNC,47732,13620,2,23,4,3,0.31218534451505375,0.07333574954568921,Card,0.28534316601022375,0,1
40,38,Tier3,SME,29208,7682,1,20,12,2,0.628840420893417,0.07174701027395085,UPI,0.2630101342098055,0,2
41,48,Tier2,Startup,62157,14632,3,16,6,1,0.15623471996677943,0.09624221903758018,Card,0.23540389658445549,0,3
42,28,Tier2,MNC,58559,12792,1,14,10,2,0.12058139313711841,0.0161378276821783,UPI,0.2184463532505678,0,2
43,29,Tier1,Startup,46062,7423,1,17,5,3,0.31282139851304525,0.11484971452571349,UPI,0.16115235986279364,1,66
44,26,Tier3,Gig,70872,31190,1,17,0,4,0.15406077532490015,0.14698684538122336,Card,0.4400891748504346,0,4
45,21,Tier3,Gig,33238,16557,2,20,0,4,0.19537913034245433,0.0003645696563605843,UPI,0.498134665142307,1,33
46,37,Tier1,Gig,62254,28894,0,13,13,1,0.18007871849700025,0.2774453607017831,NetBanking,0.464130818903203,1,70
47,21,Tier1,Gig,55137,8294,1,21,0,4,0.20589212630591322,0.26790482263702353,UPI,0.15042530424216044,0,2
48,40,Tier1,Startup,72459,26000,1,23,1,0,0.08558142346472056,0.09066473038515306,UPI,0.35882361059357704,0,0
49,35,Tier3,MNC,55117,15739,1,6,15,2,0.27848069020023586,0.019409478266449984,UPI,0.2855561804887784,1,117
50,27,Tier1,SME,56083,9930,0,10,8,2,0.5831469636394938,0.01952257488665265,UPI,0.17705900183656367,0,1
51,33,Tier2,Startup,65032,32132,1,9,13,3,0.24388486303009446,0.08651294102282221,UPI,0.4940952146635503,0,1
52,21,Tier2,Gig,49549,11939,2,7,4,0,0.3164072376729387,0.1416172796131782,UPI,0.2409533996649781,0,1
53,25,Tier2,Startup,84534,40434,2,22,7,2,0.3536212015196802,0.015973080380274268,Card,0.4783164170629569,0,2
54,37,Tier2,MNC,66863,31475,2,16,6,2,0.36072666719168034,0.030388637976183065,UPI,0.47073867460329333,1,115
55,23,Tier3,SME,56322,9402,0,9,7,2,0.2105516844758668,0.18747670256415658,Card,0.16693299243634815,0,2
56,45,Tier2,SME,72319,18746,2,8,0,4,0.3574969016788231,0.10151227119592125,UPI,0.2592126550422434,0,0
57,29,Tier1,SME,71254,18606,2,11,8,3,0.14384708506717717,0.07196816178290912,NetBanking,0.26112218261430936,0,2
58,52,Tier3,Startup,75217,20776,2,21,12,0,0.5434892894499196,0.3495502914211525,NetBanking,0.27621415371525054,0,0
59,26,Tier2,Startup,60915,23075,1,21,8,1,0.11688441124251929,0.17427608858836474,UPI,0.3788065336944923,0,3
60,42,Tier3,Startup,72958,22382,3,22,10,1,0.3146257527225833,0.0599855266798392,UPI,0.3067792428520519,0,3
61,38,Tier1,Gig,23875,11858,1,12,16,1,0.37928320209453953,0.11120210818976274,Card,0.49667015706806283,1,84
62,52,Tier1,Gig,55828,24451,2,7,2,2,0.07928191998953311,0.04322693436826585,UPI,0.4379701941678011,0,2
63,42,Tier1,MNC,46981,17569,1,22,1,1,0.22049670700168522,0.014086802495770538,UPI,0.3739596858304421,0,2
64,50,Tier2,MNC,95113,38832,1,11,11,1,0.2757908561048537,0.0692531568433098,NetBanking,0.408272265620893,0,3
65,36,Tier3,Gig,82191,39505,2,16,9,4,0.2581730494981284,0.05001656317230322,Card,0.48064873282962856,1,76
66,28,Tier1,SME,52027,22681,3,20,10,2,0.05311525449373517,0.1315667473709716,NetBanking,0.43594671997232204,0,1
67,27,Tier2,Startup,61728,20257,2,7,1,4,0.22054812414768216,0.002918970834219158,UPI,0.32816550025920166,0,0
68,50,Tier2,SME,78256,38394,3,15,12,2,0.2485683882275402,0.2818451665064234,Wallet,0.49062052749948887,1,34
69,27,Tier1,MNC,29159,7923,0,11,8,2,0.3343277446937962,0.0482411700430428,UPI,0.2717171370760314,1,46
70,45,Tier1,SME,70436,14639,2,15,2,2,0.18966951810960414,0.09067620772776896,UPI,0.20783406212732125,0,5
71,38,Tier1,Gig,57611,11416,1,16,10,3,0.2550880063862696,0.037882210921898765,UPI,0.19815660203780527,0,4
72,30,Tier1,Gig,50470,17225,2,12,1,2,0.7338446910015043,0.2472270580771212,Card,0.3412918565484446,0,3
73,34,Tier1,MNC,40842,10795,1,15,11,1,0.3165122963235358,0.03771682454379418,Card,0.26431124822486657,1,90
74,48,Tier2,MNC,49353,19859,0,20,2,2,0.44912614933001943,0.25251836299182423,Card,0.40238688630883634,0,1
75,36,Tier1,MNC,48426,7744,1,20,6,3,0.17620155338821283,0.1824748051143976,Card,0.15991409573369678,0,4
76,50,Tier1,Startup,61960,30979,2,14,15,3,0.38140961911126064,0.014258482365400567,Card,0.4999838605551969,0,5
77,53,Tier2,Gig,108953,39806,1,14,9,2,0.017900894116085975,0.0674986497623226,Wallet,0.36535019687388137,0,3
78,31,Tier2,MNC,73644,33101,2,22,3,3,0.334668927833583,0.20209029736815715,Card,0.44947314105697683,1,73
79,38,Tier2,SME,59939,20311,1,12,17,1,0.12893080208557733,0.10133047721074706,UPI,0.3388611755284539,0,1
80,38,Tier1,Gig,61876,26522,2,23,5,2,0.09870543677817854,0.07529492210911069,Card,0.42863145646130973,0,2
81,39,Tier1,MNC,49421,18701,3,16,14,0,0.29705846777788847,0.01245715430212601,UPI,0.3784018939317294,0,0
82,23,Tier1,SME,82075,28169,0,17,8,3,0.1423759674432373,0.1161963644688297,NetBanking,0.3432104782211392,0,1
83,33,Tier1,SME,60259,25375,0,22,7,0,0.17454830003899816,0.07290524348657616,Card,0.42109892298245905,0,2
84,40,Tier2,MNC,65233,16763,1,23,2,5,0.20511924097943132,0.33561982747229796,UPI,0.2569711649012003,1,86
85,52,Tier1,Startup,89816,34047,2,14,6,3,0.145686880130354,0.07519735117266016,Card,0.3790749977732253,0,0
86,29,Tier3,Startup,55601,17668,2,12,8,0,0.16005223224322915,0.18871025010037631,Card,0.3177640689915649,0,3
87,42,Tier2,SME,72133,18414,1,21,10,2,0.20397029598976504,0.08501464527124739,UPI,0.2552784439854158,0,2
88,47,Tier1,MNC,37818,10028,3,21,10,3,0.1540558389972431,0.007389390851770697,Card,0.26516473636892485,0,2
89,52,Tier2,Gig,52252,14546,1,17,6,2,0.13075661165516633,0.07583525360002333,Card,0.278381688739187,1,87
90,26,Tier2,SME,43427,14078,1,12,4,3,0.13176868846269071,0.1833334123759938,UPI,0.3241762037442144,0,3
91,43,Tier2,MNC,52289,13313,1,8,14,1,0.406108503980932,0.0030444921181234414,Card,0.2546042188605634,0,3
92,31,Tier2,SME,74101,11807,2,10,13,2,0.048526785913048404,0.0901316186714902,UPI,0.15933658115275098,0,2
93,35,Tier1,MNC,86657,43183,2,7,11,1,0.22104321043648514,0.10690353324512752,UPI,0.4983209665693481,0,0
94,21,Tier2,SME,48661,17211,2,22,16,0,0.2768807113165243,0.20046991486310417,UPI,0.3536918682312324,0,1
95,45,Tier2,Startup,67148,21260,2,19,5,4,0.48011614674032943,0.21356554784315876,NetBanking,0.31661404658366593,0,1
96,22,Tier1,MNC,37391,14113,1,17,7,1,0.2339185590834874,0.10720216874238682,Card,0.37744376989115025,0,0
97,33,Tier1,Gig,50777,24470,1,6,10,3,0.13516116584111026,0.028135063707793045,Card,0.4819111014829549,1,71
98,37,Tier2,MNC,53216,25987,0,12,7,2,0.44547191017755994,0.02348347507921832,Wallet,0.48833057726999396,0,6
99,43,Tier3,Startup,35950,9186,2,10,11,1,0.14323961066743865,0.004383272960574658,NetBanking,0.2555215577190542,0,0
100,36,Tier1,Gig,54308,22224,2,13,8,3,0.41393669949396644,0.07630225860880281,UPI,0.4092214774987111,0,3
101,49,Tier1,MNC,64987,12493,2,11,16,1,0.06653949593164417,0.09525294577747746,UPI,0.1922384476895379,0,1
102,25,Tier1,SME,72755,12002,1,14,16,2,0.3497108558253096,0.27714225555473043,UPI,0.1649646072434884,0,2
103,29,Tier1,MNC,65882,31960,3,16,0,1,0.4657640015799186,0.1530239590859949,Card,0.4851097416593303,0,2
104,29,Tier2,MNC,72392,24569,3,9,11,4,0.08917037257946205,0.0778263643740485,UPI,0.3393883302022323,0,3
105,33,Tier3,SME,110196,41277,2,10,15,2,0.11022044706893551,0.01179738418407476,UPI,0.37457802461069367,0,2
106,21,Tier2,MNC,72255,31713,1,16,0,2,0.07159956895517401,0.004611469182222493,Wallet,0.4389038820842848,0,1
107,35,Tier2,Gig,70237,16650,3,19,2,1,0.3808095511380459,0.01642550544292005,Card,0.23705454390136252,0,0
108,33,Tier1,MNC,88788,21246,3,12,13,2,0.1618693176223716,0.004753346483168175,NetBanking,0.239289093120692,0,1
109,40,Tier2,Gig,49545,22692,1,22,12,2,0.4381961906496935,0.013786527078658862,Card,0.45800787163184986,1,61
110,40,Tier2,MNC,48549,11034,1,18,6,1,0.0715696408090213,0.061652311339378756,Card,0.22727553605635545,0,1
111,30,Tier1,SME,50025,16989,2,15,17,3,0.21848941097987576,0.037374167613313726,NetBanking,0.33961019490254873,0,2
112,35,Tier1,Startup,51032,21476,2,21,4,1,0.2169843077257035,0.2055565467740529,UPI,0.42083398651826304,0,4
113,38,Tier1,MNC,77989,12505,1,17,6,1,0.1824373752394351,0.05566967941597137,Card,0.16034312531254408,0,1
114,49,Tier1,Gig,48993,7818,0,6,15,1,0.20371040237310392,0.02829847988677839,NetBanking,0.15957381666768722,0,4
115,23,Tier1,MNC,68420,24274,2,21,17,3,0.16433695500734632,0.11388294804685975,UPI,0.3547793042969892,0,1
116,41,Tier1,Startup,51242,18142,3,18,11,1,0.0342015834398025,0.003802633542814917,UPI,0.35404550954295305,0,2
117,23,Tier1,SME,63639,19675,2,8,5,2,0.18349137689761735,0.016156298182867304,Card,0.3091657631326702,0,3
118,30,Tier1,Gig,77054,34490,0,19,6,3,0.3733161093673354,0.09791550929608671,UPI,0.44760817089313987,1,62
119,36,Tier1,SME,70140,22944,2,16,15,3,0.3802843252521785,0.009243396451696476,UPI,0.32711719418306245,0,1
120,48,Tier2,Startup,60526,14967,1,8,0,4,0.4503645910197222,0.28121174524475484,UPI,0.2472821597330073,0,2
121,32,Tier1,Startup,59030,13189,1,9,4,1,0.24535051155413518,0.331580467160448,Wallet,0.2234287650347281,0,1
122,37,Tier1,Gig,40862,8574,2,13,0,0,0.11077111814031834,0.03266593993379684,UPI,0.20982820224169155,0,2
123,40,Tier3,MNC,75622,19683,2,22,14,5,0.2885299609948165,0.08621742741744942,UPI,0.2602813995927111,0,1
124,46,Tier1,SME,63619,24684,2,11,13,3,0.09003974908441435,0.13741141899745382,NetBanking,0.387997296405162,0,2
125,34,Tier3,Gig,101458,49806,1,10,12,0,0.42428477705880185,0.08574324150005092,Wallet,0.4909026395158588,1,89
126,40,Tier1,Gig,72607,12943,1,6,0,2,0.3283848047280636,0.22195181144452403,UPI,0.17826104921013125,0,1
127,49,Tier2,MNC,76756,26653,0,23,10,7,0.020677510304203724,0.06567101105914311,Card,0.34724321225702226,0,3
128,35,Tier1,MNC,58291,27474,3,23,12,2,0.10088659075164332,0.0474005269697826,NetBanking,0.4713249043591635,0,0
129,52,Tier3,SME,55593,18869,2,18,5,3,0.10651453569948963,0.07020680064043464,Card,0.339413235479287,0,4
130,34,Tier2,MNC,49901,21452,2,6,15,1,0.33133202524303995,0.055514204515172375,Card,0.4298911845453999,0,2
131,35,Tier3,Gig,70530,17362,2,22,5,4,0.12891933258916516,0.23602704284286896,Card,0.24616475258755138,0,0
132,21,Tier1,MNC,45232,13112,1,20,12,0,0.15518208713465717,0.2760344717425629,UPI,0.2898832684824903,0,4
133,39,Tier1,Gig,37921,7109,2,22,1,5,0.8313424405121538,0.07652794736825026,UPI,0.18746868489755017,0,1
134,36,Tier1,SME,41874,16310,1,16,17,2,0.2237819935864275,0.010221449010206399,UPI,0.389501838849883,0,2
135,35,Tier2,MNC,81875,12473,2,23,17,3,0.07597784948280699,0.001837956857473699,UPI,0.15234198473282443,0,4
136,42,Tier2,SME,62604,20796,2,16,15,1,0.09718325113487679,0.035313149084152964,UPI,0.3321832470768641,0,2
137,39,Tier3,MNC,48309,10602,1,6,14,4,0.12741458679884415,0.09356059185201086,UPI,0.21946221201018443,0,2
138,53,Tier2,Gig,59137,9834,1,21,3,0,0.4889511422687111,0.029077397143216062,UPI,0.16629183083348834,0,3
139,34,Tier1,Gig,45809,19783,1,9,3,3,0.328195594162796,0.3105587573357987,UPI,0.4318583684428824,0,1
140,35,Tier2,MNC,58171,21660,0,7,15,0,0.18918924569399123,0.08811188483356032,UPI,0.37235048391810355,0,3
141,48,Tier2,SME,43720,8059,3,22,7,2,0.38304276490719436,0.057871402827480864,Card,0.18433211344922232,0,2
142,37,Tier3,Startup,49044,12885,2,13,3,4,0.3401085852928078,0.0537085144621835,Card,0.2627232689013947,0,1
143,29,Tier3,MNC,101261,15870,1,22,7,1,0.07355950332375605,0.08069620807027367,UPI,0.15672371396687768,0,3
144,38,Tier1,MNC,49825,14076,2,6,10,5,0.27487714060128987,0.10169198041521127,UPI,0.28250878073256397,0,1
145,38,Tier2,Startup,82608,13453,2,7,6,4,0.21569388202272427,0.07279900670131269,UPI,0.1628534766608561,0,1
146,34,Tier2,MNC,55736,13295,1,22,4,1,0.2340275152953106,0.09277349593759282,Card,0.23853523754844266,0,5
147,39,Tier1,MNC,98125,20300,2,11,10,0,0.4436596520585853,0.13986226137905045,UPI,0.20687898089171974,1,51
148,40,Tier2,Gig,59110,16869,1,12,16,2,0.17593047056280903,0.26945333389678444,UPI,0.2853831838944341,0,3
149,54,Tier3,SME,50126,17121,2,19,3,3,0.11445502850177261,0.18545257910748827,Wallet,0.34155927063799224,0,3
150,23,Tier2,SME,52840,10417,3,10,6,3,0.456385281041979,0.16668407227445511,UPI,0.1971423164269493,0,2
151,52,Tier3,Gig,39877,12972,1,10,12,1,0.3038906671879864,0.011620653110387924,UPI,0.32530029841763425,0,2
152,37,Tier3,Startup,63325,11279,0,8,16,1,0.36430804705521985,0.04128903920744181,Wallet,0.17811290959336754,0,2
153,33,Tier1,Startup,61489,21244,2,9,1,0,0.283442361373314,0.060223097161355724,UPI,0.3454926897493861,0,0
154,41,Tier1,MNC,46033,11654,2,18,11,2,0.16700245740018554,0.08973086166429207,Card,0.25316620685160646,0,0
155,24,Tier1,MNC,55598,8475,2,9,1,2,0.2491552367264508,0.0032728421302705237,Card,0.15243354077484803,0,2
156,46,Tier1,SME,65376,30472,2,8,15,1,0.11919393132031525,0.0712385157532617,UPI,0.46610376896720507,0,1
157,24,Tier2,SME,18427,4682,2,18,0,4,0.3794480883421297,0.11524691507915816,Card,0.25408368155424105,0,1
158,35,Tier3,Gig,57425,23123,2,15,0,1,0.10960344538291471,0.1405052134008694,UPI,0.402664344797562,0,5
159,27,Tier1,SME,55954,15413,2,9,17,1,0.08071260528643939,0.0036168324576452437,NetBanking,0.2754584122672195,0,3
160,31,Tier3,MNC,61465,20642,2,12,13,2,0.3735359026204925,0.01787599343182574,Card,0.3358334011225901,0,6
161,37,Tier1,MNC,96878,28778,1,20,8,1,0.14463577302230188,0.030949232032518526,UPI,0.29705402671401143,0,3
162,21,Tier1,MNC,47526,8250,2,15,14,5,0.0529645004154955,0.22868702901179747,UPI,0.1735891932836763,0,2
163,51,Tier2,Gig,62189,11876,3,21,15,3,0.14756854885574425,0.10935435756603115,Card,0.19096624805029827,0,2
164,46,Tier3,MNC,54629,14616,0,17,17,2,0.05846964810731627,0.11364549819248033,Card,0.2675502022735177,1,45
165,53,Tier2,SME,82434,12696,1,10,13,2,0.3508020353901955,0.20795910757431063,UPI,0.15401412038721887,1,48
166,23,Tier1,MNC,80306,31230,2,21,14,1,0.4228035920959233,0.06010192326415951,Card,0.38888750529225713,0,0
167,26,Tier1,SME,54178,13228,2,6,12,2,0.16661262576618202,0.0617358067027705,UPI,0.24415814537266048,0,2
168,37,Tier3,MNC,51580,11151,1,13,15,3,0.09130815257789418,0.1946571714271302,UPI,0.21618844513377278,1,68
169,50,Tier2,MNC,51391,16130,2,6,6,2,0.062386304482914635,0.04087089228092962,Card,0.31386818703664066,0,1
170,31,Tier1,SME,58212,27774,1,11,14,0,0.2610068082820408,0.009266529410042872,UPI,0.4771181199752628,1,60
171,31,Tier3,Gig,93314,17923,0,11,17,1,0.3171927666059583,0.18984145816215692,UPI,0.19207192918533125,0,3
172,49,Tier2,SME,67707,20609,2,16,8,4,0.40209827755658933,0.014921896450059006,Wallet,0.30438507096755135,0,0
173,21,Tier1,Startup,42022,12739,2,12,5,2,0.28508754907455025,0.05297981949446299,Card,0.3031507305697016,0,1
174,53,Tier1,Startup,65704,25092,3,7,9,1,0.38763749453053686,0.07851591787747345,UPI,0.38189455740898576,0,2
175,27,Tier2,Gig,82096,18718,3,10,11,2,0.15604646942224937,0.003648252009316399,Card,0.2280013642564802,0,2
176,31,Tier2,SME,85612,23784,1,6,4,3,0.1481132783901782,0.09707212931409762,NetBanking,0.27781152174928747,0,2
177,32,Tier2,Gig,52491,22075,3,8,10,3,0.5775891421470548,0.1317267499817694,UPI,0.4205482844678135,0,3
178,51,Tier1,SME,72228,34339,3,7,2,3,0.016678751440658713,0.20223238014683131,NetBanking,0.4754250429196433,0,4
179,48,Tier1,MNC,32984,8303,3,21,7,5,0.3900982380810891,0.023398829293496615,Card,0.25172811059907835,0,2
180,32,Tier3,SME,38950,17297,3,11,12,3,0.42019473558199966,0.23167871637659265,Card,0.4440821566110398,0,2
181,32,Tier2,Startup,36107,10552,1,10,6,2,0.09509261023335834,0.16061391400284433,UPI,0.2922425014540117,0,1
182,48,Tier3,SME,56246,22593,1,10,5,1,0.10626950242547294,0.385791352816132,UPI,0.4016818973793692,0,3
183,30,Tier2,MNC,58961,25375,2,17,14,1,0.05477462359008209,0.1548687340247081,Wallet,0.4303692271162294,0,0
184,48,Tier1,MNC,81707,33142,0,11,10,2,0.20606289721648482,0.2036016852403916,Card,0.40562008151076406,1,53
185,48,Tier2,MNC,74831,12778,2,16,1,2,0.28727063225713984,0.04039698695324574,NetBanking,0.1707581082706365,0,3
186,43,Tier3,Gig,71452,18984,0,18,17,0,0.4322541634345521,0.16996184092080752,Card,0.26568885405586967,1,103
187,46,Tier3,MNC,52750,10421,2,20,1,3,0.2772975560588201,0.02890114774621711,Card,0.19755450236966823,0,1
188,28,Tier2,Startup,62255,11389,3,17,11,1,0.18553479312484206,0.1205583123331303,NetBanking,0.18294112922656816,0,1
189,40,Tier3,Gig,77940,34754,2,15,5,2,0.2892554613847548,0.026538187438038905,UPI,0.4459071080318193,0,3
190,25,Tier1,MNC,43324,14466,1,18,17,1,0.12420151882641202,0.09015196860991471,UPI,0.333902686732527,0,2
191,22,Tier1,MNC,81351,25062,1,9,2,0,0.183210367737132,0.10138472956796774,UPI,0.30807242689088027,0,1
192,35,Tier2,Gig,97995,37533,1,23,4,6,0.19279352573217176,0.05272793469170166,Card,0.3830093372110822,0,3
193,31,Tier1,Gig,39450,13884,3,13,6,3,0.17194942181154327,0.05857944842848482,Card,0.35193916349809884,0,1
194,26,Tier2,Startup,78174,26805,1,15,0,2,0.4143499242567887,0.2329701692953987,NetBanking,0.3428889400567964,0,4
195,38,Tier1,Gig,15035,3565,1,18,0,2,0.41507750380915454,0.032662778374157014,Card,0.23711340206185566,0,1
196,50,Tier2,SME,41502,10537,2,16,0,2,0.592477527394764,0.007652025959254863,UPI,0.25389137872873596,1,54
197,29,Tier1,Gig,70780,23118,0,10,5,0,0.13885650963931684,0.008728778198563188,UPI,0.32661768861260243,0,1
198,27,Tier1,Startup,72106,15206,2,20,15,3,0.2056508152836648,0.03670447636126396,UPI,0.2108839763681247,0,1
199,50,Tier3,Gig,73120,26414,1,21,1,4,0.19518712031726757,0.1180769675640255,UPI,0.3612417943107221,1,61
200,22,Tier1,SME,74241,25635,1,23,15,2,0.5806546432376999,0.11976163391795701,Card,0.3452943791166606,0,2
201,40,Tier3,SME,63915,16578,2,23,13,1,0.319465912007593,0.2504087255643881,UPI,0.25937573339591646,0,0
202,40,Tier1,SME,52550,11156,0,17,17,3,0.1124373595189368,0.04300369609993758,Card,0.2122930542340628,0,2
203,36,Tier1,MNC,83730,41667,2,17,14,2,0.6143177960547964,0.2183219507353914,Wallet,0.4976352561805804,1,110
204,35,Tier1,SME,57966,25138,1,16,10,0,0.15201829667707276,0.3271515379516506,UPI,0.4336680122830625,0,2
205,21,Tier2,MNC,47549,13405,2,11,6,4,0.00674487397213472,0.07352204425198221,UPI,0.28191970388441395,0,3
206,50,Tier3,Startup,92057,29285,1,15,5,0,0.10154503106986267,0.03204655163216547,UPI,0.31811812246760157,0,0
207,23,Tier1,MNC,53908,9419,0,20,17,0,0.15852106285578083,0.09003331608904064,UPI,0.17472360317578095,0,5
208,26,Tier1,Startup,38768,6184,2,12,3,1,0.4325753081075195,0.3715905227778639,UPI,0.15951300041271152,1,109
209,50,Tier1,MNC,69479,19475,3,15,11,1,0.13415827159965227,0.11983698597203399,Card,0.2803005224600239,0,3
210,33,Tier2,MNC,43604,9413,2,9,6,2,0.38708790187610126,0.060499987739607665,Card,0.21587469039537657,0,1
211,36,Tier1,MNC,69869,15933,2,21,7,2,0.5824836990560122,0.0667939104845697,NetBanking,0.22804104824743449,0,6
212,42,Tier1,SME,81389,35205,2,20,12,0,0.3140272937589891,0.37625104459085806,UPI,0.4325523105087911,0,2
213,40,Tier2,MNC,99698,26789,2,18,15,2,0.14204037325389698,0.05739611201583285,Card,0.26870147846496417,0,0
214,52,Tier2,Startup,41227,12057,1,22,15,1,0.3649590083668125,0.026810233111258346,UPI,0.2924539743372062,0,2
215,52,Tier1,MNC,82673,26703,2,11,16,5,0.28215759203031265,0.15529542508976724,UPI,0.3229954156737992,0,2
216,29,Tier1,SME,104321,16379,2,7,11,2,0.15334762088336257,0.03359593051081267,Card,0.15700578023600234,1,111
217,46,Tier1,Startup,61706,25230,1,6,8,2,0.09273120794494472,0.08417760932796496,UPI,0.40887433961041064,0,2
218,44,Tier3,Gig,66876,30397,2,12,15,3,0.3153809904110704,0.053686800745586766,NetBanking,0.4545277827621269,1,63
219,29,Tier1,Gig,51296,22766,1,15,11,1,0.4767673619215107,0.09784375546229925,UPI,0.4438162819713038,0,1
220,26,Tier2,MNC,61491,22879,1,15,17,0,0.21904145439254277,0.040577692665027414,UPI,0.37207070953472865,0,3
221,48,Tier3,Gig,51555,23592,2,21,8,1,0.17410668461632012,0.24038403970979108,UPI,0.4576083794006401,0,1
222,46,Tier2,Gig,45476,10662,2,18,13,1,0.2953940427023457,0.129146691114697,UPI,0.23445333802445245,0,2
223,33,Tier2,MNC,74000,14842,2,10,12,1,0.2515741081144188,0.16310680304550582,UPI,0.20056756756756758,0,1
224,30,Tier1,MNC,67374,20265,2,21,5,1,0.09658726162538653,0.09966903505769759,UPI,0.30078368510107756,0,1
225,44,Tier1,Startup,73596,35642,2,12,9,2,0.446052279578015,0.0162193197704082,UPI,0.484292624599163,0,1
226,29,Tier1,Startup,53086,9387,2,6,13,1,0.19070773774039237,0.23236479907427712,UPI,0.17682628188222885,1,39
227,36,Tier2,Startup,78778,36182,1,21,14,3,0.252255738509577,0.036878402423426146,UPI,0.459290664906446,0,2
228,28,Tier1,SME,45453,16639,2,14,3,2,0.1312048239436728,0.01930690864761279,UPI,0.36607044639517744,0,1
229,42,Tier1,MNC,91229,30471,1,16,13,3,0.059644528324905785,0.10683717528619155,Card,0.334005634173344,0,0
230,33,Tier2,MNC,72079,33990,0,12,17,1,0.10157335384778764,0.0001972528827537735,NetBanking,0.4715659207258702,1,87
231,43,Tier1,MNC,69591,17969,1,13,15,2,0.34538269953079864,0.24017288980473825,NetBanking,0.2582086764093058,0,3
232,32,Tier1,MNC,57422,27785,0,17,8,3,0.45715682030480037,0.03616561570526395,UPI,0.48387377660130265,0,1
233,42,Tier3,Startup,91416,33518,2,8,6,3,0.11223391152686846,0.004114839736076043,UPI,0.366653539861731,0,3
234,41,Tier3,SME,101052,27014,1,18,13,3,0.5310894568753057,0.0551774273091005,Card,0.2673277124648696,0,3
235,36,Tier2,MNC,74312,32667,2,12,9,1,0.1861618791371219,0.07303955548036611,UPI,0.43959252879750244,0,4
236,39,Tier1,MNC,51732,23988,2,15,11,1,0.18874988944645812,0.06066538124046011,UPI,0.46369751797726744,0,5
237,27,Tier1,Gig,44861,11342,2,16,4,1,0.3535383849771441,0.008053701425094914,NetBanking,0.2528253939947839,0,2
238,46,Tier1,Startup,34560,10818,2,10,13,6,0.2088105717961363,0.6005949168007831,Card,0.31302083333333336,0,1
239,45,Tier1,MNC,102296,45115,1,17,6,1,0.230149999382713,0.1115753819727676,UPI,0.4410240869633221,0,1
240,31,Tier3,Gig,55954,17416,3,21,14,1,0.389847413465351,0.16945640904309894,UPI,0.3112556743038925,1,40
241,35,Tier1,SME,56493,25435,1,12,7,1,0.16291728633557528,0.02849883605719954,UPI,0.4502327722018657,1,56
242,53,Tier1,MNC,58115,25147,0,21,10,2,0.20361181264173409,0.037778078465624705,UPI,0.43271100404370644,0,3
243,25,Tier1,MNC,29012,13764,1,22,5,1,0.18306236751886715,0.10233992781001411,UPI,0.4744243761202261,0,4
244,39,Tier2,Gig,52873,17121,0,20,10,1,0.08162687549153826,0.1493832462227758,Card,0.3238136667107976,0,0
245,39,Tier1,MNC,55767,23946,2,13,4,5,0.27519252389176874,0.02674915117006707,UPI,0.42939372747323684,1,80
246,44,Tier1,Startup,86867,39158,1,14,0,5,0.3315420835188106,0.16188321687925905,UPI,0.450781079120955,1,94
247,36,Tier3,Startup,58544,20839,3,10,0,3,0.32880250062597016,0.07151035809104105,UPI,0.3559544957638699,0,1
248,44,Tier2,Startup,80485,39719,1,16,5,1,0.07989384004369711,0.033402806516140554,Card,0.4934956824252966,0,1
249,24,Tier3,Startup,77792,32282,2,16,17,3,0.05093036956876723,0.24543902683410698,Card,0.41497840394899216,0,2
250,26,Tier1,Startup,15115,6428,1,23,2,1,0.3072064029273506,0.007309439606864537,Card,0.42527290770757525,0,6
251,39,Tier1,Gig,64347,11651,2,14,12,7,0.22988879345742136,0.1765685928296068,NetBanking,0.18106516232302983,0,0
252,25,Tier2,Startup,59324,28972,3,16,16,3,0.13956224529663477,0.1784868237934875,UPI,0.48836895691457083,1,43
253,21,Tier2,MNC,71282,20836,2,18,9,1,0.41479936348946017,0.17235899552465328,UPI,0.2923038074128111,0,5
254,36,Tier1,Gig,42746,19959,2,7,13,2,0.6257326631254575,0.07953085425328539,UPI,0.466920881485987,0,0
255,44,Tier1,SME,62139,13271,2,6,15,3,0.26883438635471385,0.06746984465703845,UPI,0.21356957788184555,0,7
256,38,Tier1,MNC,55931,9267,2,21,4,1,0.14232050290530926,0.14416607519487318,UPI,0.16568629203840446,0,5
257,50,Tier3,Startup,53121,20308,1,10,4,1,0.07356188961926884,0.036947097936801156,UPI,0.3822970200109185,1,94
258,30,Tier2,Startup,85007,19577,0,14,3,2,0.22081616549464922,0.05179902362518018,NetBanking,0.23029868128507064,0,2
259,36,Tier2,SME,50434,20367,2,9,6,2,0.06841728014250556,0.5176413194671914,UPI,0.40383471467660703,0,1
260,27,Tier2,MNC,42322,18923,2,23,7,1,0.09000456088895147,0.17266044127318225,UPI,0.4471197013373659,0,4
261,29,Tier3,SME,85674,29741,2,19,11,2,0.11852778036575072,0.04517043101748576,UPI,0.3471414898335551,0,3
262,38,Tier1,MNC,57256,26896,1,19,10,1,0.607577435477218,0.027615921629599215,Card,0.46974989520748917,0,3
263,41,Tier1,Startup,46457,22278,1,23,7,0,0.31602822388773727,0.002599845311708398,UPI,0.47954021998837637,1,90
264,43,Tier2,Gig,72697,29298,3,20,1,4,0.21019074063975335,0.1341047165028926,UPI,0.40301525509993535,0,3
265,29,Tier3,Gig,63214,31230,1,17,3,1,0.17921420377553293,0.14609042069371833,UPI,0.49403613123675133,1,93
266,28,Tier2,MNC,90384,43198,1,9,8,2,0.6415895242100809,0.02497250106433426,Card,0.47793857319879623,0,1
267,34,Tier2,Gig,47803,13418,1,16,3,1,0.4474848148595368,0.12022458957682108,UPI,0.28069368031295105,0,0
268,28,Tier1,Startup,59875,10969,1,17,10,4,0.5986467101001062,0.012748605833292008,NetBanking,0.18319832985386222,0,0
269,28,Tier2,MNC,52946,21107,3,6,13,4,0.5146210642840223,0.13360999159705222,UPI,0.3986514562006573,0,2
270,53,Tier1,MNC,51779,23645,2,15,3,3,0.15676934151122504,0.03505886720525818,NetBanking,0.4566523107823635,1,42
271,32,Tier1,MNC,70919,19209,2,18,7,1,0.11888313775155356,0.2693974093624305,UPI,0.27085830313456194,0,3
272,45,Tier2,Gig,82126,26925,2,13,5,3,0.20166158496632366,0.03338279948882484,UPI,0.32784988919465213,0,1
273,31,Tier1,SME,47936,17645,0,20,12,1,0.2910133517343414,0.021818225277662293,UPI,0.36809495994659547,0,1
274,22,Tier3,MNC,65516,25411,1,18,15,3,0.0918599330509429,0.030939508623918643,UPI,0.3878594541791318,0,2
275,22,Tier3,SME,75298,25785,0,11,14,1,0.3453211984290374,0.07135495927537674,UPI,0.3424393742197668,0,1
276,54,Tier1,MNC,93678,26824,3,21,10,1,0.2710530232938496,0.2115167686163366,UPI,0.28634257776639127,0,1
277,33,Tier2,MNC,73135,30713,2,22,17,2,0.048153411736134896,0.06642314866593715,UPI,0.41994940862787994,0,1
278,21,Tier2,SME,48189,14021,1,21,14,4,0.37059745847848935,0.06204809519282357,UPI,0.2909585175039947,0,4
279,33,Tier3,Gig,62579,22103,3,17,10,3,0.3816171960032915,0.03808798043149656,UPI,0.3532015532367088,0,4
280,30,Tier2,Gig,49327,10428,1,17,2,3,0.6034924657626749,0.18952171560622283,NetBanking,0.21140551827599488,0,4
281,43,Tier1,Startup,54852,25871,0,19,1,3,0.1153926355046978,0.018646953429710338,UPI,0.47165098811346895,0,2
282,52,Tier1,Startup,73139,26867,1,23,3,4,0.23170494407682907,0.014265776398072449,Card,0.3673416371566469,0,3
283,51,Tier2,Startup,47625,9670,0,18,12,1,0.19430256451631844,0.21134800717153257,Card,0.20304461942257218,0,2
284,23,Tier2,Gig,92859,23148,2,14,15,0,0.30966232801080534,0.042049455841515065,UPI,0.2492811682227894,0,4
285,21,Tier2,Startup,89952,28365,2,15,2,1,0.22386367565647575,0.11364710916755091,Card,0.3153348452508004,0,0
286,50,Tier1,MNC,56258,9115,2,13,10,0,0.16977848924674924,0.3068840898425995,Card,0.16202140140068969,0,2
287,27,Tier3,Gig,40519,15424,1,15,16,3,0.2587711797377228,0.04742457569237619,UPI,0.3806609245045534,0,3
288,25,Tier1,Gig,52150,15199,3,20,10,3,0.3007913090080848,0.04128310130785234,Card,0.2914477468839885,0,3
289,53,Tier3,SME,80689,20667,3,7,6,1,0.038125086450596195,0.11741397297857331,UPI,0.2561315668802439,0,1
290,27,Tier2,MNC,63459,10247,1,21,8,2,0.3033371903563327,0.09039793639234447,UPI,0.16147433776138925,0,2
291,50,Tier1,Startup,52142,19714,2,8,15,2,0.03116389902277095,0.08084867635700779,UPI,0.37808292739058724,0,1
292,47,Tier1,SME,55851,12827,2,23,2,3,0.18032829032880585,0.18806846696195229,Card,0.22966464342625914,0,1
293,27,Tier1,MNC,56404,18303,1,12,4,2,0.06168972771410981,0.030588664792943192,Card,0.32449826253457204,0,1
294,51,Tier1,Startup,54306,12373,1,15,8,1,0.1066304325091192,0.019181620315477453,UPI,0.22783854454388097,0,2
295,42,Tier2,MNC,82827,32574,0,13,14,0,0.406134313552465,0.20637537656101512,UPI,0.3932775544206599,0,0
296,36,Tier1,Gig,81683,14890,2,13,6,2,0.6649758635683987,0.24646443301203602,Wallet,0.18229007259772537,1,98
297,37,Tier2,SME,102419,28680,2,9,8,1,0.38681560359216205,0.09248779266281454,UPI,0.28002616701979127,0,2
298,22,Tier2,MNC,53369,13052,2,6,11,5,0.2605881287641109,0.010791782532528693,Card,0.2445614495306264,0,3
299,50,Tier1,MNC,32727,7709,2,15,9,5,0.33663464080830874,0.02153058417191618,Card,0.23555474073395055,0,1
300,31,Tier2,Gig,55262,22564,2,10,12,1,0.1416966316889298,0.1642128770469867,Card,0.4083095074372987,0,0
301,30,Tier1,MNC,55855,8674,3,11,6,0,0.23176179828460414,0.05065921170112099,UPI,0.1552949601647122,0,1
302,21,Tier2,MNC,83895,20114,1,10,8,2,0.3669132228625723,0.16251256082111487,UPI,0.23975207104118243,1,72
303,29,Tier1,Startup,37433,7028,2,19,9,5,0.2270137366251874,0.24744802519107234,NetBanking,0.18774877781636523,0,1
304,32,Tier2,Gig,85725,16366,2,14,1,2,0.3124209012467186,0.1412014058600277,UPI,0.19091280256634588,0,1
305,22,Tier1,MNC,56254,14023,2,21,16,4,0.35276630519548796,0.01621838043606206,UPI,0.24928005119635938,0,2
306,43,Tier1,SME,47040,14639,2,14,9,0,0.2457541859458483,0.07918550227629928,Card,0.311203231292517,0,2
307,25,Tier1,SME,56198,13027,1,21,8,4,0.1228860155438509,0.005880533111537319,Card,0.23180540232748498,0,0
308,30,Tier1,MNC,46479,10483,1,18,14,1,0.40438186540225063,0.19419731936151924,Card,0.2255427182168291,0,3
309,37,Tier1,SME,70864,21314,2,16,17,1,0.2211172926543864,0.07980007359816019,NetBanking,0.30077331226010384,0,1
310,43,Tier3,MNC,44437,7093,1,12,17,2,0.46244339983979876,0.2128562270408133,UPI,0.1596192362220672,0,2
311,27,Tier2,Gig,55911,20674,2,10,12,3,0.28679952787708896,0.11755763411303188,UPI,0.36976623562447464,0,4
312,52,Tier3,Startup,65617,17983,2,9,13,1,0.4345250612389003,0.10794631780755204,Card,0.2740600758949662,1,85
313,38,Tier1,Startup,54841,22539,3,18,13,1,0.5489035136174525,0.08208784150274301,Wallet,0.4109881293193049,0,1
314,36,Tier2,MNC,66997,10159,3,13,8,5,0.40303878499479917,0.16590054701307708,UPI,0.15163365523829425,0,2
315,46,Tier1,MNC,74165,15746,1,7,16,3,0.09482017331050843,0.14046477773551963,UPI,0.21231038899750557,0,0
316,28,Tier1,Startup,78163,14177,2,13,9,0,0.5158258014538672,0.13226694237951991,UPI,0.18137737804331974,0,4
317,30,Tier2,MNC,69406,11030,2,14,5,1,0.06456942938855446,0.2838989961650322,Card,0.1589199780998761,0,2
318,52,Tier1,MNC,70033,12961,2,13,15,2,0.2415579264853863,0.045441054649008425,UPI,0.185069895620636,0,0
319,44,Tier3,Startup,48104,15477,2,7,14,1,0.12374909041092506,0.005912170122901888,Card,0.3217403958090803,0,0
320,53,Tier2,Gig,46298,22980,2,9,1,0,0.277021258223419,0.06635849098874694,UPI,0.49634973432977664,0,1
321,42,Tier3,Gig,61129,12199,2,22,6,3,0.1674029436463322,0.045370104152884075,UPI,0.1995615828821018,1,88
322,25,Tier3,SME,92629,28166,2,6,12,1,0.1975776391742777,0.18604123085898247,UPI,0.3040732384026601,0,2
323,46,Tier1,Gig,82402,30402,3,13,3,1,0.01962791689060699,0.07972840359399412,Card,0.3689473556467076,0,2
324,51,Tier1,Startup,85262,30216,2,7,16,3,0.07687155855690714,0.13394302727396687,Card,0.3543899978888602,0,2
325,25,Tier1,SME,45896,18393,1,13,2,5,0.3476235658076235,0.030329738057388377,UPI,0.40075387833362386,0,2
326,30,Tier2,MNC,93298,26929,2,14,5,4,0.2727060066457067,0.09468774742808364,NetBanking,0.2886342686874317,0,3
327,47,Tier2,MNC,43842,17783,3,15,0,4,0.27537097621059275,0.16401402176620963,UPI,0.4056156197253775,0,0
328,25,Tier1,SME,71657,24976,2,15,16,5,0.1820220074111261,0.0701387637338596,Card,0.3485493392131962,0,1
329,54,Tier3,MNC,71164,34904,0,8,8,3,0.23453293612644677,0.19324900168419967,UPI,0.49047271092125233,1,111
330,25,Tier1,MNC,75006,27032,1,20,11,1,0.04125986175005282,0.04708804721783002,NetBanking,0.36039783483987947,0,1
331,21,Tier2,SME,83911,17869,3,18,10,2,0.42535275802919587,0.15244663771889608,UPI,0.21295181799764035,0,2
332,46,Tier3,Gig,51912,11827,0,23,9,4,0.5707711738039113,0.1847545972895973,UPI,0.2278278625366004,0,3
333,21,Tier1,Gig,54497,20802,1,17,2,0,0.09832753736942844,0.03564183936973428,UPI,0.38170908490375616,0,0
334,24,Tier3,Gig,49107,10462,1,17,13,2,0.5421583855944991,0.10860642681665693,UPI,0.21304498340358807,1,103
335,43,Tier2,SME,38549,16716,3,23,0,3,0.3549558749127847,0.07357376405358729,Card,0.4336299255493009,0,3
336,46,Tier2,MNC,42906,13882,3,20,17,0,0.24242080940244923,0.07228580612252236,NetBanking,0.32354449261175594,0,1
337,51,Tier1,Gig,54390,18187,2,7,12,2,0.7642379689583132,0.006564597011299305,NetBanking,0.3343813200956058,0,3
338,29,Tier3,MNC,60909,28501,2,23,15,0,0.3065004174778027,0.007731944463635456,NetBanking,0.4679275640709912,0,2
339,48,Tier3,Startup,60247,29237,1,7,15,3,0.28158851590413997,0.012823043974457868,UPI,0.48528557438544656,1,78
340,35,Tier2,Gig,47574,19113,2,20,14,2,0.14186334539567982,0.03566105696745165,UPI,0.40175305839324,0,4
341,47,Tier1,MNC,29116,11580,0,13,11,5,0.27375384410648534,0.12078811592586501,Card,0.3977194669597472,1,110
342,25,Tier3,MNC,50089,12036,0,17,7,5,0.39707679472588553,0.009448058921631171,Card,0.24029227974205913,0,2
343,45,Tier1,SME,61608,25464,2,19,4,2,0.4389518980964872,0.05410701000544025,Card,0.41332294507206857,0,3
344,43,Tier3,SME,77703,17004,1,21,10,4,0.16563329818790912,0.03513033201224626,UPI,0.2188332496814795,0,3
345,34,Tier2,MNC,82371,31379,0,21,3,2,0.09384175440388032,0.06776977362586707,Wallet,0.3809471780116789,0,0
346,36,Tier1,MNC,66717,28114,2,12,13,2,0.22227655458573287,0.04530462432300979,UPI,0.42139184915388883,0,1
347,26,Tier3,Gig,78546,34684,1,12,10,6,0.22804953827737603,0.021019564207655564,UPI,0.4415756372062231,0,5
348,34,Tier2,Gig,57920,8694,3,7,4,0,0.3227087722794675,0.14943746891600426,UPI,0.15010359116022098,1,88
349,41,Tier1,MNC,20195,7851,2,22,12,1,0.32262167935144864,0.17286259616571686,UPI,0.3887595939589007,0,1
350,48,Tier2,SME,37830,7172,2,12,11,2,0.26168102639628277,0.15052666317112168,NetBanking,0.1895849854612741,1,43
351,41,Tier3,SME,64378,20247,2,13,10,1,0.23957907482072016,0.06522556835225408,UPI,0.3145018484575476,0,3
352,36,Tier1,Gig,45097,7870,0,13,1,1,0.08029658836800181,0.20005973772032193,UPI,0.17451271703217508,0,3
353,45,Tier2,MNC,74913,17553,1,23,9,0,0.18296478782739298,0.2509108949795603,UPI,0.23431180168996035,0,1
354,44,Tier2,SME,81570,32218,3,13,12,6,0.26608959440361507,0.10894162522498238,UPI,0.39497364227044257,0,2
355,53,Tier1,Gig,73003,30272,1,7,3,1,0.13875507350325345,0.03907525683275843,NetBanking,0.4146678903606701,0,2
356,47,Tier3,Startup,40327,13707,1,9,10,1,0.1267892150607464,0.006248067904106748,NetBanking,0.3398963473603293,0,0
357,23,Tier2,MNC,76119,16923,1,10,12,3,0.19203791801953699,0.24865339771576533,Card,0.2223229417096914,0,3
358,41,Tier2,Gig,68488,10991,3,23,6,2,0.22720612160726358,0.14192285731004362,Wallet,0.1604806681462446,0,6
359,45,Tier3,Startup,62823,21878,2,20,0,0,0.2612273184129529,0.038226821009425725,UPI,0.3482482530283495,0,4
360,53,Tier3,Gig,71423,16907,3,12,11,3,0.31231447098869647,0.020541318579898184,Card,0.23671646388418296,0,2
361,46,Tier1,MNC,45538,12491,2,6,6,4,0.09535021447812425,0.24945867099632912,Card,0.27429838815933943,0,4
362,39,Tier2,Gig,42751,13193,3,16,13,4,0.11454970226875544,0.06997899553598189,Card,0.3086009683984,0,1
363,22,Tier3,Startup,33280,9734,2,9,4,1,0.04230993943519692,0.020278910557519604,UPI,0.29248798076923077,0,3
364,28,Tier1,SME,55688,11360,2,16,0,2,0.35931968147164267,0.0418805345506564,UPI,0.20399367906909927,0,2
365,46,Tier1,Gig,58156,15584,0,20,3,1,0.24623550023465718,0.13676309767542708,UPI,0.2679689112043469,1,79
366,39,Tier1,MNC,74210,31069,1,9,4,2,0.14342229280539998,0.09282133362920345,UPI,0.41866325293087187,0,2
367,44,Tier2,SME,61210,10323,2,14,4,2,0.4778384608908962,0.05844116823617381,UPI,0.16864891357621303,0,2
368,29,Tier1,Startup,37619,7410,2,10,12,1,0.304085614095666,0.04232676152475012,UPI,0.19697493287966186,0,3
369,47,Tier2,SME,71092,20451,1,12,17,0,0.1037800228214274,0.11116449442169313,UPI,0.28766949867776964,0,0
370,23,Tier2,MNC,90855,14364,0,17,4,4,0.136509648379163,0.15641112100069027,Wallet,0.15809806835066864,0,3
371,54,Tier1,Gig,55516,27493,0,9,2,4,0.27056724046183406,0.15399718219201025,NetBanking,0.49522660134015417,1,110
372,46,Tier3,MNC,44383,18101,1,8,11,2,0.31564179883175686,0.05186883859365199,Wallet,0.4078363337313836,0,0
373,44,Tier2,Startup,60165,10119,1,16,8,2,0.08121016024249046,0.004006745514974478,NetBanking,0.16818748441785092,0,3
374,29,Tier1,MNC,77883,18870,1,19,14,2,0.3300031381268887,0.12282020528358674,Card,0.2422865066831016,0,0
375,48,Tier2,SME,64302,11696,0,14,14,1,0.13050580760174443,0.3230092344838346,NetBanking,0.18189169854747908,0,1
376,31,Tier3,Startup,56757,23387,1,21,16,1,0.2831158258923546,0.15141875145649397,Card,0.41205490071709217,1,75
377,49,Tier2,SME,70532,33672,2,11,14,1,0.3598444203400382,0.025369836196516997,Wallet,0.4774003289287132,0,2
378,54,Tier2,SME,63585,13432,1,20,12,0,0.38860707924448334,0.02780107658933485,Card,0.21124479043799638,0,3
379,50,Tier2,Gig,59568,14753,1,20,0,1,0.2816197508377309,0.09325397636188634,Card,0.2476665323663712,0,2
380,34,Tier1,Startup,60796,27645,1,9,7,0,0.22860181344381836,0.01179818095024041,UPI,0.4547174156194487,1,100
381,51,Tier2,MNC,66341,29626,1,10,15,2,0.34975873118480677,0.2572887613260937,NetBanking,0.44657150178622573,0,2
382,36,Tier2,MNC,60361,17151,1,12,14,3,0.36059073830530364,0.26458322693350506,UPI,0.28414042179553023,0,0
383,48,Tier2,SME,60013,10731,1,6,3,1,0.48583894766851976,0.07152292092217387,UPI,0.1788112575608618,0,2
384,52,Tier2,MNC,74554,17573,2,7,12,0,0.6069592174914755,0.17854434308415112,UPI,0.23570834562867182,0,5
385,34,Tier3,Gig,66224,25335,2,16,12,2,0.3819871093847698,0.10110758211250072,UPI,0.3825652331481034,0,4
386,47,Tier3,MNC,63457,27740,3,18,4,1,0.3773487436974327,0.2656327994649402,Card,0.4371464141071907,0,3
387,54,Tier2,SME,30698,6551,2,9,10,3,0.4645045509432529,0.032029141859737695,UPI,0.2134015245292853,0,2
388,50,Tier3,Startup,87225,41689,1,18,12,4,0.2592887754741977,0.011094381920127567,UPI,0.4779478360561766,0,1
389,27,Tier1,Startup,62572,14336,2,12,10,0,0.22318443378935973,0.1746258382328838,NetBanking,0.22911206290353514,0,2
390,36,Tier2,SME,43202,7261,2,13,0,6,0.1895324432716432,0.18684121390557726,NetBanking,0.16807092264247026,0,1
391,36,Tier1,SME,90061,37339,1,23,12,3,0.23066674027212622,0.009485423242663662,UPI,0.41459677329809796,0,1
392,28,Tier1,MNC,66060,32599,2,6,1,1,0.16597957186830226,0.18620522077882046,UPI,0.49347562821677265,0,4
393,28,Tier1,MNC,43940,7933,2,20,0,4,0.1479632703898538,0.03924906819475109,UPI,0.180541647701411,0,4
394,23,Tier2,Startup,69419,22586,3,14,5,2,0.24326829668223118,0.24391670547252015,UPI,0.3253576110286809,0,0
395,44,Tier2,Startup,44293,11557,2,9,0,2,0.5726943964307907,0.09542213892045581,NetBanking,0.260921590319012,0,2
396,23,Tier1,MNC,35008,10385,1,11,2,3,0.3185040023078907,0.10148484104265469,UPI,0.29664648080438755,1,90
397,25,Tier1,MNC,80508,26555,2,12,11,1,0.5724610668244905,0.07051706817438391,UPI,0.3298429969692453,0,4
398,25,Tier1,MNC,47675,7573,1,22,9,5,0.4293914815261496,0.03520205845643891,UPI,0.1588463555322496,0,2
399,38,Tier2,Gig,45875,15140,2,16,15,2,0.3256194938438035,0.017187263011281838,UPI,0.33002724795640326,0,6
400,30,Tier1,MNC,64368,21590,3,17,11,2,0.1304834231590577,0.4080187899659271,UPI,0.33541511309967686,0,3
401,36,Tier1,MNC,52077,22359,3,10,12,3,0.12739187371793506,0.05827113780309367,Card,0.4293450083530157,0,3
402,47,Tier1,SME,12649,4797,0,10,6,1,0.1772658448819671,0.03778274494216855,UPI,0.37923946557040084,0,3
403,33,Tier1,MNC,51523,21145,3,14,14,0,0.11762368029215307,0.2009142679042057,UPI,0.4103992391747375,1,31
404,28,Tier3,SME,85182,18123,3,12,6,0,0.20140235314722083,0.03556242471157412,UPI,0.21275621610199338,0,1
405,23,Tier1,Startup,73769,14198,1,6,15,5,0.2547707605741484,0.08207126775013923,UPI,0.19246566986132385,0,0
406,35,Tier1,MNC,28361,12626,2,18,16,4,0.25473309610529693,0.05720008739964468,NetBanking,0.44518881562709356,0,3
407,48,Tier2,Startup,63779,16151,3,13,5,2,0.1425002747258948,0.003715666443976742,NetBanking,0.253233823045203,0,2
408,36,Tier3,Startup,65267,14746,2,22,0,2,0.41054477771830294,0.11945334029612284,UPI,0.22593347327133162,0,0
409,30,Tier2,MNC,69081,23313,3,14,2,1,0.3661356879829896,0.19856144866041608,Wallet,0.3374734007903765,0,4
410,31,Tier1,Startup,27576,8231,2,18,5,1,0.03613687698403946,0.018716642860527457,UPI,0.2984841891499855,0,0
411,21,Tier1,MNC,33221,15766,3,22,4,0,0.3864202202674913,0.2914116979065162,NetBanking,0.4745793323500196,1,65
412,27,Tier2,SME,59085,10559,2,23,10,3,0.014532390345986626,0.03344037248514037,UPI,0.17870864009477871,0,1
413,24,Tier1,SME,73616,32974,1,18,9,3,0.4193675035247193,0.06253696153710864,Card,0.44791893066724625,0,2
414,30,Tier1,Startup,66218,14929,2,20,13,2,0.30372486695740264,0.3235789786495996,UPI,0.22545229393820412,0,1
415,53,Tier1,MNC,82434,17231,1,11,3,0,0.04965233728431421,0.014750714486839686,Card,0.20902782832326466,0,2
416,49,Tier1,SME,71438,22995,2,11,3,3,0.09529151674891902,0.009497708395223984,UPI,0.321887510848568,0,2
417,46,Tier2,Gig,88223,23754,2,14,8,1,0.4040945275564296,0.15386674904621403,UPI,0.2692495154324836,0,2
418,54,Tier1,MNC,51227,11326,2,7,3,1,0.2913024175788172,0.1676729046244359,Card,0.22109434477912038,1,87
419,31,Tier1,Startup,52207,20865,3,14,17,1,0.12640879119897822,0.06404732491776007,Wallet,0.39965904955274195,0,1
420,33,Tier1,MNC,47681,10755,0,6,6,1,0.06727940288105244,0.17401647017321942,UPI,0.22556154443069568,0,2
421,22,Tier1,SME,51702,10645,3,9,16,3,0.11452844086160835,0.0030904642881037924,Card,0.20589145487602026,0,1
422,36,Tier3,SME,58432,10756,2,21,3,2,0.1760343895212747,0.032041385645608114,UPI,0.18407721796276014,1,77
423,38,Tier1,Gig,64106,14874,2,16,5,3,0.13092600640282337,0.05873471504004273,Wallet,0.23202196362274982,0,3
424,32,Tier3,SME,51454,8188,2,6,10,0,0.4785005584180231,0.1959517050850205,Card,0.15913242896567809,1,54
425,43,Tier1,Startup,62841,22339,1,9,10,6,0.05009703824277536,0.009985787974940133,Card,0.35548447669515126,0,0
426,33,Tier1,MNC,62210,21029,2,6,0,0,0.29653524448838026,0.14877448405040955,UPI,0.3380324706638804,0,7
427,36,Tier2,SME,45335,21766,2,13,15,4,0.1335977604656623,0.0772378509549224,Wallet,0.48011470166537995,0,2
428,44,Tier1,MNC,93036,34163,2,17,9,1,0.29126198316974067,0.033980382144073805,NetBanking,0.36720194333376327,0,1
429,44,Tier1,Gig,41084,15847,3,21,8,1,0.13748038050763506,0.09875235620415937,Card,0.3857219355466848,0,0
430,46,Tier2,MNC,49716,16873,2,12,3,4,0.27276218387389,0.363934376735245,UPI,0.33938772226245073,1,99
431,44,Tier3,SME,80781,24383,1,11,9,1,0.21799397763927303,0.1419319672570358,UPI,0.30184077939119347,0,0
432,31,Tier1,Startup,46065,14665,3,23,0,3,0.2077953165271573,0.06741723220136127,UPI,0.31835449907739066,0,0
433,28,Tier1,SME,49805,22191,0,15,1,3,0.40398689880063354,0.02653652752610716,NetBanking,0.4455576749322357,0,1
434,25,Tier2,MNC,94031,27655,2,11,10,4,0.055047464964054243,0.024848501019052005,Wallet,0.2941051355404069,0,0
435,32,Tier1,Startup,34767,9865,0,17,7,3,0.4755750767305354,0.17099363206304893,Card,0.28374608105387294,0,3
436,45,Tier1,SME,44924,14900,1,20,11,2,0.6146872964384908,0.05723765434879722,NetBanking,0.3316712670287597,0,2
437,49,Tier2,SME,62892,28603,2,18,5,2,0.08254094219758526,0.07183931061661342,Card,0.4547955224829867,0,5
438,35,Tier3,Gig,63900,21301,2,22,14,0,0.33504487527133714,0.0862967564900132,Wallet,0.3333489827856025,0,1
439,23,Tier2,MNC,51161,20419,3,8,11,2,0.1451564811998698,0.14465572631345874,UPI,0.399112605304822,0,1
440,52,Tier1,MNC,44446,19513,1,6,7,1,0.12756771533263556,0.10731815374949952,UPI,0.43902713405030824,0,4
441,49,Tier1,Gig,62613,31212,2,23,8,3,0.17374444888216495,0.09069853371491358,Card,0.4984907287623976,0,1
442,34,Tier1,Gig,57903,17350,1,11,2,0,0.18746776536238077,0.021210912411156916,UPI,0.29963905151719256,0,1
443,41,Tier1,Gig,103362,25087,3,19,0,2,0.22559202151090954,0.010583801043844323,UPI,0.24271008687912385,0,4
444,21,Tier1,SME,72957,14890,0,14,7,0,0.44225984699751264,0.05998660925785967,UPI,0.20409282179914195,0,3
445,34,Tier2,MNC,52206,25180,0,22,7,2,0.7486030214598175,0.08367613865945323,NetBanking,0.48232003984216376,0,1
446,45,Tier2,MNC,48688,21929,0,15,4,2,0.3267865086875342,0.07711660462777749,Card,0.4503984554715741,0,2
447,46,Tier1,SME,64094,27411,0,8,13,1,0.25546574992408766,0.2268865274960509,UPI,0.4276687365432022,0,5
448,54,Tier3,Startup,63152,31236,1,12,5,0,0.17000309635977753,0.02844251039867535,UPI,0.494616164175323,1,51
449,38,Tier1,SME,53016,16656,2,15,8,0,0.03442192063713623,0.07539951946694999,UPI,0.31416930737890447,0,0
450,36,Tier2,Gig,37737,13497,1,21,2,1,0.2960321739627752,0.16692328240223744,UPI,0.35765959138246284,0,0
451,39,Tier1,Startup,65316,25529,1,23,5,2,0.29724492203052705,0.030018260101433117,UPI,0.3908536958784984,0,2
452,53,Tier2,MNC,59321,29618,1,7,5,2,0.5949441742603027,0.03347170714656669,NetBanking,0.49928355894202725,1,73
453,25,Tier1,Startup,67395,25307,1,23,11,2,0.1644900850217027,0.16045798832479147,UPI,0.3755026337265376,0,3
454,26,Tier2,MNC,54670,16474,1,21,14,1,0.36656493456924955,0.21654011975770643,Wallet,0.30133528443387597,0,4
455,48,Tier2,MNC,60331,25260,2,18,11,3,0.2732630235147871,0.12360648500712547,UPI,0.41869022558883495,0,2
456,28,Tier1,MNC,27122,7637,1,20,0,2,0.1544734950717623,0.03382263547123162,UPI,0.28157952953322024,0,0
457,42,Tier2,MNC,71198,11137,2,14,8,5,0.29428218311251736,0.04005320593607819,NetBanking,0.15642293322846149,0,2
458,32,Tier2,SME,71597,33334,2,21,3,1,0.3049128870853173,0.16731486342474697,NetBanking,0.4655781666829616,0,3
459,46,Tier3,Startup,40622,6179,3,13,11,1,0.26168531358824215,0.0718340529370894,Wallet,0.15210969425434492,0,2
460,34,Tier2,Gig,108523,39097,2,14,5,3,0.315530726905751,0.2166623656195885,Card,0.36026464436110317,0,1
461,26,Tier1,MNC,76533,18795,2,17,0,2,0.10166674207311824,0.12373832639137483,UPI,0.24558033789345773,0,4
462,51,Tier2,SME,23761,5391,2,11,2,0,0.15234205601191259,0.09101261175147055,NetBanking,0.22688439038760994,0,1
463,21,Tier2,Gig,40638,12954,1,13,3,2,0.06983504490023199,0.05121118927909359,UPI,0.3187656872877602,0,1
464,54,Tier2,Gig,78748,14419,3,20,16,1,0.1086908289305043,0.06266246682981365,UPI,0.18310306293493167,0,2
465,22,Tier2,Startup,81008,38602,1,14,4,1,0.09346516213665551,0.06703242834042675,Card,0.47652083744815327,1,49
466,38,Tier1,Gig,74056,16364,2,17,13,0,0.36811827292013105,0.11478529322716093,UPI,0.22096791617154585,0,0
467,52,Tier1,MNC,59112,25354,2,19,2,2,0.26616277922663023,0.02881733333456772,UPI,0.428914602787928,0,1
468,44,Tier3,Startup,54785,11152,1,10,3,4,0.1353156003239036,0.1406728020723716,UPI,0.2035593684402665,0,3
469,28,Tier1,SME,56322,14228,2,9,10,4,0.17471701355904712,0.03986353359708186,NetBanking,0.2526188700685345,0,1
470,42,Tier3,Gig,50646,23051,2,17,5,2,0.4175682629681414,0.10521953719610513,UPI,0.4551395964143269,1,110
471,28,Tier2,SME,29050,5309,0,19,6,3,0.0688895541300557,0.01025394501016682,UPI,0.1827538726333907,0,1
472,50,Tier3,Gig,59991,13418,2,11,15,2,0.17683980904472266,0.3522607400676856,NetBanking,0.2236668833658382,0,1
473,23,Tier1,MNC,79211,35852,2,21,14,3,0.5371990096370907,0.12792775130741788,UPI,0.45261390463445733,1,85
474,24,Tier1,Startup,53565,13959,1,22,1,0,0.2497365384298597,0.21263839581065197,NetBanking,0.2605992719126295,0,0
475,45,Tier3,Gig,53482,12933,1,23,14,1,0.4348423488469662,0.05433903688689299,UPI,0.24181967764855467,1,49
476,40,Tier2,Startup,41071,6286,1,16,3,0,0.21462567029999716,0.0794878970680775,NetBanking,0.15305203184728883,0,3
477,46,Tier1,Startup,62272,16814,1,21,8,0,0.21008678742082473,0.0691497079729956,Card,0.2700089928057554,0,2
478,48,Tier3,MNC,74848,28498,0,18,17,4,0.031148993083010224,0.09340437191269935,Card,0.3807449764856776,0,2
479,23,Tier1,Startup,74560,24191,2,23,4,3,0.08759708477066536,0.059404001924473135,UPI,0.3244501072961373,0,1
480,47,Tier2,MNC,50410,12443,1,22,3,3,0.31745229460108654,0.22113366935413536,UPI,0.24683594524895855,1,62
481,33,Tier1,MNC,17477,4997,1,12,7,0,0.10789520905082571,0.15208976759312076,UPI,0.2859186359214968,0,2
482,47,Tier3,MNC,67792,27588,0,22,2,2,0.27676774907846274,0.041103461934327644,NetBanking,0.4069506726457399,0,1
483,28,Tier1,Startup,48993,12193,2,8,8,0,0.0420722753866122,0.10912625918873403,Card,0.24887228787786012,0,0
484,54,Tier1,Startup,51206,19580,1,21,2,0,0.19932972539339516,0.13663017918763584,UPI,0.38237706518767334,1,48
485,37,Tier1,Gig,61013,10268,1,12,11,0,0.0743951064852662,0.20505152672442914,UPI,0.16829200334354974,0,4
486,21,Tier3,SME,34582,6025,2,17,0,1,0.5689830174244364,0.13346662897044625,Card,0.17422358452374068,0,0
487,45,Tier1,SME,66425,23683,1,15,1,1,0.37328117394640714,0.09334693038226968,UPI,0.3565374482499059,0,1
488,24,Tier2,MNC,85137,28775,1,15,12,1,0.3996745592506154,0.0032664819177512295,UPI,0.3379846600185583,0,1
489,41,Tier3,Startup,75771,36533,0,9,4,2,0.08740640721910302,0.17774166882271247,UPI,0.48215016299111796,1,105
490,26,Tier1,SME,83361,36383,2,8,2,4,0.5658172047793781,0.2808712748806295,Card,0.43645109823538586,0,2
491,28,Tier3,SME,61023,13388,1,20,15,1,0.13530959650057342,0.12186918782388069,UPI,0.21939268800288417,1,113
492,40,Tier3,MNC,79452,39393,3,17,4,1,0.3439032144408646,0.10302807462721744,Card,0.49580879021295876,1,31
493,40,Tier3,Gig,42840,8359,0,14,1,2,0.594997082839985,0.10777211444215566,UPI,0.19512138188608777,0,1
494,35,Tier2,MNC,54897,27246,3,7,5,1,0.1970693197133364,0.02540818938039608,UPI,0.49631127384010054,0,4
495,30,Tier2,MNC,72075,28514,1,11,17,1,0.25809928949280764,0.33631856428653883,Card,0.39561567811307663,0,2
496,23,Tier1,SME,91261,13992,2,21,7,2,0.04857992708479527,0.10030525261808348,NetBanking,0.15331850407074216,0,4
497,32,Tier2,Startup,85499,36803,2,22,8,3,0.13271466875316457,0.083423993364316,NetBanking,0.43044947894127417,0,1
498,30,Tier3,Startup,41292,8804,2,20,6,6,0.12485291812329435,0.06879836617292553,UPI,0.2132132132132132,0,1
499,54,Tier1,MNC,56095,27736,3,9,8,2,0.39842861036377897,0.35162276007087007,UPI,0.49444692040288796,1,69
500,34,Tier2,MNC,77600,21139,1,13,1,2,0.2513403235179536,0.04999707694422116,Wallet,0.272409793814433,0,3
501,39,Tier3,MNC,63024,13263,1,16,9,4,0.09980351295319753,0.22421505684974447,UPI,0.21044364051789793,0,3
502,38,Tier1,Startup,96727,45426,2,20,10,5,0.33677101155998274,0.08705210595597812,Card,0.46963102339574264,1,89
503,52,Tier1,MNC,73535,21951,2,7,14,4,0.21578288141647547,0.0806600643452319,UPI,0.298510913170599,0,0
504,46,Tier2,Startup,48827,15490,3,21,0,4,0.4027242954483348,0.10407049938343435,UPI,0.31724250926741354,0,3
505,39,Tier1,Gig,62189,27696,2,22,2,1,0.4761787897834779,0.21703605901589093,UPI,0.4453520719098233,0,3
506,37,Tier2,Gig,51666,10088,1,7,2,3,0.34724256298850653,0.018254167288441914,UPI,0.19525413231138466,0,1
507,51,Tier2,SME,65237,30279,1,16,6,7,0.3795627920737737,0.2001170149448107,UPI,0.4641384490396554,0,7
508,49,Tier2,MNC,78298,13325,1,9,1,2,0.06856410875947418,0.03221894902420002,UPI,0.1701831464405221,0,1
509,44,Tier1,Gig,47156,9828,2,7,11,0,0.17935690727697676,0.09385915624067413,UPI,0.2084146238018492,0,2
510,39,Tier2,MNC,82547,13976,1,10,6,2,0.24269924313339278,0.11256056905131459,Wallet,0.1693096054369026,0,2
511,24,Tier2,SME,71225,12174,0,8,11,2,0.4314326824736629,0.1712953788148632,NetBanking,0.1709231309231309,1,96
512,33,Tier1,Gig,41628,6979,2,19,17,2,0.06368303691012513,0.23602252124013365,UPI,0.16765158066685884,0,4
513,44,Tier1,MNC,50688,11844,2,12,8,0,0.16515167551270743,0.022230469382864868,UPI,0.23366477272727273,0,1
514,48,Tier1,SME,43955,12028,2,9,12,1,0.5342599668202737,0.02773497262786539,NetBanking,0.27364349903310203,1,47
515,44,Tier3,MNC,46186,21081,1,16,15,1,0.3590079228507199,0.05517146657122489,NetBanking,0.4564370155458364,1,33
516,27,Tier2,MNC,58370,19492,2,8,0,3,0.20493449276236905,0.01994253537568411,UPI,0.3339386671235224,0,1
517,28,Tier1,SME,76537,26212,2,15,2,1,0.3353929718233914,0.15438440330848696,UPI,0.3424748814298966,0,2
518,51,Tier1,SME,56497,15417,1,15,1,1,0.17085081862922996,0.1340604106810184,Card,0.2728817459334124,0,5
519,32,Tier1,MNC,53595,11136,1,17,4,1,0.23115960370535787,0.290496506210457,UPI,0.20778057654631962,0,2
520,43,Tier1,SME,62393,17703,2,18,11,2,0.3656964983499397,0.06801328085805451,UPI,0.2837337521837386,0,3
521,27,Tier1,Startup,48166,20913,2,11,6,2,0.45492412588182873,0.255855964871553,NetBanking,0.434185940289831,0,2
522,53,Tier2,MNC,81241,14066,1,6,3,1,0.18560218675472903,0.0492928643546377,UPI,0.17313917849361776,0,4
523,30,Tier1,Gig,37056,16741,3,8,2,3,0.1801454298713035,0.045705145069883955,UPI,0.4517756908462867,0,2
524,28,Tier3,Gig,83176,26859,2,10,5,1,0.2058399808683825,0.10156653152205931,Wallet,0.32291766855823795,0,2
525,30,Tier2,Gig,48528,21028,2,23,15,0,0.07948438165097475,0.07744235115458802,NetBanking,0.4333168480052753,0,4
526,28,Tier3,SME,51519,10220,2,6,9,3,0.1775741095179064,0.24114730949188506,Card,0.1983734156330674,0,1
527,24,Tier2,Startup,69336,33204,2,21,5,3,0.12526979973529695,0.06698933280845898,UPI,0.47888542748355833,1,30
528,36,Tier1,SME,73520,21022,1,10,5,0,0.27757682670575745,0.06970443770030826,Wallet,0.28593579978237216,0,3
529,40,Tier1,Startup,74027,17709,1,9,6,2,0.5140351528511643,0.007137369131349411,UPI,0.23922352655112325,1,102
530,26,Tier1,SME,101611,36989,2,20,1,2,0.07250858486406905,0.049777065351663805,Card,0.3640255484150338,0,0
531,36,Tier2,MNC,78759,33544,2,11,6,0,0.6062255772700218,0.11829440899561385,NetBanking,0.4259068804835003,0,1
532,22,Tier2,MNC,60015,9867,2,6,6,0,0.2718091139019696,0.023305377032387036,UPI,0.16440889777555612,0,2
533,39,Tier3,SME,46119,9900,2,11,12,2,0.3211527263708965,0.16925120934894122,UPI,0.21466206986274639,0,3
534,32,Tier1,SME,77860,30377,2,10,8,6,0.520311458983093,0.1713823032383623,UPI,0.3901489853583355,0,0
535,44,Tier1,MNC,83108,39648,3,22,15,2,0.277380930238237,0.11597950671614625,NetBanking,0.4770659864272994,0,2
536,46,Tier3,SME,57151,25109,3,7,9,6,0.21412772309414127,0.08638082540479895,UPI,0.4393448933526972,0,4
537,26,Tier1,Startup,65838,30416,2,21,17,2,0.27584462358538003,0.11959827468936979,UPI,0.4619824417509645,0,0
538,51,Tier1,SME,56342,23522,3,10,12,1,0.08599372830590617,0.13845365371610088,UPI,0.4174860672322601,0,3
539,47,Tier2,Gig,37141,10618,1,17,5,1,0.13695790782049816,0.22453405373471577,Wallet,0.28588352494547803,0,1
540,28,Tier1,MNC,59956,25628,1,15,13,3,0.15155794320014146,0.3059265231155652,Card,0.4274467943158316,0,0
541,35,Tier3,Gig,60153,20621,2,20,3,3,0.1489532203225036,0.06469625594487298,Card,0.3428091699499609,0,2
542,53,Tier1,SME,64775,19899,0,21,4,1,0.14847493637662212,0.032140938998831796,NetBanking,0.3072018525665766,0,2
543,50,Tier2,Startup,86374,16918,2,6,6,3,0.41797110050609515,0.029396896903795003,NetBanking,0.19586912728367334,0,1
544,23,Tier2,SME,65316,28733,3,21,8,4,0.2778081519732313,0.15711951102958627,UPI,0.4399075264866189,0,3
545,51,Tier3,Startup,59552,25913,2,19,1,2,0.19921033489829834,0.02064380662990558,UPI,0.43513232133261687,0,5
546,23,Tier1,SME,55290,22471,3,20,15,3,0.43735189613029385,0.17488500217440392,Card,0.40642069090251404,1,79
547,32,Tier2,Gig,67731,17389,1,23,13,2,0.10880215539409148,0.021340911979429035,UPI,0.25673620646380535,1,118
548,44,Tier1,MNC,45538,10946,0,10,6,0,0.2695024844123979,0.09022319582275497,Card,0.24037067943256182,0,1
549,49,Tier3,MNC,67371,19412,2,15,5,1,0.16925486398581108,0.047656375281465074,UPI,0.2881358447996913,0,4
550,23,Tier3,MNC,37116,13101,0,17,11,1,0.27701916030432533,0.02395409754767853,NetBanking,0.35297445845457487,0,3
551,53,Tier2,Gig,49142,13144,1,7,8,1,0.12836040064394222,0.032935277729084465,Card,0.2674697814496764,0,5
552,54,Tier1,Gig,45392,11066,2,7,0,0,0.05266974352887506,0.1300060160885183,UPI,0.24378745153330983,0,1
553,33,Tier2,Gig,77910,37609,1,7,0,1,0.20028304414826742,0.08071478955012945,UPI,0.48272365549993584,1,118
554,30,Tier2,Startup,77367,19477,1,8,9,2,0.16008151999708264,0.17620105618792653,UPI,0.2517481613607869,0,3
555,24,Tier2,Startup,60969,23478,1,18,12,4,0.06608713508878654,0.008049197558210769,UPI,0.38508094277419674,0,1
556,25,Tier1,Startup,55235,12270,1,22,0,2,0.17794691323202871,0.03945698345103558,UPI,0.22214175794333302,0,1
557,23,Tier2,MNC,85772,31451,3,22,8,4,0.2548269784911147,0.01554099017799685,UPI,0.36668143450076945,0,1
558,47,Tier2,MNC,71345,21446,0,9,3,0,0.1351212286046634,0.048641161766199745,UPI,0.3005956969654496,0,3
559,35,Tier2,Gig,67902,27393,1,22,15,1,0.12377842553964338,0.17660899370800084,UPI,0.4034196341786693,1,70
560,35,Tier1,Gig,53645,21356,3,11,1,0,0.2837329014651746,0.11577603121006383,Card,0.39809861124056295,0,3
561,29,Tier3,MNC,53286,25807,3,22,8,2,0.08395328076176801,0.16073930786670998,Card,0.484311076080021,1,74
562,51,Tier1,Gig,53924,14595,2,6,0,0,0.2867217108030633,0.08774603117288628,Card,0.2706587048438543,0,2
563,38,Tier1,MNC,68144,31875,1,16,9,1,0.02692613219282917,0.050762387899973796,UPI,0.4677594505752524,0,3
564,37,Tier3,Startup,50620,16107,3,10,0,1,0.24852080759740922,0.15846175571623183,Card,0.3181943895693402,0,3
565,34,Tier1,SME,60573,15277,1,10,15,5,0.2902300112657306,0.02731590864077445,UPI,0.2522080795073713,0,1
566,21,Tier2,Startup,54477,9738,2,22,1,2,0.16617705777124436,0.09533097927594915,Wallet,0.17875433669254914,0,1
567,26,Tier1,MNC,52775,8308,1,21,0,0,0.34189264300596084,0.10466095439778111,UPI,0.1574230222643297,0,1
568,26,Tier1,SME,61397,24597,2,22,8,1,0.09594707086583776,0.04353278896677066,UPI,0.4006221802368194,0,1
569,35,Tier1,MNC,55424,20233,2,20,0,2,0.10417549020648946,0.045263921838501094,UPI,0.3650584584295612,0,1
570,24,Tier1,MNC,40325,13033,2,13,6,1,0.25032961568156864,0.20764003061196887,NetBanking,0.3231990080595164,0,1
571,51,Tier3,MNC,48651,19324,2,7,6,1,0.037160506409949425,0.07929312349272956,Card,0.3971963577315985,0,2
572,27,Tier3,SME,56134,15475,2,6,8,0,0.05212890568862291,0.05459111830020522,UPI,0.27567962375743754,0,3
573,40,Tier2,MNC,80456,12936,3,8,3,4,0.1418953430010858,0.06252775645744849,NetBanking,0.16078353385701502,0,4
574,30,Tier3,MNC,34521,14033,2,19,6,3,0.2477451947458034,0.03183926589353704,UPI,0.4065061846412329,1,54
575,23,Tier2,SME,53588,13827,3,14,1,2,0.043145873980008694,0.04292000327681465,Card,0.2580241845189222,0,3
576,23,Tier2,MNC,63042,16841,3,16,4,1,0.07074918023269454,0.06127343291150897,UPI,0.2671393674058564,0,1
577,37,Tier2,Gig,63811,29427,2,11,2,3,0.16851107201126786,0.1529483767401339,Wallet,0.46115873438748806,0,1
578,50,Tier1,SME,51955,15654,1,16,17,2,0.269945909465568,0.24918691956317474,Wallet,0.30129920123183523,0,2
579,45,Tier1,Startup,37577,17466,2,16,0,1,0.11880498498304448,0.056408373202750446,UPI,0.4648055991697049,0,3
580,43,Tier2,Gig,62048,9440,3,23,10,1,0.10102615987485875,0.1451143112290463,UPI,0.1521402784940691,0,1
581,42,Tier2,SME,49218,13253,1,18,14,1,0.08380491220964767,0.021091902070203512,Card,0.2692714047706124,0,4
582,36,Tier2,Gig,56171,15427,1,15,5,1,0.1915801184394279,0.30538507800862547,Card,0.2746434993145929,0,4
583,44,Tier1,MNC,86277,17864,1,9,13,0,0.43245158597999256,0.05385299323156178,UPI,0.20705402366795322,0,1
584,51,Tier2,SME,44494,17104,2,8,2,1,0.17901306742676895,0.14627071639586517,UPI,0.38441138130983954,0,4
585,38,Tier3,SME,42408,14241,2,22,2,2,0.22831796424592393,0.16422470686535878,Card,0.33580928126768533,0,1
586,41,Tier1,Gig,69284,21290,1,20,14,2,0.3126015340347549,0.08344414719296218,UPI,0.3072859534668899,0,1
587,27,Tier2,MNC,69368,20787,1,17,14,2,0.433031323993942,0.004265278572538563,Card,0.29966266866566715,0,3
588,44,Tier2,MNC,44781,15659,2,11,8,2,0.10408518071886902,0.001752409593672894,Card,0.34967955159554276,0,1
589,24,Tier1,Gig,67952,28181,1,10,3,0,0.3280204392414063,0.25452155214637223,UPI,0.41471921356251473,0,2
590,45,Tier2,SME,77061,33453,1,11,9,2,0.1306871366057405,0.26012783375470283,UPI,0.43411063962315566,0,4
591,54,Tier3,SME,79692,12368,1,20,15,0,0.19062947584083484,0.03728661861176674,UPI,0.15519751041509813,0,1
592,35,Tier3,MNC,64623,29447,3,17,5,4,0.20679355952875217,0.041666627635544407,NetBanking,0.455673676554787,0,0
593,38,Tier1,MNC,24859,8124,2,13,7,6,0.6544757188364722,0.13978587130360998,UPI,0.32680316987811253,0,0
594,30,Tier1,Startup,63974,9621,2,13,13,3,0.14341490211160013,0.10677436635466579,UPI,0.15038922062087723,0,3
595,46,Tier2,Gig,76571,23279,2,15,14,1,0.22343504711326453,0.07155116365735087,UPI,0.30401849264081704,0,4
596,51,Tier1,Startup,54678,21195,1,13,8,5,0.17525006690485875,0.06120475845431065,Card,0.38763305168440687,0,1
597,26,Tier3,SME,59513,23782,3,21,5,4,0.1404022149281471,0.03412809566422168,UPI,0.3996101692067279,0,2
598,33,Tier2,MNC,62509,16188,2,11,3,1,0.23902094000422616,0.05463488112928607,UPI,0.2589707082180166,0,5
599,33,Tier1,SME,71375,33411,2,18,0,1,0.34502896311140135,0.1437019313121994,UPI,0.46810507880910684,0,6
600,35,Tier2,Gig,71645,25731,2,22,4,2,0.12371705111496281,0.09911004241590489,UPI,0.35914578826156746,0,1
601,21,Tier1,MNC,60098,9094,2,18,9,2,0.19936536081365652,0.11583889600234636,UPI,0.15131951146460781,0,6
602,30,Tier2,Gig,60860,26486,2,11,7,1,0.2757371953384839,0.16284754656048733,Card,0.435195530726257,0,2
603,37,Tier2,MNC,65542,19717,2,12,15,3,0.11217407763169522,0.035789931441656785,UPI,0.3008300021360349,0,1
604,39,Tier1,MNC,59137,27451,2,10,3,1,0.179906305964349,0.05857939949442428,UPI,0.46419331383059675,0,3
605,47,Tier1,MNC,80784,24702,2,19,3,2,0.08325427040915467,0.06413039809950051,Wallet,0.30577837195484253,0,1
606,39,Tier1,MNC,84871,20975,2,16,14,3,0.06526783054469512,0.21155882902188317,UPI,0.24713977683778912,0,2
607,22,Tier1,MNC,12000,4812,2,22,6,3,0.09715458256251357,0.057175985818397154,UPI,0.401,0,3
608,35,Tier3,Startup,60671,16020,0,14,4,2,0.10462412202485309,0.06209246816282737,Card,0.26404707356067975,0,1
609,35,Tier1,Startup,47336,19602,3,7,14,2,0.236587332732228,0.43928613500518965,UPI,0.4141034307926314,0,2
610,33,Tier1,MNC,64331,25572,3,7,12,2,0.486303711979081,0.03431422678903904,NetBanking,0.39750664531874214,0,3
611,30,Tier2,Gig,83552,37334,2,14,1,2,0.3977898718683894,0.090063040366334,Card,0.4468355036384527,0,1
612,39,Tier2,Gig,71752,17962,2,12,0,3,0.3635214782331419,0.11123507556502873,NetBanking,0.2503344854498829,0,3
613,36,Tier1,Gig,74090,20259,3,8,8,1,0.3176115374325988,0.08756140107986808,UPI,0.2734377108921582,0,4
614,33,Tier3,MNC,67764,15055,2,18,12,4,0.03956625378617031,0.1053893632480763,Wallet,0.22216811286228677,0,2
615,54,Tier2,MNC,69623,21059,2,10,13,2,0.1540680511161653,0.047175723317150434,UPI,0.3024718842911107,0,1
616,47,Tier2,MNC,48213,11835,3,7,0,4,0.3541344059914305,0.22299483321152913,Card,0.24547321261900318,0,3
617,25,Tier2,SME,91266,29678,3,10,8,2,0.11714708811545627,0.040796220129046934,Card,0.3251813380667499,0,2
618,26,Tier3,Startup,59891,17212,3,15,0,0,0.2579171903057339,0.09820399047968868,Card,0.2873887562405036,0,3
619,30,Tier1,SME,51213,10532,1,20,10,2,0.28405897957615456,0.04331097348413412,Card,0.2056509089488997,0,1
620,45,Tier2,SME,74977,34537,3,20,5,1,0.21675578597526915,0.17878324155434855,Wallet,0.4606345946090134,1,107
621,28,Tier3,MNC,80402,34751,1,22,11,1,0.18648305647435354,0.02397550225132561,Card,0.43221561652695206,1,38
622,28,Tier1,SME,26870,7047,2,16,16,1,0.2662975933169797,0.023549108975003157,UPI,0.2622627465574991,0,3
623,54,Tier2,SME,42225,19029,2,10,1,3,0.36154425426428544,0.20296105659633176,UPI,0.45065719360568385,1,111
624,52,Tier3,SME,62572,27298,2,22,6,2,0.11525452303435683,0.0353938748109378,Wallet,0.4362654222335869,1,37
625,44,Tier1,Gig,36600,13164,2,21,10,1,0.21310551632701452,0.014997711898617353,UPI,0.359672131147541,0,0
626,34,Tier3,MNC,62004,25432,2,8,5,1,0.3572147387538537,0.19140251646211412,UPI,0.41016708599445195,0,2
627,42,Tier1,Gig,54705,11221,1,19,7,4,0.13568120447985538,0.2342418965442402,Card,0.20511836212412027,0,3
628,32,Tier2,Gig,66086,32053,0,8,17,0,0.210208044191552,0.17162754857713086,UPI,0.4850195200193687,0,0
629,21,Tier1,Startup,23708,7638,2,11,1,4,0.1208547119948774,0.036086548120686394,UPI,0.32216973173612284,0,3
630,51,Tier1,MNC,80771,40022,2,14,9,1,0.35990108284875494,0.07955392180176186,UPI,0.49549962238922385,1,50
631,54,Tier2,MNC,78619,28333,2,23,17,2,0.153216369584421,0.013889249496241313,UPI,0.36038362227960163,0,0
632,22,Tier1,MNC,60721,28208,2,6,2,4,0.6068933743989674,0.05026204352667297,Card,0.46455097906819715,0,0
633,40,Tier2,Startup,59454,11615,2,6,14,1,0.04826599019362012,0.1042901795189982,UPI,0.1953611195209742,0,0
634,54,Tier1,MNC,70613,14253,1,19,11,4,0.11434155221465131,0.07029956940689018,Card,0.2018466854545197,0,0
635,48,Tier1,MNC,68923,13178,2,18,6,1,0.2554211927536949,0.09952236679356677,UPI,0.1911988741058863,0,0
636,52,Tier2,SME,52404,15492,1,23,4,4,0.18557776185257166,0.10926635102537045,UPI,0.295626288069613,0,2
637,48,Tier2,Startup,61033,17724,1,7,1,0,0.14729405426918238,0.009328001517073407,UPI,0.29040027526092443,0,0
638,43,Tier2,Startup,57388,23312,1,7,1,1,0.3427275583431595,0.0268698856788289,NetBanking,0.40621732766432006,0,3
639,38,Tier3,Startup,42371,12503,1,13,11,2,0.4196738431546367,0.03724606920262128,UPI,0.2950839017252366,0,4
640,40,Tier2,MNC,87325,31015,2,23,6,0,0.11909262368411247,0.025869572745783272,UPI,0.3551674778127684,0,1
641,21,Tier3,SME,68444,10305,1,18,9,5,0.11542745632671553,0.26090309573788406,Card,0.15056104260417275,0,2
642,38,Tier2,Startup,67414,24582,1,9,16,4,0.014858413844338076,0.21243469801964965,UPI,0.36464235915388493,0,1
643,22,Tier2,Startup,41484,6264,1,10,0,1,0.22096568052263457,0.12045308318750528,UPI,0.15099797512293897,0,3
644,23,Tier3,Startup,45626,10417,2,19,8,2,0.18792280179430543,0.13697852696173693,UPI,0.22831280410292376,0,4
645,49,Tier1,Gig,41639,17891,3,13,4,2,0.0955509434689435,0.2994146136317846,NetBanking,0.42966930041547585,0,4
646,24,Tier1,SME,71078,23278,2,9,5,0,0.22638410069442153,0.08908914468888986,UPI,0.3274993668927094,0,1
647,40,Tier1,Startup,66650,26904,2,23,1,4,0.1401537612688849,0.3096903229931241,NetBanking,0.4036609152288072,0,2
648,44,Tier2,SME,15146,3377,1,23,9,2,0.22771942367766593,0.05262170795566926,UPI,0.22296315858972665,0,0
649,21,Tier1,MNC,69676,29786,1,11,5,2,0.2877650511051215,0.14423978897500214,UPI,0.42749296744933696,0,0
650,53,Tier1,MNC,55525,10607,2,17,2,2,0.20525105574947825,0.24558446663203062,UPI,0.1910310670868978,0,3
651,35,Tier2,MNC,100350,44251,1,10,15,5,0.19890373028498037,0.3513346444159635,Card,0.4409666168410563,0,0
652,38,Tier3,MNC,55800,10760,3,8,9,6,0.1975810831219168,0.10096367242070034,UPI,0.192831541218638,0,2
653,53,Tier1,Startup,58081,24669,3,18,2,1,0.05673860951910812,0.0297093906073718,UPI,0.4247344226166905,0,4
654,21,Tier2,MNC,55071,22148,2,21,17,1,0.10583429479928574,0.030867238911995526,UPI,0.40217174193314087,0,0
655,25,Tier3,Startup,73610,18936,1,13,11,2,0.39613070250707705,0.06319557138390025,NetBanking,0.25724765656840104,1,92
656,49,Tier2,SME,86553,23870,0,11,6,1,0.06157430034316266,0.20657946810111502,UPI,0.27578477926819406,0,6
657,31,Tier1,Gig,45744,20731,3,15,8,2,0.23752664277529914,0.08975907322773169,UPI,0.4531960475690801,1,54
658,49,Tier2,SME,60557,15135,2,8,16,3,0.06582204135255422,0.007045118249659896,UPI,0.24992981818782303,0,2
659,52,Tier1,SME,74658,35136,0,9,9,2,0.5476044591302299,0.07192905645393613,UPI,0.4706260548099333,0,3
660,32,Tier1,Gig,52102,10969,2,7,5,1,0.44225736761732026,0.04535343160999515,UPI,0.21052934628229242,0,2
661,21,Tier2,SME,70281,30315,2,10,12,2,0.05603603615908794,0.1846966646006692,Card,0.43133990694497804,0,2
662,44,Tier3,Gig,57547,21410,3,8,16,2,0.31605362006051263,0.02455175870538447,UPI,0.37204372078474984,0,3
663,48,Tier1,Gig,71979,13988,2,7,3,1,0.25373900477321015,0.015135547675286923,Card,0.19433445866155408,0,2
664,25,Tier1,Gig,59873,29608,1,21,3,3,0.19179733577573718,0.11832206328588551,UPI,0.49451338666844824,0,1
665,29,Tier1,MNC,45591,13350,3,17,5,5,0.05840395855717289,0.0042277541795110955,UPI,0.2928209515035862,0,0
666,26,Tier2,MNC,47542,9164,1,13,3,3,0.3068910402454265,0.006184922509931686,UPI,0.1927558790122418,0,3
667,41,Tier2,SME,53905,20850,2,20,9,1,0.13724924059848662,0.15911490152867566,Card,0.38679157777571654,0,5
668,45,Tier1,MNC,84784,28719,2,8,1,6,0.37416654499491825,0.07910402423363151,UPI,0.3387313644083789,0,4
669,22,Tier2,MNC,46460,10246,1,10,5,2,0.2433213108997072,0.04020815290539548,NetBanking,0.22053379250968574,0,2
670,38,Tier1,MNC,61558,19190,1,20,2,1,0.5035680284418774,0.14413185220603306,NetBanking,0.3117385230189415,1,93
671,45,Tier2,Startup,95796,21253,2,9,10,5,0.19129043514143282,0.026854225577665473,UPI,0.22185686249947806,0,3
672,41,Tier2,SME,49023,15789,3,7,16,0,0.1760035447541361,0.46871081324282093,Card,0.3220733125267731,0,1
673,54,Tier2,Gig,51928,12666,2,20,13,2,0.5989842558713935,0.11487439331588865,UPI,0.24391465105530735,0,0
674,38,Tier3,MNC,68112,22259,2,22,12,1,0.08891975996286484,0.00023045447207835143,NetBanking,0.32679997650927883,0,2
675,52,Tier3,SME,31214,7684,0,20,9,4,0.4626737640787152,0.19565830543127652,NetBanking,0.24617158967130134,0,1
676,52,Tier2,MNC,67534,29789,0,9,6,3,0.18330843155267937,0.2758569120807533,NetBanking,0.4410963366600527,0,2
677,27,Tier2,SME,74106,30750,2,22,0,1,0.11723609970129321,0.0020220109004179835,Card,0.4149461582058133,0,3
678,47,Tier1,MNC,49362,18580,2,11,6,5,0.44846917114075313,0.10785917854072657,Card,0.3764029010169766,0,4
679,42,Tier3,Gig,53242,9323,2,14,3,2,0.11450166527441653,0.2201492772277578,UPI,0.17510611922917996,0,3
680,51,Tier2,SME,68161,11852,0,14,16,4,0.24203331461850272,0.007140449158329214,UPI,0.17388242543389915,0,1
681,29,Tier1,Gig,88705,28075,3,23,0,2,0.3807277107874954,0.05144342461103692,UPI,0.31649850628487686,1,105
682,30,Tier1,MNC,80851,38876,2,9,0,2,0.34226433430042763,0.15911470051946636,UPI,0.48083511644877613,1,93
683,34,Tier1,SME,82859,19010,2,9,6,1,0.10898974436007565,0.1394393836031278,NetBanking,0.22942589217827877,1,46
684,54,Tier1,MNC,74470,32265,3,12,10,2,0.11941937736993204,0.004850326785200199,UPI,0.4332617161272996,0,2
685,54,Tier3,SME,21563,4570,3,8,16,0,0.4121951039145488,0.0873161466706853,UPI,0.21193711450169272,1,77
686,48,Tier2,MNC,69519,27348,1,11,11,3,0.32102286176802186,0.16733639530202984,UPI,0.39338885772234927,0,3
687,22,Tier2,MNC,29810,5579,2,13,0,5,0.10949791839938292,0.32615140846657675,NetBanking,0.1871519624287152,0,2
688,24,Tier1,Startup,72706,29252,3,18,4,2,0.053653577939574065,0.1205724196023959,Card,0.40233268230957553,0,4
689,44,Tier1,SME,27466,9511,1,15,11,1,0.2559729011498868,0.04610857549431116,UPI,0.34628267676399915,0,1
690,23,Tier3,Gig,60887,12320,3,15,9,2,0.35894426294495735,0.1493518080289521,NetBanking,0.20234204345755252,1,84
691,53,Tier1,MNC,61799,17041,1,6,10,0,0.11783452912516416,0.06632287330826872,Card,0.27574879852424794,0,1
692,27,Tier3,MNC,70438,16774,1,7,10,2,0.6607880624705691,0.146551250684429,UPI,0.23813850478434936,1,108
693,53,Tier2,Gig,77460,24014,1,7,10,4,0.2021390823216994,0.14242197543700888,UPI,0.3100180738445649,0,2
694,32,Tier1,Gig,87912,22446,2,22,4,2,0.16406957837904132,0.12009669802528457,Wallet,0.25532350532350534,0,2
695,29,Tier3,Gig,45694,9132,2,8,8,1,0.32891431349892764,0.30905854624251683,Card,0.19985118396288354,0,3
696,28,Tier2,Startup,102549,41511,3,7,5,4,0.22182978311632529,0.17156274443972358,UPI,0.4047918556007372,0,5
697,47,Tier1,SME,80815,35489,1,22,5,0,0.1521856585569947,0.1026962469797757,Card,0.4391387737424983,0,1
698,22,Tier1,MNC,64715,29441,1,12,1,0,0.17203027027767295,0.028788185620363532,UPI,0.45493316850807386,0,1
699,41,Tier1,SME,56122,24781,2,10,3,1,0.2815751591732016,0.14973175297846422,UPI,0.4415558960835323,1,58
700,36,Tier3,MNC,66949,24550,0,22,9,1,0.3255528401503779,0.051346780967902954,Card,0.36669703804388415,0,2
701,39,Tier1,SME,50892,17500,2,10,17,2,0.581443593545574,0.1105952031823302,Card,0.34386544054075296,0,2
702,29,Tier1,MNC,41097,16578,2,16,9,1,0.47226704039281875,0.20944684119435514,UPI,0.4033871085480692,0,3
703,23,Tier2,SME,57126,16441,2,11,7,3,0.5516951944978845,0.013091679189176164,UPI,0.287802401708504,0,1
704,36,Tier1,MNC,34085,7777,2,17,15,2,0.43689284366714987,0.045179980394305964,NetBanking,0.2281648819128649,0,2
705,31,Tier1,SME,58895,11065,2,17,1,4,0.023894628351985463,0.14612040937178652,Card,0.1878767297733254,0,0
706,47,Tier2,MNC,76733,24477,1,20,5,1,0.39227996984573277,0.10376600744916194,Wallet,0.3189892223684725,0,0
707,32,Tier1,SME,99785,28095,1,20,17,1,0.3998757452296294,0.027663322646082213,UPI,0.2815553439895776,0,2
708,31,Tier1,MNC,93756,27017,2,20,1,3,0.09189348568239909,0.08987488649839502,Wallet,0.2881628909083152,0,4
709,34,Tier1,Startup,73639,20239,2,17,10,2,0.11803540242037189,0.013699976249506226,NetBanking,0.2748407773055039,0,1
710,22,Tier1,Startup,50786,11404,3,14,13,1,0.3961794043518489,0.1726332535457481,UPI,0.22455007285472375,0,1
711,37,Tier2,MNC,70638,34117,3,18,6,1,0.24295502960212798,0.15618791607362018,Card,0.48298366318412184,1,94
712,49,Tier2,SME,47942,14406,2,8,2,2,0.005056574037735778,0.11528680237348016,UPI,0.30048808977514496,1,91
713,38,Tier2,MNC,61316,17347,3,17,7,0,0.1886780421986444,0.15641953954406218,NetBanking,0.28291147498206015,0,2
714,37,Tier1,Startup,51024,8399,2,8,1,2,0.33115417218468607,0.041216327996019035,UPI,0.1646088115396676,1,108
715,37,Tier1,MNC,44827,18419,1,16,12,0,0.28667714600212235,0.09255383945093282,UPI,0.4108907578022174,0,1
716,29,Tier1,SME,66884,26386,1,17,9,2,0.15842478175446523,0.00190900227252439,Card,0.39450391722983075,0,4
717,24,Tier3,SME,31479,6124,2,9,14,5,0.21727011515330938,0.14051725551943745,NetBanking,0.19454239334159282,1,99
718,52,Tier1,SME,68972,32016,1,9,1,0,0.2840217578287737,0.06299809804290112,NetBanking,0.4641883662935684,0,3
719,47,Tier2,Gig,20204,9302,1,17,12,0,0.5231535546834479,0.010277304520528828,Wallet,0.46040388041971886,1,59
720,45,Tier3,MNC,92658,20160,1,12,1,4,0.1428804777643471,0.033933538586664806,UPI,0.21757430551058732,0,4
721,22,Tier3,Gig,46936,9030,3,14,14,5,0.4584321809986414,0.10013766171526649,NetBanking,0.19238963695244587,0,1
722,35,Tier1,MNC,12000,4103,2,11,8,2,0.13773417778881406,0.27406354246686454,UPI,0.34191666666666665,0,1
723,21,Tier2,Startup,60224,16270,0,12,17,1,0.5498014490879001,0.0557834833843006,Card,0.2701580765143464,0,0
724,32,Tier2,MNC,67286,26499,3,6,8,2,0.2603684474266123,0.009398715844690845,Card,0.3938263531789674,0,4
725,24,Tier1,Gig,56763,11118,2,10,3,2,0.29270364704841884,0.0794303108858856,UPI,0.1958670260557053,0,0
726,23,Tier3,Startup,50077,22523,0,13,10,3,0.43771718346057975,0.14266584097382212,UPI,0.44976735826826686,1,42
727,36,Tier3,MNC,58507,11325,2,21,4,2,0.07696399648600623,0.1374084396864255,UPI,0.19356658177653957,0,0
728,30,Tier2,Gig,54312,23297,2,6,15,0,0.2418539146610979,0.031007723884360072,UPI,0.428947562233024,0,1
729,54,Tier1,MNC,50839,23988,2,11,0,3,0.24431403648307273,0.18815701662010145,UPI,0.4718424831330278,0,2
730,45,Tier3,Gig,59333,28095,2,9,2,1,0.25667306766601666,0.1100799688411872,Wallet,0.47351389614548395,1,81
731,33,Tier2,MNC,52252,21758,3,8,9,1,0.5557077858084515,0.06632825579139942,UPI,0.41640511367985916,0,2
732,23,Tier1,Startup,69909,14440,1,21,6,3,0.356518329458873,0.04801511122269032,UPI,0.2065542347909425,0,1
733,42,Tier1,Startup,61172,15247,2,18,16,5,0.5048251839834945,0.05837857112614828,Card,0.24924802197083634,0,1
734,33,Tier2,Startup,95555,36317,2,22,2,3,0.476452472378895,0.2332053045407909,UPI,0.38006383758045104,0,1
735,33,Tier1,MNC,65867,15024,2,8,15,2,0.07489765505881579,0.3649950295939671,UPI,0.22809601165986002,0,3
736,41,Tier1,Startup,37019,17735,2,17,1,1,0.5884803231441644,0.0009069459439742712,UPI,0.47907831113752397,0,1
737,34,Tier3,Startup,50473,12631,2,9,4,3,0.26999667059537824,0.1529108443372392,Card,0.2502526103065005,1,63
738,46,Tier2,Startup,45200,15497,2,11,15,0,0.30972894037218357,0.05476796327455342,NetBanking,0.34285398230088493,0,1
739,50,Tier3,Gig,75593,15161,2,17,4,3,0.30019248288395234,0.13932230473998128,UPI,0.20056089849589248,0,2
740,46,Tier1,Startup,68636,18994,2,21,9,6,0.35899331375183313,0.007557469897348587,UPI,0.27673524098140917,0,2
741,54,Tier1,MNC,51485,14154,2,11,10,3,0.16389396856135083,0.008323453830739952,UPI,0.2749150237933379,0,0
742,30,Tier1,SME,44005,8050,2,18,1,4,0.13958663168766322,0.06051585229452626,Card,0.1829337575275537,0,1
743,31,Tier3,Startup,40900,15573,0,22,0,1,0.3062595463246978,0.001713572452406452,UPI,0.3807579462102689,0,3
744,32,Tier3,MNC,68261,14071,2,12,3,5,0.07845433142879923,0.03991499457091104,UPI,0.2061352749007486,1,71
745,27,Tier2,Startup,34236,10303,3,21,8,1,0.24001514728905543,0.09346886618809311,UPI,0.30094053043579855,0,0
746,26,Tier1,MNC,69926,29429,2,20,14,3,0.21172823012920358,0.1392162162253606,UPI,0.4208591940050911,0,1
747,27,Tier2,SME,49726,7525,1,13,7,0,0.5106657353870279,0.056687628117544374,UPI,0.15132928447894461,0,2
748,45,Tier1,Gig,88217,28331,0,16,17,2,0.327191706673197,0.03475834473798981,UPI,0.32115125202625344,1,33
749,38,Tier3,Startup,46164,22713,1,17,7,0,0.18299073393893422,0.02622153041001095,UPI,0.4920067585131271,0,1
750,30,Tier3,Gig,77326,32286,0,6,15,4,0.19102906311147494,0.06836599850392389,UPI,0.4175309727646587,0,4
751,43,Tier2,MNC,38140,11540,1,23,10,2,0.16806897254952521,0.15049581380794472,UPI,0.3025694808599895,0,1
752,37,Tier1,MNC,31511,14857,3,22,7,0,0.14859090589296764,0.04114537735705981,Card,0.4714861476944559,0,3
753,21,Tier1,MNC,90800,31115,2,17,6,0,0.3956125119463356,0.0510177609193875,Card,0.3426762114537445,0,2
754,51,Tier1,Gig,39663,9507,1,16,2,3,0.18591843073343683,0.09483908109939371,UPI,0.2396944255351335,0,1
755,33,Tier3,SME,84525,25298,2,22,5,1,0.052863221526596275,0.010568558475923036,UPI,0.299296066252588,0,3
756,21,Tier3,MNC,56041,15461,2,13,15,0,0.3149335692181737,0.14201679997341762,UPI,0.27588729680055674,0,1
757,27,Tier1,Gig,52751,21866,3,20,6,2,0.26720770277133893,0.10728574631656705,Card,0.41451346893897745,1,116
758,50,Tier2,Gig,46193,11638,0,17,8,6,0.04729255241792715,0.08614135252180026,UPI,0.2519429350767432,0,1
759,42,Tier1,MNC,80424,21879,3,12,15,0,0.1526816693469878,0.16237711431879503,UPI,0.27204565801253355,0,2
760,46,Tier3,Startup,52280,18059,1,8,9,0,0.4539290350700492,0.10370345159322046,Card,0.3454284621270084,1,52
761,32,Tier1,Startup,98321,29949,1,9,1,3,0.4167222644417651,0.14368971185072796,Card,0.3046043063028244,0,1
762,42,Tier1,MNC,63665,29733,2,19,16,2,0.36950130813734955,0.07525614404934322,NetBanking,0.467022696929239,1,88
763,31,Tier2,MNC,65623,17066,0,19,11,2,0.23373295353168155,0.11762813120116211,NetBanking,0.2600612590097984,1,70
764,34,Tier1,MNC,71880,35212,1,19,0,4,0.460349494040312,0.22277792617910913,Card,0.48987200890372845,1,48
765,26,Tier1,SME,37747,16528,2,16,16,1,0.17124448023052152,0.291838401198477,NetBanking,0.4378626115982727,0,0
766,42,Tier3,SME,58056,18250,1,12,12,2,0.526252001269526,0.10574403626482495,Card,0.3143516604657572,1,90
767,41,Tier3,MNC,79452,13083,2,11,10,1,0.07188362151644859,0.061155138560392064,UPI,0.1646654583899713,1,60
768,53,Tier1,MNC,33396,12681,1,10,5,0,0.17868953100551202,0.2177641919112992,UPI,0.3797161336687028,0,1
769,43,Tier3,Startup,50052,11340,2,16,4,3,0.2612957329450925,0.32030521347507956,Card,0.2265643730520259,1,37
770,24,Tier1,SME,50111,21751,2,20,5,2,0.0900249303863179,0.04454166499605963,Card,0.43405639480353614,0,1
771,30,Tier1,SME,61362,25089,2,20,6,4,0.10743917680265641,0.17453611429808719,Card,0.4088686809426029,0,1
772,23,Tier1,SME,66959,15040,0,16,4,2,0.09555592997059555,0.13369703932925361,UPI,0.22461506294896877,1,79
773,30,Tier1,MNC,77927,22807,2,22,9,3,0.1412716007336954,0.044868062866060765,Card,0.2926713462599612,0,2
774,32,Tier2,Startup,80920,14188,1,19,7,6,0.22959123409669122,0.138390360707525,UPI,0.17533366287691549,1,49
775,53,Tier2,Gig,78955,18071,2,9,10,0,0.37953920651701595,0.27754712104422347,UPI,0.22887720853650814,1,111
776,24,Tier1,Startup,81300,27327,1,22,2,3,0.36981000891984145,0.3141996745352441,UPI,0.33612546125461257,1,46
777,38,Tier1,SME,59931,11586,2,6,14,2,0.5076852096004616,0.09914185183169177,UPI,0.1933223206687691,0,0
778,52,Tier3,SME,72860,26144,0,7,13,1,0.3018935005367931,0.08834408782957621,NetBanking,0.3588251441119956,0,2
779,31,Tier1,Startup,69714,29206,1,21,12,3,0.40464534361411625,0.10929115024371935,NetBanking,0.41894024155836707,0,2
780,47,Tier2,SME,74295,15918,3,15,3,2,0.011650287112377424,0.39801751436667226,UPI,0.21425398748233393,0,4
781,32,Tier1,SME,50874,8340,0,7,12,1,0.2496812633422392,0.10479977835095627,UPI,0.16393442622950818,0,4
782,26,Tier1,MNC,63669,26217,3,15,11,4,0.23730376536926692,0.01279224136197312,UPI,0.4117702492578806,0,1
783,40,Tier3,Startup,65954,27889,1,12,13,4,0.4871354153871976,0.1545985353699038,UPI,0.4228553234072232,0,0
784,33,Tier1,SME,83016,39758,2,9,16,1,0.39619861159873354,0.010190165182942907,NetBanking,0.47891972631781826,0,0
785,21,Tier1,Startup,91168,22835,2,11,5,2,0.20390836719461153,0.07146637985031798,Card,0.2504716567216567,0,0
786,35,Tier2,SME,80367,27003,2,10,17,5,0.05568957592763024,0.11059061591579958,Card,0.3359961178095487,0,4
787,34,Tier1,Startup,82814,28052,1,13,10,0,0.08818489751031156,0.02659129860588454,UPI,0.3387349964981766,0,2
788,53,Tier2,Startup,79241,24497,1,12,0,1,0.09711316616470786,0.019176638809586068,UPI,0.3091455181030022,0,2
789,50,Tier2,Gig,80556,29196,1,14,7,1,0.3436096476361866,0.4023850825517901,UPI,0.36243110382839266,1,76
790,32,Tier2,MNC,52922,10040,1,10,8,3,0.20849374576763474,0.058645647748381005,NetBanking,0.18971316276784703,0,2
791,46,Tier1,MNC,70990,20879,3,10,9,2,0.120559841866145,0.029103766164991357,NetBanking,0.29411184673897733,0,3
792,37,Tier2,MNC,54942,18262,1,16,13,3,0.3187229527250848,0.25340030449441975,UPI,0.3323868807105675,0,2
793,51,Tier1,Gig,53050,13256,3,13,17,1,0.24978581916792025,0.08765005012470861,Card,0.2498774740810556,1,73
794,38,Tier2,Startup,73371,14415,2,15,7,3,0.3518496190740666,0.19770304117670423,Card,0.19646726908451567,1,67
795,23,Tier1,MNC,52177,8394,1,15,2,2,0.18227937211770465,0.08824052784085487,Card,0.16087548153400924,0,2
796,47,Tier1,Gig,48269,10128,1,21,1,0,0.2763855039185168,0.02609307060774493,UPI,0.2098241107128799,0,0
797,43,Tier1,SME,48164,21064,0,9,14,0,0.2517914365939061,0.05825528241485488,UPI,0.43733909143758826,0,3
798,50,Tier2,Startup,65370,24991,2,17,4,3,0.3424886966937913,0.09472669010603757,UPI,0.38230074957931776,1,35
799,45,Tier2,Startup,49823,22259,1,16,12,1,0.40881989774110117,0.05500665102266291,NetBanking,0.4467615358368625,0,1
800,43,Tier2,Startup,67426,25638,2,21,1,2,0.3486870228994533,0.08062832384612288,UPI,0.3802390769139501,0,2
801,33,Tier2,SME,58519,20420,0,21,6,1,0.1462340518569489,0.006268448500197856,UPI,0.34894649600984295,0,3
802,33,Tier1,Gig,61195,24843,2,20,8,2,0.6478291916402903,0.024776792534187585,UPI,0.40596453958656753,1,112
803,33,Tier3,SME,47448,16783,0,19,14,4,0.28569032617138357,0.06971100051429494,NetBanking,0.35371353903220365,0,2
804,28,Tier3,SME,74263,31140,0,9,10,1,0.35670845408700474,0.029368900989857682,Card,0.41932052300607303,0,2
805,45,Tier2,MNC,85098,29755,3,12,5,2,0.13838323427291313,0.026992504033996893,NetBanking,0.34965569108557193,0,1
806,34,Tier1,SME,73603,24872,2,13,3,3,0.34077733962515777,0.2669905139154721,Wallet,0.33792100865453856,0,3
807,53,Tier1,MNC,60824,9666,3,23,10,2,0.24452931656821777,0.1573931378898455,Card,0.15891753255293964,0,5
808,40,Tier1,Startup,65977,16246,3,18,9,1,0.3749657141701502,0.023484180130402956,Wallet,0.24623732512845387,0,1
809,31,Tier2,MNC,63377,15789,3,9,6,1,0.27354574021768885,0.20844649302351959,UPI,0.24912823263960113,0,5
810,47,Tier1,Startup,58592,24957,1,21,4,2,0.15433386749373332,0.1114039562140167,Card,0.425945521572911,0,0
811,36,Tier2,Gig,66050,12097,0,13,10,4,0.12184843993902235,0.14938318120810481,NetBanking,0.18314912944738834,0,1
812,53,Tier1,Gig,73743,36002,2,12,10,2,0.06528256186041041,0.26284947670345127,UPI,0.48820905035054174,0,0
813,48,Tier2,MNC,83534,33771,1,6,12,2,0.3350605757072574,0.06333645212580348,UPI,0.404278497378313,1,99
814,50,Tier1,SME,66739,23809,2,15,14,5,0.3246566412001096,0.08259246154553003,UPI,0.35674792849758014,0,2
815,53,Tier2,MNC,34244,12880,2,23,10,4,0.1716437807545002,0.08488605701705014,UPI,0.3761242845461979,0,0
816,47,Tier1,MNC,54397,20918,1,15,12,3,0.033293000902487276,0.3035491349850218,UPI,0.38454326525359855,0,3
817,53,Tier2,SME,60113,9706,2,9,16,1,0.04731602418778696,0.11355832471664015,UPI,0.161462578809908,0,4
818,51,Tier3,SME,73889,11844,1,19,4,1,0.15027221052873532,0.05966702012966828,UPI,0.16029449579775068,0,2
819,26,Tier2,SME,59351,29551,3,20,9,4,0.14175076376406243,0.10796109821806564,UPI,0.4979023099863524,1,74
820,44,Tier1,Startup,83641,33187,2,17,3,3,0.16860879230517345,0.28503712702212647,NetBanking,0.39677909159383556,0,3
821,39,Tier3,MNC,66681,24109,1,21,15,2,0.14838561502957298,0.11116659309426834,UPI,0.3615572651879846,1,35
822,53,Tier2,SME,54448,19785,2,21,17,3,0.5234269770166635,0.2211066750538391,UPI,0.3633742286218043,1,56
823,46,Tier2,Startup,79961,35385,2,17,14,2,0.1267607931105417,0.17529698128300078,UPI,0.4425282325133503,0,5
824,38,Tier1,MNC,44659,15652,0,22,15,4,0.16173820080467666,0.05859352623603395,UPI,0.35047806713092544,0,0
825,42,Tier2,Startup,81684,39525,2,16,14,1,0.4163206062464027,0.09267312317079851,Card,0.4838768914352872,0,3
826,24,Tier3,MNC,58206,9440,2,15,4,1,0.16050149249290843,0.1500725186284948,NetBanking,0.16218259285984263,0,6
827,33,Tier2,SME,47327,18377,3,6,16,3,0.22458990002357537,0.005364982433435725,NetBanking,0.38829843429754685,0,2
828,45,Tier1,Gig,44783,20733,2,23,4,3,0.15935419886795424,0.1374882615854984,UPI,0.46296585757988523,1,61
829,35,Tier2,SME,102485,19512,2,17,10,3,0.13213154166398966,0.04305132768161943,Card,0.19038883739083767,0,1
830,53,Tier2,MNC,51629,12435,2,7,10,2,0.38065362042538226,0.1432594096151437,Card,0.24085300896782816,0,1
831,43,Tier2,MNC,70551,23673,3,6,17,2,0.1830508528434652,0.11660460491607479,NetBanking,0.33554449972360423,0,0
832,22,Tier1,MNC,41920,6411,0,20,1,4,0.47051545759670743,0.14880186714651492,Wallet,0.15293416030534351,0,0
833,26,Tier3,MNC,56939,20701,2,16,9,2,0.06912633989890916,0.07344992810727914,Wallet,0.36356451641230086,0,3
834,42,Tier2,MNC,54148,21217,2,7,10,0,0.237161130705446,0.16819760968553987,UPI,0.39183349338849083,0,1
835,48,Tier1,SME,47625,23568,2,16,15,2,0.40727578983447205,0.013315574302405141,UPI,0.49486614173228344,0,1
836,31,Tier1,Gig,42371,13194,0,12,16,4,0.0666083067783203,0.007004081622811161,UPI,0.3113922258148262,0,1
837,34,Tier2,SME,71360,21783,1,19,16,1,0.4942887837345293,0.033681740977420146,UPI,0.30525504484304933,0,0
838,34,Tier1,Startup,38732,11511,1,9,1,2,0.26537882075859637,0.4398128560425785,UPI,0.2971961169059176,1,36
839,29,Tier1,MNC,94539,25076,2,22,13,2,0.11503318312445943,0.1141013122189043,UPI,0.2652450311511651,0,4
840,52,Tier1,Gig,48805,23699,2,21,7,4,0.14757661319185564,0.04407708341841379,UPI,0.48558549328962197,0,4
841,38,Tier2,MNC,104746,17321,1,21,3,1,0.26944479644057506,0.11196005153243378,UPI,0.16536192312832948,0,1
842,32,Tier2,SME,48173,15774,0,12,15,1,0.4513382522302511,0.023407763432652252,UPI,0.3274448342432483,0,2
843,52,Tier2,SME,52958,20647,2,18,16,0,0.3018535169069225,0.14981185880956158,Card,0.38987499527927794,0,3
844,42,Tier1,MNC,52086,12233,1,15,10,2,0.3965178411322799,0.17930624635981932,Card,0.23486157508735553,0,3
845,21,Tier2,MNC,35147,15199,1,8,14,1,0.12738757301013515,0.1381445563890955,Card,0.4324408911144621,0,3
846,35,Tier1,Startup,68471,29325,3,7,1,2,0.1988911464147742,0.2708406174467107,NetBanking,0.428283506886127,0,3
847,44,Tier1,MNC,68374,33061,0,14,2,4,0.3390664238789937,0.24888443205851868,UPI,0.483531751835493,1,41
848,52,Tier2,MNC,78803,25081,1,14,5,3,0.215665726732044,0.040004539679203706,Card,0.3182746849739223,1,101
849,38,Tier2,MNC,77179,24165,0,15,7,2,0.36916905111025006,0.1556386055265148,Wallet,0.3131033053032561,0,3
850,33,Tier3,SME,53404,9249,2,14,8,4,0.22894920068299082,0.2805509953723402,UPI,0.17318927421166955,0,1
851,32,Tier3,MNC,79746,24002,1,6,10,4,0.1893924788222735,0.007754918322202451,UPI,0.30098061344769644,0,4
852,24,Tier2,Startup,94505,33236,1,14,13,1,0.5372919460675625,0.11005118100587473,Wallet,0.35168509602666526,0,2
853,24,Tier1,MNC,58042,17483,0,16,3,0,0.0711433179463987,0.055791738926284,UPI,0.3012129147858447,0,2
854,35,Tier2,Gig,77729,33185,2,21,12,3,0.2647917649570259,0.10034979061766343,Wallet,0.42693203308932315,0,1
855,47,Tier2,Startup,12000,2064,2,10,0,3,0.26334126692987325,0.16841247870332932,Card,0.172,0,1
856,34,Tier2,MNC,33234,13903,1,21,17,1,0.031168773147594732,0.1605662471483997,Card,0.41833664319672625,0,2
857,25,Tier1,SME,45814,20446,1,12,6,2,0.2849344179065117,0.0192718873510417,UPI,0.4462827956519841,1,77
858,51,Tier1,Gig,41478,17464,0,9,4,2,0.10163323924418027,0.11381768617188232,UPI,0.4210424803510295,0,1
859,48,Tier1,MNC,60751,28737,1,13,6,4,0.5922542186704086,0.13949985021242642,Card,0.4730292505473161,1,115
860,32,Tier3,Startup,37397,18345,2,12,6,3,0.0847092666573013,0.12082293649761021,UPI,0.49054737010990185,1,56
861,32,Tier1,Startup,63412,15051,1,8,17,1,0.35442277182858595,0.22733283923349615,Card,0.23735255156752666,0,3
862,30,Tier1,Gig,66972,23415,0,13,7,2,0.49904141107528016,0.04829802774632929,Card,0.3496237233470704,0,2
863,25,Tier3,MNC,38722,7962,3,7,14,2,0.2795820294784272,0.0908293676182386,Card,0.20561954444501834,0,3
864,34,Tier2,SME,63550,17680,1,20,13,4,0.20770144241828903,0.02353681653898278,UPI,0.27820613690007867,0,5
865,37,Tier2,MNC,58986,13579,3,11,8,2,0.41753032884457986,0.09332681518770511,UPI,0.23020716780252942,0,1
866,44,Tier2,SME,62665,10832,2,11,9,1,0.3873042151883112,0.24431785084590835,UPI,0.17285566105481528,0,5
867,27,Tier2,SME,69593,31740,2,8,7,4,0.06562828837393292,0.08774016828744087,UPI,0.45608035290905696,1,97
868,35,Tier3,MNC,85536,20908,3,16,14,3,0.3959409811845551,0.14859791768836844,UPI,0.2444350916573139,0,3
869,21,Tier3,MNC,25691,6126,3,7,7,0,0.20518753631243355,0.038464903201874526,UPI,0.23844926238760655,0,2
870,38,Tier3,SME,30773,14954,0,23,7,3,0.11073781409425934,0.14442151149439905,UPI,0.48594547167971924,1,33
871,35,Tier1,MNC,89351,15312,2,13,11,5,0.39239356285504795,0.0361857847799221,Card,0.17136909491779612,0,4
872,45,Tier1,Gig,48837,23231,2,6,0,1,0.17415521886696667,0.173526326384506,UPI,0.47568441959989355,0,2
873,40,Tier2,Startup,47209,20872,2,15,14,2,0.4135258370932303,0.11223844887782713,Card,0.44211908746213646,0,0
874,21,Tier1,MNC,67709,28298,2,6,0,2,0.12210179840748248,0.015861487637503145,Card,0.41793557724970093,0,3
875,25,Tier3,MNC,33099,9891,0,20,0,1,0.1935921557324575,0.019650201750050274,UPI,0.2988307803861144,0,1
876,25,Tier1,MNC,31135,14999,2,22,4,2,0.37454136633235224,0.16824933659758473,Card,0.48174080616669346,0,3
877,49,Tier1,SME,74824,35442,2,17,14,2,0.0812420724432979,0.06197407166177315,Card,0.4736715492355394,0,0
878,45,Tier2,SME,46631,10867,1,15,6,3,0.28419089002606474,0.16894193546893183,UPI,0.23304239668889795,1,82
879,26,Tier1,MNC,18456,3424,1,13,17,2,0.06962266887473745,0.07992926865297373,Card,0.18552232336367577,0,2
880,51,Tier1,MNC,33317,10901,2,19,13,2,0.17454706689898894,0.16869032076322368,Card,0.3271903232583966,0,2
881,39,Tier1,Startup,69957,25062,2,22,1,2,0.4275126955077242,0.04493542449766603,UPI,0.35824863844933313,0,3
882,50,Tier1,MNC,45998,13443,1,18,13,0,0.5327966259050564,0.1234729593145442,UPI,0.2922518370363929,0,1
883,28,Tier1,Gig,39646,10966,2,13,12,3,0.43419407105472413,0.05127837165824653,Card,0.27659789133834434,0,1
884,45,Tier2,Startup,35213,6240,2,16,16,2,0.08737612908550645,0.06784576227061019,UPI,0.17720728140175504,0,0
885,42,Tier1,Startup,101467,34711,2,11,1,0,0.025002686159846785,0.09600338280524434,Card,0.34209151743916744,0,4
886,54,Tier2,Startup,44074,11237,1,21,6,2,0.21210297265666703,0.13299507038898012,UPI,0.25495757135726277,0,5
887,35,Tier2,SME,79540,16591,3,9,5,3,0.29600509714293866,0.019620751475087024,UPI,0.2085868745285391,0,1
888,49,Tier1,SME,77966,11871,2,7,17,0,0.3043379268248396,0.000981563425816415,UPI,0.15225867685914374,1,96
889,23,Tier1,MNC,38088,9149,2,13,14,2,0.07171704984996356,0.04753157276150706,UPI,0.2402068893089687,0,2
890,44,Tier3,MNC,76709,24567,0,19,15,2,0.03693008156371093,0.0837672878681246,Card,0.32026228995293904,0,2
891,40,Tier1,Gig,60429,12402,2,6,5,3,0.47513811564521136,0.12170383016309134,UPI,0.20523258700292907,0,4
892,42,Tier1,Gig,21426,4103,0,14,10,4,0.05030759090866233,0.06798643096336426,UPI,0.19149631289088023,0,0
893,47,Tier1,MNC,58033,27205,2,16,9,1,0.2597581745023401,0.11164692470073052,UPI,0.46878500163699965,0,1
894,50,Tier1,Gig,50639,21175,2,8,3,1,0.08917730173022151,0.1977155682109152,UPI,0.41815596674499894,0,1
895,23,Tier1,MNC,50562,11414,1,20,16,2,0.2737070916788221,0.00716090532115064,UPI,0.22574265258494522,0,3
896,50,Tier2,MNC,30884,5463,0,9,16,4,0.25335361240379967,0.017965945433000605,Card,0.1768877088460044,0,4
897,36,Tier3,SME,20164,5894,3,18,14,2,0.024928977151124344,0.20130547665755386,UPI,0.2923031144614164,1,52
898,30,Tier2,MNC,58209,26310,2,13,3,4,0.27628193072699164,0.053195273667639854,UPI,0.45199196000618463,0,1
899,23,Tier2,MNC,65898,14594,3,18,5,5,0.23397044770157135,0.06428547745020813,UPI,0.2214634738535312,0,1
900,50,Tier1,Startup,78557,17715,1,7,13,1,0.19846773040053103,0.21567734111954293,NetBanking,0.22550504729050244,0,1
901,45,Tier3,SME,65815,23225,2,7,14,2,0.18603726872358844,0.05078007936316527,UPI,0.3528830813644306,1,97
902,40,Tier2,SME,74177,18286,2,7,15,2,0.09904560281864033,0.05161564134320359,Wallet,0.24651846259622254,0,3
903,22,Tier1,MNC,85978,25576,3,16,17,3,0.2019099036718722,0.26689589325436675,UPI,0.29747144618390753,0,3
904,21,Tier2,Gig,57558,25575,3,10,12,2,0.2816985562462691,0.18398945572147551,UPI,0.4443344105076618,1,111
905,31,Tier3,Gig,65255,11197,1,7,9,0,0.1762260253173391,0.07786962081211118,NetBanking,0.17158838403187496,0,1
906,27,Tier1,MNC,78085,31105,2,16,4,3,0.3756496629417823,0.009889816360543008,UPI,0.3983479541525261,1,92
907,46,Tier1,MNC,61709,19901,1,11,11,4,0.10372305337802466,0.056204793502200784,UPI,0.32249752872352494,0,0
908,47,Tier2,MNC,47975,21521,3,19,12,0,0.2867414563157043,0.1517576462906032,UPI,0.448587806149036,0,1
909,27,Tier2,SME,98767,20923,2,21,13,4,0.29904929262611507,0.04038363801794717,NetBanking,0.21184201200805938,0,3
910,32,Tier1,SME,34723,7283,1,16,0,1,0.4178007538015685,0.07785398289197244,NetBanking,0.209745701696282,0,1
911,22,Tier2,Startup,107346,34180,0,12,0,1,0.39208151744570846,0.05135712744259582,UPI,0.31840962867736106,0,1
912,49,Tier2,Startup,69351,19963,2,6,15,1,0.1485539565762273,0.10721638250512708,Card,0.28785453706507474,0,3
913,22,Tier2,MNC,47039,9678,1,6,6,2,0.14975452710478096,0.09597037800180812,NetBanking,0.2057441697314994,0,2
914,41,Tier2,MNC,44468,17572,1,6,5,2,0.4995900447412734,0.27034142764846214,UPI,0.3951605649006027,0,2
915,41,Tier2,SME,59144,10277,1,7,6,0,0.20182900561404643,0.00770211111610158,NetBanking,0.17376234275666172,0,2
916,54,Tier3,Startup,57231,26532,2,16,10,0,0.12293720537317646,0.28611479653701677,Card,0.4635949048592546,1,58
917,36,Tier2,MNC,85043,22473,0,15,7,2,0.23572600424487428,0.110518296171254,Card,0.2642545535787778,0,1
918,46,Tier1,Startup,95065,40586,2,16,17,5,0.44815227048847844,0.05102479170165177,UPI,0.4269289433545469,1,51
919,30,Tier1,SME,74032,15252,3,6,4,1,0.3835374114929219,0.1977868138301715,Card,0.20601901880267992,0,4
920,24,Tier1,MNC,50185,21279,1,14,6,0,0.06387073557312609,0.05839764928754914,NetBanking,0.4240111587127628,0,1
921,49,Tier1,Gig,53736,24862,1,19,15,1,0.24840514880432324,0.13162398234602848,UPI,0.46266934643442015,1,90
922,49,Tier1,MNC,69448,15798,2,21,13,2,0.08849047030453301,0.126826843212877,UPI,0.227479553046884,0,1
923,52,Tier2,MNC,52723,19662,3,22,0,4,0.05528030092369694,0.17578191243934285,UPI,0.37293022020749955,0,0
924,43,Tier3,SME,57391,10273,2,10,14,0,0.23160424082030284,0.2627159949667285,UPI,0.17900019166768308,0,3
925,24,Tier3,SME,33088,8114,2,12,10,2,0.1347280582573906,0.04005687602791448,UPI,0.24522485493230173,0,1
926,28,Tier1,MNC,65112,14628,3,7,9,2,0.2656500055746655,0.020086795869127948,Card,0.22465904902322154,0,2
927,40,Tier1,SME,52850,23641,1,21,13,1,0.20963568963690268,0.3491581372259427,Card,0.4473226111636708,0,0
928,38,Tier2,Gig,38193,8376,2,19,6,5,0.17402504626540669,0.1729026095426199,UPI,0.21930720289058203,0,1
929,24,Tier2,Startup,73976,28424,2,15,8,3,0.24446519298870262,0.10674189075278806,UPI,0.3842327241267438,0,2
930,26,Tier2,MNC,78123,14702,1,18,1,0,0.22742173340680574,0.1219822831709624,UPI,0.18819041767469247,0,1
931,42,Tier3,Startup,38933,14524,2,22,1,1,0.058162978291046906,0.027356493464418312,UPI,0.3730511391364652,0,0
932,33,Tier1,MNC,41798,12902,2,23,7,3,0.21083419766466974,0.06386694095431174,UPI,0.3086750562227858,0,2
933,51,Tier3,SME,42460,12458,2,17,17,0,0.2922803715216327,0.03674914638905078,Card,0.29340555817239755,0,3
934,46,Tier2,SME,73863,13778,2,9,1,2,0.1471350986158529,0.12889046788628702,NetBanking,0.18653453014364432,0,2
935,36,Tier3,MNC,79248,20188,1,11,10,2,0.11806270877745947,0.09960313911259548,Card,0.2547445992327882,0,2
936,36,Tier2,Startup,51976,14253,1,12,2,3,0.23031828198078852,0.26297404859327134,UPI,0.27422271817762045,0,1
937,24,Tier2,Gig,62078,18970,1,8,9,3,0.09396541272164141,0.18949143797615467,UPI,0.3055832984310062,1,43
938,43,Tier1,SME,43641,8574,1,14,6,3,0.07159189044677328,0.31294150304759055,Card,0.196466625421049,0,1
939,48,Tier2,Gig,60973,12046,2,14,1,1,0.03853260568565333,0.20171826673898569,NetBanking,0.19756285569022355,0,1
940,51,Tier1,Gig,27666,12400,2,22,0,1,0.1790408689618115,0.02173711422479876,Card,0.44820357117038967,0,0
941,29,Tier1,Gig,49974,13664,1,23,1,2,0.1973877298437469,0.03406443311531737,UPI,0.27342217953335735,0,2
942,44,Tier1,MNC,65152,16435,2,19,3,2,0.10793756329305423,0.17432120592454975,UPI,0.2522562622789784,0,2
943,33,Tier2,MNC,50405,16249,0,8,13,0,0.21579124147615025,0.12094947723314582,UPI,0.3223688126177959,0,4
944,24,Tier3,MNC,70820,30045,2,15,10,3,0.27354334799461527,0.1652179176238634,UPI,0.42424456368257557,1,33
945,26,Tier2,Gig,77134,29737,1,22,7,1,0.49433441283645496,0.07169328415825665,Wallet,0.3855238934840667,0,1
946,35,Tier1,SME,76364,37376,3,21,12,0,0.18779940786662241,0.07719162798258611,UPI,0.4894452883557697,1,43
947,21,Tier2,Gig,40619,8154,1,17,6,0,0.23053619763054772,0.29829085771431046,UPI,0.20074349442379183,1,98
948,31,Tier1,SME,63649,14632,1,21,6,3,0.48081746324069286,0.10552810861176926,NetBanking,0.22988577982372072,0,3
949,37,Tier3,SME,50133,9723,1,12,14,3,0.2999351006520656,0.0543594160253002,NetBanking,0.1939441086709353,0,1
950,37,Tier2,MNC,40501,15535,3,21,9,1,0.5479390350435558,0.2695700133781147,UPI,0.3835707760302215,0,1
951,50,Tier2,Gig,75386,13086,1,14,6,4,0.4175995193888011,0.12195461302842572,Card,0.17358660759292177,1,59
952,51,Tier2,Startup,77706,26302,2,15,1,2,0.22438843667936342,0.08100233123305906,UPI,0.3384809409826783,0,2
953,34,Tier1,Startup,64637,18180,2,20,9,4,0.1735592598726418,0.2563338841447246,Card,0.2812630536689512,0,3
954,32,Tier3,MNC,32805,6750,3,14,9,6,0.35471352481839175,0.06683025184540009,NetBanking,0.205761316872428,0,3
955,54,Tier1,SME,95049,27560,2,14,7,0,0.09865233526814426,0.06171856698001332,UPI,0.2899557070563604,0,0
956,46,Tier2,SME,57540,10233,1,7,10,1,0.4718128026153741,0.10289379887948914,NetBanking,0.1778415015641293,0,5
957,26,Tier2,Startup,59219,12022,2,16,0,2,0.2139305425810698,0.01959447850479854,UPI,0.20300916935443017,0,4
958,36,Tier1,Gig,38088,7736,2,12,14,3,0.25580089449431487,0.002635510130858122,UPI,0.20310859063222012,0,2
959,40,Tier3,Gig,48386,9338,1,12,14,1,0.25483367354916225,0.007841598068158394,UPI,0.19298970776670937,0,2
960,49,Tier3,MNC,68624,22599,2,21,17,1,0.33617357545702437,0.3981734709235612,UPI,0.3293162741897878,0,1
961,38,Tier2,MNC,62172,19982,1,10,8,2,0.16362240803231912,0.06872698634692763,UPI,0.3213987003795921,0,3
962,29,Tier1,SME,75502,31099,1,16,5,4,0.36808554783426795,0.1521430141218943,Card,0.4118963736059972,0,2
963,53,Tier1,Startup,59710,17556,1,8,15,2,0.24405333258911419,0.1617336865681082,UPI,0.294021101992966,0,1
964,38,Tier3,MNC,52270,14334,2,14,13,0,0.03632195702336205,0.07482469133976076,NetBanking,0.27422995982399084,0,0
965,39,Tier1,SME,73231,21211,0,9,15,0,0.15339888952059644,0.2984394205157476,NetBanking,0.28964509565621116,0,2
966,42,Tier2,MNC,74454,34912,1,21,2,3,0.38370249254631883,0.05004405496799106,Card,0.4689069761194832,0,1
967,53,Tier1,Startup,71747,22329,3,15,12,1,0.3226609449302217,0.009225944055797814,Wallet,0.3112185875367611,0,2
968,33,Tier3,SME,12906,4425,1,23,11,6,0.08394720908907542,0.040647634390531324,Card,0.3428637842863784,0,1
969,50,Tier1,SME,67348,22095,0,6,7,1,0.2633549893031467,0.27493740007528006,UPI,0.32807210310625406,0,1
970,40,Tier1,SME,74385,32797,2,19,5,0,0.4478987557981553,0.3007834522031197,UPI,0.4409087853733952,0,2
971,51,Tier2,SME,33443,15712,2,18,13,5,0.30287695310231016,0.044390783623830976,NetBanking,0.4698143109170828,1,42
972,31,Tier2,Gig,53149,12552,2,20,16,5,0.41419790818096597,0.011773530033970938,UPI,0.23616624960018062,0,2
973,50,Tier2,Startup,61188,28755,0,15,6,3,0.05990299021211969,0.02144677830974977,UPI,0.4699450872720141,1,73
974,54,Tier1,Gig,76694,24208,1,17,17,0,0.3015341966957381,0.052324014356631636,NetBanking,0.31564398779565545,1,30
975,38,Tier1,SME,82204,15092,3,19,13,1,0.38676285054440546,0.32689551936390837,UPI,0.18359203931682155,0,1
976,44,Tier1,MNC,14517,5603,2,15,1,1,0.7609409380883321,0.22265920359478902,Wallet,0.3859612867672384,0,3
977,49,Tier3,MNC,49661,9678,1,23,7,1,0.3371681970982045,0.07994711010630179,Card,0.1948812951813294,0,0
978,42,Tier3,SME,36913,17741,2,8,17,2,0.4705961696955065,0.183503134475355,UPI,0.48061658494297405,1,51
979,52,Tier1,MNC,63470,22448,2,21,12,4,0.08598602410172798,0.049147718625229805,NetBanking,0.3536789034189381,0,2
980,52,Tier2,MNC,60605,25677,2,19,0,2,0.24623436486857236,0.021056973099881027,Card,0.4236779143635014,0,2
981,26,Tier1,SME,84049,27709,2,14,4,2,0.14341949335032364,0.07435283593710813,UPI,0.3296767361896037,1,86
982,35,Tier1,Startup,56633,20527,1,12,10,2,0.10560563950267883,0.15231960272034364,UPI,0.3624565182843925,0,1
983,48,Tier2,Startup,50094,9757,1,11,12,4,0.2490327146148193,0.23812022259849527,NetBanking,0.1947738252086078,0,1
984,54,Tier2,Startup,83194,19939,1,6,4,1,0.29578483433915487,0.037477778308370395,Card,0.23966872611005602,1,49
985,51,Tier2,MNC,64171,23392,1,20,8,3,0.23126312504069424,0.10220823714769063,UPI,0.36452603200822803,0,3
986,24,Tier2,Startup,65499,11501,1,13,5,4,0.37399287572285594,0.04783036977597486,NetBanking,0.175590467030031,1,49
987,48,Tier2,SME,86268,34100,2,19,4,2,0.2553418193334606,0.14342253919956427,Card,0.3952798256595725,0,0
988,54,Tier2,Gig,59447,28655,2,6,0,3,0.5997093348946722,0.36948161425628157,Card,0.48202600635860515,1,38
989,25,Tier2,Startup,53743,10885,2,12,5,2,0.10469177353052084,0.031362501007400935,Card,0.2025380049494818,0,1
990,45,Tier2,SME,58384,29020,2,12,1,0,0.15522751953900887,0.1691079012118796,Card,0.4970539873938065,1,34
991,36,Tier3,MNC,89242,15882,1,20,17,1,0.2557895646748012,0.09046447973322329,UPI,0.1779655319244302,1,71
992,40,Tier1,Startup,46368,12330,2,11,17,1,0.5085198679461783,0.10658002436741898,UPI,0.265916149068323,0,2
993,53,Tier2,MNC,79373,26639,1,22,5,1,0.29183080192691707,0.1337448975134892,UPI,0.33561790533304775,1,118
994,33,Tier1,Gig,84822,32667,1,20,2,0,0.3855189060705347,0.03320681445214634,UPI,0.3851241423215675,0,1
995,30,Tier1,SME,78122,30582,2,22,14,1,0.1373715418426279,0.2665420206937714,Card,0.3914646322418781,0,1
996,27,Tier1,MNC,76543,32264,1,9,2,4,0.31360844640680624,0.016369253582489862,Card,0.42151470415322106,0,5
997,27,Tier2,SME,44665,19180,2,7,1,3,0.2216975002200507,0.10991953288448247,NetBanking,0.4294190081719467,0,1
998,54,Tier3,SME,23186,9171,1,14,12,1,0.2687329008278717,0.1859860971155127,UPI,0.395540412317778,1,103
999,29,Tier1,SME,83809,36830,3,6,5,0,0.4231331852366092,0.06445821816115552,UPI,0.4394516102089274,0,1
1000,28,Tier2,SME,75787,14027,2,11,16,2,0.5386941163792875,0.08116561789493207,UPI,0.1850845131750828,0,3
1001,38,Tier2,Gig,62485,23873,2,8,4,1,0.2878002845849359,0.1633234420457202,Card,0.3820596943266384,1,113
1002,50,Tier3,SME,39402,9527,3,10,17,3,0.3479334545238821,0.1380392433364806,Card,0.24178975686513374,0,1
1003,49,Tier2,Startup,69830,34312,2,11,8,2,0.27137203382606684,0.08891675724320042,Card,0.4913647429471574,1,110
1004,22,Tier2,Gig,85531,17847,1,9,15,2,0.552243060999152,0.002942543209285839,UPI,0.20866118717190257,1,54
1005,24,Tier1,Gig,45772,18993,3,10,11,3,0.07486204785248146,0.21141391585344912,Card,0.41494800314602814,1,79
1006,48,Tier1,MNC,37344,10053,2,19,16,1,0.28147423023256635,0.06684309093569375,Card,0.2691998714652956,0,7
1007,46,Tier2,SME,35279,13877,2,19,9,5,0.0902685870174038,0.1277796227947895,UPI,0.39335015164828935,0,1
1008,50,Tier2,SME,46488,20833,2,19,17,1,0.24302551895624153,0.048686357322121634,UPI,0.4481371536740664,0,2
1009,26,Tier1,Gig,94334,34256,0,15,13,4,0.4229387340519402,0.19264897016889185,UPI,0.3631352428604745,0,1
1010,29,Tier1,SME,67917,12298,1,12,5,0,0.2380834396878038,0.3600779593469953,Card,0.18107395791922493,0,3
1011,54,Tier1,MNC,26345,7280,0,19,7,3,0.19786609194941931,0.048276594047464504,UPI,0.27633327007022207,0,0
1012,54,Tier2,Startup,37045,13084,3,11,0,2,0.2266633175012636,0.09802128842180245,UPI,0.3531920637063031,0,3
1013,43,Tier3,SME,72156,18520,0,14,14,0,0.28883293823184936,0.015609512040794903,UPI,0.2566661123122124,0,2
1014,33,Tier2,Gig,47203,22436,1,11,2,2,0.11227191142730872,0.23433987868639355,Card,0.4753087727474949,0,2
1015,46,Tier1,Startup,32154,13528,1,16,0,2,0.2416028609675498,0.04921208180862477,UPI,0.4207252596877527,0,1
1016,26,Tier2,MNC,80052,17071,2,17,4,3,0.18985756378632118,0.14639504853776517,UPI,0.21324888822265528,0,3
1017,42,Tier2,Startup,41565,7545,2,7,6,1,0.06459588886450182,0.022211415110564618,Card,0.1815229159148322,0,0
1018,35,Tier3,SME,43865,18499,1,6,17,4,0.6470046970312079,0.15651410477327476,UPI,0.42172574945856606,0,1
1019,49,Tier2,Gig,74953,32292,2,13,15,2,0.3148283879698407,0.006579065102227074,NetBanking,0.4308299867917228,0,2
1020,54,Tier1,SME,49194,22995,0,8,11,3,0.3111337825663565,0.1575361689805587,UPI,0.4674350530552506,1,68
1021,35,Tier2,SME,85285,27411,1,23,1,1,0.22626684333467753,0.00933752235698116,Card,0.3214047018819253,0,5
1022,24,Tier3,MNC,87341,34906,3,9,3,1,0.18610868316822982,0.12518310019914378,Card,0.3996519389519241,0,3
1023,54,Tier2,MNC,33871,15797,0,6,17,3,0.1328575370630783,0.2169364731695785,UPI,0.46638717486935727,1,44
1024,44,Tier3,Gig,68067,13977,2,11,2,0,0.331235297435227,0.07696573252562756,UPI,0.20534179558376306,0,2
1025,29,Tier3,SME,53658,14262,0,6,9,0,0.35236530860425974,0.01974109839974385,UPI,0.26579447612657947,1,54
1026,25,Tier2,MNC,47766,10201,2,15,1,5,0.14182889096644863,0.15943271612050275,UPI,0.2135619478289997,0,4
1027,33,Tier1,SME,18901,4611,3,19,4,2,0.20580360311675175,0.024250267262130934,UPI,0.24395534627797472,0,1
1028,44,Tier3,Gig,82821,29159,1,10,10,2,0.3192711301830673,0.3087780019203714,UPI,0.3520725419881431,0,2
1029,31,Tier2,MNC,63179,29571,2,16,14,3,0.26322453235423043,0.006263695775923388,UPI,0.4680510929264471,0,6
1030,26,Tier3,Gig,45374,6877,1,12,10,1,0.0573673950156855,0.20354351306193078,UPI,0.15156256887204125,1,115
1031,33,Tier2,MNC,63241,15861,1,10,8,0,0.2728845052081165,0.05204751884061537,UPI,0.25080248572919467,0,1
1032,53,Tier2,MNC,72676,16147,1,11,11,0,0.3651561182997757,0.02496732735678683,Card,0.2221778854092135,0,0
1033,31,Tier1,MNC,77176,24886,1,22,12,2,0.34494346031151396,0.07540027960409233,UPI,0.3224577588887737,0,2
1034,52,Tier1,MNC,56614,12153,2,14,12,2,0.16959748677836026,0.0846280630639505,UPI,0.21466421733140212,0,3
1035,34,Tier3,SME,48173,8031,3,6,5,1,0.3675417082066846,0.0018228362603259745,NetBanking,0.16671164345172607,0,3
1036,54,Tier1,SME,49299,12742,1,17,10,3,0.38746173637631187,0.2102192200545038,Card,0.25846366052049735,0,1
1037,53,Tier3,Startup,58653,10777,1,17,3,4,0.16238933247597812,0.10649067159724268,NetBanking,0.18374166709290232,1,58
1038,50,Tier1,Startup,47486,8494,3,18,5,5,0.11751337964148784,0.1016341094642055,Wallet,0.17887377332266352,0,1
1039,23,Tier1,Gig,52889,15490,2,14,15,0,0.011451747114387074,0.21252796785814018,Card,0.2928775359715631,0,3
1040,34,Tier1,SME,46662,18654,3,8,17,2,0.07130872585000944,0.1173557718182776,UPI,0.39976854828339975,1,82
1041,48,Tier3,Gig,23527,3559,2,16,8,4,0.3235199082297228,0.06341116944178994,UPI,0.15127300548306202,1,103
1042,36,Tier1,MNC,116100,35101,1,8,3,4,0.30070380992637036,0.017779626438509093,UPI,0.30233419465977607,0,5
1043,41,Tier3,Gig,72775,27741,2,21,15,2,0.1688765358495262,0.1308433562902499,UPI,0.3811885949845414,0,2
1044,31,Tier1,Gig,53907,13630,1,18,15,0,0.33088701700661494,0.23251692104305058,UPI,0.2528428589979038,0,1
1045,42,Tier1,MNC,74131,29010,3,13,9,2,0.1370838334656859,0.08490240739467757,UPI,0.3913342596214809,0,2
1046,37,Tier2,MNC,62265,14560,1,21,7,1,0.3753567358591363,0.09974651652684899,NetBanking,0.23383923552557617,0,3
1047,49,Tier2,MNC,57772,11008,2,21,1,0,0.38258318606465896,0.08130791111907,UPI,0.19054213113619053,0,0
1048,29,Tier1,SME,45096,19849,2,23,14,3,0.10730463065011216,0.01795288011592895,UPI,0.4401499024303708,0,2
1049,27,Tier3,MNC,77775,38816,1,10,17,0,0.14867333953736103,0.12167967413025474,UPI,0.499080681452909,1,105
1050,53,Tier2,MNC,23325,10281,2,21,6,2,0.0599409375717711,0.10644527610304612,UPI,0.4407717041800643,0,1
1051,38,Tier1,MNC,76289,16008,2,16,12,2,0.14932927937973767,0.1551764011502603,UPI,0.2098336588498997,0,2
1052,35,Tier2,MNC,78977,19193,0,20,11,1,0.5716378905846218,0.019468295927325744,UPI,0.2430201197817086,0,5
1053,25,Tier1,Startup,42019,17941,2,12,5,8,0.20763982523930044,0.09104808952456442,UPI,0.4269735119826745,1,73
1054,32,Tier3,Gig,36530,14884,2,9,15,3,0.08654246469294546,0.05461340586731696,UPI,0.40744593484807007,0,2
1055,48,Tier1,SME,35632,8643,2,19,14,2,0.19709316778861982,0.031642563634932334,UPI,0.24256286484059272,0,3
1056,52,Tier3,MNC,71052,23936,3,9,7,1,0.027416950011251662,0.20617058296710591,UPI,0.33688003152620616,0,3
1057,23,Tier2,MNC,77340,15729,1,16,4,0,0.12887932202908306,0.07934538847543934,NetBanking,0.20337470907680372,0,2
1058,32,Tier2,MNC,63796,28357,3,18,0,5,0.23524186365273367,0.11975297623296444,UPI,0.4444949526616089,0,2
1059,24,Tier1,SME,68835,33529,2,19,2,2,0.36349131093542736,0.042831211222154525,Card,0.487092322219801,0,0
1060,35,Tier1,MNC,27494,4329,0,14,14,1,0.18701408352801943,0.09860584423347578,UPI,0.15745253509856696,0,3
1061,23,Tier2,MNC,58296,22400,3,6,10,1,0.25940156260935066,0.08085142234089968,Card,0.38424591738712777,0,4
1062,42,Tier2,Gig,74303,20139,0,20,15,2,0.21072987676212204,0.10859924774028844,UPI,0.2710388544204137,0,3
1063,36,Tier2,MNC,72461,27746,3,14,14,3,0.6341520571055242,0.11149430322361494,Card,0.3829094271401168,0,1
1064,45,Tier2,MNC,49153,22159,1,22,0,5,0.1347211316601225,0.36000743174261834,NetBanking,0.45081683722255,1,31
1065,24,Tier1,MNC,85342,14997,0,19,15,1,0.5952376892404212,0.057886441291258375,UPI,0.17572824634998008,0,0
1066,35,Tier2,MNC,64197,21118,1,15,3,2,0.04262859775958214,0.35949067185690264,UPI,0.3289561817530414,0,1
1067,46,Tier1,Gig,94003,30875,1,6,17,1,0.45619463654562714,0.04010212909639859,UPI,0.3284469644585811,0,1
1068,28,Tier1,SME,60790,19900,2,13,8,2,0.14748313743420385,0.05348662615523704,UPI,0.32735647310412896,0,1
1069,30,Tier1,MNC,46592,16876,1,14,17,1,0.18961153971789876,0.14670191065021274,UPI,0.3622081043956044,0,2
1070,42,Tier1,Gig,63180,13049,3,15,5,4,0.2615475990215333,0.025743746552099992,Wallet,0.20653687875910098,0,2
1071,47,Tier2,SME,50523,10919,0,12,17,2,0.5094634922905952,0.08584372527304593,Card,0.21611939116837875,0,1
1072,26,Tier2,Startup,77687,30061,1,16,17,3,0.23926688285627376,0.01662956048470703,UPI,0.386950197587756,0,4
1073,34,Tier1,Gig,84810,27926,3,15,4,3,0.04561040163936737,0.06782542566509023,NetBanking,0.32927720787642967,0,3
1074,42,Tier1,MNC,54211,15883,1,11,13,4,0.35587182362522674,0.02285903008102285,UPI,0.2929848185792551,0,1
1075,52,Tier1,SME,74784,16657,2,23,1,5,0.12247820425500684,0.0885818989091556,UPI,0.22273480958493796,0,1
1076,42,Tier2,Gig,36600,11464,3,16,16,2,0.06784793784137855,0.019574226688208407,UPI,0.313224043715847,0,1
1077,38,Tier1,Startup,60058,18657,0,16,2,1,0.19870899464908898,0.037706739464986365,UPI,0.3106497052848913,0,2
1078,42,Tier1,SME,59958,29226,2,7,3,4,0.1658261589730754,0.035051063731375516,UPI,0.48744120884619235,0,1
1079,24,Tier2,MNC,61810,30246,1,6,9,4,0.2868621485571471,0.0073889685921643125,Card,0.48933829477430835,0,1
1080,32,Tier1,Gig,37715,16783,1,19,1,2,0.18194601425770737,0.21014979512174078,UPI,0.44499535993636485,0,2
1081,40,Tier3,MNC,72352,17857,0,7,11,4,0.3071022411775239,0.354002000848968,UPI,0.24680727554179566,0,1
1082,34,Tier2,MNC,77415,31995,2,16,3,3,0.09716182970708724,0.07353174641459273,UPI,0.41329199767486924,0,3
1083,24,Tier3,Gig,60187,22012,3,15,4,2,0.4862420120764157,0.03926570818524888,Card,0.3657268180836393,0,0
1084,30,Tier3,MNC,81742,26536,2,7,5,2,0.08214719782590996,0.15910778832088662,NetBanking,0.3246311565657801,0,2
1085,22,Tier2,SME,78948,32684,1,22,10,3,0.31985093401813025,0.02337631820601053,UPI,0.41399402138116226,0,1
1086,47,Tier1,SME,63688,28012,1,10,5,0,0.42063673948532804,0.05187378212335287,UPI,0.43983167943725665,0,1
1087,41,Tier3,Startup,42415,20712,0,13,10,2,0.18717741349430903,0.01205135023934353,Card,0.4883178120947778,1,71
1088,45,Tier2,SME,49051,22855,0,15,6,1,0.5392106772612609,0.21826902475930376,UPI,0.4659436097123402,1,45
1089,39,Tier1,Startup,100429,29960,3,13,0,3,0.09872736865256115,0.06873094843671254,UPI,0.298320206314909,0,1
1090,44,Tier2,Gig,62744,16743,2,15,11,5,0.3748336100379036,0.06992484661253758,NetBanking,0.2668462323090654,0,1
1091,40,Tier2,MNC,67117,12872,2,16,8,4,0.04987240672240926,0.06785999435978984,UPI,0.19178449573133483,0,2
1092,54,Tier2,SME,61345,9510,2,21,6,5,0.2814716387185792,0.3122051333921601,Wallet,0.15502485940174424,0,3
1093,32,Tier3,Startup,45615,14309,2,14,0,1,0.301488137910401,0.05186540179919813,UPI,0.31369067192809386,0,3
1094,51,Tier1,SME,69448,30929,1,11,4,2,0.25100103429095555,0.18929402344248242,UPI,0.4453547978343509,0,1
1095,24,Tier1,MNC,40815,16043,1,7,14,0,0.30551482380069145,0.047317846136095514,Card,0.39306627465392624,0,1
1096,35,Tier2,Startup,74148,25960,0,12,7,3,0.21292418106045413,0.023052025725926018,UPI,0.35011058963154773,0,0
1097,53,Tier1,MNC,62626,29670,1,23,7,0,0.28610424382347666,0.2956094686623069,UPI,0.4737648899817967,1,49
1098,46,Tier1,MNC,56470,26357,2,7,7,2,0.28148325310410166,0.07112198491258544,UPI,0.4667434035771206,0,0
1099,38,Tier2,SME,49917,9785,2,6,2,2,0.09090539436429514,0.01628845499919815,Card,0.1960254021675982,0,5
1100,42,Tier1,SME,61682,23336,3,8,12,4,0.03487993026297886,0.07943052386236613,Card,0.37832755098732207,0,0
1101,46,Tier1,MNC,50288,20009,2,18,3,2,0.239007852623121,0.03220640168157271,UPI,0.3978881641743557,0,2
1102,39,Tier1,MNC,60474,11381,2,23,5,1,0.10331520095343298,0.00698114921206842,UPI,0.18819658034857956,0,2
1103,48,Tier3,SME,53871,21084,3,18,9,4,0.18251193608674712,0.1052383479581809,NetBanking,0.3913794063596369,0,5
1104,25,Tier3,SME,51850,14763,2,13,11,0,0.1454845742329607,0.07943920463596756,UPI,0.284725168756027,0,4
1105,44,Tier2,MNC,34273,11815,1,18,16,2,0.35101378850347337,0.44685484647424945,Card,0.3447320047851078,0,2
1106,37,Tier2,Startup,28670,9630,1,15,7,3,0.38076599846058706,0.0820573557468238,UPI,0.33589117544471575,0,3
1107,45,Tier2,Gig,64098,11296,1,13,17,2,0.3448233533505377,0.07093520036578517,NetBanking,0.17623014758650815,0,0
1108,28,Tier3,MNC,72644,34599,3,7,6,2,0.31031456007427904,0.2177897127528296,UPI,0.4762815924233247,1,89
1109,22,Tier1,Gig,54733,25874,0,14,9,1,0.05643808972189086,0.25333938116453014,UPI,0.4727312590210659,0,1
1110,48,Tier1,MNC,54216,24324,2,8,5,3,0.37080599540667913,0.06565795296779978,UPI,0.4486498450641877,0,1
1111,22,Tier1,SME,59062,22929,1,12,6,5,0.16064538167276837,0.08158325661555575,UPI,0.3882191595272764,0,2
1112,46,Tier1,MNC,52900,16642,1,18,16,2,0.09388357932108163,0.10283941041920057,UPI,0.314593572778828,0,6
1113,31,Tier2,Gig,57236,21210,2,15,17,2,0.023029754814597087,0.07211288041934966,Card,0.3705709693200084,0,1
1114,27,Tier1,MNC,73262,21452,1,17,3,3,0.3223646452756924,0.03330956816223725,UPI,0.2928120990417952,0,1
1115,37,Tier1,Gig,63417,18187,0,14,10,0,0.17305259311900517,0.09313529373618547,UPI,0.28678430073954936,0,2
1116,24,Tier2,Startup,65359,14131,1,17,16,3,0.4104606884008959,0.2548679068587325,UPI,0.2162058783029116,0,1
1117,46,Tier1,MNC,62327,23093,2,8,0,2,0.41678960240535623,0.05746769750900755,Card,0.3705135815938518,0,1
1118,24,Tier3,SME,35126,6391,2,22,3,2,0.1307975378445437,0.21281164247438714,Card,0.18194499800717417,1,54
1119,46,Tier1,SME,53217,14929,0,16,0,4,0.31643504416199136,0.09367809719247476,Card,0.2805306574966646,0,3
1120,47,Tier2,Startup,67164,17594,3,7,13,1,0.2510635920637496,0.05540423333664185,UPI,0.26195580965993687,1,83
1121,35,Tier2,MNC,41147,9498,2,19,8,2,0.3706300645831524,0.2582320884601889,UPI,0.2308309232750869,0,2
1122,53,Tier2,MNC,40098,19754,2,13,12,0,0.1865590605825095,0.15629226151743272,UPI,0.4926430245897551,0,3
1123,49,Tier1,Gig,89338,35750,1,13,16,3,0.39615435898467083,0.2294951831502566,UPI,0.40016566298775436,0,0
1124,30,Tier2,MNC,50264,14657,1,6,10,3,0.22773206349775543,0.11575498935363149,Card,0.29160035015120167,0,2
1125,52,Tier1,MNC,39924,7392,3,19,2,5,0.24270218812881877,0.022481936327390387,Card,0.18515178839795612,0,2
1126,24,Tier3,Startup,48449,13037,1,15,7,2,0.19928242760333795,0.02544160831910465,UPI,0.26908708126070713,0,4
1127,51,Tier3,SME,53172,19251,0,8,10,1,0.36043913048804394,0.02580017566214584,NetBanking,0.3620514556533514,0,1
1128,45,Tier1,Startup,67039,28372,1,11,11,2,0.2880878546226054,0.05845731904875331,UPI,0.4232163367591999,0,0
1129,32,Tier2,SME,76986,38062,2,14,12,1,0.3882616506810686,0.08268507001156901,NetBanking,0.4944015795079625,1,79
1130,38,Tier1,MNC,65452,21187,1,21,1,3,0.10509890114559724,0.0807372977321048,UPI,0.3237028662225753,0,2
1131,28,Tier3,MNC,56067,14751,0,14,3,1,0.2518068512425396,0.03530293523391625,UPI,0.2630959387875221,0,3
1132,41,Tier1,MNC,97404,22056,2,11,3,1,0.2009748075399106,0.002393438788996117,UPI,0.22643833928791426,0,1
1133,23,Tier1,MNC,38431,17086,2,13,17,2,0.15788753429660965,0.10613345753331929,UPI,0.44458900366891313,0,3
1134,38,Tier2,Startup,49531,9754,0,11,14,4,0.32655840331916103,0.200922279882689,NetBanking,0.19692717691950495,1,70
1135,44,Tier2,SME,62695,15530,0,9,12,5,0.14291045587475779,0.12906141586698497,UPI,0.2477071536805168,0,4
1136,48,Tier1,Gig,69624,32366,2,14,8,1,0.22776452840632866,0.010552421353522084,NetBanking,0.46486843617143514,1,63
1137,22,Tier3,SME,67298,22548,2,16,4,2,0.10970748396083628,0.016169799819945516,NetBanking,0.3350471039258225,1,94
1138,40,Tier1,Startup,95197,14820,3,11,14,0,0.11216188028751424,0.42065588800305115,UPI,0.15567717470088344,0,2
1139,49,Tier2,MNC,32408,9446,1,22,0,3,0.36034976909760164,0.14665034166316548,Card,0.2914712416687238,1,97
1140,48,Tier3,MNC,23312,5657,0,20,6,1,0.02872797159523585,0.18792662915059272,Card,0.24266472203157172,1,75
1141,52,Tier2,Gig,71075,18927,2,17,9,0,0.1493321758057239,0.3621479084352341,Card,0.26629616602180795,0,1
1142,43,Tier3,MNC,34667,10599,1,23,10,2,0.3167981454623871,0.014598611949137818,UPI,0.30573744483226123,0,5
1143,32,Tier1,Startup,42229,11674,1,9,4,5,0.18069284231927743,0.08059357415049401,Card,0.2764450969712757,1,32
1144,44,Tier1,Gig,61357,29644,1,19,8,1,0.2597169531440651,0.004799657188037763,UPI,0.48313965806672426,0,3
1145,28,Tier3,Gig,83646,32817,3,22,6,4,0.349766328524564,0.009349516483474998,UPI,0.3923319704468833,0,4
1146,46,Tier3,Gig,29039,8949,1,16,15,2,0.17981299668004905,0.10572860680434548,Card,0.3081717690003099,0,4
1147,28,Tier1,Gig,84021,36427,2,20,6,3,0.2034435358704948,0.007074960661205154,Card,0.43354637531093415,0,4
1148,40,Tier2,Startup,51059,24095,2,12,6,2,0.22963904000673305,0.12060208470181502,UPI,0.47190505101940894,0,2
1149,35,Tier1,MNC,68957,29053,0,10,12,4,0.24808449825235795,0.04230738310813635,UPI,0.4213205330858361,0,4
1150,33,Tier1,MNC,55710,11710,1,18,7,2,0.08759151343599414,0.06113930174945912,UPI,0.2101956560761084,0,2
1151,50,Tier1,Gig,56703,19068,2,11,12,3,0.13537354591456616,0.07669900154318114,Card,0.3362785037828686,0,1
1152,34,Tier3,Startup,29449,9675,2,14,7,1,0.4127316805369596,0.019032437058517128,Card,0.3285340758599613,0,4
1153,42,Tier3,Startup,59910,22106,3,23,14,2,0.21034392737161364,0.14806659515452575,UPI,0.3689868135536638,0,3
1154,21,Tier2,Startup,28441,10752,2,13,16,3,0.2734461259710829,0.12248123788636324,NetBanking,0.37804577898104846,0,0
1155,45,Tier3,SME,69492,19422,2,19,2,2,0.029102148258390866,0.06305856722850851,UPI,0.27948540839233293,0,1
1156,22,Tier2,MNC,70654,26888,2,14,3,0,0.12687455204416154,0.010083730291241686,UPI,0.3805587794038554,0,0
1157,40,Tier2,MNC,54613,12098,2,10,17,2,0.6302222390783343,0.3238335338695427,NetBanking,0.22152234815886326,0,1
1158,36,Tier2,Gig,44965,10304,1,13,16,1,0.06673250630353167,0.008891552721324504,Card,0.22915601023017904,0,0
1159,48,Tier2,Gig,60255,28048,3,18,11,7,0.08963911165827967,0.1406420216439151,UPI,0.46548834121649657,0,0
1160,48,Tier1,MNC,48101,21945,3,7,3,0,0.2804629854035036,0.0479933144022352,UPI,0.45622752125735433,1,91
1161,38,Tier1,Startup,61000,26268,2,11,10,2,0.41255305068883474,0.09262077968866947,UPI,0.4306229508196721,0,3
1162,45,Tier2,Gig,72699,18935,3,17,9,2,0.2585877972430173,0.07601192515160562,UPI,0.2604575028542346,0,4
1163,24,Tier1,MNC,42201,14604,0,15,8,3,0.08002249951305386,0.0717481495386659,UPI,0.34605815028079906,0,2
1164,34,Tier2,Startup,80793,35313,2,19,17,0,0.1043630938111211,0.08082046042188966,UPI,0.43707994504474396,0,4
1165,40,Tier1,MNC,89001,35985,1,10,11,2,0.24917229086931741,0.017459990644064588,UPI,0.4043212997606768,0,4
1166,37,Tier2,MNC,66605,14561,2,8,12,0,0.2781336854135346,0.01553875845085358,UPI,0.21861722092935965,0,1
1167,31,Tier2,Gig,58316,24415,2,20,14,2,0.727029752692122,0.08559289542640985,UPI,0.4186672611290212,0,2
1168,49,Tier3,Startup,73181,19207,2,19,17,3,0.43081562974927706,0.05524171490234629,UPI,0.26245883494349626,0,2
1169,26,Tier1,MNC,80976,24268,2,7,8,3,0.0821760863813239,0.07634163645191222,Card,0.2996937364157281,0,2
1170,47,Tier1,MNC,29355,5794,2,12,6,1,0.20666686329478934,0.009828526663892135,UPI,0.19737693748935445,0,2
1171,28,Tier3,MNC,37178,11333,2,22,17,1,0.14398022936619206,0.06573138631026967,Card,0.30483081392221206,0,3
1172,41,Tier3,SME,59086,20893,2,10,3,2,0.31256621933280904,0.37531161415180403,UPI,0.353603222421555,0,4
1173,39,Tier3,Gig,47448,15303,3,22,6,1,0.06750025382415448,0.0992480388960444,NetBanking,0.3225214972180071,0,0
1174,49,Tier3,Startup,65911,18820,3,15,12,0,0.24015421762147118,0.25540195036733093,UPI,0.2855365568721458,1,96
1175,35,Tier2,Startup,52297,17639,3,11,6,2,0.220462771998958,0.1573190671589266,UPI,0.3372851215174867,0,4
1176,54,Tier1,SME,68464,30021,0,21,5,3,0.384759238952144,0.13534445836399475,Card,0.43849322271558777,0,4
1177,24,Tier2,Startup,52713,20909,1,6,15,3,0.34729507491075895,0.05619524945175127,UPI,0.3966573710469903,0,1
1178,42,Tier1,Startup,44136,16037,2,7,5,1,0.11321439689074186,0.027285546886536435,Card,0.3633541779952873,0,5
1179,26,Tier1,Gig,35515,13008,1,11,11,4,0.43511783084360117,0.117395809269143,UPI,0.36626777417992396,0,0
1180,53,Tier1,Gig,53509,20176,1,17,0,1,0.19470461130643207,0.11500218870520124,UPI,0.3770580649984115,0,2
1181,46,Tier1,Startup,22919,7008,2,11,0,1,0.12753687972456265,0.04265601393383493,UPI,0.3057725031633143,0,1
1182,23,Tier1,MNC,70691,16479,2,16,15,3,0.024446311374615545,0.048762803094746794,UPI,0.2331131261405271,0,3
1183,48,Tier3,MNC,60620,25692,1,18,3,1,0.15536741265931772,0.20375016175472926,UPI,0.42382052128010556,1,88
1184,47,Tier3,MNC,54428,26121,2,11,4,3,0.15911341376479135,0.02729632044911938,UPI,0.47991842434041304,1,72
1185,29,Tier1,Gig,16293,5857,1,9,16,2,0.28213622934062677,0.020043159958339368,Card,0.35947953108696984,0,1
1186,24,Tier1,Startup,70543,28570,2,23,6,1,0.34086480963586707,0.12418329023407138,NetBanking,0.4050012049388316,0,4
1187,24,Tier2,SME,99392,43213,0,7,11,0,0.38479779720026674,0.07235013702050977,NetBanking,0.4347734224082421,0,0
1188,28,Tier1,MNC,80870,37620,2,20,5,1,0.1434840613247727,0.06367164147759877,Card,0.4651910473599604,0,2
1189,24,Tier2,SME,66309,31395,2,12,6,5,0.18831680655314664,0.21385225582025294,UPI,0.47346514047866806,0,0
1190,32,Tier1,Gig,66082,22786,2,22,4,0,0.18254360928067637,0.10696903698339677,UPI,0.3448140189461578,0,1
1191,41,Tier3,MNC,48579,7879,2,16,4,0,0.37037310730223977,0.10506916581666244,UPI,0.16218942341340908,0,5
1192,24,Tier1,SME,103059,23806,1,13,9,1,0.040220459458984975,0.3248720663783185,NetBanking,0.23099389669994858,0,4
1193,40,Tier1,MNC,47266,16131,2,11,1,2,0.0044988020126876145,0.026092992807231822,UPI,0.3412812592561249,0,6
1194,45,Tier1,MNC,65118,28053,1,9,1,1,0.2837052069559302,0.15513794371288375,Wallet,0.4308025430756473,0,1
1195,26,Tier3,MNC,94664,23811,2,22,11,2,0.22630526208196777,0.30440313009616116,NetBanking,0.2515317332882616,0,4
1196,32,Tier1,Startup,88873,24545,1,22,11,3,0.23085642971737938,0.1597676674514446,UPI,0.27618061728533977,0,4
1197,50,Tier1,Startup,69665,32308,2,12,5,4,0.557611292751936,0.034055935542727116,NetBanking,0.46376229096389865,1,33
1198,26,Tier3,Gig,44797,19460,2,15,6,4,0.21393139668707836,0.003128857820581558,NetBanking,0.4344040895595687,0,0
1199,21,Tier2,MNC,29987,11618,2,13,11,2,0.08368700132954056,0.1361801893765995,UPI,0.387434554973822,0,4
1200,28,Tier2,MNC,32255,15208,2,8,1,1,0.09478074145216224,0.15712553303996155,NetBanking,0.47149279181522247,1,34
1201,38,Tier3,MNC,74375,18888,2,14,0,1,0.4341740667011621,0.1886980138582129,UPI,0.2539563025210084,1,90
1202,21,Tier3,Gig,53412,18783,1,17,3,0,0.516631975096608,0.0388518817557034,Card,0.35166254774208044,0,7
1203,45,Tier1,SME,31396,15603,2,22,9,1,0.5108166230427964,0.10485667897102206,Card,0.4969741368327175,0,1
1204,53,Tier3,Startup,54214,11573,1,18,6,1,0.68521562229711,0.013251247746146543,Card,0.21346884568561625,0,2
1205,35,Tier2,MNC,19242,4300,0,11,15,1,0.06886297771988605,0.0512718294781201,UPI,0.22346949381561168,0,0
1206,53,Tier2,SME,38899,18643,1,21,10,3,0.3541306918859044,0.07716179247666932,UPI,0.479266819198437,0,2
1207,31,Tier1,MNC,73729,23534,0,20,9,0,0.1947945913237368,0.1638217660726421,UPI,0.3191959744469612,0,3
1208,29,Tier2,Gig,85417,31251,1,20,0,3,0.3204488192368262,0.1428334519840886,UPI,0.3658639380919489,0,1
1209,47,Tier2,MNC,54331,13527,1,11,8,1,0.30774019210535336,0.040966173537655755,Card,0.2489738823139644,1,102
1210,44,Tier1,Gig,74421,27167,2,8,6,2,0.16955880181685098,0.11701850602656093,NetBanking,0.3650448126200938,0,2
1211,23,Tier3,MNC,40410,10215,2,7,10,0,0.3274616811606712,0.025093298279602227,UPI,0.25278396436525613,0,3
1212,22,Tier2,MNC,54131,12015,1,21,7,2,0.4467229156164196,0.01590172863633544,Wallet,0.22196153775101143,0,2
1213,21,Tier2,Startup,53221,12004,3,10,4,2,0.17337966331762297,0.21497370868031787,UPI,0.2255500648240356,0,3
1214,32,Tier2,MNC,45786,22045,1,17,6,2,0.14596115444558902,0.1754708643665803,Card,0.48147905473288777,1,88
1215,39,Tier2,SME,81653,29200,1,19,15,2,0.2456944186349559,0.17810447901342374,UPI,0.3576108654917762,0,5
1216,43,Tier3,SME,47919,19046,2,14,12,2,0.130612498837383,0.1699062662022443,Card,0.3974623844404099,0,3
1217,23,Tier2,Gig,49003,7890,1,22,11,2,0.2633971181146281,0.048911624891076554,Card,0.16101055037446688,0,1
1218,28,Tier1,Gig,77925,22036,2,18,2,0,0.1522369561281192,0.08004473389033988,Card,0.28278472890599937,0,1
1219,51,Tier1,Startup,83012,27980,1,15,6,2,0.4381773718321597,0.060124153548698184,NetBanking,0.33705970221172843,0,3
1220,32,Tier3,Startup,48366,14458,2,20,8,3,0.43498615043024824,0.07790829239686667,NetBanking,0.2989289997105405,1,114
1221,21,Tier2,MNC,89199,23392,2,6,5,4,0.2781315707556482,0.006687056025803118,UPI,0.2622450924337717,0,0
1222,25,Tier2,MNC,49034,13535,3,10,1,1,0.3861456999111912,0.04297531621775474,UPI,0.2760329567239059,0,2
1223,49,Tier1,SME,81896,16786,2,6,9,2,0.12200659815880413,0.01607724257525233,Card,0.20496727556901437,0,3
1224,26,Tier1,MNC,76809,27724,2,14,16,0,0.4407069760733391,0.12833598695194226,UPI,0.3609472848233931,0,2
1225,45,Tier3,SME,43944,16841,3,13,6,3,0.30660927543764305,0.10965658982646564,NetBanking,0.3832377571454579,1,72
1226,21,Tier2,SME,83690,36030,1,15,5,5,0.12388792262666118,0.015706675125268958,NetBanking,0.43051738558967617,0,1
1227,42,Tier2,MNC,77142,12798,2,16,17,2,0.16207657653071184,0.2967215397594577,NetBanking,0.16590184335381505,0,1
1228,32,Tier3,Startup,88539,33488,2,19,15,3,0.14115425663712355,0.1973302906889544,Card,0.3782288031263059,0,3
1229,37,Tier2,MNC,40240,19514,1,9,5,0,0.31215482826888813,0.19084837491773537,Card,0.4849403578528827,0,2
1230,35,Tier1,SME,62257,22663,3,13,5,1,0.18387864554258682,0.14820090412655226,NetBanking,0.3640233226785743,0,0
1231,54,Tier2,MNC,51053,17641,2,9,6,1,0.34533434769703486,0.2883278382943801,NetBanking,0.34554286721642213,0,3
1232,35,Tier1,Gig,70474,13203,1,9,8,0,0.3542134670861386,0.07707958657492421,NetBanking,0.18734568777137667,0,1
1233,54,Tier1,Startup,50113,13804,2,11,17,0,0.28295211114370167,0.2649966803245114,Card,0.275457466126554,1,98
1234,30,Tier1,Startup,21548,3807,1,19,10,0,0.12363857283379565,0.02833542602776549,UPI,0.17667532949693707,0,1
1235,44,Tier1,Startup,60578,11880,2,15,13,2,0.11600709453547264,0.17389731029809904,UPI,0.19611079930007594,0,0
1236,39,Tier1,Gig,65500,16962,1,18,13,1,0.24504454270378495,0.1949005851227111,Card,0.2589618320610687,0,2
1237,39,Tier1,MNC,52615,12819,1,7,13,1,0.3311897487304724,0.033881650328541554,UPI,0.24363774588995535,0,4
1238,21,Tier1,Startup,30446,13987,3,20,17,4,0.1538068721388149,0.2034547000283551,UPI,0.45940353412599355,0,3
1239,27,Tier1,SME,53002,19589,2,18,2,0,0.31386771056911605,0.018599106447572213,Wallet,0.3695898267989887,0,2
1240,34,Tier3,Gig,30613,10588,0,7,8,5,0.10873573499487967,0.041212638402727556,UPI,0.3458661353019959,1,80
1241,33,Tier1,Startup,49811,21305,2,21,3,0,0.07672686131063085,0.1308201928351211,Card,0.42771676938828773,0,2
1242,41,Tier2,MNC,77002,14487,2,9,14,3,0.038853502565562185,0.045799511281857844,Card,0.18813797044232616,0,2
1243,21,Tier2,Startup,39600,8640,2,7,9,2,0.0750029914707381,0.05896026862106991,UPI,0.21818181818181817,0,0
1244,46,Tier1,SME,88258,40829,2,6,5,0,0.311675693546632,0.07920114415643575,UPI,0.46260962179065923,1,92
1245,24,Tier3,MNC,78993,32984,2,14,10,3,0.1699173652085027,0.07697024064449291,UPI,0.4175559859734407,0,1
1246,54,Tier1,MNC,50584,14927,2,22,10,2,0.3584072996995583,0.20934838355738752,Wallet,0.29509331013759293,0,2
1247,28,Tier1,SME,56765,17111,1,15,7,1,0.2796796098489556,0.03616377637033751,UPI,0.30143574385624944,0,2
1248,35,Tier2,Gig,101908,42084,2,18,0,4,0.35606942096443683,0.017758982711085947,UPI,0.41296070965969306,0,1
1249,34,Tier2,MNC,55437,15011,2,23,16,1,0.15244809357953779,0.0644886107392632,UPI,0.2707758356332413,0,3
1250,52,Tier1,Startup,89471,32054,1,22,14,3,0.19063175519065187,0.16853462213097642,UPI,0.35826133607537636,0,2
1251,52,Tier1,Startup,69827,34877,2,12,7,5,0.3825344731684971,0.17091896917303795,UPI,0.49947727956234694,0,0
1252,52,Tier3,Gig,81496,29612,2,22,3,4,0.2349060640541861,0.02301359512481792,Card,0.3633552566997153,0,2
1253,47,Tier1,SME,19848,5721,3,14,0,2,0.16359100252047099,0.19756358508797792,UPI,0.28824062877871826,0,2
1254,25,Tier1,Startup,52734,23500,0,8,14,4,0.5203253397573749,0.2559718129971493,Card,0.44563279857397503,0,4
1255,30,Tier2,MNC,86906,14979,2,21,1,0,0.1653056075160747,0.10242722594109409,Wallet,0.172358640370055,0,1
1256,38,Tier1,SME,85348,19585,2,21,16,3,0.2010487848661799,0.13208406769460723,UPI,0.229472278202184,0,0
1257,40,Tier1,MNC,47463,11231,3,23,13,2,0.3402179379680072,0.039883928415089476,UPI,0.2366264247940501,0,0
1258,28,Tier1,Startup,70159,16499,1,10,5,0,0.3986689268541698,0.039727131640155997,UPI,0.2351658375974572,0,4
1259,47,Tier1,Startup,85195,40722,1,21,15,1,0.2228365337745439,0.03068408814210402,Card,0.47798579728857327,0,1
1260,47,Tier2,SME,40079,7604,3,10,2,2,0.3513669866671173,0.09573494684288027,UPI,0.18972529254721923,0,1
1261,45,Tier3,SME,68496,15455,3,15,14,3,0.20988994565358016,0.40798932787381254,UPI,0.2256336136416725,0,2
1262,45,Tier1,Gig,65389,29827,2,14,17,2,0.09081467078121257,0.036539892872634434,UPI,0.4561470583737326,0,1
1263,49,Tier1,Gig,36440,6303,1,18,3,4,0.28433010838124834,0.09714787873110996,NetBanking,0.17296926454445663,0,0
1264,54,Tier1,Gig,66724,29566,3,8,1,1,0.4647259484130448,0.15432145739929978,Card,0.4431089263233619,1,71
1265,36,Tier3,Startup,48400,10838,0,10,6,3,0.23476708216974254,0.14072465238948076,Card,0.22392561983471074,0,3
1266,23,Tier2,SME,60717,17057,0,14,5,3,0.23729858836593617,0.23587604595503175,Card,0.2809262644728824,0,1
1267,53,Tier2,MNC,42794,12543,2,16,6,1,0.29533168475284394,0.15353969998899025,UPI,0.2931018367060803,1,60
1268,35,Tier1,Startup,72917,11053,1,9,3,4,0.15966829117481007,0.16177617209375064,Wallet,0.1515833070477392,0,1
1269,38,Tier1,MNC,64259,18985,1,10,9,0,0.4114544031168679,0.16178378192841436,UPI,0.2954449960316843,0,6
1270,33,Tier2,Gig,45636,10790,2,22,3,1,0.23080684931720574,0.32135714534754106,Wallet,0.23643614690156894,0,1
1271,46,Tier3,MNC,58694,17664,2,7,7,5,0.34100972900355087,0.08580003331430093,Wallet,0.3009506934269261,0,1
1272,43,Tier3,SME,46153,14231,2,12,8,0,0.16997945066720752,0.07009741393557074,UPI,0.30834398630641563,0,5
1273,25,Tier1,MNC,62803,15017,3,9,17,2,0.28737006490087874,0.07239318458487341,Wallet,0.23911278123656513,0,8
1274,39,Tier2,SME,78714,15359,1,9,2,0,0.4479659299890739,0.010121930980380743,NetBanking,0.1951241202327413,0,7
1275,44,Tier3,MNC,60128,16352,2,14,1,2,0.09653697905168768,0.1757900634926299,Card,0.271953166577967,0,3
1276,40,Tier2,Gig,28387,13797,3,18,11,1,0.3379716163223258,0.05137907166731854,UPI,0.48603233874660934,0,0
1277,38,Tier2,MNC,46488,16297,1,18,17,1,0.3196153135659812,0.3419162651573465,Card,0.3505635863018413,0,3
1278,25,Tier2,Startup,45738,14917,0,18,7,1,0.2782435624598146,0.007119916125866294,NetBanking,0.3261401897765534,0,1
1279,32,Tier3,MNC,90134,18910,1,13,15,1,0.14663123050742585,0.05794446993068826,Card,0.2097987440921295,0,4
1280,52,Tier1,Startup,71363,18785,2,9,11,1,0.4683297951328585,0.005724365847649516,UPI,0.2632316466516262,0,1
1281,45,Tier1,Startup,99340,34236,2,9,11,2,0.33153129865693187,0.010896107980840916,NetBanking,0.3446345882826656,0,1
1282,32,Tier2,MNC,71817,17134,2,12,13,1,0.09195956979642647,0.06426789143041485,Card,0.2385786095214225,0,0
1283,34,Tier1,MNC,60898,19569,1,22,7,3,0.04297394056335302,0.13894613696787753,Card,0.32134060231863115,0,0
1284,34,Tier1,MNC,59258,12310,3,7,2,2,0.21035038314850055,0.05580668664303185,Card,0.20773566438286814,0,1
1285,28,Tier2,MNC,82176,21572,2,22,7,1,0.40581279252991287,0.1290372374525542,UPI,0.2625097352024922,0,3
1286,28,Tier1,Startup,66751,28439,2,19,7,1,0.19234028181951274,0.030330024926848265,Card,0.42604605174454313,0,2
1287,27,Tier1,SME,72505,18749,2,9,3,1,0.4303025916849494,0.08218417452288301,Card,0.25858906282325356,0,1
1288,31,Tier2,MNC,59474,19601,1,7,6,1,0.0936017659916869,0.035190199975175876,Card,0.3295725863402495,0,3
1289,27,Tier2,MNC,70500,28655,3,11,14,3,0.15773062244776062,0.044182195408474706,UPI,0.4064539007092199,0,2
1290,33,Tier3,MNC,54971,24922,3,21,16,1,0.1952901243636237,0.06418876809624516,Card,0.453366320423496,0,2
1291,37,Tier1,MNC,36737,11625,2,23,5,0,0.1120421815889325,0.06883569861363044,UPI,0.31643846802950704,0,1
1292,29,Tier1,MNC,48237,16322,2,15,17,2,0.23721217486331989,0.024156592238440182,UPI,0.3383709600514128,0,3
1293,51,Tier1,Gig,91610,23687,1,23,2,2,0.3336304315457329,0.17467758529793248,Card,0.2585634756031001,0,2
1294,36,Tier1,Startup,37664,12579,3,14,12,2,0.3177958244998563,0.02077753665270073,UPI,0.33397939677145283,0,1
1295,41,Tier2,MNC,86278,13648,2,11,4,2,0.591094411596582,0.18714430560460815,UPI,0.1581863279167343,0,2
1296,49,Tier1,SME,60831,10333,1,6,14,1,0.23250456410048698,0.1147048232596981,Card,0.16986404957998388,0,6
1297,28,Tier1,MNC,57250,13542,2,9,7,2,0.10883320125515439,0.0787659972934175,Card,0.2365414847161572,0,3
1298,49,Tier3,Startup,63992,31515,1,22,13,1,0.41061434343751774,0.4071530840324256,UPI,0.4924834354294287,0,4
1299,54,Tier3,Gig,39317,10675,0,15,4,4,0.2316408671554588,0.22396708846748667,Card,0.2715110511992268,1,103
1300,41,Tier1,SME,78416,21142,2,8,14,2,0.17470251281515692,0.21430206185778428,UPI,0.26961334421546623,1,36
1301,43,Tier1,SME,72144,14834,2,17,9,5,0.5373697150841392,0.037164894286265585,Wallet,0.205616544688401,0,2
1302,39,Tier2,Gig,86492,39371,3,14,3,2,0.24807564234672647,0.0679728371210745,Card,0.45519816861675066,1,77
1303,32,Tier3,SME,58377,8990,1,21,12,2,0.1480524677135334,0.12256456531473654,UPI,0.15399900645802286,0,1
1304,41,Tier2,SME,81408,13470,1,14,1,2,0.2972238374080681,0.2458692892302805,Card,0.1654628537735849,0,1
1305,34,Tier2,Startup,63047,27552,3,21,8,4,0.07283002039722306,0.018483302489056202,UPI,0.4370073120053294,0,0
1306,38,Tier1,Startup,73480,16251,2,9,1,0,0.31428032725105226,0.09613345604417103,UPI,0.22116222101252042,0,3
1307,25,Tier2,Startup,22116,4339,2,23,4,2,0.19484804794400323,0.15853898881862424,UPI,0.19619280159160787,0,1
1308,23,Tier1,MNC,54613,22230,2,23,0,3,0.07766488494563817,0.012529573900648083,UPI,0.4070459414425137,0,2
1309,35,Tier1,SME,57791,14274,2,23,4,4,0.1517762058220159,0.0818892586375117,Card,0.2469934764928795,0,2
1310,24,Tier3,Startup,66628,20806,2,12,9,4,0.3939364118954743,0.32832590572649395,Card,0.3122711172480038,0,4
1311,49,Tier2,MNC,67405,28204,2,15,15,2,0.23010753487147292,0.07559713455142228,UPI,0.41842593279430307,0,3
1312,37,Tier2,SME,79571,18122,1,11,2,1,0.05724434067265154,0.09047493720540911,Card,0.22774628947732214,0,1
1313,54,Tier1,MNC,78474,26304,1,21,4,3,0.3094688717327367,0.12308186457484023,UPI,0.3351938221576573,0,1
1314,23,Tier2,Gig,65525,11975,2,23,15,1,0.17554192497530613,0.2676538374477138,UPI,0.1827546737886303,1,53
1315,23,Tier1,MNC,32234,11019,1,11,16,3,0.12471636994620401,0.32230356196289234,NetBanking,0.3418440156356642,0,0
1316,25,Tier1,Gig,51661,16360,2,20,9,1,0.23595319366076517,0.09284748762303349,UPI,0.3166798939238497,0,4
1317,32,Tier1,Gig,37409,7685,1,13,6,0,0.10176948458061652,0.0593892654386203,UPI,0.20543184795102784,0,0
1318,42,Tier3,MNC,38729,13646,2,10,3,2,0.1113874346435337,0.15948877661457161,UPI,0.35234578739445893,0,2
1319,33,Tier1,SME,43758,17903,2,20,9,2,0.35450991348930405,0.05588736528381314,NetBanking,0.409136615018968,0,3
1320,53,Tier1,MNC,88861,27279,2,16,1,4,0.38152266772124027,0.16333005301217218,UPI,0.30698506656463465,0,1
1321,54,Tier1,Gig,42880,11319,2,18,14,1,0.038304200029452416,0.015907020448746145,UPI,0.26396921641791044,0,1
1322,22,Tier2,MNC,52688,12416,1,10,3,3,0.25530817796434424,0.40350608599376403,Card,0.23565138171879746,0,2
1323,42,Tier1,Gig,59052,15804,2,18,16,1,0.13852169731567374,0.10308115939422746,Card,0.2676285307864255,0,4
1324,41,Tier3,MNC,85527,18588,2,13,2,0,0.15373908602366387,0.06511585311907803,Card,0.21733487670560173,1,49
1325,50,Tier3,SME,39508,7457,2,17,6,2,0.15023465034448302,0.11200011715604449,UPI,0.18874658297053762,0,3
1326,36,Tier3,MNC,78656,36124,2,10,16,2,0.4988504592077454,0.024752646223238323,Wallet,0.45926566314076483,0,0
1327,24,Tier2,SME,62149,13424,3,11,7,2,0.09052522877385034,0.06857899633566437,Card,0.21599703937311943,0,2
1328,22,Tier1,Startup,26270,4514,2,20,8,1,0.37936627786350346,0.4063087213668853,Card,0.17183098591549295,0,3
1329,26,Tier1,MNC,72834,13666,2,9,11,3,0.5296922830246836,0.004147736711003115,UPI,0.18763214982013895,0,2
1330,47,Tier2,Startup,71541,23098,2,20,17,4,0.102698432642212,0.033197911136754125,UPI,0.3228638123593464,0,5
1331,24,Tier3,Gig,54282,14854,3,11,5,0,0.4556961835611063,0.008392694525923958,UPI,0.27364503887108066,0,4
1332,44,Tier1,Gig,107100,47738,2,13,10,1,0.13193472614429758,0.1776396531244519,Card,0.4457329598506069,0,2
1333,25,Tier1,Gig,49018,12684,2,18,8,3,0.46157741814071346,0.23185297110197656,UPI,0.2587620873964666,0,1
1334,52,Tier2,Startup,68121,20670,2,7,16,2,0.4082072833091333,0.007518787859540372,UPI,0.3034306601488528,0,4
1335,24,Tier3,MNC,52429,22782,1,15,9,1,0.15239979955114205,0.18254845472333878,Wallet,0.43453050792500336,0,1
1336,43,Tier1,SME,62159,18956,1,10,2,5,0.09213270676930342,0.23505148767603443,Card,0.30495986100162487,1,56
1337,21,Tier2,Gig,80183,30192,2,8,4,1,0.1460303128867489,0.07809274954614788,UPI,0.3765386677974134,0,2
1338,45,Tier3,Gig,34214,7647,1,19,5,3,0.22739642116413422,0.058823573958908235,UPI,0.2235049979540539,0,4
1339,23,Tier1,Startup,76037,11700,0,19,8,2,0.3375364889719127,0.10057271098309066,Card,0.15387245683022738,0,5
1340,33,Tier3,MNC,42168,15866,2,14,12,2,0.3006694055616839,0.21161520937930117,NetBanking,0.3762568772528932,0,0
1341,50,Tier2,Startup,76885,24625,3,12,0,1,0.38250690386089337,0.06742016536995894,Wallet,0.32028354035247447,0,0
1342,40,Tier1,MNC,57236,27163,2,8,2,2,0.20090507387678366,0.008631035358149512,UPI,0.47457893633377596,1,117
1343,32,Tier2,MNC,47854,9254,3,17,2,1,0.5211436700167166,0.20516533316592783,Card,0.19337986375224642,0,4
1344,42,Tier1,Gig,78282,14585,2,11,2,5,0.017020165757871977,0.006852989408224966,UPI,0.1863135842211492,0,3
1345,42,Tier1,SME,43486,9979,0,11,9,0,0.6260395165817084,0.10781708087084796,NetBanking,0.22947615324472245,0,1
1346,24,Tier1,SME,82332,13561,2,10,6,0,0.034946068447233886,0.1723718346249148,UPI,0.1647111694116504,0,3
1347,37,Tier1,MNC,64189,31658,2,22,12,2,0.3686718425733048,0.053193993723830456,NetBanking,0.4931997694308994,1,64
1348,27,Tier1,Startup,89173,32187,1,16,12,0,0.10296840452889794,0.10131432956481486,Card,0.36095006335998564,0,2
1349,37,Tier1,SME,64572,14507,0,9,3,1,0.015187797582183717,0.10211222139222585,UPI,0.22466394102707055,0,1
1350,29,Tier2,SME,92783,27120,1,12,3,0,0.3406599437442285,0.018938882854100437,UPI,0.29229492471681234,0,1
1351,29,Tier2,SME,29759,10232,2,18,15,0,0.18268925855784732,2.354464998856311e-05,UPI,0.34382875768675025,0,3
1352,41,Tier2,MNC,96739,28396,1,10,7,1,0.26482853135889833,0.16677432626369107,UPI,0.29353208116685103,0,3
1353,36,Tier2,SME,77946,20094,3,16,1,4,0.22269721636506884,0.17805858972712446,UPI,0.2577938572858133,0,0
1354,39,Tier1,Startup,81076,34049,0,10,10,2,0.27032850028724953,0.33215825775333097,UPI,0.4199639844096897,0,3
1355,25,Tier1,Gig,42144,6589,2,22,5,2,0.49003085284590525,0.3597411656389379,NetBanking,0.1563449126803341,0,2
1356,31,Tier1,MNC,96856,31182,0,11,5,3,0.3416863386880059,0.08849717235703235,NetBanking,0.32194185182126045,0,5
1357,32,Tier2,Startup,57724,19040,1,15,9,2,0.4329868986135503,0.05944859311702235,UPI,0.32984547155429284,0,2
1358,47,Tier2,SME,51987,11313,1,11,3,5,0.13225578378932581,0.017089596207818053,Card,0.2176120953315252,0,3
1359,33,Tier2,SME,27764,4426,2,9,5,0,0.0910473431831685,0.03981983068021196,UPI,0.15941506987465784,0,2
1360,44,Tier3,Gig,58373,21654,2,11,2,2,0.34045931950208647,0.01107107039557821,Card,0.37095917633152314,1,73
1361,50,Tier1,SME,88482,19583,3,6,10,4,0.295572186225906,0.11161473878505922,UPI,0.2213218507719084,0,2
1362,25,Tier1,Gig,81797,26592,0,16,11,3,0.2310505164643814,0.11784865915844771,Card,0.32509749746323213,0,3
1363,23,Tier3,MNC,72689,33481,3,7,8,0,0.2738145143648153,0.0638855323263718,UPI,0.4606061439832712,0,0
1364,47,Tier2,MNC,48379,22068,1,12,5,1,0.08421972845733479,0.07586712009089025,NetBanking,0.45614832882035594,1,63
1365,31,Tier1,MNC,29827,13845,2,17,4,2,0.2319282402950241,0.04777501239929898,UPI,0.4641767526066986,0,4
1366,31,Tier1,Startup,75560,16554,2,11,7,1,0.11948420347186335,0.15551825355866794,Card,0.21908417151932238,0,3
1367,54,Tier2,MNC,36115,5690,2,18,6,3,0.07641250958970064,0.13256907934505893,NetBanking,0.15755226360238128,0,2
1368,36,Tier1,SME,43820,19640,2,22,10,0,0.20286176621333504,0.07282018286371914,Card,0.4481971702418987,0,2
1369,41,Tier1,MNC,60848,26780,2,7,6,3,0.02782093454190108,0.025159942793258904,Card,0.4401130686300289,0,2
1370,27,Tier2,SME,61306,20363,3,7,6,1,0.43422238650802564,0.04603764613142354,Card,0.33215345969399407,0,0
1371,29,Tier1,MNC,50695,20360,1,12,12,3,0.06195636851980528,0.0989145058248913,UPI,0.4016175165203669,0,0
1372,34,Tier2,Startup,83959,20401,3,10,14,4,0.07638543813513732,0.0990176760872417,UPI,0.2429876487333103,0,2
1373,21,Tier2,Gig,75657,27338,1,7,6,2,0.2209032902582393,0.03216781837699447,NetBanking,0.3613413167320935,0,2
1374,28,Tier2,Startup,27807,12661,1,14,12,1,0.16504293893711183,0.12087158351338696,UPI,0.45531700650915236,1,106
1375,54,Tier2,Gig,77977,30338,3,22,14,2,0.017754712667971777,0.0321201433744346,Wallet,0.38906344178411584,0,3
1376,45,Tier2,Startup,18083,8469,0,9,12,3,0.17803074290290094,0.03193639722670791,UPI,0.46834043023834543,0,2
1377,40,Tier2,Startup,46226,19228,2,12,6,1,0.4802934245954884,0.0330669199061733,UPI,0.41595638817981223,0,4
1378,41,Tier3,Gig,63435,10472,1,23,8,2,0.04972315088911867,0.1792883423991407,UPI,0.1650823677780405,0,1
1379,32,Tier1,MNC,40890,15559,1,23,9,1,0.4645966227352749,0.09099981740523014,UPI,0.3805086818292981,0,2
1380,50,Tier2,SME,63218,26161,1,13,1,4,0.35765096707468796,0.0001372849007048427,Card,0.4138220127178968,0,1
1381,36,Tier2,MNC,55087,12353,2,15,3,3,0.15962823927838732,0.06331211275531701,Card,0.22424528473142483,0,2
1382,26,Tier1,Gig,69979,27410,2,11,12,3,0.06902775188723538,0.06119517632074153,NetBanking,0.39168893525200416,0,1
1383,22,Tier2,Startup,75879,36118,1,20,17,1,0.24674066356947327,0.07060802407496447,NetBanking,0.475994675733734,0,3
1384,40,Tier3,MNC,55431,11341,3,20,9,4,0.09409239742097854,0.4015844893943962,Card,0.20459670581443595,0,3
1385,25,Tier2,Startup,44295,12630,0,12,16,3,0.16287876740985885,0.13907330882279287,Card,0.2851337622756519,0,2
1386,37,Tier2,SME,84850,15037,2,14,10,2,0.34143096379392385,0.01525561525490095,UPI,0.17721862109605185,0,2
1387,49,Tier3,SME,85260,31276,3,15,4,3,0.12751615783641151,0.07223331363956337,UPI,0.3668308702791461,1,102
1388,37,Tier1,Gig,61156,25524,3,21,6,4,0.3277226304012876,0.059595239829313404,UPI,0.41735888547321603,0,2
1389,41,Tier3,MNC,80441,24511,1,22,5,1,0.14488306299195464,0.004764180944190864,UPI,0.3047077982620803,0,1
1390,46,Tier3,SME,58922,23073,2,19,5,4,0.3922535828563759,0.11344878094473566,Card,0.3915854858966091,0,3
1391,35,Tier2,Gig,59208,17687,2,21,15,1,0.16645246289536314,0.04380884173022013,Wallet,0.298726523442778,0,4
1392,35,Tier2,Startup,72927,23162,3,15,7,2,0.24424663286425333,0.2815394184997039,UPI,0.3176052765093861,0,2
1393,23,Tier2,Gig,72315,16184,1,19,7,5,0.1525066436756579,0.01731052934435816,UPI,0.22379865864620066,0,1
1394,44,Tier1,MNC,59022,26764,1,22,12,3,0.3505050312028533,0.2841383054799562,Card,0.4534580325980143,0,3
1395,21,Tier1,Startup,26003,8484,1,19,3,1,0.308525624762262,0.06991914355245246,Card,0.3262700457639503,0,0
1396,30,Tier2,MNC,66474,24980,3,12,9,1,0.35021763036249226,0.07052623486160763,UPI,0.375786021602431,0,2
1397,30,Tier2,Startup,67440,24873,2,14,12,1,0.07326266310497043,0.10773836008054946,UPI,0.3688167259786477,1,47
1398,25,Tier2,SME,77166,19638,2,12,16,1,0.22517464745313925,0.03592336369896463,UPI,0.25449031957079543,0,2
1399,46,Tier2,MNC,38800,8305,1,15,3,1,0.26098902929422674,0.07129681809072431,UPI,0.2140463917525773,1,62
1400,47,Tier1,SME,65412,30835,1,20,12,1,0.1974512471175613,0.046666918383981036,Card,0.471396685623433,0,2
1401,25,Tier1,MNC,59117,29037,1,10,9,3,0.29032183911518317,0.11640043027024324,UPI,0.49117851041155675,0,2
1402,38,Tier3,Gig,66706,15156,3,9,12,1,0.188843885037644,0.03458501365913774,UPI,0.22720594849039066,0,2
1403,29,Tier1,SME,76492,19980,2,19,2,2,0.3061736979860715,0.17327006419955002,Card,0.26120378601683836,0,1
1404,29,Tier1,Gig,82308,36243,1,20,7,0,0.3738871738155749,0.1141030772898085,UPI,0.44033386791077417,1,38
1405,26,Tier2,Startup,75910,15509,2,21,10,4,0.2759382691313592,0.15849643456605536,Card,0.20430773284152284,0,3
1406,36,Tier1,MNC,51814,12211,0,20,5,1,0.1284911115629209,0.4371414360320171,UPI,0.2356698961670591,0,3
1407,53,Tier1,MNC,57980,12746,2,10,6,1,0.3302024698108595,0.21969013905864648,Card,0.2198344256640221,0,2
1408,42,Tier1,MNC,61783,13653,0,8,10,2,0.2503109923251223,0.12799607368467777,NetBanking,0.22098311833352216,0,2
1409,21,Tier2,Gig,66484,27158,2,7,6,1,0.23873873737849097,0.051756552287760486,Card,0.40848926057397267,0,3
1410,29,Tier1,MNC,82086,28065,1,18,8,4,0.11569342481378656,0.194814429277857,UPI,0.3418975221109568,0,2
1411,31,Tier1,Gig,81501,37196,1,8,16,1,0.6833394949285555,0.1289357580688967,Card,0.45638703819585036,1,118
1412,27,Tier3,Gig,89009,22639,2,16,9,2,0.11670207028222881,0.36295677430648576,UPI,0.25434506622925773,1,98
1413,26,Tier2,MNC,61262,16699,1,7,17,1,0.13664435924295684,0.17923978964599202,UPI,0.2725833306127779,0,2
1414,54,Tier2,MNC,27799,7187,1,19,8,2,0.3223411811625731,0.028754645542018772,Card,0.2585344796575416,0,4
1415,43,Tier1,MNC,52140,18015,2,10,6,1,0.2592819531803618,0.009274271490342842,Card,0.345512082853855,0,2
1416,27,Tier2,MNC,36441,13436,2,22,7,1,0.22027598968230197,0.12264568039223032,Card,0.3687055788809308,0,0
1417,38,Tier2,MNC,65117,27958,2,11,3,0,0.1689319222783486,0.057962813020434704,UPI,0.429350246479414,0,0
1418,32,Tier1,Startup,31013,4687,2,11,9,1,0.26909121565435207,0.016885690678489974,UPI,0.15113017121852126,0,0
1419,32,Tier2,Gig,73239,15346,1,17,14,3,0.08153326190746793,0.023437411793288752,Card,0.20953317221698822,0,0
1420,34,Tier2,Gig,64131,11013,1,14,3,2,0.059869428848456224,0.05075410367807766,UPI,0.17172662207044956,0,0
1421,52,Tier1,Gig,43123,13897,2,18,8,3,0.4875205398876913,0.13564086065068537,Card,0.32226422094937734,0,2
1422,50,Tier3,SME,53544,23259,2,7,10,1,0.2630683570872491,0.15894426532932573,Wallet,0.4343904078888391,1,119
1423,39,Tier3,SME,74773,12117,3,18,4,1,0.17465450329561147,0.07310124191549092,Card,0.16205047276423307,0,0
1424,30,Tier2,MNC,68205,29685,3,22,12,2,0.37794511630238276,0.14545536029841633,UPI,0.43523202111282167,0,3
1425,50,Tier1,SME,67860,33247,0,17,2,0,0.2745643722030405,0.06661717294161845,UPI,0.4899351606248158,0,3
1426,28,Tier2,SME,82655,15404,2,9,15,4,0.38910997593083907,0.23619078509956615,NetBanking,0.18636501119109553,0,1
1427,22,Tier1,MNC,61597,24791,3,18,13,2,0.33091104120137493,0.19728734489000807,UPI,0.4024708995567966,0,1
1428,25,Tier2,Startup,57878,21164,2,8,11,2,0.1654969891411193,0.1103778557591257,UPI,0.3656657106327102,0,0
1429,39,Tier2,MNC,46743,14676,0,23,14,1,0.21149880481199698,0.16884197812505736,UPI,0.31397214556190234,0,0
1430,46,Tier1,Gig,67504,27758,2,17,8,0,0.30095554581406253,0.08456024894943441,UPI,0.4112052619104053,0,3
1431,28,Tier1,MNC,49796,11655,0,11,16,0,0.32005539598800153,0.01900751274378961,Card,0.23405494417222267,0,1
1432,40,Tier2,MNC,69007,11613,2,14,15,2,0.31053698851569655,0.04645490128047108,UPI,0.1682872752039648,0,1
1433,30,Tier3,SME,32893,8730,2,6,15,0,0.2819474626375781,0.044797455666947185,NetBanking,0.2654060134375095,0,3
1434,24,Tier3,Startup,78495,27674,2,13,0,4,0.12068530970696344,0.054060758804442804,UPI,0.3525574877380725,0,2
1435,42,Tier1,SME,40312,15174,2,13,6,4,0.17545630915032512,0.0675078056917875,UPI,0.3764139710259972,0,1
1436,36,Tier1,Startup,67792,25291,0,12,10,3,0.13870824074678823,0.022852157327588572,UPI,0.37306761859806464,0,2
1437,33,Tier1,MNC,47749,21983,1,16,1,1,0.4578530237824383,0.0032069773871711642,Card,0.4603866049550776,1,100
1438,54,Tier2,MNC,70696,25773,2,16,3,2,0.30990274594937034,0.16902044261259958,UPI,0.3645609369695598,0,2
1439,53,Tier1,SME,53761,10746,1,11,3,2,0.28526010451272604,0.02091613128031254,Card,0.1998846747642343,0,2
1440,52,Tier2,SME,53215,21896,1,7,1,2,0.3521923461355987,0.14712780457020327,UPI,0.41146293338344453,0,0
1441,27,Tier2,MNC,60429,27572,3,12,9,2,0.06362944730244882,0.062484353107611544,Wallet,0.4562709957139784,1,94
1442,40,Tier2,MNC,69676,25754,3,6,7,2,0.14435209124015336,0.04712892834566572,NetBanking,0.3696251219932258,0,2
1443,34,Tier3,Gig,82835,22867,3,21,11,3,0.2991359265252008,0.18000753816625864,NetBanking,0.2760548077503471,1,109
1444,28,Tier2,Startup,79579,29410,2,9,10,0,0.409840741945468,0.18279165658261523,NetBanking,0.36956986139559433,0,3
1445,39,Tier3,MNC,74032,20450,2,15,12,2,0.3997057319821067,0.016372692719422228,UPI,0.27623189971904044,0,2
1446,41,Tier2,Startup,52919,9964,3,15,0,2,0.13708971711443618,0.12797133901658825,UPI,0.18828776053969273,0,1
1447,49,Tier3,SME,51542,12132,1,22,9,2,0.043566171139859534,0.30955396990730705,NetBanking,0.23538085444879903,1,80
1448,38,Tier2,MNC,64041,12394,1,9,7,1,0.25292844470138576,0.04525910605568175,Card,0.19353226839056228,0,2
1449,40,Tier1,MNC,61705,24473,2,12,16,1,0.34818875824539997,0.025713472582019073,UPI,0.3966129162952759,0,5
1450,53,Tier2,MNC,45832,12268,1,8,11,1,0.22195579583109293,0.049868598054243166,UPI,0.2676732414033863,0,3
1451,26,Tier2,MNC,33383,11672,1,14,16,1,0.12780698328178725,0.0349300674604372,UPI,0.3496390378336279,0,0
1452,21,Tier1,SME,46309,14255,2,12,11,0,0.21385745123977423,0.19755231801425494,Card,0.30782353322248374,0,4
1453,26,Tier1,MNC,69600,18728,2,6,0,2,0.20675447011076584,0.016779107597191326,UPI,0.26908045977011497,0,5
1454,31,Tier2,SME,76806,12987,1,21,2,2,0.27886515923630817,0.16079681798250903,UPI,0.1690883524724631,0,3
1455,30,Tier2,Gig,48310,13351,1,11,6,2,0.14970627299510042,0.14982644223200295,Card,0.2763610018629683,0,2
1456,34,Tier1,Gig,52985,22926,2,19,3,2,0.20035030694886435,0.08163181431080181,UPI,0.4326884967443616,0,1
1457,43,Tier1,SME,87882,36015,3,7,16,3,0.528656009779501,0.04876244518562461,Card,0.4098108827746296,0,0
1458,45,Tier3,Startup,50241,19718,3,8,11,4,0.4929946944722535,0.04092426806168321,UPI,0.3924683027805975,0,2
1459,44,Tier3,Startup,49561,17716,3,21,3,1,0.27327992601110107,0.06898873361659108,Card,0.3574584855027138,1,45
1460,46,Tier1,MNC,80869,34704,1,16,14,2,0.17575357206651004,0.009914467710446897,UPI,0.42913848322595805,0,2
1461,38,Tier1,SME,64795,19070,1,18,3,1,0.07733847046190931,0.07660888656256154,Card,0.2943128327803071,0,2
1462,45,Tier3,SME,47093,23433,3,19,1,1,0.4619819071289594,0.07140964988338373,UPI,0.49758987535302485,1,84
1463,50,Tier1,Gig,42680,15427,3,20,14,2,0.1120130845824261,0.007361676964491238,NetBanking,0.36145735707591375,0,2
1464,40,Tier2,Gig,65897,18195,1,19,6,4,0.14692225980465287,0.06809439296356688,NetBanking,0.2761127213681958,1,33
1465,48,Tier1,Gig,54277,21206,2,20,11,2,0.36996501053149017,0.17526251197858875,UPI,0.39069955966615694,0,2
1466,39,Tier1,SME,48936,22620,1,19,13,3,0.03933088753341371,0.33046181454004997,UPI,0.46223639038744485,1,77
1467,32,Tier1,Gig,54121,24350,2,12,8,0,0.26036419983178977,0.012094436681867873,NetBanking,0.44991777683339185,0,0
1468,30,Tier2,SME,36830,11763,2,20,16,0,0.20596792657003504,0.4436874179567256,UPI,0.31938636980722235,1,57
1469,49,Tier1,MNC,73576,36122,3,12,10,3,0.08381331208670763,0.02655063939766924,Card,0.49094813526149833,1,40
1470,50,Tier1,Startup,69088,28900,1,23,8,3,0.395724124777494,0.13844075517900428,Card,0.4183070866141732,0,0
1471,27,Tier1,MNC,89729,28221,2,18,17,2,0.39322581426990283,0.09694466656915707,NetBanking,0.3145137023704711,0,2
1472,35,Tier1,Startup,55791,12499,3,14,8,2,0.24044845875351223,0.046725473206248064,UPI,0.22403255005287592,0,2
1473,42,Tier2,MNC,64446,13666,2,21,16,2,0.1440140263651876,0.17787596533857747,NetBanking,0.2120535021568445,0,4
1474,33,Tier1,MNC,39919,9348,1,22,8,3,0.18657489378186934,0.2203398020780276,NetBanking,0.2341742027605902,0,0
1475,38,Tier1,Gig,55101,22333,2,12,13,4,0.5740209212999019,0.0025129523126094645,Card,0.40531024845284114,1,109
1476,48,Tier1,SME,67703,16889,1,10,0,0,0.19915479458354798,0.014344793292239524,NetBanking,0.24945718801234806,1,109
1477,29,Tier2,MNC,46584,10581,3,17,7,0,0.24834551210178998,0.04938129394787777,NetBanking,0.2271380731581659,0,3
1478,45,Tier2,Gig,49583,7484,1,8,9,2,0.20643228980637346,0.015990271761043336,UPI,0.15093882984087287,0,1
1479,35,Tier2,Startup,61123,24124,3,13,16,5,0.20180239692580995,0.08380653874221644,NetBanking,0.394679580517972,0,5
1480,31,Tier2,MNC,54270,13587,3,21,14,2,0.39800993467001866,0.08041851997972504,UPI,0.25035931453841903,0,3
1481,23,Tier1,MNC,57263,19558,2,10,12,2,0.1843678215201831,0.08226783549600694,UPI,0.34154689764769575,0,0
1482,21,Tier1,MNC,67665,32084,2,16,6,2,0.2571644644008741,0.04734732001219378,UPI,0.47415946205571563,1,37
1483,27,Tier1,Gig,76959,21380,1,23,15,4,0.19740154041139005,0.0869477834816929,UPI,0.27781026260736236,0,2
1484,21,Tier1,Gig,68133,10936,2,11,1,2,0.132237510698678,0.0394134235368908,UPI,0.16050959153420516,0,3
1485,39,Tier2,Gig,77788,29863,2,17,10,3,0.16212361843619785,0.30197295212732955,Wallet,0.3839024013986733,1,116
1486,49,Tier2,MNC,31384,10979,2,9,2,1,0.12238077548664808,0.030269773815238498,Card,0.349827937802702,0,6
1487,22,Tier1,MNC,81200,25444,2,14,14,1,0.29824955159823613,0.17471525436564045,UPI,0.3133497536945813,0,2
1488,26,Tier3,Gig,41459,14040,3,18,9,4,0.23695870472387182,0.04162418903025779,UPI,0.338647820738561,1,50
1489,50,Tier1,Startup,50710,23983,2,23,9,3,0.26157162713201276,0.052165965807586125,Card,0.47294419246696906,0,1
1490,41,Tier3,MNC,55584,20833,3,10,17,2,0.5945263601569978,0.04138333804277437,UPI,0.37480210132412206,0,1
1491,47,Tier2,MNC,64934,14822,0,18,9,0,0.26775365309376176,0.06722134009500542,UPI,0.22826254350571348,1,38
1492,41,Tier1,Gig,34912,14082,2,12,13,2,0.15006333593549923,0.007060910130408032,UPI,0.4033570119156737,0,6
1493,53,Tier2,MNC,77340,12946,1,8,10,5,0.3157194752564135,0.061305602240202706,NetBanking,0.1673907421773985,0,0
1494,28,Tier2,Startup,66714,20466,2,14,5,1,0.3661931461495338,0.08129263533925522,UPI,0.30677219174386183,0,2
1495,49,Tier1,SME,51503,21309,2,12,13,2,0.07375599539445687,0.06723366900450363,Card,0.4137428887637613,0,2
1496,36,Tier3,SME,71086,11680,2,14,8,3,0.34403435708548136,0.12052997049191881,NetBanking,0.16430802127001098,0,2
1497,22,Tier1,MNC,58684,9653,2,12,4,0,0.15138944070231214,0.09265108099675838,UPI,0.16449117306250427,0,1
1498,35,Tier1,MNC,60575,19402,1,6,2,1,0.2243531907286274,0.03361627646682204,Card,0.3202971522905489,0,5
1499,35,Tier2,Gig,72049,18246,2,15,14,4,0.2594493219218962,0.21105095073344257,NetBanking,0.2532443198378881,1,30
1500,38,Tier2,Gig,60214,12650,3,23,1,1,0.23974116519372737,0.008704440454059936,UPI,0.21008403361344538,0,2
1501,26,Tier2,SME,55660,19241,2,18,14,1,0.07719430452624462,0.03287382309646135,UPI,0.3456881063600431,0,2
1502,50,Tier1,SME,65687,27480,2,11,15,2,0.043909516720920624,0.11464470110657687,NetBanking,0.4183476182501865,0,2
1503,31,Tier2,Gig,62255,11209,1,19,14,2,0.2994689185463323,0.010309764049790398,NetBanking,0.18004979519717293,0,3
1504,52,Tier2,MNC,69859,30369,2,19,9,1,0.0957663510780716,0.28522901291072367,UPI,0.43471850441603804,0,5
1505,54,Tier2,Startup,69406,29832,2,6,13,3,0.2618632313369988,0.1265757216778216,Card,0.42981874765870387,0,4
1506,23,Tier2,Startup,20236,4434,2,10,0,1,0.23776304214495847,0.0878758308435203,UPI,0.21911444949594783,0,0
1507,45,Tier1,SME,27874,11674,1,21,8,3,0.28460205665888627,0.09427834292456497,Card,0.4188132309679271,0,3
1508,35,Tier1,Gig,60279,18324,2,11,14,2,0.37813853745557935,0.056974283120520074,NetBanking,0.3039864629472951,0,2
1509,38,Tier3,SME,73642,36484,2,9,12,2,0.08752289781951927,0.19503227443132798,UPI,0.4954238070666196,1,30
1510,31,Tier1,Startup,66504,28547,2,14,12,2,0.35321637868558176,0.08906593599908462,UPI,0.42925237579694453,0,2
1511,34,Tier1,Startup,65687,24666,2,14,13,2,0.26013986247371274,0.0018265666553800254,UPI,0.3755080914031696,0,2
1512,47,Tier1,Startup,47677,21929,1,9,14,2,0.3248761348105937,0.07990134517697954,UPI,0.45994924177276253,0,5
1513,41,Tier2,MNC,62566,25497,2,8,2,1,0.49544344499007514,0.35248243290487746,UPI,0.40752165713007066,0,2
1514,32,Tier2,Startup,36065,6376,2,9,6,2,0.00321208423785491,0.168297611673401,UPI,0.1767919035075558,0,1
1515,45,Tier1,SME,68812,16632,0,14,16,5,0.16737236571474373,0.01547295780224531,Card,0.24170202871592164,0,4
1516,37,Tier2,MNC,39038,7361,0,23,10,1,0.14513938129460766,0.25975826326029666,UPI,0.18855986474716943,0,1
1517,45,Tier1,Startup,59487,22755,2,16,12,1,0.2784855861884605,0.006947673377781166,NetBanking,0.38252055070855817,0,3
1518,45,Tier1,MNC,82400,15946,2,20,15,2,0.195511192927788,0.01600267473821189,UPI,0.19351941747572815,0,0
1519,50,Tier1,SME,70337,12557,0,8,8,3,0.02254518588032287,0.10050555570226785,UPI,0.1785262379686367,1,60
1520,42,Tier2,SME,60300,18946,2,9,9,6,0.3509960455401063,0.07813367467947636,UPI,0.31419568822553895,0,1
1521,46,Tier2,MNC,71458,20688,2,16,13,2,0.2644033989890158,0.016856442473204288,NetBanking,0.28951272075904727,0,2
1522,46,Tier1,MNC,73026,12764,2,9,8,1,0.25533957407848995,0.04981728957901356,Card,0.1747870621422507,0,4
1523,48,Tier1,Startup,50756,21814,3,14,1,1,0.5904454082402555,0.05935601285083412,UPI,0.4297817006856332,0,2
1524,35,Tier1,MNC,40712,14814,1,17,10,1,0.556729626857208,0.02263746787202468,NetBanking,0.36387305954018473,1,88
1525,29,Tier2,MNC,75791,11547,1,22,5,3,0.39250031647872485,0.12420169958074294,UPI,0.15235318177620033,0,4
1526,39,Tier1,MNC,61957,12379,1,19,8,2,0.10758344325285926,0.10020918881783832,UPI,0.19979986119405393,0,2
1527,36,Tier1,Startup,55343,26595,1,7,15,1,0.1491220198608705,0.006982343983078504,Card,0.4805485788627288,0,0
1528,30,Tier1,Startup,55586,26836,1,22,8,1,0.2323023819305264,0.1716409372547026,Card,0.48278343467779655,0,1
1529,29,Tier2,MNC,38667,11324,2,14,7,0,0.33708180244899194,0.007217820263309439,Card,0.29285954431427313,0,1
1530,47,Tier1,SME,45494,15067,2,19,7,0,0.6465203386764873,0.00843198063381193,UPI,0.33118653009188026,0,2
1531,41,Tier2,Gig,71294,21109,1,10,5,1,0.3331600406129398,0.07567762374674243,NetBanking,0.2960838219204982,0,2
1532,50,Tier2,MNC,51217,11721,1,12,14,1,0.1505012032019248,0.07555259778430798,UPI,0.2288497959661831,0,3
1533,39,Tier1,MNC,43526,21196,0,16,4,0,0.43104292009101175,0.021105604069074232,UPI,0.48697330331296235,1,83
1534,31,Tier2,Gig,54754,16227,2,17,3,1,0.4959586488137278,0.095928995525568,UPI,0.296361909632173,0,0
1535,49,Tier2,Gig,62497,19302,1,20,14,2,0.2833374785695587,0.17663227509026994,Card,0.30884682464758306,0,2
1536,37,Tier3,SME,55986,16968,3,8,16,1,0.18785480307717362,0.34606216398872464,UPI,0.30307576894223553,0,4
1537,21,Tier3,MNC,29109,12493,1,20,11,1,0.17067258091173385,0.1434484108138705,Card,0.4291799787007455,0,4
1538,24,Tier2,MNC,48184,12750,2,8,14,4,0.4284547468574839,0.14928774394331587,UPI,0.26461065913996346,0,3
1539,38,Tier2,MNC,84470,24560,0,12,16,1,0.16147961449386702,0.08427872555326903,UPI,0.29075411388658695,0,4
1540,24,Tier2,MNC,56290,22685,2,12,5,3,0.46570516527401223,0.04625955931021304,NetBanking,0.40300230946882215,0,7
1541,48,Tier1,MNC,52174,23278,3,6,5,3,0.27412010329852693,0.07205849509485866,Wallet,0.4461609230651282,0,0
1542,25,Tier2,Startup,84853,23880,1,21,15,1,0.19394783151500172,0.33232180758824725,UPI,0.28142788115918116,0,2
1543,37,Tier1,SME,79332,25974,2,11,17,2,0.11818978061292491,0.08228285434065877,Card,0.32740886401452124,0,5
1544,42,Tier1,SME,47443,19815,3,8,12,5,0.3202314772656643,0.26486792809403775,UPI,0.41765908563960963,0,2
1545,21,Tier2,SME,71326,14002,1,16,15,3,0.37185222298607407,0.247539046599409,UPI,0.19630990101786164,0,1
1546,47,Tier1,Startup,50612,22513,2,7,17,1,0.35257031039355546,0.019355896353239224,Wallet,0.444815458784478,0,1
1547,23,Tier2,Startup,78317,20065,3,20,15,3,0.21650128464348517,0.054056455744901026,Card,0.25620235708722244,0,3
1548,25,Tier2,SME,72589,31866,2,20,6,1,0.04601481946919246,0.3008425685749559,UPI,0.43899213379437657,0,1
1549,22,Tier2,Startup,65689,20939,0,10,2,2,0.2954246040654706,0.0043058128595233934,Card,0.318759609675897,0,1
1550,54,Tier3,SME,50512,9174,1,7,8,1,0.18443738010101446,0.11805071509153141,UPI,0.18162020905923346,1,73
1551,35,Tier2,Startup,74918,15637,2,15,5,0,0.03537617099111153,0.06629394980278917,UPI,0.20872153554552977,0,4
1552,33,Tier1,MNC,50379,9831,2,7,2,3,0.2696092181394938,0.12592533676905215,Card,0.19514083248972786,1,88
1553,28,Tier1,MNC,75871,16302,1,14,4,3,0.342866232997754,0.12184115342100607,UPI,0.2148647045643263,0,1
1554,51,Tier2,MNC,85843,40231,1,10,2,0,0.05355594849360532,0.10639537011135222,UPI,0.4686578987220857,0,1
1555,41,Tier3,SME,45880,8636,1,11,9,1,0.13970444121948564,0.09097096178245624,UPI,0.1882301656495205,0,2
1556,54,Tier1,SME,84059,31565,2,22,6,2,0.16718059821528808,0.21648005600331563,Card,0.37551005841135393,0,5
1557,54,Tier3,MNC,43623,14473,3,20,6,1,0.38037545162494235,0.08118421195480802,UPI,0.33177452261421725,0,1
1558,49,Tier1,MNC,61702,24914,2,9,13,1,0.29609279418552575,0.03639285784117889,Card,0.4037794560954264,0,2
1559,47,Tier2,MNC,55480,18421,1,17,2,3,0.24348274947587986,0.010258525491496955,UPI,0.3320295602018746,0,2
1560,33,Tier1,Gig,29260,13363,0,19,6,0,0.15065718456006838,0.07433237424820952,UPI,0.45669856459330144,1,65
1561,32,Tier2,Gig,51225,9396,2,17,0,4,0.1601449433008735,0.01565442360051181,NetBanking,0.18342606149341142,0,1
1562,21,Tier1,MNC,48913,20002,1,11,13,1,0.25088250586081967,0.10703256818858758,Card,0.40893014127123667,0,1
1563,47,Tier1,MNC,92735,17733,2,10,14,1,0.06942016070149715,0.027059859321218516,NetBanking,0.19122230010244246,0,1
1564,38,Tier1,SME,76754,19841,1,23,17,1,0.3425119741609057,0.05062184998108966,Wallet,0.2585011856059619,0,3
1565,50,Tier1,Gig,50605,16889,1,17,5,4,0.26470962801885256,0.035327656762897626,UPI,0.3337417251259757,0,2
1566,37,Tier1,SME,56766,17727,2,6,5,5,0.2341350888267854,0.0914046496199382,UPI,0.3122819997886059,0,2
1567,21,Tier1,SME,49171,8516,1,7,16,1,0.37170656303284555,0.08533811775312458,NetBanking,0.17319151532407312,0,2
1568,21,Tier3,MNC,73061,29073,2,20,8,1,0.1825743472820729,0.061749402445681924,UPI,0.39792775899590754,0,3
1569,48,Tier3,Startup,70067,18748,1,6,14,1,0.4621547664097918,0.2240062921287239,Wallet,0.26757246635363297,1,105
1570,50,Tier2,Gig,44227,12414,2,21,17,6,0.1785631569696596,0.17137902058897675,UPI,0.28068826734800006,0,0
1571,33,Tier2,Startup,72918,15599,2,11,14,0,0.2703567527730185,0.06341320508580255,UPI,0.2139252310814888,0,0
1572,25,Tier1,Startup,43487,18119,2,22,7,1,0.2514593004099962,0.008489418650010938,UPI,0.41665325269620807,0,0
1573,22,Tier1,SME,66394,12993,2,16,12,3,0.2707001013117349,0.18477540288291475,UPI,0.1956953941621231,0,2
1574,42,Tier3,SME,46005,11141,1,8,10,2,0.4298117685699972,0.07971577019717772,Wallet,0.24216932942071515,0,4
1575,49,Tier3,Startup,63805,14692,2,10,16,5,0.3750985371470695,0.0249705989556615,UPI,0.230264085886686,0,1
1576,29,Tier1,SME,53560,25012,2,19,3,4,0.27233281670841963,0.004224496686121361,UPI,0.4669902912621359,0,3
1577,27,Tier1,MNC,68566,31586,2,18,11,2,0.30304232403940684,0.04051803896415398,UPI,0.460665636029519,0,5
1578,35,Tier1,Startup,102963,46105,1,14,5,2,0.265455824041962,0.06099559855565463,Card,0.44778221302798094,0,1
1579,47,Tier1,MNC,65271,23010,1,11,2,4,0.22948494427840657,0.0021850399681753816,NetBanking,0.3525302201590293,0,1
1580,36,Tier2,MNC,72946,17025,3,13,11,0,0.138739106236249,0.12735576033234278,NetBanking,0.23339182408905218,0,2
1581,38,Tier1,Startup,41844,10038,2,23,1,3,0.16829842840298306,0.045268151746549676,UPI,0.23989102380269572,0,2
1582,40,Tier1,MNC,61513,13072,2,10,1,5,0.3856277086001523,0.047094277516927484,UPI,0.21250792515403247,0,1
1583,39,Tier2,SME,65793,15938,2,9,8,1,0.3100086233108136,0.20175271339939443,NetBanking,0.2422446156885991,0,3
1584,38,Tier3,Gig,43930,15781,2,11,15,2,0.28202334744919366,0.055887191507328814,UPI,0.35923059412702024,0,0
1585,23,Tier1,Startup,63315,24962,2,7,17,2,0.3593916526923873,0.012045491068954955,UPI,0.39425096738529575,0,0
1586,33,Tier1,Gig,13416,3853,2,21,13,3,0.2912712920386583,0.031131069331481298,NetBanking,0.2871943947525343,0,1
1587,41,Tier2,MNC,54919,25377,2,21,5,2,0.3510000797429591,0.04806106583457947,UPI,0.46208051858191157,0,1
1588,22,Tier1,MNC,31616,5063,2,23,1,3,0.34198647094380347,0.11370741813603485,UPI,0.16014043522267207,0,3
1589,48,Tier1,Startup,53661,8476,3,14,1,3,0.27574654287259737,0.05374397641869974,UPI,0.1579545666312592,0,2
1590,25,Tier1,Startup,81650,27327,1,23,15,1,0.26471550082056666,0.05036148543620735,UPI,0.3346846295162278,0,3
1591,21,Tier2,MNC,74130,13826,1,7,9,1,0.1538293476128135,0.06398884612041718,NetBanking,0.1865101848104681,0,2
1592,42,Tier3,SME,46015,22822,2,19,4,2,0.13889875225866,0.10357674216092358,NetBanking,0.4959687058567858,0,1
1593,42,Tier1,Gig,52842,18440,2,14,4,5,0.1132371634432419,0.08697667498122137,Card,0.34896483857537564,0,2
1594,41,Tier2,MNC,39241,9621,1,9,1,0,0.34975914399727365,0.09465881852002997,UPI,0.24517723809281108,0,2
1595,40,Tier2,MNC,96893,36945,1,18,15,3,0.2878527988851291,0.026510705720446073,NetBanking,0.3812968945125035,0,2
1596,43,Tier1,MNC,66458,11933,2,12,2,4,0.2443910485606783,0.06124643854828836,Card,0.1795570134521051,0,2
1597,33,Tier1,MNC,39641,18571,1,16,16,3,0.443852286748311,0.1439985067552111,UPI,0.4684796044499382,0,0
1598,23,Tier1,Startup,21188,3482,2,9,15,2,0.09531601993948494,0.027136214929334636,UPI,0.164338304700774,0,0
1599,45,Tier1,MNC,56382,15527,0,18,5,4,0.3324392555079888,0.1383066374753836,UPI,0.27538930864460287,0,2
1600,29,Tier3,Gig,72125,30233,2,19,8,0,0.27076235153503175,0.3143859025603759,Card,0.41917504332755634,0,1
1601,23,Tier1,Startup,65272,16279,0,13,4,1,0.5316198336148092,0.12516766377180574,UPI,0.2494025003064101,1,98
1602,28,Tier3,Gig,38300,9376,1,14,14,0,0.48966693522564037,0.0029817158922994897,NetBanking,0.2448041775456919,0,1
1603,50,Tier1,Gig,49023,16367,3,22,5,2,0.1889751412674849,0.07485875517629491,Card,0.33386369663219306,0,2
1604,48,Tier1,MNC,55123,19304,1,20,9,4,0.13064758747820274,0.30281097234601284,UPI,0.3501986466629175,0,2
1605,24,Tier2,Startup,73550,31921,1,6,5,1,0.2608897286545982,0.07014189543036128,UPI,0.4340040788579198,0,0
1606,46,Tier1,Startup,64594,12828,2,6,9,4,0.14978623401092944,0.10208135494191209,UPI,0.19859429668390252,0,2
1607,39,Tier3,MNC,54703,12258,2,15,12,2,0.10502297520194187,0.10307621702612157,UPI,0.22408277425369724,1,99
1608,46,Tier2,Startup,83508,23538,3,21,14,3,0.15446199434651675,0.004914452791251786,UPI,0.2818652105187527,0,1
1609,45,Tier2,SME,29379,14066,1,13,6,1,0.43721035658452934,0.08098061601954523,UPI,0.47877735797678617,1,35
1610,54,Tier2,Startup,70439,13052,2,13,8,0,0.13828942867627209,0.08649426835645285,NetBanking,0.1852950780107611,0,0
1611,41,Tier1,Startup,35616,10606,2,21,16,4,0.6836238883847705,0.27752938876298666,UPI,0.29778751123090746,1,70
1612,52,Tier2,SME,40492,7614,2,6,8,1,0.11185938796226745,0.14583133801396264,UPI,0.18803714313938555,1,73
1613,47,Tier2,MNC,32440,8145,1,19,8,3,0.18338994631256036,0.09247614656799082,UPI,0.251078914919852,0,0
1614,42,Tier2,Gig,71856,34861,2,10,12,3,0.33910561613643786,0.05133370130924024,Card,0.48515085727009577,0,2
1615,33,Tier2,MNC,33306,10521,0,12,17,0,0.1311719800514,0.1034444928796832,NetBanking,0.31588902900378313,0,1
1616,38,Tier2,SME,12000,5782,2,21,10,2,0.3774130438259725,0.3708701697101094,NetBanking,0.48183333333333334,1,31
1617,52,Tier2,MNC,67591,22150,1,10,8,2,0.23584358699509986,0.10194977835141963,Card,0.3277063514373215,0,4
1618,48,Tier1,SME,65313,15271,0,18,4,5,0.22410637119569643,0.03978221854877159,UPI,0.2338125641143417,0,0
1619,37,Tier2,SME,59275,25747,0,9,10,1,0.14811744782161892,0.31681617677259566,Wallet,0.434365246731337,0,2
1620,39,Tier1,Startup,48505,20293,3,16,7,2,0.33414209214269935,0.05630339303206838,Wallet,0.4183692402845067,0,4
1621,42,Tier3,Gig,56792,9446,2,9,7,2,0.20661694780909137,0.08075438550699303,Card,0.16632624313283562,0,1
1622,47,Tier2,MNC,82701,38309,2,14,3,3,0.12573543195673326,0.04988705856960882,UPI,0.46322293563560296,1,49
1623,28,Tier1,MNC,78291,36582,1,13,4,4,0.21015871820020954,0.09426179436459842,UPI,0.46725677280913513,0,2
1624,27,Tier2,Startup,67730,17150,2,13,7,0,0.5346256596747672,0.14584512203550345,NetBanking,0.25321128008268123,0,3
1625,45,Tier1,Startup,85437,32127,3,20,6,1,0.38085969148106286,0.032036213045293076,Card,0.3760314617788546,1,93
1626,38,Tier2,SME,58469,17972,1,6,3,3,0.3260634043428225,0.15471075858724567,Card,0.3073765585181891,0,2
1627,39,Tier1,Startup,77051,26214,3,18,12,1,0.3995681848144341,0.03360020239231603,Card,0.3402162204254325,0,0
1628,37,Tier3,Gig,34355,10676,2,8,13,1,0.6618000489490133,0.022046487912154075,UPI,0.31075534856643866,0,4
1629,44,Tier1,Gig,69412,33882,3,6,8,1,0.5274384749026013,0.07720948938419896,UPI,0.4881288538004956,1,105
1630,37,Tier1,SME,54187,8888,0,11,9,5,0.363614442807358,0.06751080617024946,Card,0.1640245815416982,1,58
1631,43,Tier1,Gig,50048,12289,1,10,7,3,0.3455854532663398,0.005252387817225967,Card,0.24554427749360613,0,1
1632,38,Tier3,MNC,34906,5537,1,21,5,0,0.3587772787680006,0.14424313307517025,NetBanking,0.1586260241792242,0,4
1633,22,Tier3,MNC,69583,14949,1,7,17,2,0.22009963312067182,0.09260982957287006,UPI,0.21483695730278948,1,85
1634,41,Tier1,Gig,50340,12310,1,13,14,2,0.17432109642579366,0.028609239848587924,Card,0.24453714739769566,0,3
1635,23,Tier1,Startup,63429,30559,1,19,6,2,0.10222378749938708,0.10327674935105371,Card,0.48178278074697695,0,0
1636,41,Tier2,SME,73044,33248,1,18,11,3,0.436329986395802,0.24070141203939358,NetBanking,0.45517770111165873,0,2
1637,23,Tier1,Gig,73555,14350,3,17,11,2,0.20422749210641877,0.09956464497408168,UPI,0.19509210794643464,0,2
1638,53,Tier2,MNC,48792,20144,2,12,15,0,0.2479665894077428,0.17833908097661016,UPI,0.4128545663223479,0,6
1639,29,Tier2,SME,100005,46626,2,12,14,1,0.1626795850861225,0.16421522775246414,UPI,0.4662366881655917,1,55
1640,28,Tier2,MNC,63784,14245,2,20,6,1,0.3442990715697182,0.011203285051761273,UPI,0.2233318700614574,0,1
1641,21,Tier1,Gig,86798,21946,2,21,8,1,0.20187367188360958,0.050590577948542104,UPI,0.2528399271872624,0,1
1642,25,Tier1,MNC,48346,17087,2,7,2,2,0.12290258821719896,0.03688313370167883,Card,0.3534315144996484,0,4
1643,22,Tier2,Startup,58041,24694,2,22,4,1,0.20973735024719,0.041172299080263826,UPI,0.42545786599128205,0,0
1644,45,Tier3,MNC,52166,17040,2,10,15,2,0.08386436878558108,0.17373751456236955,Card,0.32664954184718015,0,2
1645,25,Tier3,MNC,77650,23058,1,20,2,1,0.3557849869879049,0.09456333409848844,UPI,0.2969478428847392,1,106
1646,29,Tier1,SME,77244,14858,3,9,3,2,0.31017553255515734,0.008455263887758187,UPI,0.19235150950235616,0,0
1647,51,Tier2,SME,25855,7358,1,10,16,2,0.39495521437014436,0.06512451995257498,UPI,0.2845871204795978,0,3
1648,30,Tier1,MNC,68213,29084,0,20,11,1,0.24886683730170298,0.007012213049772773,UPI,0.4263703399645229,0,1
1649,42,Tier1,SME,56940,22124,2,7,5,1,0.2575455224060506,0.13704895876881484,NetBanking,0.3885493501931858,1,118
1650,27,Tier2,MNC,48984,14502,1,20,1,0,0.07167337733954898,0.22991595165041795,UPI,0.2960558549730524,0,2
1651,34,Tier1,SME,38905,7917,3,6,10,0,0.479562723635679,0.06201038307187622,UPI,0.20349569464079167,0,2
1652,37,Tier2,SME,66404,16230,1,12,17,1,0.18454068119614883,0.12998279579448976,UPI,0.24441298716944762,0,2
1653,50,Tier3,MNC,73777,25727,2,22,6,4,0.5672933584111546,0.0708278607472809,UPI,0.3487130135408054,0,0
1654,34,Tier1,Gig,74514,12461,3,15,8,5,0.3659250711150287,0.21330981375878458,UPI,0.16723031913465927,1,102
1655,34,Tier1,Startup,64694,10964,2,17,7,5,0.22682544174164987,0.018320805819920773,UPI,0.16947475809194051,0,1
1656,54,Tier3,Gig,68942,17671,2,18,9,1,0.5428316562322569,0.09283859895871592,UPI,0.2563169040642859,1,66
1657,33,Tier1,SME,57241,12225,2,15,6,2,0.39583940288946246,0.037132298213361205,NetBanking,0.21357069233591308,1,42
1658,43,Tier2,Startup,67958,22040,0,16,2,3,0.044128141453030456,0.055806313077591846,Card,0.32431796109361666,0,0
1659,53,Tier2,Startup,92030,21990,1,16,9,6,0.5992500864978083,0.12071280636842605,UPI,0.23894382266652178,0,2
1660,40,Tier2,SME,71501,32767,2,6,17,1,0.22449007854089234,0.07159469685525235,Wallet,0.4582733108627851,1,36
1661,45,Tier2,Startup,59843,20275,2,22,13,2,0.22666011867038857,0.14272918148953842,UPI,0.33880320171114414,0,6
1662,40,Tier1,Startup,24786,10037,2,9,15,0,0.1498106210149902,0.14778654267349206,UPI,0.4049463406761882,1,52
1663,45,Tier1,Gig,47207,15364,2,11,2,1,0.11775619258493195,0.15876529283368654,UPI,0.32546020717266505,0,2
1664,30,Tier1,MNC,63061,10086,2,10,8,6,0.19903151857272403,0.1992013620053773,UPI,0.15994037519227414,0,4
1665,40,Tier2,Startup,77514,13469,2,19,13,1,0.2580673096261187,0.04243893370076902,UPI,0.1737621590938411,0,2
1666,51,Tier3,MNC,99544,44723,2,14,5,0,0.2262473069426614,0.10565160560896973,Card,0.44927871092180344,0,2
1667,27,Tier1,MNC,74713,26976,2,10,13,3,0.2454502541722189,0.23001706985248072,UPI,0.36106166262899364,0,1
1668,24,Tier3,Startup,53635,12151,0,7,17,1,0.06979152947960728,0.016911570095655568,UPI,0.22654982753798825,0,6
1669,34,Tier2,SME,111731,39050,1,13,2,2,0.19374784420499386,0.19636830695711943,UPI,0.3495001387260474,0,3
1670,46,Tier2,MNC,57070,11990,2,9,10,4,0.23851231825741423,0.03296352127432602,UPI,0.2100928684072192,0,1
1671,48,Tier2,MNC,48090,8515,2,23,17,3,0.3531585936531674,0.1584345404185748,UPI,0.17706383863589104,0,0
1672,25,Tier1,Gig,82370,12968,2,10,0,2,0.27354032353532765,0.20588691274433946,Card,0.15743595969406338,0,3
1673,42,Tier1,MNC,50347,14564,2,23,6,6,0.21602820335429393,0.0837636280567678,UPI,0.2892724492025344,0,1
1674,37,Tier1,Gig,58182,9490,1,15,11,1,0.3514622473953413,0.005578543456703105,Card,0.16310886528479598,0,1
1675,40,Tier3,MNC,77159,33210,2,6,1,1,0.21503568179624424,0.014977615047209259,UPI,0.4304099327362978,0,1
1676,28,Tier1,SME,55956,20894,2,15,11,1,0.1145028440829385,0.06941751236042554,Card,0.3734005289870613,0,5
1677,27,Tier3,MNC,79624,20715,2,19,8,2,0.2332083434117766,0.012213190453578054,UPI,0.260160253189993,0,0
1678,39,Tier1,MNC,44647,16896,2,14,15,1,0.27821553627137874,0.17006421026074034,Card,0.3784352812059041,0,0
1679,40,Tier1,Startup,58036,20721,2,15,5,0,0.6290438688761272,0.10493756356012562,UPI,0.3570370115100972,0,3
1680,27,Tier2,SME,28029,11500,3,13,13,2,0.46688532932211146,0.19459070445440843,UPI,0.41028934318027754,0,4
1681,28,Tier2,Startup,55034,10582,0,11,11,1,0.38811564967726836,0.05667806160012089,UPI,0.1922811352981793,0,1
1682,38,Tier2,SME,61010,24097,2,16,3,3,0.3257716538690651,0.08515685409795763,UPI,0.394968038026553,1,71
1683,41,Tier3,Gig,80767,23702,1,9,2,2,0.37891387113234526,0.1244121889411986,Card,0.2934614384587765,0,2
1684,22,Tier3,MNC,57641,17946,1,21,16,0,0.22935142784165063,0.006835038724984969,UPI,0.3113408858277962,0,1
1685,45,Tier1,MNC,75152,27786,2,14,16,0,0.4524232827868245,0.07720860401361496,NetBanking,0.36973067915690866,0,1
1686,29,Tier3,MNC,47109,12717,1,14,4,1,0.33299194048363534,0.005849173605563423,Card,0.2699484174998408,0,1
1687,47,Tier1,MNC,39542,18069,1,18,14,8,0.17859952855303837,0.05824206917023686,Card,0.4569571594760002,0,2
1688,46,Tier3,MNC,85446,21114,2,8,12,2,0.281532888201922,0.014688577796327956,UPI,0.24710343374763008,0,2
1689,50,Tier2,Startup,80704,24196,2,6,9,2,0.116844082824504,0.22515401763884546,UPI,0.2998116574147502,0,1
1690,38,Tier3,MNC,65210,22697,0,21,2,0,0.3346158525720518,0.04728232655801491,Card,0.3480601134795277,0,0
1691,44,Tier1,MNC,24447,9806,2,15,16,2,0.30761291731338214,0.15277396311344094,UPI,0.40111261095430933,0,1
1692,37,Tier1,SME,70100,23684,0,19,7,0,0.07973926136265667,0.1924308231709216,Wallet,0.3378601997146933,0,0
1693,31,Tier3,Startup,54773,17242,2,11,12,1,0.5729983039971229,0.024046606016223805,UPI,0.31479013382505977,0,2
1694,42,Tier1,SME,60527,11108,2,15,16,0,0.541320128424288,0.0005712209957635507,Card,0.18352140367108893,0,4
1695,43,Tier2,SME,65109,16693,2,20,2,0,0.6148253855919668,0.14674304372418095,NetBanking,0.2563854459444931,1,64
1696,38,Tier2,MNC,76692,31723,2,6,9,4,0.29463157791671735,0.21466810784941873,UPI,0.4136415793042299,0,2
1697,30,Tier1,Gig,71293,31956,3,21,5,1,0.22877923605063702,0.04686224603421269,Card,0.44823474955465475,0,4
1698,29,Tier2,Gig,32453,6131,3,16,12,4,0.29406183342040754,0.11025779521941265,UPI,0.18891936030567283,0,1
1699,52,Tier1,Startup,61951,18345,2,22,4,2,0.025552225965469633,0.035564066792499974,Card,0.2961211279882488,0,4
1700,51,Tier1,MNC,65501,12923,2,16,1,1,0.12526580835056148,0.04824304615964887,UPI,0.1972946977908734,0,1
1701,47,Tier2,Startup,73067,28318,1,8,11,1,0.24317569125916177,0.055343385316638294,UPI,0.3875621005378625,0,3
1702,31,Tier2,Gig,41471,7862,3,23,0,3,0.14988489202164726,0.09206317149437031,Card,0.1895782595066432,0,1
1703,36,Tier3,Gig,15791,7072,1,10,2,1,0.28205403725759937,0.10081640559985532,UPI,0.4478500411626876,1,68
1704,21,Tier2,Gig,32734,7607,3,13,8,4,0.4028404441012294,0.19329353335604088,UPI,0.2323883423962852,0,2
1705,40,Tier2,MNC,58263,10504,0,6,13,1,0.25604862966222197,0.05773781856513339,UPI,0.18028594476769133,0,2
1706,27,Tier1,Gig,67667,22102,2,7,12,1,0.1816736258862523,0.004248439315208876,Card,0.3266289328623997,0,2
1707,54,Tier2,SME,24535,8757,2,10,10,1,0.19802654491665042,0.1465602144114702,UPI,0.35691868758915835,0,0
1708,34,Tier3,SME,63340,12972,1,6,8,3,0.2033486581080577,0.1841259622074705,Wallet,0.2047994947900221,0,2
1709,22,Tier1,Startup,39717,9334,2,9,2,1,0.03662023957893927,0.0837525460711578,UPI,0.23501271495833018,0,1
1710,21,Tier1,Gig,39754,10731,2,16,16,2,0.5331270894062856,0.038494576145082504,UPI,0.26993510087035266,0,0
1711,44,Tier2,MNC,55979,16259,0,15,1,3,0.12710981286494383,0.015390789741788015,UPI,0.29044820379070724,0,3
1712,39,Tier1,Startup,94199,31994,2,13,7,2,0.27655765500337803,0.04972032426447072,Card,0.33964267136593806,0,0
1713,44,Tier1,SME,68286,20017,2,9,14,3,0.3038181932445702,0.030930383414948755,UPI,0.29313475675833994,0,3
1714,53,Tier3,Startup,59937,19069,3,14,8,1,0.20381009636132297,0.08075181014600136,UPI,0.3181507249278409,0,2
1715,31,Tier1,Gig,38774,9999,2,22,8,2,0.2950135626073409,0.04989030097476867,UPI,0.25787899107649453,0,3
1716,40,Tier1,SME,81920,30678,2,13,8,1,0.39660556203197855,0.07399363211181581,Card,0.3744873046875,0,5
1717,25,Tier1,Gig,50535,20458,3,11,1,2,0.3604872305937414,0.17704026356106708,UPI,0.40482833679627983,1,86
1718,28,Tier1,Gig,101324,16577,1,20,8,1,0.4027718903153053,0.06549527908312959,UPI,0.1636038845683155,0,1
1719,31,Tier2,MNC,55400,8784,2,14,15,1,0.5533862630623743,0.010730678354096726,NetBanking,0.15855595667870037,0,2
1720,23,Tier2,MNC,27391,11122,0,15,11,2,0.18467297051933687,0.07039682206210397,UPI,0.40604578146106385,0,3
1721,25,Tier2,MNC,68123,15890,1,9,10,1,0.08079620702003512,0.024811034855835926,UPI,0.23325455426214348,0,5
1722,39,Tier1,Gig,59482,10477,1,13,17,1,0.04193370923161145,0.29060053259639884,Card,0.17613731885276218,0,5
1723,37,Tier1,Gig,75745,18812,0,18,6,4,0.2463514057347712,0.15397561522777856,NetBanking,0.2483596276981979,0,2
1724,44,Tier1,Startup,82040,36649,0,20,0,3,0.5568408987738206,0.011914196478667623,Card,0.4467211116528523,0,0
1725,42,Tier1,MNC,62236,24768,3,18,2,2,0.36882674669183546,0.24698366155166654,UPI,0.39796902114531785,1,66
1726,42,Tier1,Gig,63327,14374,2,21,17,1,0.11953038564506406,0.16655999173838076,NetBanking,0.2269805927961217,0,0
1727,29,Tier2,Gig,43432,19101,2,11,4,2,0.2633108128021318,0.072362515322111,UPI,0.43979093755756127,0,0
1728,40,Tier1,SME,58148,28888,2,16,2,2,0.08298232700848862,0.4173886257063182,Card,0.4968012657357089,0,2
1729,32,Tier2,SME,90380,35689,2,11,5,2,0.10815109408420984,0.13018907706994634,UPI,0.39487718521796855,0,3
1730,33,Tier2,Startup,76993,28953,2,16,14,1,0.374691128457354,0.013948906644088608,Card,0.37604717311963426,0,2
1731,37,Tier3,Gig,63485,26531,1,19,10,2,0.21665730154000531,0.17701719646662342,NetBanking,0.41790974245884854,1,86
1732,34,Tier1,Gig,83219,35314,2,6,7,4,0.17898510190932695,0.29388548016146243,NetBanking,0.4243502084860428,0,0
1733,25,Tier2,MNC,70209,21991,2,16,5,2,0.2878655993484775,0.11042177220874967,Card,0.3132219516016465,0,1
1734,50,Tier3,Gig,77798,31629,1,8,8,5,0.3092055080956263,0.027968462014179248,UPI,0.40655286768297383,0,6
1735,34,Tier2,MNC,68270,17345,2,8,9,5,0.22869346312217595,0.11796347712067085,UPI,0.254064742932474,0,3
1736,22,Tier2,Gig,35266,8676,0,6,2,2,0.10449651850896251,0.09221218906453153,Card,0.24601599274088357,0,3
1737,43,Tier2,SME,77754,18623,1,23,4,5,0.07259025276051068,0.03252418760059257,UPI,0.23951179360547367,0,1
1738,31,Tier2,SME,100823,15252,2,21,2,2,0.5372718858321521,0.06793856882195885,UPI,0.15127500669490096,0,2
1739,47,Tier2,Startup,67730,20363,3,10,6,1,0.3248119453576695,0.1413447410946413,UPI,0.3006496382695999,0,1
1740,30,Tier2,Startup,53055,15321,2,21,0,0,0.11563252004334752,0.43127523392455874,NetBanking,0.28877579869946285,0,2
1741,50,Tier1,MNC,18547,7243,3,21,9,2,0.4364714357755559,0.07795492993754205,UPI,0.39052137812045074,0,2
1742,54,Tier2,MNC,55321,13428,2,22,0,1,0.21677312649838681,0.10735862141180029,UPI,0.24272880099781277,0,2
1743,39,Tier1,Startup,71776,20764,1,8,8,3,0.05501796201239224,0.05267824904506536,UPI,0.289288898796255,0,3
1744,38,Tier3,Startup,61042,13783,2,12,17,1,0.328298624940646,0.09848189331923617,Card,0.22579535401854461,0,1
1745,26,Tier1,MNC,77526,30857,1,8,2,1,0.4315718977679357,0.01678145512682693,UPI,0.3980213089802131,0,2
1746,27,Tier2,Gig,60548,10846,2,15,6,1,0.3650407591425415,0.00863163566745589,Wallet,0.17913060712162251,0,2
1747,27,Tier2,Startup,74351,18230,1,10,16,1,0.2766610202020366,0.13584324978857487,Card,0.2451883633037888,1,31
1748,49,Tier2,SME,63716,19219,0,6,1,2,0.03771802155719838,0.014814738350642634,NetBanking,0.301635382007659,0,1
1749,50,Tier2,Startup,52955,18307,2,6,4,1,0.2628717564058003,0.017127217480902696,UPI,0.3457086205268624,1,40
1750,33,Tier1,Startup,47284,12849,3,17,12,0,0.29574966565564437,0.19045533983782093,UPI,0.2717409694611285,0,4
1751,49,Tier3,Startup,97013,23940,2,22,3,0,0.23237077724263835,0.058961814183937304,UPI,0.24677105130240276,0,4
1752,34,Tier2,Startup,63505,31464,1,15,6,3,0.31924461527174997,0.2523290600718994,UPI,0.495457050625935,1,69
1753,26,Tier1,Gig,38869,16094,2,19,2,0,0.30679051578389976,0.017830627060025275,UPI,0.41405747510869845,0,2
1754,32,Tier2,SME,52259,11624,1,6,9,2,0.008975118171320965,0.19782218054402784,UPI,0.22243058611913738,0,0
1755,35,Tier2,MNC,71154,30379,1,18,6,3,0.2694972745064951,0.03387552169598522,Card,0.4269471849790595,0,2
1756,26,Tier3,SME,54531,21295,3,9,10,3,0.3943003120204713,0.08203910858129662,UPI,0.39051181896535914,0,3
1757,43,Tier2,MNC,62925,15969,1,16,0,1,0.33304256161834894,0.22295322670833734,Wallet,0.2537783075089392,0,2
1758,36,Tier1,Startup,99916,23066,1,13,16,1,0.1595888621526441,0.09326886148101778,Card,0.23085391729052404,0,5
1759,46,Tier1,MNC,44200,15822,3,14,15,1,0.22036151936400383,0.19399190039466627,Card,0.35796380090497737,0,0
1760,39,Tier1,MNC,82280,29825,2,19,7,1,0.05425752640246939,0.1447022038313717,UPI,0.3624817695673311,1,61
1761,41,Tier1,MNC,80000,18112,2,11,1,3,0.3624811489744801,0.026304459279309845,Card,0.2264,0,2
1762,36,Tier3,Gig,56658,13589,0,18,8,3,0.15716435077119145,0.2015881947928177,UPI,0.23984256415687105,0,0
1763,41,Tier1,SME,89357,20899,1,10,1,2,0.12569407961072143,0.18566354202946866,Card,0.2338820685564645,0,1
1764,33,Tier1,MNC,71638,34543,3,12,13,1,0.20117393178807397,0.11616264649482139,Card,0.48218822412686,1,48
1765,32,Tier1,MNC,22954,9621,1,12,12,4,0.4531496102418722,0.028668728210072124,Card,0.4191426330922715,0,4
1766,28,Tier2,MNC,52989,17881,1,9,9,1,0.32218558825360233,0.13854861484686878,Card,0.337447394742305,0,1
1767,49,Tier1,MNC,69276,23143,2,15,5,3,0.19586402734028843,0.3208816476644589,UPI,0.33406951902534787,0,3
1768,50,Tier2,MNC,64852,10736,1,10,16,3,0.3751279170728139,0.013353086241607796,UPI,0.16554616665638686,0,1
1769,49,Tier2,Startup,62889,11938,2,13,0,0,0.3291623985672911,0.018710467063243263,UPI,0.1898265197411312,0,4
1770,50,Tier3,MNC,12000,2322,2,18,14,5,0.18478983253102557,0.03675731056668208,NetBanking,0.1935,0,2
1771,29,Tier2,MNC,67253,23853,2,12,13,2,0.16056583547558756,0.05953931533383581,Card,0.3546756278530326,0,2
1772,40,Tier1,Startup,87221,24363,2,18,11,4,0.17431002655481362,0.05961122613510501,UPI,0.2793249332156247,0,2
1773,53,Tier3,MNC,54434,8520,0,16,13,1,0.3373758798828701,0.18718661745494147,UPI,0.1565198221699673,0,4
1774,45,Tier3,Gig,90209,27496,2,11,16,2,0.14702433558724506,0.06478328739337157,Card,0.3048032901373477,1,96
1775,26,Tier2,MNC,75104,11274,2,11,15,2,0.49534461769091953,0.0561624149846719,UPI,0.1501118449083937,0,0
1776,51,Tier3,Startup,79390,27541,1,18,14,2,0.18699711005246256,0.1755595074863665,UPI,0.3469076709913087,0,1
1777,40,Tier1,Startup,69444,26833,2,17,8,2,0.11262081480232938,0.130919393851041,UPI,0.38639767294510685,0,1
1778,26,Tier1,SME,31700,11449,2,13,3,4,0.23436464989643216,0.04190256870178536,UPI,0.36116719242902207,0,0
1779,26,Tier3,Startup,91018,34595,2,10,14,0,0.2794129962786776,0.03346087606274348,UPI,0.38008965259618976,0,1
1780,25,Tier1,MNC,59135,9208,1,17,14,1,0.19638882507488267,0.27848149461195537,UPI,0.15571150756743046,0,3
1781,28,Tier3,Gig,70598,12825,1,12,1,0,0.1947476482140512,0.07164567099803315,UPI,0.1816623700388113,0,1
1782,27,Tier2,Startup,42959,11332,1,12,4,2,0.17984337810929224,0.008231666602207846,UPI,0.2637864009869876,0,2
1783,54,Tier2,MNC,83764,26106,2,18,11,1,0.1495735388880792,0.08258884779092882,Wallet,0.31166133422472664,0,3
1784,41,Tier1,Gig,62077,22996,3,14,17,4,0.5026693826320595,0.030120574087550225,Wallet,0.370443159302157,0,4
1785,44,Tier1,Startup,61329,16671,2,14,5,0,0.2344097548684962,0.10466173000824806,UPI,0.2718289879176246,0,1
1786,23,Tier3,MNC,67112,10291,2,16,6,2,0.323512091658748,0.2709497417573601,NetBanking,0.15334068422934796,0,1
1787,44,Tier3,MNC,43221,11671,1,12,17,2,0.16159849556216394,0.04620364607835844,Card,0.2700307720783878,0,0
1788,45,Tier2,Gig,60370,25629,2,12,7,1,0.21619308567948353,0.01797196595855658,Card,0.4245320523438794,1,69
1789,21,Tier1,MNC,71454,17689,2,9,16,3,0.06934733614665049,0.1313148219729095,UPI,0.24755786939849414,0,1
1790,22,Tier3,SME,77789,22146,1,23,15,2,0.22595947441707517,0.07459910360664812,UPI,0.2846932085513376,0,2
1791,38,Tier2,SME,15305,3928,2,18,15,2,0.204743351231686,0.0904528391907565,Wallet,0.25664815419797454,0,1
1792,21,Tier2,Gig,72808,16692,0,16,14,3,0.22621057464058789,0.061432358679528384,UPI,0.2292605208218877,0,4
1793,33,Tier2,MNC,72448,30621,1,10,16,3,0.47328000565918893,0.02558534635236416,UPI,0.4226617712014134,0,2
1794,53,Tier1,SME,64412,25794,2,19,11,1,0.42641514080088194,0.06677038557575087,UPI,0.4004533316773272,0,0
1795,53,Tier3,SME,60454,19330,1,14,16,2,0.21611096138980593,0.0431981050309912,UPI,0.31974724583981207,0,2
1796,33,Tier2,SME,39984,7426,2,17,11,2,0.08460779127331024,0.02111367262058059,UPI,0.18572428971588636,0,3
1797,54,Tier3,Gig,69248,25984,1,16,5,0,0.41934418386403643,0.054453810407202596,UPI,0.3752310536044362,1,77
1798,40,Tier3,Gig,37255,9474,1,6,2,0,0.10077837533454949,0.005419533858718725,UPI,0.2543014360488525,0,4
1799,38,Tier1,MNC,56001,19850,1,16,14,4,0.11092085811377941,0.303180052162808,UPI,0.35445795610792663,0,0
1800,37,Tier3,Gig,83475,30210,1,15,5,0,0.24363175653942282,0.15908854999481525,UPI,0.3619047619047619,0,1
1801,47,Tier1,Gig,73192,21000,2,17,1,2,0.13890457942399312,0.06865398682028465,UPI,0.2869166029074216,0,1
1802,43,Tier1,Startup,25840,7441,2,22,14,2,0.45336634332471354,0.03051773775455334,UPI,0.2879643962848297,0,1
1803,40,Tier1,MNC,38785,11569,2,19,3,1,0.26501000174167794,0.07440240400556158,UPI,0.2982854196209875,0,2
1804,53,Tier2,Gig,56205,26964,1,6,13,2,0.40753059742684905,0.05375918948678363,UPI,0.4797437950360288,0,2
1805,31,Tier2,SME,36399,10376,2,18,5,1,0.1862003533871555,0.08071931640231486,UPI,0.28506277644990247,0,2
1806,39,Tier1,Gig,55029,22983,1,18,5,2,0.03745911342913491,0.06857304076626622,UPI,0.41765251049446656,0,2
1807,23,Tier3,Startup,58976,19458,3,9,13,2,0.09321481448293958,0.012962546101740765,UPI,0.32993081931633206,0,0
1808,31,Tier1,MNC,115914,21565,2,20,1,3,0.0699413579928624,0.08893366356425526,UPI,0.18604310091964732,0,2
1809,44,Tier2,SME,25926,7346,1,8,4,0,0.3658235989748182,0.014436240793240946,Card,0.2833449047288436,0,1
1810,22,Tier2,Startup,79590,35270,2,15,13,3,0.11230474512225024,0.13625084273061996,UPI,0.44314612388491015,0,0
1811,38,Tier1,SME,41938,20577,0,9,7,8,0.23944494075725734,0.025535277212508756,UPI,0.49065286852019646,0,2
1812,42,Tier1,SME,59462,12641,3,17,14,5,0.5788734643059552,0.0199114675857249,NetBanking,0.21258955299182672,1,100
1813,24,Tier2,Startup,55527,27361,0,17,11,3,0.2832181769014994,0.012845489668058565,Card,0.49275127415491565,1,71
1814,35,Tier2,SME,37901,9164,0,16,1,2,0.08917413805404466,0.05630596314170819,NetBanking,0.24178781562491755,0,6
1815,22,Tier1,MNC,30798,4676,1,19,9,0,0.14666395062462692,0.1517526486736329,UPI,0.15182804078186896,0,5
1816,53,Tier1,Gig,62926,15816,2,17,11,2,0.13588162841703613,0.1008082796663599,Card,0.2513428471537997,0,1
1817,53,Tier2,SME,84546,19202,3,15,13,4,0.29424139099205204,0.1430755520577768,Card,0.22711896482388286,0,4
1818,40,Tier2,MNC,50531,20116,2,14,15,2,0.5815420890600815,0.012252526938463076,UPI,0.39809226019671096,0,4
1819,24,Tier2,Startup,56269,21471,2,18,7,0,0.22254924465873668,0.24854147645723626,UPI,0.3815777781727061,0,1
1820,42,Tier2,Startup,80656,23235,3,14,14,1,0.289423391091442,0.10514546538598397,UPI,0.28807528268200755,0,2
1821,47,Tier3,Startup,55852,11455,2,10,8,0,0.3640376372109983,0.02569218869858707,UPI,0.20509560982596864,0,2
1822,42,Tier1,SME,56360,9364,0,11,3,1,0.37352432404936675,0.04180867096935978,Card,0.16614620298083746,0,1
1823,47,Tier1,SME,92176,45509,3,13,9,1,0.3586919676127613,0.01979038848625575,Card,0.4937185384481861,1,58
1824,39,Tier2,Gig,73903,11457,2,21,7,3,0.23030504276538813,0.03146906543817473,Card,0.1550275360946105,0,1
1825,51,Tier1,SME,82514,22104,2,18,6,1,0.1824688775120706,0.041940170350477375,UPI,0.26788181399520083,0,0
1826,34,Tier3,Startup,51982,25585,2,12,4,3,0.1837324277550999,0.04581071756574859,Card,0.49218960409372475,1,88
1827,54,Tier2,Startup,60301,24759,2,13,6,2,0.08130879892320306,0.025459203978591145,UPI,0.41059020580089883,0,0
1828,36,Tier3,SME,80421,14474,2,6,9,3,0.19232282700618267,0.016174557630401227,UPI,0.1799778664776613,1,89
1829,54,Tier1,MNC,79720,18571,1,22,14,3,0.19115006255933256,0.21849128166185258,UPI,0.2329528349222278,0,2
1830,44,Tier1,Startup,69036,17321,2,10,12,0,0.3359079125057505,0.14241398224651264,UPI,0.25089808216003245,0,1
1831,34,Tier3,Startup,43420,8599,0,17,4,1,0.24367937449320035,0.15680858263723546,NetBanking,0.19804237678489175,0,4
1832,29,Tier2,MNC,48881,8841,0,9,3,5,0.4039362048606442,0.17637305158749764,UPI,0.18086782185307174,0,0
1833,51,Tier1,MNC,88482,19391,2,15,17,4,0.11451962732292098,0.07150078956974905,Card,0.21915191790420652,0,0
1834,27,Tier2,SME,75817,27432,0,16,16,3,0.1033716967253367,0.15939731095541143,UPI,0.36181858949839746,0,1
1835,53,Tier3,MNC,86202,38492,0,15,12,1,0.36216185522767225,0.007453997838366734,UPI,0.4465325630495812,1,77
1836,51,Tier1,Startup,61953,10508,2,17,9,1,0.545074843646821,0.12813675563020466,Wallet,0.16961244814617532,0,0
1837,42,Tier1,SME,73857,17279,2,20,2,2,0.4602133812479033,0.004960508377630419,Card,0.2339520966191424,0,5
1838,44,Tier3,MNC,60911,20969,2,11,8,1,0.13809728167632304,0.030927360897493563,Card,0.34425637405394754,0,5
1839,40,Tier2,Gig,12000,4292,1,21,8,3,0.4404318639268203,0.0038238560310768594,NetBanking,0.3576666666666667,0,3
1840,50,Tier1,Gig,67871,33630,1,23,5,4,0.04303835408308805,0.03031694558403395,UPI,0.49549881392641926,0,1
1841,26,Tier2,SME,59727,21730,1,20,3,2,0.0554541238577594,0.09838656296819902,Wallet,0.36382205702613557,0,1
1842,33,Tier2,Gig,103408,24628,2,20,10,1,0.23859368197216707,0.12755437270535117,Card,0.23816339161380165,0,0
1843,32,Tier1,SME,77272,27707,0,23,9,3,0.2188428517116891,0.15229660539481,Card,0.35856455119577596,0,0
1844,40,Tier3,Gig,82969,19635,2,21,16,5,0.3613395840136848,0.1557833917614828,Card,0.23665465414793477,1,81
1845,38,Tier1,SME,38176,13676,2,16,17,2,0.10480882935952056,0.3434265943282965,UPI,0.3582355406538139,0,0
1846,41,Tier3,SME,43586,12947,1,13,15,2,0.09630799425250548,0.05997307129423854,UPI,0.297044922681595,0,4
1847,31,Tier1,Startup,71496,20191,1,15,9,1,0.23063621748506646,0.11368267853868601,UPI,0.2824074074074074,0,1
1848,51,Tier1,MNC,76186,28650,2,6,7,2,0.22975675599946724,0.1828668777107551,UPI,0.3760533431339091,0,0
1849,31,Tier2,MNC,59574,21742,1,6,8,1,0.42584274649727005,0.14532155424889026,UPI,0.364957867526102,0,3
1850,50,Tier2,SME,65082,17785,1,19,13,2,0.10563733643579933,0.256282387630115,UPI,0.27327064318859284,0,1
1851,24,Tier1,SME,74482,14217,1,17,11,3,0.2781768816326719,0.1874053095293588,NetBanking,0.19087833302005855,0,2
1852,29,Tier3,SME,83867,28574,3,23,1,2,0.18123535326800047,0.00078653784609712,UPI,0.3407061180201986,0,5
1853,44,Tier3,SME,51450,25710,2,13,6,2,0.21199143022212188,0.06977715763445978,Card,0.49970845481049564,1,30
1854,53,Tier2,Startup,65517,32560,3,8,0,2,0.12861928629746527,0.010600726410908597,Card,0.49697025199566525,1,81
1855,29,Tier3,MNC,58552,16530,1,20,6,1,0.3703962526810491,0.08435090901051427,Card,0.2823131575351824,0,3
1856,33,Tier2,SME,85135,29954,1,6,16,3,0.12649943911936343,0.09447163126059718,UPI,0.35184119339871966,0,3
1857,52,Tier3,MNC,33605,12963,0,8,0,3,0.23133087314442216,0.028124927787055186,UPI,0.38574616872489215,1,68
1858,41,Tier2,Gig,36778,8575,1,19,12,4,0.23509351503467651,0.08982583701436327,UPI,0.23315569090216978,1,81
1859,43,Tier3,SME,39952,10195,0,17,6,1,0.3038073507873278,0.20902318717637194,UPI,0.2551812174609531,0,1
1860,54,Tier2,Startup,90562,23959,2,14,14,2,0.2663286024620307,0.12812680643105404,UPI,0.26455908659261057,1,53
1861,53,Tier1,Gig,59144,26115,1,23,13,1,0.13625473741149816,0.03157532257576376,UPI,0.4415494386581902,1,105
1862,34,Tier2,Gig,60465,9545,3,13,17,0,0.06884688919675956,0.045200570545089865,Card,0.15785991896138263,0,3
1863,40,Tier2,Startup,47094,11143,1,18,16,2,0.2165259320392942,0.07415517004317762,NetBanking,0.23661188261774324,0,2
1864,42,Tier1,Startup,53584,8930,2,19,0,1,0.08897522257999475,0.10318464160902542,NetBanking,0.1666542251418334,0,2
1865,48,Tier2,Gig,74149,11791,1,16,3,0,0.24922516522541197,0.1021941985422696,Card,0.15901765364333975,0,4
1866,54,Tier1,Startup,106954,27415,2,17,10,3,0.36730101887663813,0.129294254627294,Card,0.2563251491295323,0,2
1867,27,Tier2,Startup,62713,15561,1,11,12,3,0.30915321636307674,0.20746370138710818,NetBanking,0.24813037169326935,0,1
1868,42,Tier1,Startup,60490,17561,2,6,14,5,0.1415113553398499,0.06611231663729808,UPI,0.29031244833856834,0,2
1869,32,Tier1,Gig,64389,30186,0,21,3,5,0.3722053920110512,0.04513013790787549,NetBanking,0.4688067837674137,0,1
1870,43,Tier1,Gig,49631,14973,1,16,3,2,0.10518767643395939,0.11215063341048134,NetBanking,0.301686445971268,0,3
1871,27,Tier2,Startup,82122,20648,2,18,14,2,0.10221521314672115,0.08446823195164806,UPI,0.251430798080904,0,1
1872,47,Tier1,MNC,36099,15749,1,17,3,1,0.5526686089885054,0.16712543711581057,NetBanking,0.4362724729216876,0,4
1873,49,Tier3,SME,69427,15630,3,10,6,0,0.17701058731761984,0.18606220132522325,UPI,0.22512855229233583,1,44
1874,47,Tier1,MNC,52360,19904,1,10,14,1,0.27646930598482405,0.020763146924523183,UPI,0.3801375095492743,0,0
1875,48,Tier2,SME,38198,11678,1,14,6,3,0.0537917842636601,0.03804547719178803,UPI,0.30572281271270746,0,0
1876,53,Tier1,Gig,43417,21464,1,6,6,0,0.36205157751693884,0.009333954009448196,Wallet,0.4943685653085197,1,78
1877,26,Tier3,SME,44508,20595,2,19,12,6,0.14164627587669015,0.07476948981717578,Card,0.46272580210299274,0,3
1878,43,Tier1,MNC,44061,11354,3,13,7,0,0.08359726318412217,0.06411371441700395,UPI,0.2576882049885386,0,1
1879,41,Tier2,MNC,69986,29097,1,18,6,2,0.45485613951327303,0.14806213756446832,UPI,0.415754579487326,1,98
1880,29,Tier1,SME,97873,20078,1,18,1,1,0.3886295573142742,0.03347294578163107,UPI,0.2051434001205644,0,3
1881,45,Tier2,Startup,66868,30707,2,12,0,4,0.13068500553436954,0.2045044847616878,UPI,0.459218161153317,1,95
1882,23,Tier1,Gig,48726,8551,1,22,17,3,0.21388561611241697,0.16600830762931498,UPI,0.17549152403234414,0,2
1883,34,Tier1,MNC,77387,33797,2,14,15,4,0.3367459422375121,0.07520867334818378,NetBanking,0.4367270988667347,0,1
1884,23,Tier2,MNC,69653,34603,2,11,13,1,0.23474748536768905,0.21830419780631852,NetBanking,0.49679123655836793,1,89
1885,30,Tier2,Startup,29489,11714,1,6,4,2,0.39471751899866064,0.007008701107768089,UPI,0.39723286649259043,0,3
1886,53,Tier1,MNC,43053,11672,2,14,9,2,0.2689921442154241,0.22538316307419234,NetBanking,0.2711077044572968,0,3
1887,47,Tier3,MNC,47959,16671,2,11,13,1,0.2270714215044131,0.1661148468794086,NetBanking,0.34760941637648823,0,1
1888,48,Tier1,MNC,74949,19713,1,8,9,1,0.2265099633481483,0.09214392860693317,UPI,0.26301885281991755,0,2
1889,54,Tier2,Startup,60991,26820,2,18,2,0,0.3726905317948428,0.009855762501455638,NetBanking,0.43973701037858043,1,42
1890,41,Tier2,MNC,64072,30630,3,18,3,4,0.19672996362872627,0.2527175571442614,UPI,0.47805593707079536,0,4
1891,54,Tier1,Gig,57234,22131,0,12,11,0,0.1763715015161291,0.22172239719675654,UPI,0.38667575217528044,1,60
1892,51,Tier2,MNC,76510,16292,2,22,1,1,0.21431101166419494,0.034376840735245336,Card,0.212939485034636,0,1
1893,38,Tier3,Startup,46421,12891,2,6,2,0,0.19284095567697498,0.12387300537365549,UPI,0.27769759376144415,0,2
1894,50,Tier2,SME,18388,3957,1,7,11,3,0.3699313122402734,0.024325069004403222,Card,0.21519469219055906,0,0
1895,29,Tier2,MNC,53449,19142,2,6,6,2,0.3780330928495683,0.3721193519103044,UPI,0.35813579299893356,0,0
1896,33,Tier2,SME,81685,39685,2,14,10,4,0.10203617598904524,0.24435908173823076,UPI,0.48582971169737404,1,96
1897,54,Tier1,MNC,62897,23311,1,20,10,1,0.1369831268336238,0.07179457724355474,UPI,0.3706218102612207,0,1
1898,48,Tier2,Gig,52521,20219,1,23,17,2,0.24204570131264458,0.03346562859870769,UPI,0.38496982159517146,0,1
1899,42,Tier1,MNC,75106,26869,2,20,2,1,0.2238199813683302,0.047625962920195386,UPI,0.35774771656059434,0,4
1900,27,Tier2,Startup,50456,18501,1,14,8,3,0.1197191881338352,0.04274147155628857,Card,0.3666759156492786,0,3
1901,25,Tier2,SME,60315,13158,1,20,8,1,0.06866936460024302,0.029879098930547836,Card,0.21815468788858494,0,2
1902,54,Tier3,MNC,44840,8300,1,15,7,0,0.29194738975214857,0.10403310676049572,NetBanking,0.18510258697591436,1,96
1903,48,Tier1,SME,22017,3482,0,16,16,1,0.38883961862402816,0.0961688913844568,UPI,0.15815052005268657,0,3
1904,31,Tier1,SME,50584,8087,2,8,14,3,0.07411082764722186,0.1607465874830085,NetBanking,0.15987268701565713,0,3
1905,25,Tier2,Startup,48963,10555,1,11,4,3,0.15193080025875758,0.1960060287005996,NetBanking,0.21557094132303983,0,6
1906,30,Tier1,MNC,65220,15604,2,22,2,0,0.3795671214893108,0.18648625982717304,NetBanking,0.2392517632628028,0,0
1907,24,Tier1,Gig,79340,39059,1,13,14,0,0.18502304919872362,0.018155351559355222,UPI,0.4922989664734056,1,36
1908,27,Tier2,Startup,46395,19840,1,6,16,2,0.33723213191026624,0.15161936969521017,UPI,0.42763228796206487,0,2
1909,34,Tier1,MNC,58893,25462,1,6,14,0,0.31827463023226293,0.11664855193841348,UPI,0.4323434024417163,0,2
1910,39,Tier2,SME,69133,28102,2,14,15,1,0.03572049922297476,0.1432407753014374,UPI,0.40649183457972315,0,2
1911,50,Tier2,MNC,81088,25891,2,7,9,0,0.06407528154854389,0.016604258056169035,UPI,0.3192950868192581,0,1
1912,51,Tier1,Gig,51535,14478,3,12,13,2,0.07459775775188913,0.04206427139069421,UPI,0.2809352866983603,0,2
1913,30,Tier2,SME,62398,27259,1,19,14,3,0.03852134657164715,0.11561175629084545,UPI,0.43685695054328666,0,1
1914,39,Tier3,SME,44727,20058,1,18,14,2,0.2812488965962822,0.08767397938351273,Card,0.4484539539875243,0,3
1915,45,Tier1,Gig,86262,33070,3,18,15,2,0.34459466052336907,0.1580444883233592,UPI,0.3833669518443811,0,3
1916,22,Tier3,Startup,58819,17682,2,21,14,0,0.1793921375998013,0.12319981700711101,UPI,0.30061714752035906,0,1
1917,36,Tier2,MNC,63159,12856,3,16,9,1,0.1801740386349189,0.11145638273459656,UPI,0.2035497712123371,0,0
1918,22,Tier3,MNC,38698,13901,1,18,9,1,0.07998617680258391,0.032598021467027526,UPI,0.35921753062173756,0,3
1919,27,Tier1,Gig,89186,25393,1,15,4,5,0.32162094414715614,0.1837609176026298,Wallet,0.2847195748211603,0,4
1920,38,Tier3,Gig,61065,18147,3,10,16,4,0.22296515410721676,0.055416576186788975,Card,0.29717514124293787,1,59
1921,23,Tier2,MNC,81194,36180,1,6,13,0,0.2211721149066467,0.20573964391657282,Card,0.44559942852920165,0,0
1922,51,Tier1,MNC,43259,14521,1,10,3,1,0.16978054132607517,0.03577487301995473,UPI,0.33567581312559236,0,1
1923,48,Tier1,SME,79290,34956,2,19,0,1,0.42845362263013553,0.012324265844500432,UPI,0.44086265607264474,0,2
1924,40,Tier2,Gig,94142,40494,2,13,8,2,0.09196324792230084,0.014425844921612271,UPI,0.430137451934312,0,0
1925,31,Tier2,SME,65013,24631,1,12,0,5,0.2332846653184995,0.1067524510659103,UPI,0.3788626890006614,1,32
1926,46,Tier2,SME,61448,19384,2,22,4,2,0.13545258099330681,0.07696206623373146,UPI,0.315453716963937,0,0
1927,42,Tier2,MNC,78559,27574,2,9,7,1,0.41132858221926827,0.11926620830184921,UPI,0.3509973395791698,0,4
1928,49,Tier2,SME,74133,20443,0,20,17,3,0.1169290163822166,0.23691881935866752,UPI,0.2757611320194785,0,0
1929,51,Tier1,SME,59268,22069,3,6,4,3,0.32916760242242066,0.20906173485528898,Card,0.3723594519808328,0,2
1930,25,Tier3,Gig,38824,8282,2,11,16,2,0.05362732809375971,0.06081166085469475,Wallet,0.21332165670719141,0,6
1931,21,Tier3,Startup,59713,29560,2,21,4,1,0.15255292869319004,0.1413040692130483,UPI,0.49503458208430323,0,2
1932,35,Tier2,MNC,42967,17925,1,23,8,1,0.1917995977678837,0.03313703475642655,Card,0.41718062699280845,0,1
1933,24,Tier1,SME,36534,9143,2,10,11,2,0.43957678176963544,0.06592211612510755,NetBanking,0.2502600317512454,0,4
1934,21,Tier2,MNC,32664,14958,1,12,11,3,0.1317065670219906,0.0144221434662492,UPI,0.4579353416605437,1,41
1935,33,Tier2,Gig,51538,19829,0,9,4,1,0.30008180956110414,0.15961386113345408,Card,0.3847452365245062,0,1
1936,35,Tier1,Gig,47724,18333,1,18,4,1,0.29709509015475777,0.1414052885718127,Card,0.38414634146341464,0,1
1937,42,Tier1,Gig,59239,21595,1,14,5,3,0.07145174001203196,0.18152412043815136,Wallet,0.36454025219872044,1,36
1938,50,Tier2,MNC,35887,7406,1,10,17,3,0.10858560679852323,0.10406390918285952,UPI,0.2063699947056037,0,0
1939,53,Tier3,MNC,89849,34404,2,6,14,0,0.33679399080388406,0.2560073928403297,NetBanking,0.3829091030506739,1,35
1940,47,Tier1,MNC,54973,18802,2,8,11,1,0.39659579443464116,0.05095393740706398,UPI,0.3420224473832609,0,4
1941,53,Tier2,Startup,94541,37845,3,17,14,2,0.011205482073301647,0.04636400124541448,Card,0.4003025142530754,0,5
1942,32,Tier3,Gig,36854,16665,2,13,12,0,0.2452767233867188,0.019765443189849154,UPI,0.4521897216041678,0,2
1943,48,Tier1,MNC,39591,11154,1,14,2,2,0.30329011051853516,0.06105347741659786,UPI,0.2817306963703872,0,2
1944,45,Tier1,MNC,46338,19588,1,8,1,3,0.1648013537359021,0.007155643132600162,UPI,0.42272001381155855,0,3
1945,54,Tier3,MNC,49760,20455,2,8,17,0,0.052749053628939384,0.0321268665734585,UPI,0.41107315112540194,0,4
1946,45,Tier3,SME,50051,23463,1,20,3,2,0.24355852589477012,0.07196900220705636,UPI,0.46878184252062893,0,2
1947,22,Tier1,Startup,82808,40258,1,7,6,2,0.2844808114544221,0.1372000237911746,UPI,0.4861607574147425,0,0
1948,37,Tier3,MNC,80571,37912,2,9,17,3,0.119562615232879,0.02210502560324991,UPI,0.47054150997257077,0,3
1949,26,Tier1,Startup,43040,11077,0,21,15,2,0.18143403433511662,0.2071122125922756,UPI,0.25736524163568775,0,1
1950,24,Tier2,MNC,59391,27928,2,9,7,3,0.041499671724502064,0.07222630186554829,UPI,0.4702395985923793,0,2
1951,50,Tier2,Startup,47110,19037,3,23,17,1,0.137508763232223,0.2835700771245761,Card,0.4040967947357249,0,0
1952,52,Tier2,MNC,22700,10106,1,8,7,1,0.23613750684543722,0.06257533686025091,Wallet,0.44519823788546253,0,2
1953,31,Tier1,SME,48840,12528,1,8,0,2,0.16340411053323003,0.18421472159350194,UPI,0.2565110565110565,0,1
1954,40,Tier2,Startup,51791,13222,2,22,9,2,0.3897385562941324,0.16168075400958304,UPI,0.2552953215809697,1,106
1955,47,Tier2,SME,48402,15639,3,7,7,0,0.21085484086161765,0.10634180372810444,UPI,0.3231064832031734,0,2
1956,27,Tier2,Gig,38166,6226,2,20,2,0,0.41806631516052645,0.1685572543186554,UPI,0.16312948697793847,1,81
1957,22,Tier1,MNC,55922,20492,2,16,16,1,0.19440705576930187,0.18738727296297764,UPI,0.3664389685633561,0,4
1958,43,Tier1,Gig,59888,23754,2,9,10,3,0.059571243015909325,0.08917112978490564,Card,0.39664039540475554,0,2
1959,29,Tier1,MNC,89779,41837,0,10,2,2,0.3117658766182041,0.024806433210642898,UPI,0.4659998440615289,1,103
1960,47,Tier3,Startup,64517,28141,2,10,16,1,0.04610766564533303,0.06033346204116897,UPI,0.4361796115752437,0,2
1961,54,Tier3,MNC,14350,5672,2,16,7,2,0.3888197798546243,0.2239270002542966,Card,0.39526132404181186,0,4
1962,24,Tier1,MNC,80692,32781,2,13,14,1,0.15162949472587886,0.1515271093621667,UPI,0.40624845089971745,0,0
1963,42,Tier2,MNC,86034,31551,1,23,1,4,0.22159310503721932,0.02925364301153067,NetBanking,0.36672710788757934,0,1
1964,35,Tier2,Gig,57192,17499,1,12,11,2,0.5011910789369397,0.07319900905130879,Card,0.30596936634494337,0,2
1965,41,Tier2,SME,45905,13458,2,15,16,4,0.2994603567957911,0.011682397330853366,UPI,0.2931706785753186,0,2
1966,53,Tier1,MNC,72609,29987,1,23,13,3,0.35704781075639824,0.41536135382992784,UPI,0.41299287967056425,1,92
1967,48,Tier1,Startup,46093,13192,2,15,17,2,0.11848837557962334,0.24598741396108284,UPI,0.28620397891219923,0,3
1968,40,Tier3,SME,35673,6509,2,18,6,2,0.10053841245309904,0.11230932384705093,Card,0.1824629271437782,0,2
1969,54,Tier1,Gig,63228,24088,1,13,10,1,0.1393782052053302,0.08007768593315036,UPI,0.38097045612703234,0,4
1970,47,Tier2,MNC,75326,26646,2,22,10,0,0.2961538676507832,0.13698651528880465,Card,0.35374239970262594,1,34
1971,50,Tier1,MNC,48732,18316,2,21,9,1,0.21868328853225114,0.22441945439512292,UPI,0.37585159648690797,0,1
1972,26,Tier2,MNC,64728,9752,2,16,1,2,0.3785947969965525,0.26056117647540805,UPI,0.1506612285255222,0,0
1973,52,Tier1,Gig,106516,39596,1,13,3,1,0.08754631036893158,0.11647441287557309,NetBanking,0.37173757933080476,0,3
1974,30,Tier1,MNC,49420,12263,0,23,8,3,0.23309461973230583,0.14625213508955273,UPI,0.24813840550384458,0,5
1975,42,Tier1,MNC,73149,28574,1,8,12,6,0.20153377651228435,0.24546520503130134,UPI,0.39062734965618123,0,2
1976,53,Tier3,Gig,53763,26296,2,9,13,2,0.12893559660166154,0.007685026096229117,UPI,0.4891096106988077,0,3
1977,54,Tier3,MNC,82010,27829,1,12,4,2,0.2807012795571958,0.17503686449952993,UPI,0.3393366662602122,1,43
1978,23,Tier2,Startup,66841,13392,2,17,3,1,0.01962371875007333,0.0218080102158227,Wallet,0.2003560688798791,0,2
1979,41,Tier2,Gig,74882,24637,2,16,7,0,0.1743376181508062,0.09564236385905923,UPI,0.3290109772709062,0,2
1980,51,Tier3,Startup,45763,9151,3,20,2,3,0.12269165712924418,0.024698952681009478,UPI,0.19996503725717282,0,4
1981,40,Tier2,MNC,64104,20838,3,14,14,0,0.15638477823788885,0.07131597479073887,NetBanking,0.32506551853238486,0,2
1982,23,Tier1,MNC,70318,22942,2,11,0,2,0.4770308578092744,0.146315039777171,NetBanking,0.3262607013851361,0,2
1983,40,Tier2,Startup,107153,46329,2,15,12,0,0.459438721714944,0.1751889615470691,UPI,0.4323630696294084,0,0
1984,41,Tier3,SME,79761,26017,3,14,7,0,0.3317846467088923,0.062158783834182024,UPI,0.3261869836135455,0,1
1985,44,Tier2,SME,88836,15387,2,19,2,3,0.34260706695110615,0.025424976676255394,UPI,0.17320680805079022,0,1
1986,21,Tier1,MNC,58381,10034,0,14,7,1,0.1666732824020256,0.12582372265878908,UPI,0.17187098542333978,0,1
1987,28,Tier1,Gig,72178,17076,2,18,12,3,0.17396012258882315,0.013050185065534119,UPI,0.23658178392307905,0,3
1988,51,Tier1,Startup,30149,12808,2,23,2,1,0.1127072787493184,0.06378536120059106,UPI,0.424823377226442,0,1
1989,36,Tier1,SME,69324,25892,2,16,10,0,0.14356382763775216,0.14883860119300896,Card,0.3734925855403612,0,4
1990,39,Tier1,SME,93124,19464,2,22,9,1,0.03576658330060601,0.2965094824977838,UPI,0.20901164039345388,0,3
1991,26,Tier1,MNC,73508,21682,1,10,15,1,0.06748851091197973,0.10782274333712114,Card,0.29496109267018555,0,2
1992,39,Tier3,SME,77341,32622,3,11,3,0,0.2682616364568557,0.17332375451252902,NetBanking,0.42179439107329875,0,1
1993,31,Tier1,MNC,65698,27548,2,6,7,1,0.07098048231717279,0.1443702455423113,NetBanking,0.41931261225608085,0,1
1994,34,Tier1,Gig,54657,15087,1,7,10,1,0.22161538398417607,0.06890110073200487,UPI,0.2760305175915253,0,1
1995,37,Tier2,Gig,67205,10940,0,16,10,3,0.04367306390981744,0.26491008971745705,NetBanking,0.1627855070307269,0,1
1996,44,Tier1,MNC,72109,32856,2,16,10,3,0.07668559620651211,0.28522747435571777,UPI,0.45564353964137627,0,3
1997,21,Tier1,MNC,44236,7626,1,8,1,3,0.1879821092892105,0.005548070299195943,NetBanking,0.17239352563522922,0,2
1998,43,Tier2,MNC,95483,32371,1,22,16,1,0.19742924164420267,0.09234022634492603,UPI,0.3390237005540253,0,3
1999,54,Tier1,SME,52266,14491,1,22,12,2,0.09218825389870942,0.46001081717798675,Card,0.2772548119236215,0,3
2000,41,Tier1,Startup,45275,6937,2,12,0,3,0.2725256850352654,0.05291582578316512,Card,0.15321921590281612,0,0
2001,25,Tier2,Startup,77897,16415,2,20,4,1,0.024510397200979018,0.06399939500384537,UPI,0.21072698563487682,0,3
2002,36,Tier1,MNC,41256,18258,2,13,9,0,0.09918437833314189,0.012892880344855783,Card,0.44255381035485747,0,4
2003,46,Tier1,MNC,92128,19969,1,10,2,0,0.05997709534020941,0.10843242052960954,Wallet,0.21675277874261897,0,4
2004,27,Tier1,Startup,38394,5943,0,21,12,2,0.39026786192691354,0.12958282743829555,NetBanking,0.15478981090795438,1,113
2005,50,Tier3,SME,61069,11967,1,20,17,3,0.16025344546137382,0.05042301163673016,NetBanking,0.1959586697014852,0,1
2006,40,Tier3,Gig,40248,19536,2,12,4,2,0.30519399131760766,0.33186994121589874,NetBanking,0.4853905784138342,1,76
2007,28,Tier2,Startup,58827,13504,2,22,6,1,0.46228333481449324,0.15041493570759026,UPI,0.22955445628707907,0,1
2008,52,Tier3,MNC,42177,6659,1,12,5,2,0.095187768496321,0.06758091338110524,UPI,0.15788225810275744,1,74
2009,25,Tier3,MNC,92537,34341,2,18,2,4,0.05608159852269126,0.009713490189341614,UPI,0.3711056118093303,0,4
2010,31,Tier3,Startup,40463,16661,2,10,0,1,0.5595690107786632,0.35217574099839255,Card,0.41175889083854383,1,83
2011,42,Tier2,Startup,36890,8822,2,7,12,0,0.2071109717745832,0.027488909922840324,UPI,0.23914339929520195,0,0
2012,36,Tier2,SME,78097,17039,1,22,4,3,0.26973026759770835,0.06521994035399427,NetBanking,0.21817739477828854,0,2
2013,35,Tier3,MNC,48146,13326,0,6,11,4,0.12862174968788917,0.008723050134456942,NetBanking,0.27678311801603456,0,1
2014,22,Tier1,SME,12000,2122,0,20,8,1,0.06602083458762145,0.09640482783978721,UPI,0.17683333333333334,0,2
2015,27,Tier1,Gig,54277,8640,2,19,13,3,0.27562591644935497,0.2116057167028757,UPI,0.15918344786926322,0,3
2016,23,Tier1,Gig,52686,8957,2,22,3,0,0.3371740966805077,0.1334806637496106,UPI,0.17000721254223133,1,114
2017,22,Tier3,Startup,51449,9285,2,18,13,3,0.3291979075368491,0.24329056089416862,UPI,0.18046997998017456,0,2
2018,27,Tier2,SME,66424,13373,1,10,10,4,0.05285482267961398,0.2691838414309828,UPI,0.20132783331326026,1,86
2019,46,Tier1,Startup,35400,7167,1,18,14,0,0.44042229721075454,0.026299541453303217,Card,0.20245762711864407,0,2
2020,42,Tier3,Gig,46047,11163,2,8,8,1,0.27466654462042484,0.08786255156127008,Card,0.24242621669164116,0,2
2021,23,Tier2,Gig,59226,28838,2,11,8,3,0.028245403486456256,0.05290721470362513,UPI,0.4869145307804005,0,2
2022,30,Tier1,SME,49257,16422,2,12,3,2,0.3020199106646975,0.07456624636862792,Wallet,0.3333942383823619,1,47
2023,52,Tier1,MNC,38241,16507,2,10,13,3,0.3187082454843907,0.22154960355399245,UPI,0.43165712193718786,0,2
2024,53,Tier1,Gig,37223,9197,0,23,15,5,0.08548122985393196,0.03918438611826671,Card,0.24707841925691104,0,2
2025,47,Tier2,Gig,63142,23915,3,23,8,1,0.281157904234026,0.19827828786364482,Card,0.3787494852871306,0,2
2026,35,Tier1,Startup,43227,8036,0,10,17,2,0.49148290495869895,0.1802911238733537,UPI,0.18590232956254193,0,1
2027,46,Tier2,Gig,50605,19420,2,22,10,0,0.15045879254271669,0.027096693287911863,UPI,0.38375654579587,0,2
2028,42,Tier2,MNC,72005,20517,2,23,1,0,0.37342270796727767,0.08301235945457666,UPI,0.2849385459343101,0,2
2029,37,Tier2,Gig,85790,13543,2,20,3,4,0.39578654826426435,0.06582264443405772,NetBanking,0.15786222170416134,1,51
2030,40,Tier1,Startup,79955,15323,3,15,11,4,0.15081561376316985,0.24060397985821852,UPI,0.19164530048152084,0,5
2031,36,Tier1,Gig,68937,19801,2,19,17,3,0.10577185937843007,0.05872511206107555,UPI,0.2872332709575409,0,0
2032,37,Tier3,Gig,54166,15158,1,19,10,4,0.32935132394132677,0.02872815235648153,UPI,0.27984344422700586,0,2
2033,27,Tier1,MNC,41978,17604,3,11,2,0,0.2605228562967788,0.12664178311833815,UPI,0.41936252322645196,0,3
2034,34,Tier3,MNC,50785,21299,2,14,12,3,0.14638098576631034,0.005142735866419198,UPI,0.4193954907945259,0,0
2035,41,Tier1,MNC,86322,24520,2,9,4,0,0.29971188313955033,0.07564655901665832,Card,0.2840527327911772,0,2
2036,36,Tier2,Gig,87472,23625,2,16,13,2,0.7503035309669904,0.0024041402413650824,NetBanking,0.2700864276568502,0,3
2037,27,Tier3,MNC,45538,22547,2,21,14,1,0.15907894114386614,0.03806754641477842,Card,0.49512495059071543,1,109
2038,54,Tier2,Gig,43158,8107,2,15,17,3,0.22029164655650788,0.05579189953767371,UPI,0.18784466379350295,1,42
2039,31,Tier2,SME,50587,18518,0,13,2,3,0.4548428657320744,0.20147201738506396,UPI,0.3660624271057782,0,6
2040,24,Tier3,MNC,75109,23586,3,12,10,5,0.3338519455724669,0.046361121381569406,Card,0.3140236190070431,0,5
2041,36,Tier3,Gig,62444,26606,2,16,0,1,0.18150879918963642,0.08683745944544459,NetBanking,0.4260777656780475,0,1
2042,53,Tier3,Startup,65072,10428,2,9,11,1,0.4108105171675002,0.09390772282153503,Card,0.1602532579296779,0,1
2043,42,Tier1,Startup,67803,16197,2,10,17,0,0.16171867886960123,0.04700462402102098,UPI,0.2388832352550772,0,3
2044,29,Tier3,Startup,62871,28251,0,14,3,4,0.2648592653035269,0.05165712901936604,UPI,0.4493486663167438,1,73
2045,52,Tier1,SME,43952,17853,3,22,9,3,0.05795899435453887,0.27646702738155315,Card,0.40619311976701855,0,5
2046,48,Tier1,SME,78949,26642,1,18,14,0,0.2740759622282877,0.21190525151217648,UPI,0.33745835919391,0,2
2047,53,Tier2,SME,54279,22221,2,9,17,2,0.1059214224264571,0.2540205385764127,NetBanking,0.409384844967667,0,2
2048,28,Tier3,SME,84712,16308,1,7,3,1,0.1369476937053598,0.10270138277462959,UPI,0.19251109642081404,0,3
2049,36,Tier2,Startup,77895,22875,3,7,8,4,0.06300230429531889,0.03229370463425692,UPI,0.29366454843057965,0,3
2050,34,Tier1,SME,81642,25271,2,21,0,2,0.1775143390292028,0.010577786127346096,UPI,0.30953430832169715,0,1
2051,52,Tier2,MNC,37588,8590,2,10,13,1,0.1084012743478358,0.025005159039190608,UPI,0.22853038203682027,0,2
2052,45,Tier1,Gig,64574,26380,2,6,7,1,0.19866251052362452,0.046460074292106544,UPI,0.40852355437172855,0,2
2053,28,Tier2,SME,77356,23512,1,14,1,2,0.10256888909900803,0.33460100587392905,UPI,0.30394539531516623,0,2
2054,52,Tier2,Gig,52319,25010,2,16,16,2,0.17366751475374936,0.15694894024860725,Card,0.47802901431602285,1,31
2055,31,Tier1,Gig,69161,16481,2,15,17,2,0.0485208704647462,0.04177631709388031,NetBanking,0.23829904136724456,1,95
2056,35,Tier2,SME,67657,12163,2,10,9,3,0.10625009009161751,0.13418301721747722,UPI,0.17977445053726887,0,1
2057,32,Tier1,SME,31101,4889,0,11,15,0,0.2613698724338827,0.05425099544985582,NetBanking,0.1571975177647021,0,2
2058,41,Tier3,SME,32063,9021,3,23,4,2,0.059802575067089046,0.48233420245221514,Card,0.2813523375853788,1,119
2059,25,Tier2,Startup,48260,7549,0,19,3,0,0.4881759993903505,0.202451278768664,UPI,0.1564235391628678,0,2
2060,32,Tier2,MNC,40422,8463,2,18,15,3,0.3647477205294418,0.026069060281022637,NetBanking,0.20936618672999852,0,3
2061,54,Tier1,MNC,74167,26613,2,18,17,3,0.061875774310201935,0.1565295968320261,UPI,0.35882535359391643,1,35
2062,28,Tier2,MNC,59788,13247,2,21,6,1,0.1310494713500724,0.016291984341294915,UPI,0.2215662005753663,0,6
2063,32,Tier3,Gig,64892,16987,1,7,0,1,0.3019086280085482,0.17486673985043796,Card,0.261773408124268,0,3
2064,52,Tier1,SME,37153,13535,2,10,12,2,0.09392733499594955,0.044705929714121434,UPI,0.3643043630393239,0,1
2065,36,Tier1,Startup,78604,28047,2,23,11,3,0.1605251965758749,0.16286205273786677,UPI,0.3568139026003766,0,1
2066,52,Tier1,Gig,84092,41399,1,7,12,2,0.20702660495845684,0.09113382307113627,UPI,0.49230604575940634,0,4
2067,41,Tier1,Gig,51670,21657,2,12,10,2,0.10741138073467489,0.014545693410909128,UPI,0.4191407005999613,1,54
2068,54,Tier3,Startup,68519,18831,1,6,6,2,0.3024029299392993,0.05992077454984185,UPI,0.2748288795808462,0,5
2069,50,Tier3,MNC,61460,22844,3,11,0,2,0.3459025637326482,0.07649839308452297,Card,0.3716889033517735,0,3
2070,54,Tier2,Startup,75753,13125,2,9,9,3,0.12780142173727468,0.3276385771509547,NetBanking,0.1732604649320819,0,3
2071,43,Tier2,Startup,67741,24349,2,7,15,1,0.22044745775822247,0.006483070842612933,NetBanking,0.3594425827785241,0,1
2072,51,Tier2,MNC,55001,22261,0,17,10,2,0.34579496025457734,0.02000742603861955,UPI,0.4047380956709878,0,2
2073,46,Tier2,SME,65163,24948,1,19,6,4,0.13400793365998956,0.03801048736260747,UPI,0.38285530132130197,0,1
2074,40,Tier1,SME,70937,11487,3,14,0,0,0.2117380622876417,0.09524432332920409,UPI,0.1619324189069174,0,3
2075,21,Tier1,Gig,72469,26673,1,16,6,3,0.46723804724963247,0.1822996369870904,UPI,0.3680608260083622,1,71
2076,31,Tier2,MNC,86394,14716,1,17,8,2,0.46357043945729387,0.19308123868924656,UPI,0.1703359029562238,0,4
2077,35,Tier2,Gig,31108,9586,0,7,16,2,0.14101563948323215,0.08331023521766429,UPI,0.30815224379580813,0,2
2078,34,Tier3,SME,54071,20144,3,8,17,3,0.4196830266828496,0.011588438556425357,UPI,0.37254720645077766,0,4
2079,46,Tier1,Gig,57797,9956,3,23,2,1,0.4035098688065405,0.11609434055285443,Card,0.17225807567866844,1,97
2080,30,Tier3,Startup,83952,19582,2,10,16,3,0.3122959903745033,0.006546788415983843,NetBanking,0.233252334667429,0,3
2081,50,Tier1,Startup,46725,16121,1,23,7,2,0.1537976576550647,0.09748187168350846,UPI,0.3450187265917603,0,2
2082,31,Tier1,MNC,64193,28690,2,18,5,3,0.31078052728204164,0.21401703367889505,UPI,0.4469334662657922,0,1
2083,39,Tier3,MNC,50077,23908,2,22,10,1,0.273403266688764,0.1288713075668504,UPI,0.4774247658605747,1,31
2084,47,Tier2,SME,42120,15681,1,20,14,1,0.36155285890469235,0.20085857527657458,UPI,0.37229344729344727,0,0
2085,28,Tier1,Startup,55256,22996,1,8,5,1,0.07914316026920144,0.20016450220400603,NetBanking,0.41617199942087735,1,70
2086,52,Tier1,Startup,91746,28226,2,23,6,0,0.3427220692631729,0.29807561167744295,Card,0.30765373967257426,0,2
2087,39,Tier1,SME,51168,24002,2,16,15,1,0.1559202564473318,0.12764920566799123,Card,0.46908223889931205,0,3
2088,40,Tier1,MNC,70448,17464,2,16,2,3,0.11882716489095427,0.02124980183051225,UPI,0.24789915966386555,0,3
2089,31,Tier1,MNC,55590,27311,1,13,15,2,0.10182999506782342,0.055479795663379405,Card,0.49129339809318223,0,6
2090,45,Tier2,Startup,63887,22775,2,19,14,1,0.23415564330023003,0.024726094046158806,UPI,0.3564888005384507,0,1
2091,28,Tier1,SME,38456,7056,2,20,13,2,0.1627837938475417,0.03530348666418694,UPI,0.18348242146869148,0,4
2092,30,Tier1,Startup,65079,29378,3,23,12,1,0.3416513964305849,0.08003192201905712,UPI,0.4514205811398454,1,42
2093,24,Tier1,Gig,52662,24644,1,16,3,3,0.25164821675265314,0.21151709943417607,NetBanking,0.4679655159317914,1,90
2094,51,Tier1,Gig,62496,13892,2,7,14,3,0.06620275138985172,0.21840126372374968,UPI,0.22228622631848438,1,37
2095,29,Tier1,SME,49117,17832,0,17,8,2,0.15590619122037427,0.125522861574221,UPI,0.3630514893010567,0,5
2096,39,Tier1,SME,95456,33551,1,14,14,0,0.1580145173927466,0.06736206266429709,Card,0.3514813107609789,0,4
2097,44,Tier1,SME,60173,25110,2,21,9,0,0.24287669323767283,0.014348252489132816,Card,0.41729679424326527,0,3
2098,43,Tier2,SME,55194,26832,1,22,7,3,0.15955001908905472,0.09578602531383582,NetBanking,0.48613979780410915,0,1
2099,39,Tier1,Gig,82762,22151,2,15,6,1,0.28446783369139145,0.008827663621436393,UPI,0.2676469877480003,0,3
2100,50,Tier1,MNC,55536,14387,0,16,10,2,0.1796707160044589,0.07670704337294834,NetBanking,0.2590571881302218,0,3
2101,30,Tier2,SME,48424,18196,2,22,7,2,0.18831096763359886,0.06651374109325636,Card,0.3757640839253263,0,1
2102,31,Tier2,MNC,69996,19687,2,13,11,2,0.08194729407440171,0.053924115856304675,NetBanking,0.28125892908166183,0,3
2103,39,Tier2,Gig,52854,16356,2,22,11,3,0.28629276414550336,0.09154267248396306,NetBanking,0.309456237938472,0,2
2104,27,Tier1,SME,37456,5649,2,17,5,2,0.1559526789238777,0.014226353955954106,NetBanking,0.15081695856471594,0,3
2105,48,Tier1,MNC,45077,13807,3,14,11,1,0.13940255478871855,0.07057467936297926,Wallet,0.3062981121192626,0,1
2106,39,Tier2,Gig,33992,10017,2,20,5,0,0.3801763021565239,0.06183160411124975,NetBanking,0.29468698517298186,1,61
2107,48,Tier3,Startup,47364,8348,3,23,0,2,0.15236812372148675,0.0478974352607347,UPI,0.1762520057427582,0,2
2108,48,Tier2,MNC,95026,14811,1,8,15,1,0.45711948064269936,0.07683208448241242,Wallet,0.1558626060236146,0,5
2109,43,Tier2,MNC,60113,20630,2,21,12,1,0.14469874513572192,0.07956825797297255,UPI,0.3431869978207709,0,0
2110,50,Tier2,SME,104721,17464,3,8,12,3,0.14628712433891167,0.4190952280177951,UPI,0.16676693308887425,0,4
2111,31,Tier1,SME,73177,28887,3,19,9,2,0.2798626163406861,0.05341933071750015,UPI,0.3947551826393539,0,4
2112,22,Tier3,Gig,69701,15948,3,13,17,1,0.4429889865319756,0.006627720308173875,Wallet,0.22880589948494282,0,3
2113,31,Tier2,Gig,51620,13471,1,19,5,3,0.24047140545077098,0.11944512313335424,Wallet,0.26096474234792716,0,2
2114,47,Tier3,SME,46519,16084,1,18,3,1,0.24717696753757565,0.057823335778771336,UPI,0.34575119843504803,0,6
2115,50,Tier2,MNC,65984,16299,2,16,8,2,0.09101369154355389,0.023891296152934765,NetBanking,0.2470144277400582,0,1
2116,30,Tier1,SME,77772,24019,0,22,1,2,0.16540498574690898,0.16431906249390546,UPI,0.3088386565859178,0,1
2117,43,Tier2,SME,12704,2607,2,21,9,0,0.3667927700634921,0.2750788022446146,Card,0.2052109571788413,1,72
2118,24,Tier2,MNC,60413,19709,2,12,0,1,0.04803560524294972,0.15970181290452218,UPI,0.32623773028983827,0,2
2119,42,Tier1,MNC,55021,21259,1,16,8,2,0.24383273585939352,0.11884950753474224,UPI,0.386379745915196,0,1
2120,31,Tier1,MNC,56680,12166,2,19,15,2,0.3730709254190023,0.05912158700916122,UPI,0.21464361326746648,0,3
2121,35,Tier2,Gig,97961,41028,1,22,13,2,0.17772665968188195,0.046824716406096784,UPI,0.41881973438409165,1,80
2122,25,Tier3,MNC,42919,17174,3,14,13,2,0.11185710962911462,0.0701538190453567,UPI,0.4001491181062001,0,2
2123,28,Tier2,SME,67795,19989,2,17,17,2,0.2357236112604661,0.19880898840686417,UPI,0.29484475256287335,0,2
2124,33,Tier3,SME,81605,25942,2,13,5,3,0.23806723694543128,0.03655937091165299,NetBanking,0.317897187672324,1,95
2125,29,Tier1,SME,64969,12055,2,14,11,3,0.22463944038872477,0.089499095731406,NetBanking,0.18555003155351013,0,1
2126,37,Tier2,MNC,57248,19361,2,10,12,3,0.20046084713283557,0.04957826213788247,UPI,0.33819522079373954,0,4
2127,50,Tier2,SME,65028,12100,1,10,4,2,0.09375339098926169,0.04889912677543569,Card,0.18607369133296425,0,4
2128,52,Tier1,MNC,78265,38620,0,22,14,1,0.27440559466135583,0.023793580331880185,UPI,0.4934517344917907,1,54
2129,52,Tier2,MNC,51488,16464,2,10,17,1,0.2779683163187702,0.07585829215913535,UPI,0.31976382846488505,0,1
2130,50,Tier1,MNC,63882,27369,3,7,13,3,0.07086653934578253,0.018524660761545634,UPI,0.4284305438151592,0,1
2131,45,Tier1,Gig,62719,14455,1,21,6,2,0.553397408762706,0.07743459475671947,NetBanking,0.2304724246241171,0,3
2132,46,Tier1,Gig,41431,12908,1,7,8,2,0.7264079651053322,0.021527568733518954,UPI,0.31155415027394945,0,3
2133,21,Tier2,MNC,36052,14875,1,17,4,5,0.1948905444182334,0.01071155924221451,Card,0.41259846887828694,0,1
2134,24,Tier2,MNC,85868,13011,2,22,1,0,0.17474495705267695,0.1371160569400657,NetBanking,0.1515232682722318,0,4
2135,34,Tier2,MNC,76074,31577,2,14,15,0,0.44964882459517014,0.15326038803640457,UPI,0.4150826826511029,0,2
2136,36,Tier2,SME,75888,31460,1,15,3,2,0.26922731024524327,0.1356224934640406,Wallet,0.4145582964368543,0,3
2137,31,Tier2,MNC,67484,15015,2,21,5,1,0.19858825939190158,0.06433560840255714,NetBanking,0.22249718451781164,0,2
2138,32,Tier2,SME,64666,12938,1,8,3,2,0.2157260453798334,0.06519091505500373,UPI,0.2000742275693564,0,2
2139,34,Tier2,MNC,69914,30489,0,9,12,4,0.40173951086589754,0.09423933139520936,Card,0.43609291415167206,0,0
2140,54,Tier1,MNC,60081,25121,1,11,5,4,0.1881842046830792,0.009346560278784744,Wallet,0.4181188728549791,0,1
2141,34,Tier2,SME,69418,26759,3,13,1,1,0.10559857982175852,0.16838121510667703,Card,0.38547638940908696,0,1
2142,52,Tier2,Gig,46403,21466,1,19,12,6,0.3488012338523517,0.00922664761248999,UPI,0.4625994009008038,1,30
2143,25,Tier2,Startup,83090,21956,1,12,5,1,0.10942600745490513,0.11879268783941652,UPI,0.2642435912865567,0,1
2144,52,Tier2,SME,63529,25809,2,10,13,3,0.3639113327397417,0.03432719778107658,NetBanking,0.40625541091470035,0,2
2145,42,Tier1,SME,69790,26354,1,16,8,2,0.2357690077258783,0.12831836424184953,UPI,0.37761856999570137,1,72
2146,49,Tier2,MNC,66593,10661,1,18,17,1,0.14073468824023044,0.14011992337936105,Card,0.16009190155121408,0,1
2147,31,Tier2,Gig,49351,13108,2,18,3,0,0.38691155879352235,0.009471374207718439,NetBanking,0.2656075864724119,1,35
2148,46,Tier1,MNC,72280,29029,3,22,14,3,0.103037796727611,0.26199764293683114,UPI,0.40161870503597125,0,4
2149,46,Tier1,SME,57491,25577,1,9,17,0,0.17843085079535134,0.05019153282503238,Wallet,0.4448870257953419,0,3
2150,45,Tier1,Gig,56217,14356,1,14,13,3,0.39593916222565906,0.10373193519340941,Wallet,0.2553675934325916,0,4
2151,42,Tier2,MNC,37956,9884,1,20,12,4,0.2814921690796071,0.12346639348283217,UPI,0.2604067868057751,1,56
2152,38,Tier2,MNC,34198,9554,2,20,13,2,0.10125422753283207,0.3087686575559768,NetBanking,0.27937306275220775,0,2
2153,51,Tier2,Gig,41495,15895,1,20,7,2,0.4026384713836213,0.1114399263155511,UPI,0.3830581997831064,0,3
2154,40,Tier1,Startup,57012,19053,3,10,0,3,0.316451509724173,0.07952886017322694,UPI,0.33419280151547043,0,0
2155,43,Tier1,Gig,53711,24877,3,14,10,7,0.1504684191995377,0.04513528212750702,UPI,0.4631639701364711,0,0
2156,37,Tier1,Gig,39215,6507,3,15,1,0,0.1984572158512771,0.06733432765696507,UPI,0.1659314037995665,0,3
2157,24,Tier1,SME,56578,13713,2,7,13,2,0.5073143476532199,0.024247649515021858,UPI,0.24237336067022516,0,3
2158,38,Tier1,Gig,41634,6514,2,6,15,2,0.6156393256550053,0.09041122853837882,UPI,0.15645866359225633,1,104
2159,49,Tier2,SME,35141,15241,2,16,17,2,0.08409931790242593,0.04494538562309885,Card,0.4337099114993882,0,3
2160,26,Tier3,Startup,58513,16485,2,22,0,4,0.5319246716682038,0.02849490658758175,NetBanking,0.28173226462495515,0,1
2161,50,Tier1,MNC,68249,20717,0,23,11,3,0.20722613381715607,0.13722705850975153,Card,0.30355023516828084,0,1
2162,29,Tier1,SME,63255,29687,2,13,5,3,0.46924438786001016,0.1132134414742542,Card,0.46932258319500436,1,99
2163,25,Tier3,SME,24068,9458,2,22,11,1,0.7547768580445042,0.16173706849915143,NetBanking,0.3929699185640685,1,75
2164,28,Tier1,Gig,42995,20966,2,22,3,3,0.19108367771285417,0.15221917868586826,UPI,0.48763809745319225,0,6
2165,53,Tier1,MNC,78114,37088,1,23,3,2,0.10765619480513898,0.12832254347661992,Card,0.4747932508897253,1,80
2166,32,Tier1,Startup,51817,15540,2,13,0,1,0.05692940309817072,0.0025542078862492395,UPI,0.29990157670262657,0,1
2167,50,Tier2,SME,60241,9604,2,10,9,0,0.5759536169621287,0.06468166926152402,UPI,0.1594263043442174,0,3
2168,36,Tier2,Gig,89619,26261,2,11,7,3,0.08036740385992039,0.1631416085007294,UPI,0.2930293799305951,0,2
2169,36,Tier1,Startup,71462,25353,2,16,6,7,0.08765334202128358,0.28413025164796624,UPI,0.3547759648484509,0,3
2170,36,Tier1,SME,64538,17468,2,13,7,0,0.17007237921019108,0.145525687458968,UPI,0.27066224549877593,0,5
2171,31,Tier2,MNC,38164,16978,2,11,5,1,0.29734818713717576,0.12119412333345715,Card,0.44486951053348706,0,2
2172,52,Tier1,Gig,87848,35237,2,18,4,3,0.13520013680272652,0.24608274548125436,UPI,0.40111328658592116,1,64
2173,43,Tier2,Gig,64148,11968,3,6,14,0,0.22906729504812542,0.11082797689559395,Card,0.18656856020452703,0,5
2174,26,Tier3,Startup,48328,19694,3,10,5,2,0.03388702434744023,0.20563076842677552,Card,0.40750703525906307,1,49
2175,53,Tier2,SME,73298,32143,2,13,1,2,0.19641606358292588,0.10280209960081954,UPI,0.43852492564599305,0,4
2176,35,Tier1,MNC,34022,5681,1,22,10,5,0.2945580373299343,0.022666098366270447,UPI,0.1669801892892834,0,2
2177,21,Tier1,SME,75165,25562,2,13,7,1,0.21794767122041103,0.18739136659653943,NetBanking,0.34007849397991086,0,3
2178,29,Tier1,SME,33252,12010,2,13,6,5,0.14469238852528932,0.18480026909936306,UPI,0.36118128232888247,0,1
2179,54,Tier1,Startup,52314,13886,1,22,13,4,0.21008098917772222,0.3053436986933039,Wallet,0.26543563864357533,0,2
2180,53,Tier1,SME,32569,5935,3,15,13,2,0.13664180716035898,0.19519757083183617,Wallet,0.18222849949338327,0,1
2181,30,Tier3,MNC,57797,14823,2,19,5,2,0.19387889298449218,0.019199287695343136,Wallet,0.25646659861238474,1,61
2182,38,Tier3,Startup,92575,15598,3,10,6,0,0.42836409064823733,0.2744181609150153,UPI,0.1684904131785039,0,3
2183,39,Tier1,Gig,59007,16270,3,21,3,3,0.14486596319104858,0.07293732909495182,Card,0.2757299981358144,0,1
2184,41,Tier1,MNC,41548,19218,3,19,2,2,0.10710667138971086,0.013663635488336037,Card,0.46254934052180613,0,0
2185,43,Tier3,MNC,89998,39029,2,17,5,1,0.48004224527450196,0.14379197231508112,UPI,0.43366519255983466,0,1
2186,53,Tier2,MNC,58484,21627,2,15,0,5,0.30930354998919934,0.061657172202339953,Card,0.3697934477805896,0,1
2187,30,Tier1,MNC,50556,16156,2,6,10,2,0.2952320536426207,0.009869185963806006,Wallet,0.31956642139409763,0,1
2188,44,Tier3,MNC,48242,20400,3,17,2,0,0.3556206989411122,0.13379108585412486,NetBanking,0.4228680402968368,0,3
2189,28,Tier2,MNC,50258,15686,2,23,16,2,0.40861919010674097,0.002272820577512604,NetBanking,0.3121095149031,0,0
2190,38,Tier1,Startup,45665,7274,2,18,17,0,0.4523549014992841,0.028880392851831804,UPI,0.15929048505419907,0,0
2191,41,Tier1,Startup,44217,15454,1,7,8,1,0.26270840467979645,0.3870083726930735,NetBanking,0.34950358459416064,1,76
2192,33,Tier1,MNC,85802,34759,2,13,3,1,0.5846903645217775,0.07421923067875628,UPI,0.4051071070604415,0,2
2193,35,Tier1,MNC,94376,24490,1,21,3,3,0.4416083323886431,0.06351369744553666,UPI,0.25949393913706875,1,70
2194,47,Tier2,SME,63204,10653,2,6,11,1,0.40629713981442317,0.08639621008062269,NetBanking,0.16854945889500664,0,2
2195,43,Tier3,MNC,56395,24772,2,8,16,3,0.506516983166401,0.061445804551950416,UPI,0.43925879953896624,1,104
2196,34,Tier1,MNC,88451,39663,2,17,7,3,0.09694986919918024,0.1532744402248796,Wallet,0.4484177680297566,0,4
2197,31,Tier1,SME,41108,8486,3,11,8,3,0.2432772507021125,0.0761692842423727,UPI,0.20643183808504428,0,2
2198,46,Tier3,MNC,76728,15314,3,18,5,0,0.16935220950478372,0.09477223109810452,UPI,0.1995881555625065,0,2
2199,33,Tier1,MNC,77383,37107,2,6,17,0,0.07308437965064168,0.10000959417515835,UPI,0.47952392644379255,1,82
2200,27,Tier1,MNC,41675,8305,1,17,12,0,0.4331898229162412,0.011335215286829153,UPI,0.19928014397120575,0,2
2201,24,Tier3,SME,43970,16878,2,7,6,1,0.08804324022674101,0.026949294893693448,Card,0.38385262679099386,0,3
2202,21,Tier1,MNC,58867,25793,3,10,5,2,0.7346232608694431,0.21796672279792711,UPI,0.43815720182784923,0,2
2203,34,Tier2,MNC,50317,16514,2,22,13,1,0.1778881345993264,0.0823519845310969,NetBanking,0.32819921696444543,0,0
2204,31,Tier2,Startup,16725,3759,2,15,11,2,0.11976649610196835,0.03531348404051569,UPI,0.22475336322869954,0,1
2205,54,Tier1,Startup,48618,19441,3,14,11,1,0.07407038734911028,0.06486208047298607,UPI,0.39987247521494096,0,1
2206,45,Tier3,Startup,47044,10906,3,16,3,0,0.5024830049400594,0.042829271667617644,Card,0.23182552504038773,0,2
2207,43,Tier3,SME,56111,13927,1,21,10,0,0.6417715450957802,0.1705934252978353,Card,0.24820445189000373,0,3
2208,54,Tier1,SME,100413,46511,3,17,12,1,0.1630294742898293,0.17156812772981567,NetBanking,0.46319699640484796,1,79
2209,23,Tier1,SME,84221,29584,2,15,2,5,0.3397293932444686,0.18441253112723593,UPI,0.351266311252538,0,3
2210,27,Tier1,Startup,61643,23334,2,15,6,0,0.43132303945023026,0.10585700118193195,UPI,0.3785344645782976,0,2
2211,39,Tier2,SME,67390,10870,1,11,8,2,0.6872400752423156,0.2014370752621518,UPI,0.1612998961270218,0,3
2212,48,Tier1,MNC,86110,20465,2,6,8,2,0.04102267430221544,0.24888341109596424,UPI,0.2376611311113692,0,0
2213,31,Tier2,SME,62467,30575,0,22,15,3,0.209152773708633,0.16642315138447986,UPI,0.48945843405318007,0,1
2214,41,Tier2,Startup,62218,22210,3,20,5,4,0.6811405130971793,0.05781853309156537,NetBanking,0.35697065157992863,1,32
2215,36,Tier2,MNC,61195,26591,1,14,16,0,0.32938874094453147,0.056515406372548524,UPI,0.43452896478470465,0,1
2216,37,Tier1,MNC,72158,28846,2,14,7,3,0.10163198036137731,0.26098651119893485,UPI,0.399761634191635,0,0
2217,52,Tier1,SME,80395,28370,2,12,11,3,0.4566939134250514,0.06379517912708295,Card,0.35288264195534547,0,1
2218,52,Tier1,MNC,67051,26923,2,7,0,2,0.12229130809293746,0.10013187195799404,Card,0.40153017852082745,0,4
2219,43,Tier1,MNC,78286,35211,2,15,14,1,0.516887177229243,0.010936231985485545,UPI,0.4497739059346499,0,4
2220,39,Tier1,Gig,65275,20931,1,11,1,2,0.24348174580955412,0.15170935688451315,UPI,0.32065875143623135,1,99
2221,38,Tier2,MNC,33306,14043,0,18,0,2,0.1669763302057339,0.13193337590430804,Card,0.42163574130787246,0,1
2222,39,Tier2,Gig,41331,16403,2,6,9,6,0.4244257855574251,0.07057636503707507,UPI,0.39686917809876365,1,99
2223,28,Tier3,MNC,29626,12715,1,7,3,3,0.35801298854190083,0.12558017186886927,UPI,0.4291838250185648,0,2
2224,22,Tier2,MNC,57279,9335,3,22,9,1,0.2829720924175674,0.18591631832362668,UPI,0.16297421393529915,0,5
2225,30,Tier1,MNC,64605,28884,2,19,5,3,0.08405643043957137,0.06370459992567425,UPI,0.44708613884374276,0,2
2226,42,Tier1,MNC,30001,10158,0,12,7,0,0.14611590757569484,0.1296395910606196,NetBanking,0.338588713709543,0,1
2227,35,Tier2,MNC,41269,8944,2,14,8,3,0.01412382313460399,0.037761978876385695,UPI,0.2167244178439022,0,0
2228,47,Tier2,Startup,59797,15875,2,9,5,1,0.2376725585014067,0.23903398819956923,Wallet,0.26548154589695133,0,1
2229,36,Tier1,SME,57896,16308,1,10,15,5,0.37471442520169723,0.23813717462660486,UPI,0.2816774906729308,0,0
2230,40,Tier3,SME,76918,22053,2,14,4,3,0.20475082053476362,0.17369925336380015,UPI,0.2867079227228997,1,55
2231,40,Tier1,MNC,66771,32131,2,21,6,1,0.0670545300890942,0.14901135423625217,NetBanking,0.48121190337122405,1,74
2232,48,Tier2,Gig,45859,9783,3,17,8,4,0.03798693211396139,0.21380816902501595,NetBanking,0.2133278091541464,0,0
2233,44,Tier3,MNC,47964,20722,2,10,11,0,0.4659557466654167,0.1170404801043875,UPI,0.43203235760153447,0,2
2234,41,Tier2,SME,62272,12071,1,22,1,2,0.5819649583345545,0.04667295610834415,UPI,0.19384313977389517,0,0
2235,44,Tier2,MNC,64710,11136,2,17,10,1,0.14172842292012663,0.30106755944862873,UPI,0.17209086694483078,0,3
2236,44,Tier1,MNC,44553,20976,0,20,1,1,0.23027821797956624,0.002719290308891591,NetBanking,0.47081004646151775,1,85
2237,22,Tier3,MNC,47846,9573,2,10,14,2,0.5284551894479526,0.3400930404186709,UPI,0.20007942147723948,0,1
2238,30,Tier2,Startup,44664,12992,3,13,4,0,0.12364346294210656,0.09195262485967713,UPI,0.2908830377933011,0,2
2239,51,Tier3,MNC,87066,40017,2,11,6,3,0.29293085033230415,0.45572762314069337,UPI,0.45961684239542416,1,116
2240,26,Tier2,MNC,59793,23231,1,7,4,1,0.35810181815652253,0.02726646505536732,Card,0.3885237402371515,0,2
2241,28,Tier3,MNC,66342,14843,2,21,2,1,0.10308927190688198,0.0999192260554609,Card,0.22373458744083688,0,0
2242,40,Tier2,SME,34790,10389,2,16,13,1,0.3285541701731597,0.0923521358489596,UPI,0.2986202931876976,0,4
2243,52,Tier2,SME,43881,7429,1,9,2,3,0.335194257208721,0.02675137005764368,UPI,0.169298785351291,0,1
2244,45,Tier2,MNC,84328,21848,3,6,16,0,0.20715065040947692,0.087768961571099,UPI,0.2590835784081207,0,2
2245,29,Tier1,Gig,47741,15017,2,10,11,4,0.10626774168885868,0.13673837214582446,UPI,0.3145514337780943,0,1
2246,39,Tier1,Gig,54267,20141,1,12,13,3,0.23840143046280543,0.043193672469946084,UPI,0.371146368879798,1,75
2247,44,Tier1,Gig,32155,5427,2,12,11,0,0.5480277815613641,0.034870733151628,UPI,0.16877624008707823,1,113
2248,27,Tier2,Startup,70441,13197,1,19,11,1,0.10370821477546714,0.06574889620061708,Wallet,0.18734827728169673,0,1
2249,43,Tier1,MNC,44690,17745,2,20,5,3,0.2801124552624302,0.05999036748698466,UPI,0.39706869545759677,0,1
2250,48,Tier2,Gig,55467,20670,1,10,17,1,0.1954599412236191,0.01856639843933988,Card,0.3726540104927254,0,2
2251,34,Tier1,MNC,89498,19337,2,22,2,0,0.12321553561001004,0.03916321106057961,Card,0.21606069409372278,0,3
2252,26,Tier2,Startup,64910,19688,1,16,9,4,0.4938760588953043,0.17139863688812407,Card,0.30331227853951626,0,4
2253,32,Tier3,SME,55102,24885,2,16,16,4,0.12454690889632813,0.05249098986203107,UPI,0.45161700119777864,0,1
2254,35,Tier3,Startup,34346,10832,2,16,9,1,0.1629393763317284,0.0615774877230653,UPI,0.31537879229022303,0,4
2255,22,Tier3,MNC,88993,24831,0,23,6,2,0.2734904865091581,0.006653655073206607,UPI,0.2790219455462789,0,2
2256,50,Tier3,Startup,75594,17726,1,20,15,4,0.27212499409400487,0.06883250387151654,UPI,0.23448950974945101,0,1
2257,40,Tier2,MNC,47628,8092,3,14,5,0,0.21326687821466367,0.04248707254187462,UPI,0.16990005878894768,0,3
2258,27,Tier1,Gig,59911,18770,1,22,9,2,0.08211676829967249,0.26627129066300886,UPI,0.313298058787201,0,1
2259,53,Tier2,Gig,69776,22420,1,22,6,4,0.4463524196721152,0.047229844824796086,Card,0.32131391882595733,0,3
2260,31,Tier3,SME,39441,9717,1,11,2,1,0.009793049494298198,0.03255151419225575,Card,0.2463679926979539,0,1
2261,54,Tier2,Gig,88983,15577,2,8,15,0,0.522839506695446,0.04303249786328938,UPI,0.17505590955575784,0,2
2262,53,Tier2,Startup,92101,36926,2,19,2,0,0.22678686253131405,0.0725999927998595,UPI,0.400929414447183,0,4
2263,49,Tier1,MNC,44883,16781,3,22,6,1,0.27736983265252646,0.042817355766851056,UPI,0.37388320745048237,0,1
2264,37,Tier2,SME,53530,15957,1,15,10,2,0.23816820277981643,0.0033059065240257993,NetBanking,0.29809452643377543,0,1
2265,52,Tier1,MNC,60374,26347,1,16,16,2,0.2100271123315848,0.00855290108761358,Card,0.4363964620532017,0,1
2266,29,Tier3,MNC,85983,34977,3,19,12,3,0.27216347847312333,0.15411860373100478,UPI,0.4067897142458393,0,7
2267,47,Tier2,MNC,67341,15410,1,20,1,1,0.20768608677296618,0.010924841727689111,Card,0.22883533063067077,0,2
2268,21,Tier1,MNC,77309,17176,0,8,12,1,0.38806202307100485,0.24890695933719775,UPI,0.22217335627158546,0,2
2269,51,Tier2,SME,67520,15011,2,22,2,1,0.11742549615398395,0.13839518062250292,Wallet,0.22231931279620853,0,5
2270,38,Tier2,SME,46635,9258,1,22,3,3,0.1261922626448852,0.24123190852004617,Wallet,0.19852042457381794,1,107
2271,38,Tier1,MNC,71285,26143,0,8,15,2,0.3432766428301003,0.14526401121862192,NetBanking,0.36673914568282245,0,2
2272,50,Tier1,SME,75954,36430,2,21,12,2,0.23795749939534408,0.09490864498131414,Card,0.4796324090897122,0,1
2273,26,Tier1,Startup,69964,25372,3,21,12,1,0.1840304625722587,0.04978393485089179,Card,0.36264364530329884,0,1
2274,29,Tier1,Gig,53235,23394,1,20,6,1,0.31570652012433337,0.11627940035067132,NetBanking,0.43944773175542406,0,2
2275,50,Tier3,MNC,69395,19519,2,6,7,2,0.19048050980785394,0.10551276040639362,Card,0.2812738669932992,0,0
2276,41,Tier2,SME,34794,17308,1,17,6,3,0.14971652089052662,0.0626004502747132,UPI,0.4974420877162729,1,49
2277,26,Tier3,Gig,68678,13149,2,13,5,0,0.2206831635032964,0.07663353932054165,NetBanking,0.19145869128396284,1,106
2278,22,Tier1,SME,53228,22756,2,19,4,2,0.3565777758186492,0.005625590882402537,Card,0.4275193507176674,1,63
2279,22,Tier2,SME,83559,29961,0,21,14,3,0.43921295768572716,0.01795739448836624,Wallet,0.3585610167665961,1,64
2280,21,Tier3,MNC,61554,29354,2,10,17,2,0.550550638578461,0.11703678232277882,NetBanking,0.47688208727296355,0,3
2281,21,Tier3,Gig,79471,31648,0,11,7,2,0.21452093731953334,0.17644658355593465,UPI,0.39823331781404536,0,1
2282,39,Tier1,Startup,65918,27672,0,18,14,0,0.04969040323533088,0.03618288459985032,UPI,0.4197942898752996,0,2
2283,54,Tier1,MNC,26506,11128,1,10,2,1,0.1523879408613934,0.06454271632911178,UPI,0.4198294725722478,0,2
2284,24,Tier3,SME,50212,9842,1,20,15,2,0.18185771555586766,0.1237887112506426,Card,0.1960089221699992,0,1
2285,27,Tier2,MNC,71897,32092,2,22,11,2,0.3451303776494622,0.12560758827825402,Card,0.44636076609594283,0,3
2286,54,Tier3,SME,66324,17850,3,17,16,2,0.21037432625596503,0.17086365556956312,UPI,0.269133345395332,0,4
2287,26,Tier3,MNC,31901,7481,3,12,9,0,0.22756245861273516,0.15766345667062356,NetBanking,0.23450675527412934,0,2
2288,42,Tier1,Gig,43945,7270,2,7,9,2,0.13727122781729542,0.04426679179397421,Card,0.16543406530890886,0,1
2289,47,Tier1,Gig,66616,24520,2,12,5,1,0.31948896536777804,0.02254790618328591,NetBanking,0.3680797406028582,0,2
2290,37,Tier3,MNC,88836,40225,1,15,17,2,0.19215043299727205,0.013944817052443558,Card,0.4528006663965059,1,38
2291,49,Tier2,SME,76376,12802,2,19,12,1,0.3449041927528481,0.09017022437452225,UPI,0.16761809992667853,0,2
2292,35,Tier3,SME,71360,14383,1,18,12,1,0.07638404379060523,0.4323674711741547,UPI,0.2015554932735426,1,67
2293,39,Tier2,MNC,44212,15231,2,20,5,3,0.5758090054331003,0.2601664923200627,UPI,0.344499230978015,0,5
2294,24,Tier3,Startup,76303,36993,1,12,8,5,0.1840110137987571,0.015177840581380202,NetBanking,0.4848171107295912,0,7
2295,32,Tier1,SME,44370,8214,2,10,9,0,0.46751776084948654,0.145729052322884,UPI,0.18512508451656526,0,5
2296,45,Tier1,Gig,45118,15716,2,12,1,1,0.3044486135257218,0.05104499621298714,Card,0.3483310430426881,1,56
2297,34,Tier3,MNC,67264,19462,1,11,1,0,0.10311281979405826,0.02295836874802377,Card,0.28933753568030446,0,1
2298,53,Tier1,Startup,94992,29144,2,18,9,2,0.03199768919803126,0.02722618967924707,UPI,0.3068047835607209,0,0
2299,53,Tier1,MNC,47404,14077,1,16,2,5,0.1543034612720598,0.16046056895413724,UPI,0.29695806261075014,0,1
2300,39,Tier2,Startup,77101,32643,1,10,1,1,0.3526099124582053,0.19651621339846903,NetBanking,0.4233797227013917,1,30
2301,46,Tier1,SME,39842,14222,2,20,13,1,0.23221808381499184,0.12918627014748296,NetBanking,0.35695999196827466,0,1
2302,40,Tier2,MNC,43141,15711,1,9,2,0,0.107750810053308,0.1576859402952562,NetBanking,0.3641779281889618,0,1
2303,45,Tier1,Gig,74177,27191,2,19,0,3,0.2663647486651466,0.009495371874154007,UPI,0.3665691521630694,0,3
2304,27,Tier2,MNC,27219,4206,1,17,6,0,0.536190384684962,0.06943128864116505,UPI,0.15452441309379478,0,1
2305,45,Tier3,Gig,93020,24801,2,21,6,2,0.43110768439659036,0.03484039562032139,NetBanking,0.2666200817028596,1,35
2306,27,Tier1,Gig,24586,11406,1,21,10,5,0.3027566126266729,0.12409491242162315,UPI,0.463922557553079,0,2
2307,36,Tier2,SME,73326,22849,1,15,10,0,0.15742201071035594,0.05966584369614399,NetBanking,0.3116084335706298,0,2
2308,21,Tier2,SME,57750,19766,2,7,4,2,0.0262287400625475,0.024007151206834377,UPI,0.3422683982683983,0,1
2309,21,Tier1,Gig,55763,17414,1,14,13,0,0.36626244075713565,0.11857841718431099,NetBanking,0.31228592435844554,1,107
2310,45,Tier3,Startup,57231,20334,1,10,5,0,0.25449078769560207,0.36460879699034704,Card,0.3552969544477643,0,1
2311,35,Tier1,Gig,49816,17354,3,16,10,1,0.20827506397656925,0.43713067296592106,UPI,0.3483619720571704,0,2
2312,47,Tier2,Startup,35204,6834,2,9,4,5,0.14879389717640681,0.19381649047161767,NetBanking,0.1941256675377798,0,1
2313,44,Tier3,Gig,53640,20626,1,17,10,3,0.39892457476194043,0.00815319885426655,UPI,0.3845264727815063,0,3
2314,41,Tier3,Gig,41231,20370,3,22,9,1,0.5346002763766976,0.1329263722426219,NetBanking,0.4940457422812932,1,106
2315,27,Tier2,MNC,49813,20662,2,6,1,2,0.05473892305827967,0.047561409843944656,UPI,0.41479131953506115,0,0
2316,24,Tier2,Startup,79234,28584,2,9,1,4,0.3036568561905193,0.001734550571868745,UPI,0.3607542216725143,0,3
2317,24,Tier3,MNC,58001,15760,3,20,10,3,0.33289567706930095,0.09911438986461985,Wallet,0.2717194531128774,1,110
2318,24,Tier1,SME,44017,7128,2,16,11,5,0.21669158806219052,0.03476820595221412,UPI,0.16193743326442056,0,2
2319,30,Tier1,Startup,51502,22927,1,21,16,5,0.22803581933211864,0.040296810760339564,UPI,0.44516717797367095,0,0
2320,32,Tier3,Startup,39492,19524,1,15,9,1,0.21709464465424722,0.15179131210682761,UPI,0.4943786083257369,0,2
2321,43,Tier1,Gig,28569,5187,2,6,3,6,0.10325115941923597,0.005241412783852356,NetBanking,0.18156043263677413,0,3
2322,43,Tier3,SME,48021,16631,2,8,3,4,0.22406546341422132,0.060872007187945776,NetBanking,0.3463276483205264,0,2
2323,39,Tier3,MNC,83518,17113,2,20,4,3,0.30651071033238453,0.009731297213537396,UPI,0.20490193730692785,0,2
2324,48,Tier1,Gig,72111,23070,1,10,14,3,0.1197453881875886,0.13599195987956528,Card,0.3199234513458418,1,30
2325,44,Tier2,Gig,53196,25715,2,13,6,1,0.31308234056172707,0.16303761160882382,Card,0.483401007594556,1,109
2326,43,Tier3,Gig,50481,8820,2,16,15,1,0.18743215732268306,0.12466851083079698,UPI,0.1747192012836513,1,55
2327,23,Tier1,MNC,13906,2844,1,17,16,2,0.31688465117697756,0.04735119096527083,Card,0.2045160362433482,0,2
2328,23,Tier2,MNC,39140,19104,3,11,3,0,0.17137387764020062,0.22164599565821552,Card,0.48809402146142056,0,1
2329,39,Tier1,SME,62903,10302,1,8,14,0,0.5068257015331966,0.19797154598964103,Card,0.16377597252913215,0,2
2330,35,Tier1,Startup,65373,23363,1,6,2,3,0.3372463891052692,0.14957157415098174,Card,0.3573799580866719,1,105
2331,27,Tier1,Gig,61698,24734,1,21,6,1,0.3509805692642026,0.12262177822211194,UPI,0.40088819734837433,0,2
2332,24,Tier2,MNC,79393,19117,1,6,4,4,0.287710887256951,0.02360778108125681,UPI,0.24078949025732746,0,1
2333,32,Tier1,Gig,50872,21802,2,8,4,1,0.2437875163627822,0.0013090649932176969,UPI,0.4285658122346281,0,1
2334,34,Tier3,Gig,85214,29747,2,22,15,1,0.2191846220443359,0.22766687332000343,NetBanking,0.34908583096674256,0,2
2335,25,Tier2,Gig,86240,14151,2,7,10,1,0.13142824346149015,0.07329711750494496,Card,0.16408858998144712,0,0
2336,51,Tier2,Gig,56959,18235,2,18,14,1,0.19508061093219897,0.1888999908353486,UPI,0.32014255868256114,0,3
2337,44,Tier1,Startup,40093,7909,2,11,17,3,0.06699640265953655,0.21903405413611485,UPI,0.19726635572294415,0,0
2338,49,Tier1,Gig,18872,6384,2,6,8,1,0.29180718234968983,0.07815990690686664,UPI,0.33827893175074186,0,2
2339,52,Tier2,Startup,66145,16224,2,10,10,1,0.34010117966994136,0.057333250286463945,UPI,0.24527931060548794,0,4
2340,42,Tier3,Startup,80621,31106,1,20,1,3,0.22318366463778463,0.10879765566641815,Card,0.38582999466640205,1,111
2341,30,Tier1,MNC,81261,34113,2,9,6,4,0.42922657958836263,0.05863385852648822,NetBanking,0.41979547384354116,0,1
2342,28,Tier2,Gig,51195,17004,1,22,16,2,0.17431338460610896,0.03653073712836723,NetBanking,0.33214181072370347,0,0
2343,22,Tier2,SME,40846,13933,1,9,3,2,0.3902624742618592,0.3097961647647666,UPI,0.34111051265729814,0,2
2344,24,Tier2,MNC,52204,15837,0,18,0,5,0.10968550579321364,0.07743721452121938,NetBanking,0.3033675580415294,0,2
2345,27,Tier2,SME,65804,24674,2,10,15,0,0.23114308095816374,0.0866258636027713,UPI,0.3749620083885478,0,2
2346,49,Tier1,Gig,99655,27598,2,8,13,3,0.24268416490123765,0.2329353948897851,UPI,0.27693542722392256,0,1
2347,36,Tier2,SME,87143,27146,2,11,6,2,0.29752009533616663,0.008359684237648582,NetBanking,0.3115109647361234,0,4
2348,38,Tier3,MNC,43965,18566,2,11,16,0,0.23427574528450962,0.09428078702488095,UPI,0.4222904583191175,0,3
2349,51,Tier2,Gig,70411,34026,3,13,16,4,0.08512791463101428,0.22038820635380882,UPI,0.483248356080726,1,104
2350,23,Tier3,MNC,48310,15814,0,17,6,3,0.28904595445951636,0.1881658308184031,Card,0.3273442351480025,0,2
2351,21,Tier1,Startup,105372,44117,2,14,0,1,0.10021443873000717,0.19427819238390387,UPI,0.41867858634172267,0,4
2352,50,Tier2,MNC,49577,18574,2,11,3,4,0.13459113980488488,0.25134802809259293,UPI,0.374649535066664,0,0
2353,29,Tier2,Gig,54202,16666,0,21,4,3,0.30593276579427775,0.23196767799056095,UPI,0.3074794288033652,0,1
2354,39,Tier1,Gig,53453,23284,2,6,4,0,0.2115990214264755,0.06930615671653312,NetBanking,0.4355976278225731,0,5
2355,42,Tier1,MNC,52565,21752,1,23,17,1,0.11390280771768284,0.27642470938557995,UPI,0.413811471511462,0,0
2356,52,Tier1,MNC,52741,9914,2,8,10,2,0.486390448639291,0.02363446320700435,Card,0.18797519956011452,0,3
2357,25,Tier2,Gig,48354,14305,0,21,15,2,0.2724566410862462,0.010194246972231051,Card,0.29583902055672745,0,2
2358,22,Tier2,MNC,33775,14887,1,23,12,1,0.2501421756736166,0.14991557668185476,NetBanking,0.4407698001480385,0,1
2359,24,Tier1,Startup,43178,17540,3,14,12,0,0.6429892470010558,0.11566354963009502,NetBanking,0.40622539256102647,0,1
2360,28,Tier2,Gig,92647,28003,3,21,10,4,0.17769820115041945,0.02664225432091392,UPI,0.3022547950824096,1,60
2361,47,Tier1,Gig,50049,9584,1,23,11,0,0.38920501782354533,0.07759040465566541,UPI,0.19149233750924094,1,76
2362,32,Tier1,MNC,55166,9799,2,15,14,1,0.13874344429037133,0.03357443209762052,UPI,0.17762752419968822,0,4
2363,50,Tier1,MNC,69269,26622,1,20,8,2,0.3093418278035714,0.02972799361529364,UPI,0.3843277656671816,0,3
2364,24,Tier3,SME,40406,9117,0,6,3,4,0.0379546447505639,0.1256713967087991,UPI,0.22563480671187447,0,1
2365,23,Tier2,MNC,65601,11274,0,22,14,2,0.2987138634340289,0.28681695540698016,Card,0.1718571363241414,1,94
2366,27,Tier2,MNC,73008,30697,2,18,9,1,0.24396142550682726,0.19614428671801468,UPI,0.42046077142230986,0,3
2367,42,Tier2,MNC,57763,27142,1,13,15,2,0.134425725385444,0.07711361830021286,UPI,0.46988556688537647,0,0
2368,39,Tier2,Gig,74040,28606,3,15,17,0,0.34560061884087917,0.012946772775082814,NetBanking,0.3863587250135062,0,0
2369,26,Tier1,MNC,28887,8452,2,14,4,0,0.1656666908855961,0.2010025469652443,NetBanking,0.2925883615467165,0,4
2370,31,Tier1,Gig,49961,18465,1,7,6,2,0.2286239203842377,0.08155586589711077,UPI,0.36958827885750883,0,2
2371,46,Tier1,Startup,54513,14490,1,10,10,2,0.21867913819730625,0.02352367226268276,UPI,0.2658081558527324,0,3
2372,36,Tier1,MNC,56230,22187,0,17,15,3,0.27135768208118566,0.050396889432148984,NetBanking,0.3945758491908234,0,3
2373,36,Tier1,Gig,58116,27451,1,14,3,1,0.6957327176704701,0.0706952294824465,UPI,0.4723484066350058,0,0
2374,25,Tier1,MNC,86869,37502,2,18,9,0,0.35836387058227887,0.3945253938683482,UPI,0.4317075136124509,0,1
2375,45,Tier3,MNC,62741,21107,1,18,9,3,0.35558999615466724,0.014830418395965054,UPI,0.3364147845906186,0,3
2376,53,Tier1,SME,53425,21574,0,20,3,0,0.5191968506657767,0.03572313759238314,UPI,0.4038184370613009,0,1
2377,23,Tier2,Gig,55603,25091,1,15,16,1,0.060535126748213736,0.003961019920247018,Card,0.4512526302537633,0,0
2378,38,Tier1,SME,83471,18027,1,19,4,3,0.4176674370631468,0.06292425145964062,Wallet,0.21596722214900985,1,95
2379,28,Tier2,SME,62977,24138,2,15,0,1,0.3481150301139069,0.060932142302431554,Card,0.38328278577893515,0,1
2380,32,Tier3,MNC,62566,19214,2,11,14,2,0.06469001156465123,0.2862354560034299,UPI,0.3070997027139341,0,4
2381,26,Tier2,Gig,36614,14880,3,17,5,4,0.22448960897607748,0.04331198244005868,UPI,0.4064019227617851,0,1
2382,38,Tier1,Startup,60596,22572,2,20,5,3,0.40079328250907476,0.04336213976545901,UPI,0.37249983497260547,0,1
2383,29,Tier3,MNC,83118,34606,1,13,16,3,0.5591571433290624,0.13109345865694502,Wallet,0.416347842825862,0,0
2384,44,Tier1,Startup,61195,29592,3,13,1,2,0.3967409118910713,0.03350902120686395,Card,0.48356891902933247,0,1
2385,30,Tier1,MNC,51117,13592,1,11,17,0,0.22940613470582974,0.26545833033524674,UPI,0.265899798501477,0,0
2386,35,Tier1,SME,80243,15184,1,13,5,5,0.22368265304598778,0.004108235993342559,UPI,0.18922522836882968,0,5
2387,25,Tier2,Startup,42040,18177,2,12,10,3,0.09119212404443458,0.11373934148632513,NetBanking,0.43237392959086585,0,2
2388,39,Tier1,MNC,63874,11630,3,15,14,2,0.03587321358026549,0.08482415052896151,Card,0.18207721451607853,0,5
2389,51,Tier3,Startup,46795,15643,1,16,2,5,0.11153696411220407,0.023533019257347843,UPI,0.3342878512661609,0,2
2390,38,Tier1,Gig,52091,23902,1,10,3,2,0.3522918235902519,0.09738640758070183,UPI,0.45885085715382695,0,2
2391,33,Tier1,Startup,59702,9151,1,11,16,0,0.15708452234206374,0.029646385001661328,UPI,0.15327794713744933,0,4
2392,43,Tier3,Gig,83939,30806,3,22,17,3,0.09293521699992108,0.10966230576889471,Card,0.3670046104909518,1,83
2393,40,Tier1,Gig,64393,18711,3,11,1,3,0.3167666269801514,0.01224149410307405,UPI,0.2905750625067942,1,85
2394,30,Tier2,Startup,60151,13059,3,17,6,1,0.47408232259578675,0.06913202391313893,Card,0.21710362254991605,0,0
2395,34,Tier3,MNC,89218,36668,1,19,11,0,0.36224423964986335,0.06060809992227861,Card,0.410993297316685,0,2
2396,47,Tier2,Startup,47539,14223,1,21,17,0,0.3197411013916852,0.016670889563176312,UPI,0.29918593155093715,0,2
2397,24,Tier2,MNC,65076,17976,1,11,8,0,0.25127062439524345,0.10387766991485553,UPI,0.27623086852295775,0,2
2398,35,Tier2,MNC,33081,10609,1,22,1,0,0.149950555878456,0.016443397420148945,UPI,0.32069768144856564,0,5
2399,53,Tier1,Startup,56985,10809,1,18,16,2,0.01645312319769034,0.07087050258141285,UPI,0.18968149513029745,0,3
2400,50,Tier1,Startup,68456,28171,0,14,13,4,0.33496281521719207,0.14807418710715953,UPI,0.41151980834404583,0,1
2401,49,Tier1,Gig,58410,26730,2,16,1,4,0.21598010043415333,0.04787875751056518,UPI,0.4576271186440678,1,52
2402,33,Tier2,Gig,56783,19672,2,22,6,2,0.2914595999887149,0.04259328129530656,UPI,0.34644171671098745,0,1
2403,49,Tier1,SME,69548,33493,1,18,7,3,0.17353079086829779,0.14587305084503002,UPI,0.4815810663139127,0,3
2404,27,Tier1,MNC,85419,41346,1,6,16,3,0.23629565688474152,0.16230606880550252,NetBanking,0.48403750921926036,1,92
2405,50,Tier3,MNC,52897,15917,2,12,2,0,0.032086821624921366,0.05684546007557091,Wallet,0.3009055333950886,1,110
2406,30,Tier2,Gig,47476,19176,1,17,1,4,0.2173032420938138,0.007616789064488486,UPI,0.4039093436683798,0,3
2407,23,Tier3,MNC,70942,27675,2,8,5,0,0.4076130022583829,0.08668242717309002,NetBanking,0.3901074116884215,1,114
2408,23,Tier1,SME,71381,29361,2,22,7,2,0.05612704785737979,0.019560735110994047,UPI,0.4113279444109777,0,4
2409,47,Tier1,MNC,46479,8687,2,22,16,6,0.7112016453499269,0.01316143085406152,UPI,0.18690161148045353,0,1
2410,43,Tier1,MNC,71993,32723,2,6,12,2,0.15865141443473665,0.16336975975984763,Wallet,0.45453030155709584,1,93
2411,47,Tier2,MNC,69309,33709,1,18,13,3,0.05306584292262401,0.08626436581684746,UPI,0.48635819301966554,0,0
2412,29,Tier3,Startup,62393,13257,2,10,13,1,0.19943582102942933,0.015593929447220965,UPI,0.21247575849854952,0,2
2413,42,Tier2,Gig,43199,8509,0,13,16,1,0.2091016584748163,0.0974521890201774,UPI,0.19697215213315122,1,113
2414,34,Tier2,MNC,51932,25639,1,6,5,1,0.24859368872102713,0.13084629604945985,UPI,0.4937033043210352,0,1
2415,40,Tier2,MNC,56401,16462,3,17,7,3,0.29150249268911627,0.009345054776464749,UPI,0.291874257548625,0,2
2416,31,Tier1,Gig,51460,10900,1,15,9,2,0.5008092788587778,0.024364570438289147,Card,0.2118150019432569,0,1
2417,51,Tier3,SME,43582,11630,1,16,13,4,0.15122724454556644,0.010748025849989384,UPI,0.2668532880547015,1,87
2418,29,Tier3,SME,76410,38179,2,14,8,1,0.10048060248497283,0.09797178281157733,Card,0.49965973040177986,1,58
2419,48,Tier2,SME,69475,30190,1,16,6,1,0.16846993784767844,0.03150732510996457,NetBanking,0.43454480028787335,0,0
2420,52,Tier1,Gig,80175,21468,1,7,13,0,0.21567678833844278,0.025608173705149537,Card,0.26776426566884937,0,2
2421,50,Tier2,MNC,56228,18202,2,16,15,4,0.14071723552060234,0.06828934606926605,Card,0.32371772070854377,0,2
2422,54,Tier2,Startup,72589,13791,2,15,3,0,0.08159140531225298,0.02953999144477866,UPI,0.18998746366529365,0,2
2423,48,Tier2,MNC,51410,25351,2,21,3,2,0.17208729037883944,0.06331254314703857,NetBanking,0.4931141801205991,0,1
2424,46,Tier1,MNC,59079,25660,1,22,7,3,0.42127518001496417,0.18813128971651286,UPI,0.43433368878958684,0,1
2425,45,Tier2,MNC,61999,29954,3,9,3,3,0.10476786003777677,0.08897525901931845,UPI,0.4831368247874966,0,4
2426,52,Tier2,Gig,44801,7716,3,21,8,2,0.11554881721082073,0.020083742127894037,UPI,0.17222829847548046,0,2
2427,31,Tier3,Startup,87417,16306,2,9,2,1,0.2244289750092624,0.060840336697829914,UPI,0.18653122390381732,0,1
2428,28,Tier1,Gig,71024,27981,0,22,15,0,0.34049218432399436,0.10888706088109981,UPI,0.3939654201396711,0,4
2429,37,Tier2,Startup,12000,5187,3,8,15,3,0.19283177369842566,0.05043122972015626,NetBanking,0.43225,0,2
2430,21,Tier2,Gig,49697,22376,0,21,13,0,0.2151825518388075,0.1266590746887195,Card,0.45024850594603294,0,4
2431,45,Tier1,MNC,68033,15175,2,15,2,2,0.10661348207518488,0.11152963517152106,NetBanking,0.2230535181456058,0,1
2432,32,Tier1,MNC,43815,21504,2,12,12,1,0.277738461837968,0.20402640038637446,UPI,0.490790825059911,0,1
2433,43,Tier1,SME,67224,23037,1,22,5,1,0.12485566935438697,0.16522849792556843,Card,0.342690110674759,0,3
2434,27,Tier3,Startup,67400,32211,0,19,8,2,0.23474687736243172,0.2558263990702186,Card,0.4779080118694362,0,1
2435,54,Tier2,Startup,84017,32454,0,13,15,2,0.17179360843939692,0.0801691054613225,UPI,0.38627896735184547,0,0
2436,26,Tier3,Startup,64076,13134,3,20,14,1,0.318769387729639,0.07636140231624025,Card,0.20497534178163432,0,4
2437,30,Tier2,Startup,56973,28114,2,23,5,2,0.18782161331683112,0.3536228936026047,Card,0.49346181524581817,1,35
2438,54,Tier1,Startup,61643,17695,2,23,6,4,0.106137268520159,0.13495118819927313,Card,0.28705611342731535,0,2
2439,25,Tier3,MNC,26299,9475,1,14,5,1,0.2438374546181254,0.0530123550005218,Card,0.36027985854975475,0,1
2440,27,Tier3,SME,57049,23543,2,7,14,4,0.1372286467926979,0.20054707912134215,UPI,0.41268032743781663,1,102
2441,28,Tier1,SME,104262,34329,0,21,2,3,0.2402271936404619,0.036663439104263826,UPI,0.32925706393508664,0,2
2442,33,Tier1,SME,67522,22545,1,11,0,5,0.12040229622191433,0.11117271401982914,Card,0.33389117620923553,0,4
2443,28,Tier3,SME,70680,22234,1,13,2,2,0.08104577700373133,0.3181132188869117,Card,0.3145727221279004,0,5
2444,22,Tier3,SME,37490,14535,2,14,1,3,0.2338207928930527,0.028418118321480418,UPI,0.38770338757001865,0,2
2445,46,Tier1,MNC,64290,15124,1,12,12,1,0.1771678044898549,0.21537567580674583,NetBanking,0.23524653911961424,0,3
2446,44,Tier3,MNC,48068,21472,2,20,1,3,0.18469270709444557,0.03189548322181528,UPI,0.4467005076142132,0,0
2447,51,Tier3,MNC,41248,15750,2,16,11,4,0.18856557774666344,0.18293259626044667,UPI,0.3818366951124903,0,1
2448,37,Tier3,MNC,49128,22965,2,18,15,1,0.3960088337098282,0.024425336613801172,Card,0.4674523693209575,0,0
2449,22,Tier1,MNC,63500,12698,0,8,14,0,0.09703912835392968,0.19851225059797756,UPI,0.19996850393700788,0,2
2450,25,Tier2,Startup,80888,18410,3,20,17,1,0.5378150041459472,0.19220665416634503,Card,0.22759865493027395,0,1
2451,39,Tier3,Startup,78085,37223,1,13,14,7,0.19095157232971713,0.0701313704464131,Card,0.47669846961644363,0,3
2452,30,Tier1,Gig,50138,15865,2,7,12,3,0.1916776983742956,0.17419938578714558,Card,0.3164266624117436,0,1
2453,28,Tier2,MNC,31840,11938,2,9,0,3,0.2305854419460925,0.06614776293856461,UPI,0.37493718592964825,0,0
2454,22,Tier2,MNC,12000,2889,1,10,8,4,0.23668864363261222,0.02786422740204121,NetBanking,0.24075,0,1
2455,30,Tier2,Startup,73129,34832,3,8,1,3,0.4176804773645636,0.023775494015581277,UPI,0.47630898822628503,0,3
2456,54,Tier2,Gig,42934,11392,2,15,0,3,0.029318034156106464,0.025471241665566267,Wallet,0.26533749475939816,0,1
2457,48,Tier2,MNC,74232,24067,2,23,2,0,0.22496868044476329,0.22603786648976576,UPI,0.32421327729281174,0,3
2458,31,Tier2,MNC,75635,16344,2,10,0,4,0.35515280347903055,0.1570713856447628,NetBanking,0.21609043432273417,0,6
2459,37,Tier1,Startup,69531,23022,0,8,9,0,0.18381544665233407,0.12740173509828925,Card,0.3311041118350088,1,68
2460,23,Tier2,Gig,88110,18424,2,13,2,2,0.23052756828845647,0.09119093112076347,UPI,0.2091022585404608,0,1
2461,46,Tier1,Startup,51001,25071,2,6,7,1,0.32371723236125316,0.04417679892062272,UPI,0.49157859649810787,0,2
2462,50,Tier2,MNC,61148,11098,2,16,13,3,0.5037737347850672,0.08874765505623515,Wallet,0.18149407993720154,0,1
2463,36,Tier3,SME,59993,9799,3,7,7,2,0.07268085437103661,0.2848279799170151,UPI,0.16333572250095846,0,6
2464,39,Tier1,SME,77345,15641,1,21,13,1,0.09558513981032854,0.035519061047939955,UPI,0.20222380244359686,0,0
2465,38,Tier2,SME,56106,23693,1,17,12,0,0.041043992701392404,0.24642635376814626,UPI,0.4222899511638684,0,0
2466,40,Tier2,Gig,42978,11597,0,6,4,2,0.24848811240824664,0.13426919638589682,Card,0.2698357299083252,1,48
2467,25,Tier3,MNC,78417,13456,3,13,12,1,0.04572452706989537,0.08628113887155071,Card,0.17159544486527156,0,3
2468,34,Tier1,Startup,77068,20118,0,19,11,5,0.12103795864040084,0.13911911332504548,UPI,0.2610421965017906,0,2
2469,34,Tier2,Gig,21771,3284,2,13,7,0,0.4015150901606136,0.12347474249803342,UPI,0.150842864360847,0,2
2470,43,Tier2,MNC,59211,13628,0,13,15,4,0.16784293500452044,0.14132865666931174,NetBanking,0.23015993649828578,0,4
2471,42,Tier1,MNC,62275,17995,1,20,12,1,0.19387390602043975,0.05448339024912365,UPI,0.28896025692492977,0,3
2472,31,Tier1,SME,31392,10741,1,14,8,2,0.12722397587023765,0.016675237868632526,Card,0.3421572375127421,0,0
2473,29,Tier2,Startup,65448,30981,0,14,17,3,0.27418924119680066,0.26899349708486125,Card,0.4733681701503484,1,57
2474,41,Tier1,MNC,59095,9434,2,9,11,2,0.24229823873539774,0.14347884869226946,NetBanking,0.15964125560538117,0,1
2475,45,Tier2,SME,59784,23001,3,18,11,0,0.6831503805816271,0.2246576247589989,NetBanking,0.3847350461661983,1,106
2476,29,Tier3,SME,21849,7436,3,15,6,3,0.18291003645232262,0.13301521391510868,Wallet,0.3403359421483821,0,2
2477,52,Tier2,SME,67838,11703,0,22,1,3,0.30695662589826334,0.12834572941402914,UPI,0.17251393024558506,0,5
2478,35,Tier1,SME,37096,6884,1,13,13,1,0.12018425713139587,0.07284888662081856,UPI,0.18557256847099418,0,2
2479,54,Tier1,Startup,59123,28829,3,15,3,2,0.2513159422008898,0.1666912807512704,UPI,0.48761057456489015,0,2
2480,29,Tier1,MNC,54327,8324,3,23,5,1,0.23199387878870065,0.08819533193206668,Card,0.15322031402433411,0,3
2481,38,Tier1,MNC,61275,23456,3,19,4,4,0.4174860992139633,0.036476873009548424,UPI,0.3827988576091391,0,4
2482,52,Tier2,SME,77367,33330,1,14,17,1,0.22908443453934166,0.049580575852516656,UPI,0.43080383109077514,0,2
2483,30,Tier2,SME,70081,25996,2,10,16,3,0.12797709518748263,0.1319610964817377,Card,0.37094219545953966,0,2
2484,37,Tier1,Startup,78717,30949,3,9,12,4,0.497924411923019,0.128350917003719,UPI,0.3931679306884155,0,0
2485,47,Tier3,MNC,79566,26965,2,7,7,3,0.18166553543155198,0.05391163996951718,UPI,0.3389010381318654,0,3
2486,41,Tier2,MNC,20905,8336,0,22,16,1,0.21750088996461586,0.0009033231157817271,NetBanking,0.3987562784022961,0,2
2487,43,Tier2,Startup,54545,11079,3,10,14,1,0.2832926001908912,0.019056729333688033,Card,0.20311669263910534,0,1
2488,41,Tier1,Startup,87213,22845,1,19,13,4,0.18235511457284062,0.35224115208951273,UPI,0.26194489353651407,0,4
2489,50,Tier1,MNC,69504,18402,1,15,0,2,0.3284986286274109,0.1008436277480357,NetBanking,0.2647617403314917,0,2
2490,50,Tier3,Startup,57616,15728,1,21,5,2,0.27751360688619026,0.19689977783525123,Card,0.27297972785337404,0,1
2491,37,Tier2,Gig,51270,16765,2,21,16,1,0.06769997291716755,0.10736151940288388,Wallet,0.32699434367076263,1,67
2492,38,Tier3,Gig,21286,4162,2,12,11,1,0.39995622324050323,0.000862243539809156,UPI,0.1955275768110495,0,0
2493,50,Tier2,SME,77080,32421,2,14,0,1,0.25250503982056555,0.2708150151459799,Card,0.42061494551115725,0,1
2494,53,Tier2,Startup,49825,18055,3,9,2,6,0.2040403164304207,0.054642205482132195,Card,0.3623682890115404,0,1
2495,40,Tier3,Gig,65282,22404,2,21,14,2,0.2659556030072905,0.07978144747980444,UPI,0.3431880150730676,0,1
2496,48,Tier1,SME,57363,18143,2,22,17,1,0.20265533619667372,0.1838482280398535,Card,0.3162840158290187,0,1
2497,42,Tier1,Startup,37316,12413,2,17,6,1,0.23516644166572306,0.05495917346350761,UPI,0.33264551398863756,0,1
2498,51,Tier2,MNC,39895,6114,1,18,12,4,0.22103425850770617,0.050957866590199595,Card,0.15325228725404186,0,2
2499,43,Tier2,Gig,65808,14595,2,9,1,4,0.08601620144903295,0.09142014498651298,UPI,0.22178154631655725,0,0
2500,40,Tier3,Startup,93827,36479,1,16,11,2,0.1744169342539659,0.01193430215238234,NetBanking,0.3887900071408017,1,63
2501,41,Tier2,Startup,16756,6739,2,22,15,2,0.570175891405789,0.18273434443108963,UPI,0.402184292193841,0,3
2502,31,Tier3,MNC,52719,21837,1,10,12,2,0.2382008873556476,0.007603972554801814,Card,0.4142149889034314,0,3
2503,21,Tier1,SME,27518,7587,0,20,9,0,0.09893112370589235,0.11378070646112723,NetBanking,0.2757104440729704,0,5
2504,26,Tier1,SME,62417,18839,0,20,11,3,0.14476517429531366,0.028225349399325785,UPI,0.3018248233654293,0,5
2505,50,Tier2,SME,34835,11157,1,21,1,1,0.10662611450564183,0.07429274386954601,UPI,0.3202813262523324,0,4
2506,43,Tier3,SME,59526,29360,3,23,12,0,0.27963792847474345,0.11925377412469945,UPI,0.4932298491415516,1,99
2507,39,Tier2,MNC,90905,40581,2,17,0,2,0.29911899292852806,0.2492755929982725,NetBanking,0.4464110884989825,0,0
2508,22,Tier2,Startup,84764,25582,3,17,12,2,0.3310401085326812,0.016929243641186944,NetBanking,0.3018026520692747,0,1
2509,46,Tier2,Gig,49791,9814,2,15,15,4,0.2320892608368479,0.01025343515448152,Card,0.1971038942780824,1,59
2510,40,Tier1,MNC,44543,21068,1,12,13,3,0.2641657278710471,0.24560518694372155,UPI,0.47298116426823517,1,86
2511,40,Tier2,MNC,74023,27034,1,23,0,5,0.15152799206550766,0.05290430891509143,UPI,0.36521081285546386,0,3
2512,35,Tier2,MNC,64710,11138,2,7,1,3,0.17136924928124014,0.08744342443244482,UPI,0.1721217740689229,0,4
2513,41,Tier2,MNC,43029,12555,2,17,12,1,0.10452776824203135,0.25763381209079855,Card,0.2917799623509726,0,1
2514,27,Tier1,SME,42200,8838,2,15,13,3,0.3281329004831609,0.1353601717980931,Card,0.2094312796208531,0,1
2515,41,Tier2,MNC,48904,24352,2,20,1,0,0.1165185605918546,0.05849357828751592,UPI,0.4979551774905938,1,101
2516,50,Tier3,SME,12464,2013,1,21,13,1,0.21508428112153619,0.17599087363935792,UPI,0.16150513478818998,0,2
2517,35,Tier2,Gig,43506,13421,2,9,5,1,0.2974471373997457,0.008210583723094184,Card,0.308486185813451,1,75
2518,30,Tier3,SME,65860,29819,1,14,8,2,0.35955889611295966,0.005553556846467508,UPI,0.4527634375948983,0,3
2519,22,Tier2,SME,60268,29853,2,9,3,1,0.12194004123617154,0.0732886598151725,Card,0.495337492533351,0,1
2520,24,Tier2,SME,52576,23057,1,8,12,3,0.08265632057387313,0.2107660326713302,UPI,0.438546104686549,0,1
2521,43,Tier1,SME,59109,27575,1,21,17,4,0.6270622635271326,0.19319938680534002,UPI,0.4665110220101846,0,0
2522,30,Tier3,Startup,64764,22359,2,21,17,1,0.20146370102525066,0.23469503901380662,UPI,0.34523809523809523,0,2
2523,43,Tier2,Startup,48362,11832,2,8,12,2,0.4281028471325324,0.08390601509040249,NetBanking,0.24465489433853024,0,2
2524,36,Tier1,Startup,62671,13680,1,16,3,1,0.35989740825131167,0.29264064972652515,Wallet,0.21828277831852053,0,3
2525,33,Tier1,Startup,71263,23992,1,20,2,0,0.3172623535669407,0.021104844873682166,UPI,0.33666839734504583,0,2
2526,40,Tier2,MNC,48897,10746,2,8,11,0,0.13894324601349275,0.019553206229769842,Card,0.21976808393152955,0,1
2527,42,Tier1,SME,81627,17695,1,13,13,1,0.3451126454496552,0.156424363429877,Card,0.2167787619292636,0,2
2528,53,Tier1,Startup,60162,28567,2,8,3,1,0.6501938830692584,0.30355020163086815,NetBanking,0.47483461321099696,1,82
2529,41,Tier1,MNC,41978,19608,1,8,8,0,0.24614985862559893,0.14324232078803187,Card,0.4671018152365525,0,2
2530,33,Tier2,Startup,41500,20730,1,23,2,1,0.13579820776069965,0.1746812268636121,NetBanking,0.4995180722891566,1,102
2531,29,Tier2,Startup,51531,25411,1,11,5,1,0.23989278018382465,0.2082661016664742,UPI,0.4931206458248433,1,119
2532,48,Tier2,MNC,62731,16192,2,21,8,2,0.09562805841366664,0.2039968144302423,UPI,0.2581179958872009,0,5
2533,22,Tier3,Startup,26159,5225,2,11,9,5,0.1509262359547005,0.053050973170355495,UPI,0.19974005122519975,0,1
2534,47,Tier3,Gig,41204,20034,1,23,7,0,0.4008973806434353,0.034549005780110796,UPI,0.4862149305892632,1,110
2535,51,Tier2,Startup,57437,9455,2,22,10,2,0.25385679935783056,0.17909474413459836,NetBanking,0.16461514354858367,0,2
2536,31,Tier1,Startup,70268,32422,3,16,1,1,0.29280025741875704,0.47116485237296285,Card,0.46140490692776226,1,102
2537,47,Tier2,MNC,69399,19835,1,8,6,1,0.46793327666623435,0.07787747310937505,Card,0.2858110347411346,0,1
2538,43,Tier1,Gig,83862,20746,0,9,7,3,0.47283494775337226,0.10196233683961718,UPI,0.24738260475543153,0,0
2539,44,Tier3,SME,68679,32275,2,20,3,6,0.0773623912252699,0.014995746473033235,UPI,0.46993986516984815,1,46
2540,43,Tier2,MNC,61819,13620,1,16,10,3,0.42156380758804424,0.1609730465182034,Card,0.22032061340364612,0,0
2541,39,Tier1,Gig,36809,13520,0,21,8,1,0.4018484572297402,0.009205216352058315,UPI,0.3673014751826999,0,2
2542,27,Tier3,Gig,53296,23019,2,16,7,2,0.02217510035589376,0.04445869948970088,Card,0.43190858601020715,0,4
2543,47,Tier1,Gig,34620,15254,1,12,6,1,0.20113654390810667,0.26405884847481226,NetBanking,0.44061236279607163,1,84
2544,52,Tier3,Startup,35010,14436,3,19,12,1,0.014352656411389577,0.08995907513320735,NetBanking,0.4123393316195373,0,1
2545,53,Tier3,SME,41682,18557,2,14,2,0,0.2888314674390738,0.06740402509513696,Card,0.44520416486732883,0,3
2546,23,Tier3,SME,75614,13320,3,15,4,2,0.24222131644134345,0.176020601944057,UPI,0.17615785436559367,0,3
2547,29,Tier1,SME,75884,17545,1,11,15,5,0.008936249345293308,0.03802649854429105,Wallet,0.23120815982288756,0,1
2548,23,Tier1,Startup,55902,13758,3,19,16,2,0.39521117760059615,0.02893200932719618,UPI,0.24610926263818825,0,1
2549,48,Tier2,SME,66611,18731,3,9,7,1,0.014866613002020966,0.0196680930303685,NetBanking,0.28119980183453186,0,2
2550,39,Tier3,SME,54877,17668,2,9,13,1,0.24945217912755638,0.2722299511831706,UPI,0.32195637516628095,0,1
2551,50,Tier2,Gig,55186,24447,2,12,15,2,0.19653639389982694,0.04143704277010812,Card,0.4429927880259486,0,3
2552,31,Tier1,Startup,55330,26192,3,21,6,2,0.2198396599696861,0.05323737362460643,NetBanking,0.4733779143321887,0,2
2553,50,Tier2,Gig,30435,6235,1,22,5,2,0.024695250866037567,0.15041480654574793,Card,0.20486282240841136,0,3
2554,39,Tier1,Gig,37042,15789,3,18,2,4,0.18499850587147013,0.07919150137045582,UPI,0.42624588305167105,0,0
2555,46,Tier2,MNC,97617,32098,1,18,17,3,0.15170256090999581,0.04337755503754418,UPI,0.32881567759713987,0,0
2556,31,Tier1,Gig,67741,31384,2,12,12,2,0.1451647600596662,0.265641430772545,Card,0.4632940169173765,0,2
2557,43,Tier1,SME,71015,22192,1,10,2,2,0.3766468800352599,0.15085828237899726,Card,0.31249735971273673,0,3
2558,51,Tier2,MNC,30754,14272,2,8,7,1,0.04012501545401033,0.4349582252426757,Card,0.4640697145086818,0,1
2559,46,Tier1,MNC,50694,18521,2,15,14,0,0.5066251831939302,0.046388769449630426,UPI,0.36534895648400206,0,1
2560,36,Tier3,SME,35119,16228,2,23,8,5,0.31441034491698167,0.10545809804993347,UPI,0.4620860502861699,1,113
2561,34,Tier1,SME,56278,23141,3,8,9,2,0.46857237898975906,0.03068996306545763,UPI,0.411190873876115,0,1
2562,24,Tier3,Startup,75014,31319,2,18,16,4,0.3787682605011345,0.17814691269512198,Card,0.41750873170341535,1,110
2563,47,Tier1,Startup,69612,23389,2,6,3,0,0.04704675497383233,0.04624313986566749,UPI,0.3359909211055565,0,2
2564,30,Tier2,SME,42537,15625,2,17,17,2,0.05622720523674873,0.12373322260988891,UPI,0.3673272680254837,0,1
2565,54,Tier2,Startup,29408,13732,1,22,14,2,0.42162962836297424,0.0728595828952958,UPI,0.46694776931447224,1,107
2566,26,Tier1,SME,72069,26156,2,19,17,3,0.3237731848835104,0.18803398045111025,UPI,0.36292996988996656,0,1
2567,49,Tier2,MNC,46344,8726,1,23,2,4,0.5630069937875558,0.0286949870079693,NetBanking,0.1882875884688417,1,114
2568,54,Tier3,MNC,65618,28881,2,10,3,3,0.4196905952084525,0.018862720492883706,Wallet,0.4401383766649395,1,70
2569,48,Tier2,MNC,38384,9247,2,22,10,1,0.20709288395366898,0.13686449342011628,Card,0.2409076698624427,0,2
2570,47,Tier1,SME,67254,22380,1,23,9,1,0.36941425804200273,0.03845725056935143,UPI,0.33276831117851724,0,3
2571,52,Tier1,MNC,58875,13591,2,22,1,2,0.08581755553162485,0.03236105649122532,NetBanking,0.23084501061571125,0,3
2572,29,Tier1,MNC,61177,12356,1,12,1,1,0.3180925345404381,0.15942668437850974,Wallet,0.20197132909426746,1,53
2573,28,Tier1,MNC,76917,36651,0,23,8,2,0.22761464447502028,0.34279711437433347,UPI,0.47650064355084054,0,4
2574,28,Tier1,SME,69890,26444,2,8,2,1,0.15487707369587878,0.08654030964116759,UPI,0.3783660037201316,0,2
2575,45,Tier1,Startup,66332,17117,2,16,1,2,0.38299673670863654,0.09296304030176863,NetBanking,0.25805041307362964,0,3
2576,45,Tier2,Gig,74653,29565,1,10,1,3,0.09384548040193945,0.044919948733935636,Card,0.3960323094852183,0,1
2577,38,Tier2,MNC,66946,13121,0,11,7,5,0.2510453311753196,0.11689941058925221,NetBanking,0.19599378603650702,0,2
2578,47,Tier1,SME,50020,24827,2,15,3,3,0.23140928390595392,0.14259559395060561,UPI,0.49634146341463414,0,3
2579,54,Tier2,SME,77037,24584,1,7,16,0,0.2353200441813778,0.11456848225712865,Card,0.31911938419201163,0,2
2580,37,Tier1,SME,61011,18338,3,17,16,6,0.24565877765845734,0.06118334477676508,Card,0.30056874989755944,0,4
2581,50,Tier1,MNC,69987,18539,3,18,15,3,0.2491949893028969,0.00977074925821842,UPI,0.26489205138097077,0,3
2582,52,Tier2,SME,68915,26707,1,13,13,1,0.45057362165164044,0.24253319193627745,UPI,0.3875353696582747,0,1
2583,34,Tier1,SME,84137,18212,2,8,8,1,0.10704516155531231,0.07012870921104015,NetBanking,0.2164564935759535,0,1
2584,35,Tier3,SME,50724,16571,1,13,3,3,0.22662047134629748,0.40956352135547025,Wallet,0.3266895355255895,0,0
2585,23,Tier1,SME,63622,9706,2,16,12,3,0.08642369085823837,0.14100857617552467,UPI,0.15255729150293923,0,2
2586,41,Tier1,SME,42876,14593,3,7,5,1,0.4609322627230146,0.1543349677186347,UPI,0.34035357775911934,0,0
2587,33,Tier1,Startup,66912,15588,2,23,1,2,0.10057883541996379,0.05721469370077942,Card,0.23296269727403157,0,3
2588,23,Tier3,MNC,54966,21218,1,18,7,2,0.4397201883773846,0.03953518466871221,UPI,0.38602044900483934,0,3
2589,40,Tier2,SME,85676,15971,3,19,6,1,0.17858692905130724,0.15260550615757015,UPI,0.18641159718007377,0,0
2590,39,Tier2,SME,76602,27600,1,8,12,2,0.5081329764399704,0.02692589257442803,UPI,0.360303908514138,0,4
2591,51,Tier1,Gig,60129,25467,1,7,16,2,0.3320773057770656,0.0341921297729856,Card,0.4235393903108317,0,3
2592,28,Tier1,SME,39797,17748,1,12,0,5,0.340113491407561,0.27364240612758683,UPI,0.4459632635625801,1,117
2593,46,Tier1,Gig,58907,26031,1,7,3,3,0.19489469618025462,0.0939100778146973,UPI,0.4418999439794931,0,3
2594,25,Tier2,Gig,31762,6135,3,11,4,4,0.4156364487428825,0.025378302720138832,UPI,0.19315534286254013,0,5
2595,45,Tier1,Gig,58653,28938,1,23,14,0,0.4589040887079015,0.09598978515248026,UPI,0.4933762978875761,0,4
2596,33,Tier3,MNC,63476,28656,2,23,10,4,0.16391839325451468,0.13033278250923966,Card,0.45144621589262085,0,0
2597,46,Tier1,Gig,60802,18564,2,21,0,3,0.11427092152571139,0.07288880116462239,NetBanking,0.3053189039834216,0,0
2598,41,Tier1,SME,80717,27910,0,23,15,1,0.3875852729231379,0.09470001841897513,UPI,0.34577598275456223,0,1
2599,32,Tier2,MNC,53290,26392,2,20,7,3,0.5592552139385107,0.16446975222240073,NetBanking,0.4952523925689623,0,2
2600,49,Tier1,Startup,87970,29123,0,18,15,4,0.21907848103206043,0.04951832103024608,Card,0.33105604183244286,0,3
2601,47,Tier1,MNC,58907,15032,1,9,1,1,0.2918199830551033,0.211886387320949,Card,0.2551818968883155,0,4
2602,32,Tier1,SME,71771,34221,3,13,7,2,0.2829338639393278,0.09568738090230476,NetBanking,0.47680818157751736,0,2
2603,51,Tier2,SME,58823,17802,3,10,7,2,0.0633804320999192,0.216720815445473,Wallet,0.3026367237305136,0,4
2604,38,Tier1,SME,57112,17254,2,18,5,0,0.2767089625855453,0.12209782318388702,Card,0.30210813839473316,0,1
2605,44,Tier3,Gig,56446,22573,2,13,6,1,0.2307236998983547,0.11572974040164646,Card,0.399904333345144,0,4
2606,43,Tier2,Gig,57954,21378,1,22,5,2,0.48066449511988735,0.21527526205267392,Card,0.3688787659177969,1,116
2607,23,Tier3,SME,76222,22030,2,7,8,1,0.10418845983130044,0.1891543836112669,UPI,0.2890241662512136,0,3
2608,21,Tier1,MNC,41774,7832,2,8,15,3,0.11853469523604211,0.2843403683004725,UPI,0.1874850385407191,0,4
2609,38,Tier1,Startup,37649,13402,2,16,15,2,0.35925536429142096,0.1440799219666002,UPI,0.35597227017981886,1,81
2610,40,Tier2,SME,57655,20407,2,23,9,3,0.18694972599476284,0.5248927537254834,UPI,0.3539502211430058,0,2
2611,38,Tier1,MNC,86423,28852,2,9,10,4,0.07450538031780995,0.08718805188292424,Wallet,0.3338463140599146,0,3
2612,41,Tier3,Startup,87594,35075,2,13,3,2,0.21577775914983444,0.2864518593832017,UPI,0.400426969883782,1,68
2613,45,Tier3,SME,56612,18447,1,22,9,1,0.2819466232002441,0.031042247754441598,UPI,0.32584964318519044,0,0
2614,25,Tier2,MNC,79385,23625,1,23,9,4,0.28738612488915566,0.08458637990440492,Card,0.29760030232411666,0,2
2615,51,Tier2,Startup,54647,23955,3,17,0,3,0.5136894594948087,0.0025653260107103763,Card,0.4383589218072355,0,2
2616,36,Tier2,Startup,57999,28057,2,8,4,1,0.2309148872782183,0.030101786945964094,UPI,0.48374971982275555,0,4
2617,46,Tier2,SME,91443,28453,3,12,12,2,0.1616533796895554,0.07541039902510352,Card,0.31115558325951687,0,1
2618,35,Tier3,MNC,100142,47999,1,23,2,3,0.19898766100236673,0.14216701479986793,Card,0.4793093806794352,1,39
2619,43,Tier1,Startup,69505,17607,1,19,11,1,0.26163000278163007,0.03243518427120943,NetBanking,0.25331990504280266,1,48
2620,46,Tier1,MNC,23015,6159,0,19,5,4,0.07975504282119573,0.09431362212289375,UPI,0.26760808168585704,0,2
2621,26,Tier2,Gig,37170,12359,1,20,12,0,0.33270915270127976,0.24651895775164745,UPI,0.33249932741458166,0,4
2622,31,Tier1,MNC,61759,12551,2,12,10,0,0.036935016046110256,0.090677328229568,NetBanking,0.20322544082643826,0,2
2623,49,Tier1,MNC,88060,16188,1,17,11,3,0.15558746316599847,0.060878282015404794,Card,0.18382920735861913,0,4
2624,33,Tier2,Gig,41728,13074,2,21,15,1,0.48452630735703345,0.2817134793602419,UPI,0.3133148006134969,0,0
2625,28,Tier1,SME,53837,19035,2,23,4,0,0.3133679877303449,0.20273902463481291,Card,0.3535672492895221,1,65
2626,23,Tier2,Gig,74265,23165,3,21,14,4,0.19413674581428478,0.08087913444337373,Card,0.3119235171345856,0,1
2627,25,Tier1,MNC,31629,5429,2,17,11,3,0.2726034621378496,0.12894092776357163,NetBanking,0.17164627398906068,0,2
2628,29,Tier2,SME,46296,11640,0,20,12,2,0.24967219356293793,0.031191653081928977,UPI,0.2514256091238984,0,1
2629,24,Tier3,Startup,80411,18369,1,17,10,4,0.1607583248334511,0.04492891544310343,UPI,0.22843889517603314,0,2
2630,43,Tier1,MNC,71171,27279,2,14,12,0,0.3961501283433547,0.28668254733560544,UPI,0.3832881370221017,0,3
2631,43,Tier2,SME,100380,42552,0,19,7,1,0.16275715141940064,0.16011531827822123,Card,0.4239091452480574,0,4
2632,31,Tier2,MNC,55300,8511,2,6,5,2,0.3457909347192236,0.0881086311692786,UPI,0.15390596745027124,0,1
2633,46,Tier2,Gig,96842,31887,2,21,7,4,0.09187770021882663,0.11917927032923045,UPI,0.32926829268292684,0,2
2634,41,Tier1,Startup,41713,18743,1,17,7,2,0.11654138476419527,0.2061267119314114,Card,0.44933234243521203,0,4
2635,52,Tier3,Startup,66226,18183,2,22,2,1,0.18196275945251067,0.1343149433082471,UPI,0.2745598405460091,0,3
2636,33,Tier1,SME,49975,16980,1,19,6,6,0.19874095059013472,0.06312224457064473,UPI,0.33976988494247123,0,2
2637,50,Tier3,MNC,38953,17920,2,8,10,4,0.257828568495605,0.10369087042046854,Card,0.46004158858111055,0,3
2638,41,Tier1,Gig,50197,10303,1,15,9,3,0.10756359417199737,0.08867339559110725,UPI,0.20525130983923343,0,3
2639,52,Tier1,SME,36700,9646,2,22,13,1,0.44302511816907225,0.006347557239718035,UPI,0.26283378746594005,0,3
2640,43,Tier1,MNC,98832,23806,1,9,4,1,0.10560891871136426,0.038609981116785326,Card,0.24087340132750526,0,0
2641,54,Tier3,MNC,75230,14802,2,14,8,3,0.2550031773513373,0.043039758923876924,UPI,0.1967566130533032,0,2
2642,34,Tier2,Gig,27439,13324,1,16,10,1,0.09822567976473089,0.007179180945081264,UPI,0.48558620940996394,0,2
2643,35,Tier2,Startup,62516,20875,2,6,3,4,0.5094196659121946,0.24180846140846818,Card,0.33391451788342186,1,101
2644,51,Tier1,MNC,52353,9020,1,17,1,5,0.03073900837595577,0.055984919406142704,UPI,0.17229194124500985,0,1
2645,25,Tier2,SME,55401,26808,3,16,16,1,0.3585796717155035,0.22121896773892222,UPI,0.48389018248768073,1,87
2646,21,Tier1,SME,55231,11580,2,15,6,1,0.2237264984892487,0.4429328480466806,Card,0.2096648621245315,0,5
2647,48,Tier2,SME,63291,19058,1,23,17,0,0.4973698483302925,0.1873700991595551,UPI,0.3011170624575374,0,2
2648,25,Tier3,SME,46178,22844,2,7,5,4,0.17305993608188633,0.016186701890922365,Card,0.49469444324137035,0,2
2649,34,Tier1,MNC,59986,22523,1,6,17,0,0.3327599535154848,0.01668646847658182,Card,0.3754709432200847,0,2
2650,39,Tier2,SME,75700,34043,2,23,9,1,0.24370447219392175,0.11685561796816424,UPI,0.4497093791281374,0,5
2651,53,Tier1,MNC,52928,18375,3,18,11,2,0.3374188876542826,0.22752048405644165,UPI,0.34716974002418377,0,2
2652,26,Tier2,Startup,94089,39128,2,23,6,1,0.08034782936200716,0.09091024463928939,UPI,0.4158615778677635,0,2
2653,26,Tier3,Gig,76562,19377,3,17,10,2,0.3274427340961237,0.23355169147350896,Card,0.2530889997648964,1,112
2654,31,Tier1,MNC,59435,13743,2,22,13,3,0.23853043239572028,0.10484001854538884,NetBanking,0.2312273912677715,0,2
2655,25,Tier2,MNC,60204,9225,1,22,6,2,0.20788997109619636,0.005322635670071297,NetBanking,0.15322902132748656,0,3
2656,29,Tier1,MNC,42222,17939,0,10,14,2,0.41766365700084884,0.06475652788220955,NetBanking,0.4248732888067832,1,76
2657,21,Tier2,SME,95044,41609,2,11,5,2,0.06676608393100093,0.051764295787989384,UPI,0.4377867093135811,0,2
2658,48,Tier1,SME,75083,33357,3,20,3,1,0.3283220775577572,0.012432842454515095,NetBanking,0.4442683430337094,0,3
2659,45,Tier2,SME,54860,21474,2,10,16,2,0.032643731950189984,0.1316384513691352,NetBanking,0.3914327378782355,0,0
2660,29,Tier2,SME,67375,13212,1,10,3,2,0.13974339517624002,0.056001659283321265,NetBanking,0.19609647495361782,0,2
2661,42,Tier1,MNC,61152,11714,0,12,16,4,0.10600000048297183,0.05332209488669341,UPI,0.19155546834118262,0,2
2662,36,Tier2,SME,85953,38761,2,12,14,2,0.1128973136303825,0.0812392508029256,UPI,0.45095575488929995,0,2
2663,34,Tier1,Startup,72025,33043,3,6,6,4,0.3676630144082249,0.09318140406609922,UPI,0.4587712599791739,0,2
2664,50,Tier1,SME,66033,25301,3,21,11,1,0.1385293838115013,0.062458359744835115,UPI,0.3831569063952872,0,3
2665,25,Tier1,Gig,61945,25966,2,23,9,6,0.16917701405555813,0.0594658479564744,UPI,0.4191783033336024,0,2
2666,37,Tier1,MNC,13107,2236,2,13,0,2,0.16750524229953004,0.09741541157349355,UPI,0.170595864805066,0,0
2667,31,Tier2,SME,58306,25566,1,12,17,4,0.4250379505109436,0.06345231958343017,Card,0.4384797447947038,0,4
2668,50,Tier2,Startup,67147,22186,2,23,17,0,0.3362198565956335,0.02696017810681099,UPI,0.3304094002710471,1,56
2669,23,Tier1,Startup,63820,26572,1,13,0,2,0.1396759935218269,0.0944255377072788,NetBanking,0.4163585083046067,0,1
2670,41,Tier3,Gig,34003,8735,2,9,3,5,0.48750959642678776,0.11873016761998947,UPI,0.2568890980207629,1,111
2671,40,Tier1,MNC,54232,14371,2,23,2,3,0.1844442160298004,0.20707082246824962,UPI,0.26499114913704086,0,1
2672,48,Tier2,MNC,69009,24413,1,12,8,3,0.1309291004199332,0.07755731531844,UPI,0.35376545088321815,0,1
2673,40,Tier1,SME,53641,8367,2,23,10,1,0.26237557846695614,0.045115551413835345,UPI,0.15598143211349527,0,1
2674,34,Tier1,SME,58519,20881,1,9,15,2,0.04094385372385102,0.18011483312262078,UPI,0.35682427929390453,0,2
2675,33,Tier2,Startup,52879,19276,2,20,3,4,0.11413453770069462,0.10205963728360565,Card,0.3645303428582235,0,2
2676,39,Tier1,MNC,61163,26448,2,7,7,2,0.4408927639847804,0.10528687249173678,UPI,0.43241829210470384,1,66
2677,39,Tier1,Startup,58148,14002,2,12,0,0,0.12698498982112127,0.09104013454676979,UPI,0.24079933961615188,0,3
2678,21,Tier2,Gig,66719,16932,2,12,17,2,0.10591192498115054,0.04283807348248463,UPI,0.2537807820860624,0,3
2679,42,Tier1,MNC,12000,4636,2,21,7,0,0.4351263282831413,0.06609576695075996,UPI,0.3863333333333333,0,0
2680,44,Tier2,MNC,36533,8201,1,8,8,2,0.2985797084742885,0.06490083404761826,UPI,0.22448197520050364,0,1
2681,38,Tier2,MNC,51538,9949,2,20,5,5,0.15261933566231628,0.42041937263098156,Card,0.193042027242035,1,118
2682,21,Tier2,SME,43924,11647,1,14,15,5,0.24050405149862217,0.044334376162072184,NetBanking,0.2651625535015026,0,1
2683,45,Tier2,SME,77510,34391,2,17,1,1,0.26416037830717304,0.10799936095610863,Wallet,0.44369758740807635,0,1
2684,46,Tier3,SME,73924,34600,2,10,6,0,0.5286349316634413,0.1839835370502946,UPI,0.4680482657864834,1,59
2685,25,Tier1,SME,59868,20323,1,20,4,3,0.3894999436829056,0.12317703716741567,NetBanking,0.3394634863366072,0,3
2686,54,Tier1,SME,90671,29025,2,22,0,1,0.07299423805898306,0.12147944276450544,Card,0.3201133769341906,0,5
2687,33,Tier3,MNC,50944,15733,1,7,4,1,0.03909298921744939,0.045333790593689714,Card,0.3088293027638191,1,101
2688,53,Tier1,Gig,87824,24990,1,20,3,2,0.16188078993267144,0.06695702837449698,UPI,0.2845463654581891,0,1
2689,50,Tier1,SME,89993,36311,3,20,11,0,0.2526922929942367,0.024709087434479977,UPI,0.40348693787294565,0,3
2690,42,Tier2,MNC,72816,12509,1,18,7,3,0.2531845425310572,0.22804946604124765,UPI,0.1717891672159965,0,1
2691,48,Tier1,Startup,72291,15057,1,16,11,1,0.18589151340686177,0.10915307450047679,UPI,0.20828318877868615,0,1
2692,47,Tier1,SME,99006,16524,2,23,13,1,0.27880296878330946,0.13060339297897228,UPI,0.1668989758196473,0,0
2693,31,Tier2,Startup,35395,8710,1,22,9,2,0.36602202202634404,0.12879089890433768,UPI,0.24607995479587513,0,1
2694,28,Tier2,MNC,39740,12485,1,14,2,1,0.46332238517830054,0.15332304743525557,UPI,0.31416708605938604,0,3
2695,33,Tier1,SME,51813,16616,3,22,9,2,0.3726086518199859,0.13765080533483237,UPI,0.3206917182946365,0,1
2696,36,Tier2,Gig,70733,19051,2,19,11,5,0.2312331496794269,0.1671602495511303,Card,0.2693368017756917,0,2
2697,26,Tier2,SME,75948,23991,1,16,3,2,0.044908183240194084,0.17653135428813524,Card,0.31588718596934745,0,1
2698,46,Tier2,Gig,24091,9928,0,9,2,2,0.04743156721886643,0.10374306957766274,UPI,0.4121041052675273,0,1
2699,23,Tier1,Gig,57594,16850,0,6,16,4,0.28807155988644273,0.021779660289900967,UPI,0.2925651977636559,0,2
2700,25,Tier2,MNC,84552,24188,1,16,14,1,0.28551568548876327,0.009251323984039758,Wallet,0.2860724761093765,0,5
2701,32,Tier1,Startup,35179,16093,2,13,12,4,0.48132421095489003,0.033968321787043954,Card,0.4574604167258876,0,4
2702,30,Tier1,SME,44336,14974,2,16,3,1,0.3676255143294035,0.11334985805079677,UPI,0.3377390833634067,0,3
2703,51,Tier1,MNC,70402,29733,3,11,0,4,0.5329920274788561,0.3008080134759447,UPI,0.42233175193886535,0,3
2704,26,Tier1,Gig,37848,16767,2,18,3,1,0.26347175119251304,0.06006703519155957,NetBanking,0.44300887761572605,0,0
2705,29,Tier1,MNC,64558,13293,2,15,13,1,0.1755225829051924,0.07598690620372121,Wallet,0.20590786579509898,0,1
2706,29,Tier1,MNC,62246,15704,1,15,13,2,0.45817149281588615,0.09397024192457046,UPI,0.2522893037303602,0,1
2707,34,Tier2,MNC,52525,18395,2,17,16,2,0.265577770821542,0.2525441671192665,Card,0.3502141837220371,0,2
2708,24,Tier3,Gig,41032,7099,1,15,2,2,0.0329761653259019,0.2233477899564685,Card,0.1730113082472217,0,0
2709,33,Tier1,Startup,66512,25342,1,15,7,2,0.15435154046792254,0.01984344425787311,UPI,0.38101395236949726,0,3
2710,27,Tier1,SME,27178,6522,1,11,4,2,0.28262103552602175,0.2381223448501875,Card,0.23997350798439915,0,3
2711,28,Tier1,MNC,40943,8622,0,19,10,2,0.17216301243061793,0.1812623944949526,NetBanking,0.21058544806193977,0,3
2712,42,Tier2,SME,86659,24828,1,10,6,4,0.12138344828251328,0.08629984186501924,UPI,0.28650226750827956,0,0
2713,26,Tier3,Startup,71070,22419,1,18,17,3,0.09457786625795733,0.034924619813584565,Card,0.3154495567750106,0,2
2714,53,Tier3,MNC,80507,25702,1,14,7,1,0.11997698866415875,0.16648484556924756,UPI,0.3192517420845392,0,1
2715,24,Tier1,SME,58682,23423,0,15,14,2,0.0793328878892436,0.3429923205650824,Card,0.3991513581677516,0,0
2716,39,Tier2,Startup,85043,31880,3,22,13,4,0.1659182846398646,0.042985077748096824,Card,0.3748691838246534,0,3
2717,37,Tier2,Gig,70353,21696,1,6,10,2,0.1273157566792016,0.1393286636959368,UPI,0.3083877020169716,0,1
2718,52,Tier1,MNC,53986,26466,2,12,14,0,0.11785453677345983,0.16334249856355673,Card,0.490238209906272,1,98
2719,23,Tier3,SME,79746,21258,1,8,11,1,0.30595516648298055,0.24676026871499443,Card,0.26657136408095705,1,37
2720,33,Tier2,SME,69600,16025,2,18,2,2,0.1854126369426338,0.09529209491908783,Card,0.23024425287356323,0,3
2721,36,Tier3,MNC,39731,19163,2,11,7,3,0.7041897714461789,0.03277021337826753,UPI,0.48231859253479653,0,1
2722,45,Tier1,Gig,65602,18838,2,8,0,3,0.21674201640102095,0.2032144881006195,UPI,0.2871558793939209,0,5
2723,27,Tier1,Gig,56827,23468,1,13,4,1,0.10939661147518419,0.02756254323567118,UPI,0.4129727066359301,0,5
2724,32,Tier1,MNC,75597,34894,2,18,14,1,0.4997920253186486,0.002959472832227146,UPI,0.46157916319430664,1,47
2725,31,Tier2,MNC,75675,12223,3,11,3,2,0.12307589818718494,0.10397188083485129,UPI,0.1615196564255038,0,4
2726,38,Tier2,MNC,53043,15989,3,13,17,3,0.26792334145412605,0.08955696116357552,Card,0.3014346850668326,0,0
2727,29,Tier1,SME,38917,14091,3,7,10,3,0.3987513979844857,0.18485789734763716,UPI,0.36207826913688107,0,2
2728,26,Tier1,Gig,95448,30933,2,14,15,2,0.15112571103819553,0.020831437486238127,Card,0.3240822227809907,0,1
2729,21,Tier1,SME,62007,20563,3,14,8,5,0.5810794103736754,0.12772768269721274,Card,0.3316238489202832,0,4
2730,47,Tier1,SME,93878,38394,3,14,8,2,0.16616451107318497,0.03220359889332825,UPI,0.408977609237521,0,3
2731,50,Tier1,SME,84271,17475,0,22,1,0,0.1878020278895344,0.022155866514480257,UPI,0.20736670978153812,0,1
2732,29,Tier1,SME,59119,21399,2,17,6,1,0.25593515778045073,0.02294919888642028,Card,0.3619648505556589,0,3
2733,48,Tier2,Gig,49714,10019,1,14,11,2,0.06644084545084412,0.10796733355065244,UPI,0.20153276742969786,0,4
2734,36,Tier3,SME,58991,11258,2,12,2,1,0.13603613654424238,0.008299647972700204,UPI,0.19084267091590243,0,1
2735,33,Tier1,MNC,74328,21688,1,19,3,3,0.32968337927571434,0.24454935334842237,UPI,0.2917877515875579,1,52
2736,54,Tier2,Gig,53901,10568,3,10,6,1,0.051876112889734,0.00020619740211273157,UPI,0.1960631528172019,0,2
2737,41,Tier2,MNC,62929,23217,0,17,9,4,0.34655224718552347,0.15906450606218014,NetBanking,0.3689395985952423,0,1
2738,36,Tier2,MNC,77028,31040,2,10,12,1,0.14931748582784216,0.14262990581805332,NetBanking,0.4029703484447214,0,1
2739,45,Tier1,Startup,59580,15474,3,20,13,2,0.059178026218358035,0.1819732754756801,UPI,0.259718026183283,0,0
2740,51,Tier1,Startup,48595,18249,1,11,5,2,0.5162944659357698,0.1665302562772166,UPI,0.37553246218746783,0,1
2741,45,Tier1,MNC,72353,22561,3,23,0,2,0.4969634110238358,0.04494582554345192,Card,0.31181844567606043,0,5
2742,49,Tier1,MNC,90695,41617,3,21,0,0,0.0797992271999625,0.10627070891755093,Card,0.4588676332763658,0,1
2743,53,Tier3,Gig,95330,32066,2,20,4,4,0.26357041520528474,0.07936086782655564,UPI,0.3363684044896675,1,58
2744,38,Tier1,MNC,46745,20439,2,12,11,5,0.16839736092147378,0.5122535523013857,UPI,0.4372446250935929,1,88
2745,40,Tier2,Startup,45738,12924,3,10,7,2,0.4393644397312265,0.10780564096918133,UPI,0.2825659189295553,0,2
2746,25,Tier1,Gig,12000,2216,3,6,12,2,0.06434471937762372,0.16628572629883204,NetBanking,0.18466666666666667,0,5
2747,24,Tier2,SME,42716,8496,1,8,13,1,0.6254529388650808,0.23893331267544546,UPI,0.19889502762430938,0,0
2748,27,Tier1,SME,67766,32085,2,6,16,1,0.6823825467865443,0.10104918223635234,NetBanking,0.47346752058554437,1,102
2749,40,Tier1,MNC,44086,21620,1,17,9,2,0.2460530733202817,0.11321131936481393,UPI,0.4904051172707889,1,108
2750,35,Tier1,Gig,71803,32673,3,22,12,2,0.18938801352371762,0.11214868381188478,UPI,0.4550366976310182,1,107
2751,52,Tier1,MNC,68970,13493,3,12,15,4,0.49369838629555773,0.1264275412330756,NetBanking,0.19563578367406118,0,0
2752,35,Tier1,SME,50125,14604,3,18,9,4,0.1911334229830567,0.019113527478899814,Card,0.2913516209476309,0,1
2753,49,Tier1,Startup,81633,15411,2,8,14,2,0.2352248346640793,0.022826493008841917,Card,0.1887839476682224,0,4
2754,47,Tier1,Startup,37449,9110,2,14,3,3,0.15166658243849293,0.017224596963803896,Card,0.2432641726080803,0,5
2755,52,Tier1,Startup,49855,21419,1,11,10,3,0.23799988269007752,0.026722391911460416,Card,0.42962591515394644,0,0
2756,46,Tier1,SME,77867,28789,2,13,14,0,0.050311218441214486,0.03744612033375938,NetBanking,0.3697201638691615,0,1
2757,44,Tier3,MNC,43814,16903,3,16,15,5,0.39145900794720473,0.12594317961968077,UPI,0.3857899301593098,0,1
2758,23,Tier2,Startup,50543,15364,2,23,15,1,0.21706528672289097,0.08180939846209426,UPI,0.3039787903369408,0,0
2759,31,Tier2,Gig,71079,25692,2,8,11,3,0.32630948261467707,0.05054967408874297,UPI,0.36145697041320224,0,3
2760,33,Tier1,MNC,73396,32758,3,21,11,2,0.20111372644782344,0.1550665931061856,Card,0.4463186004686904,0,3
2761,35,Tier3,Startup,42693,7174,2,18,12,0,0.13001822338947575,0.12692207330449162,NetBanking,0.1680369147166983,0,0
2762,22,Tier2,MNC,70102,21435,1,8,11,0,0.3036422971283039,0.10059545958164207,NetBanking,0.30576873698325296,0,0
2763,23,Tier1,SME,48189,7558,3,15,6,3,0.32441345592777165,0.018321506423222226,UPI,0.15684077279047084,0,2
2764,28,Tier1,MNC,36260,8549,3,23,6,0,0.35822403964724636,0.03629676160208091,NetBanking,0.23576944291230006,0,1
2765,48,Tier2,MNC,76820,36724,2,19,17,1,0.16654198873977966,0.134235756081089,NetBanking,0.47805259047123144,0,0
2766,53,Tier1,SME,63111,30280,2,6,3,2,0.27068000944194953,0.005205402259549646,UPI,0.47978957709432585,1,73
2767,53,Tier1,MNC,51559,17551,2,16,3,1,0.3631655278662683,0.13655391621593752,NetBanking,0.34040613665897324,1,63
2768,30,Tier2,Startup,69920,14633,1,9,16,4,0.28422673752710437,0.1282295473721334,UPI,0.2092820366132723,1,46
2769,36,Tier1,MNC,54392,10106,3,7,7,2,0.3158457307281241,0.1398629904983357,UPI,0.18579938226209736,0,2
2770,24,Tier1,SME,66226,28908,2,13,16,4,0.10912020952043387,0.3784061443277482,Card,0.4365053000332196,0,2
2771,31,Tier3,MNC,46271,10797,3,15,2,1,0.28701621202301625,0.05496616202834473,Card,0.23334269845043332,0,2
2772,44,Tier3,Startup,58627,15184,2,21,1,1,0.23885080997343291,0.276066494148523,UPI,0.2589932966039538,0,0
2773,39,Tier1,SME,33948,7068,2,17,13,7,0.562616340868893,0.29065967530003706,Card,0.20820077765995051,1,113
2774,24,Tier2,Startup,71756,20872,1,21,14,0,0.22456652966052384,0.030288383366430728,UPI,0.2908746306929037,0,3
2775,24,Tier1,SME,34236,6299,2,20,4,1,0.09947323693827587,0.11204587970453181,UPI,0.183987615375628,0,2
2776,52,Tier1,MNC,68687,27211,2,13,16,1,0.26848830822395925,0.2175606930060601,UPI,0.3961593896952844,0,1
2777,28,Tier2,Startup,57607,28404,2,11,2,3,0.15305500154346305,0.09803665714041698,UPI,0.49306507889666185,0,0
2778,42,Tier2,Startup,32753,5571,0,8,14,3,0.09337810264208586,0.26291980257528547,Card,0.17009128934754067,0,2
2779,43,Tier1,MNC,58140,22880,3,13,8,2,0.35646022634615876,0.07879174078190958,UPI,0.3935328517371861,0,1
2780,44,Tier2,Startup,94266,40849,2,9,13,1,0.20796063125609204,0.085926379524495,Card,0.4333375766448136,0,0
2781,39,Tier1,SME,68446,10356,2,14,10,0,0.3860236262668949,0.1419764358926021,UPI,0.15130175612891913,0,2
2782,39,Tier3,Startup,68668,32909,2,22,0,4,0.4308468057234451,0.06239677930749944,UPI,0.4792479757674608,1,58
2783,30,Tier1,Gig,73793,24136,2,22,7,4,0.2408831096625582,0.11966883984845089,UPI,0.32707709403330937,0,0
2784,33,Tier2,Startup,55274,11095,3,7,15,2,0.1894815744053382,0.15032179110906815,UPI,0.2007272858848645,0,0
2785,52,Tier3,MNC,49586,9906,3,21,6,0,0.3588409655332213,0.07963362358378386,Card,0.1997741297947001,0,0
2786,22,Tier1,Startup,81168,17988,0,16,16,1,0.2173621447993572,0.03512314651633125,UPI,0.22161442933175635,0,2
2787,26,Tier1,SME,24697,11831,2,16,1,2,0.3527964604838036,0.28158207761115545,Card,0.47904603798032147,1,86
2788,30,Tier2,Gig,84470,24490,3,11,1,3,0.12803474669380746,0.1786839995210137,UPI,0.28992541730792,1,106
2789,44,Tier3,Gig,26858,6289,2,7,17,0,0.6500003953741879,0.12364191967285768,UPI,0.23415742050785612,0,2
2790,23,Tier2,Gig,36341,10223,1,15,3,4,0.4766220369782267,0.040607556367088515,Wallet,0.2813076139897086,1,94
2791,36,Tier3,Startup,63586,14905,2,19,6,4,0.20424133582459267,0.17103276587688332,UPI,0.23440694492498348,0,1
2792,47,Tier2,SME,61039,18614,2,17,4,1,0.2357753845539879,0.004532258157650931,UPI,0.30495257130686937,0,2
2793,25,Tier2,MNC,33989,6110,2,8,8,2,0.20582301894780267,0.02292606681943946,Card,0.17976404130748183,0,1
2794,35,Tier1,Startup,40014,15271,0,7,15,2,0.35317276928819463,0.13029652998313992,UPI,0.3816414255010746,0,2
2795,37,Tier3,MNC,73325,20619,3,8,8,1,0.4329956032992495,0.15427607293297407,NetBanking,0.281200136379134,0,2
2796,43,Tier1,Startup,63890,15532,2,17,2,1,0.06640083300859233,0.07872626926058572,UPI,0.24310533729848177,0,2
2797,28,Tier1,MNC,57082,21347,2,16,13,1,0.09510932234707357,0.009112415281571543,Card,0.3739707788795067,0,2
2798,49,Tier1,MNC,67387,16067,2,20,13,2,0.21835260567395626,0.22736844273665457,UPI,0.23842877706382537,0,3
2799,50,Tier1,MNC,61443,16027,1,10,4,2,0.2242374891189364,0.06015036049769452,NetBanking,0.26084338329834156,0,4
2800,31,Tier3,SME,78189,35537,1,11,8,2,0.22971645614004813,0.2794314424458245,UPI,0.4545012725575209,0,3
2801,41,Tier2,MNC,58428,14394,0,23,5,1,0.4176076167703985,0.005601838917558912,Card,0.2463544875744506,0,4
2802,50,Tier2,MNC,59805,11006,3,12,13,4,0.3204931919729264,0.05430201664107644,Card,0.18403143549870413,0,0
2803,36,Tier3,MNC,41984,8218,1,8,16,2,0.059172857923721636,0.044101091826034736,NetBanking,0.19574123475609756,0,3
2804,25,Tier1,Startup,69979,25782,1,10,5,3,0.26017973819316575,0.0844776861616703,NetBanking,0.36842481315823317,0,3
2805,40,Tier2,SME,48525,22648,1,21,11,4,0.1168910872858138,0.0063452615432925815,NetBanking,0.4667284904688305,1,38
2806,38,Tier2,Gig,50390,24203,0,20,11,1,0.21946771576969473,0.2033336116762497,Wallet,0.4803135542766422,1,102
2807,52,Tier1,MNC,101311,43001,2,21,17,2,0.10119830235924397,0.01561016843221235,Card,0.42444551924272783,0,2
2808,47,Tier2,MNC,68772,15191,2,11,0,3,0.3245786283595897,0.14568517437703515,NetBanking,0.2208893154190659,0,2
2809,25,Tier3,MNC,85441,16283,1,18,17,2,0.3031588711551967,0.27931433050106746,UPI,0.19057595299680483,1,73
2810,46,Tier2,Startup,43920,10005,2,20,14,4,0.20713402537991274,0.0679922741163567,UPI,0.22780054644808742,0,4
2811,46,Tier2,MNC,43992,10766,2,10,10,5,0.09084921161811947,0.12225867991737946,Card,0.24472631387525004,0,0
2812,43,Tier2,MNC,13597,5739,1,15,2,0,0.24273656443779337,0.04865547467621083,NetBanking,0.42207839964698096,0,1
2813,41,Tier1,Startup,97516,32543,1,11,2,5,0.444855717504405,0.07089865960162821,Card,0.333719594733172,1,114
2814,40,Tier1,Gig,47043,10418,1,9,13,2,0.11947759820606804,0.006393505593100724,Card,0.22145696490444913,0,1
2815,37,Tier1,Gig,82626,36150,0,6,1,3,0.14548308551224018,0.06815344587898431,UPI,0.43751361556894924,0,1
2816,28,Tier3,MNC,57008,12673,2,11,7,2,0.09276779313223758,0.08370136427722141,UPI,0.22230213303396015,0,1
2817,47,Tier1,SME,51821,9091,3,10,11,2,0.245831445106816,0.09347823729936976,UPI,0.17543080990332105,0,3
2818,29,Tier1,SME,22365,11178,3,21,6,3,0.07313657852290537,0.08557255299194182,Card,0.4997987927565392,1,45
2819,41,Tier1,MNC,88269,30683,0,21,3,1,0.30567825215784616,0.1070145942569668,NetBanking,0.34760788045633234,0,3
2820,21,Tier1,MNC,49022,22558,0,19,12,1,0.23628147864668134,0.019905926384895103,UPI,0.4601607441556852,1,78
2821,33,Tier2,Gig,43625,20116,2,6,10,2,0.059689479633000773,0.1241191311818035,Card,0.46111174785100284,1,85
2822,36,Tier1,MNC,71065,34862,3,15,11,1,0.2535316464148048,0.008995452837037878,Card,0.49056497572644764,0,2
2823,41,Tier1,Startup,21138,3990,1,17,12,3,0.11767952494199083,0.061089372488206034,UPI,0.18875957990349135,0,3
2824,30,Tier2,MNC,58563,27403,3,9,12,1,0.15332886178440522,0.11258688682654383,UPI,0.4679234328842443,0,1
2825,41,Tier1,MNC,82272,22889,3,22,13,1,0.0676439071902342,0.12882590793655394,Card,0.2782112991054065,0,3
2826,29,Tier2,SME,78940,37825,1,20,14,3,0.3768282813702102,0.06628254454275939,UPI,0.47916138839625033,0,2
2827,46,Tier2,SME,48273,19881,2,6,11,0,0.337939421070364,0.021264712684668414,Wallet,0.41184513081846996,0,2
2828,42,Tier1,Startup,55626,13055,3,10,17,4,0.11755174047651153,0.13803028972573309,Card,0.23469241002408944,0,1
2829,48,Tier2,SME,92707,24534,3,6,12,2,0.2404597604795733,0.07745096260427645,UPI,0.2646402105558372,0,4
2830,26,Tier1,MNC,63993,30717,1,20,11,1,0.3243514730585373,0.11120274394874714,NetBanking,0.4800056256153017,0,4
2831,37,Tier2,Gig,65064,11801,2,14,9,3,0.4705263286939378,0.2595453663659788,NetBanking,0.18137526128120005,1,86
2832,29,Tier2,MNC,74482,29128,2,19,1,2,0.24011114210188775,0.06440562267195091,UPI,0.3910743535350823,0,3
2833,51,Tier1,SME,75364,30823,1,17,4,1,0.304024966253823,0.20863187612382125,NetBanking,0.40898837641314156,0,1
2834,46,Tier2,Gig,84709,12978,0,7,6,3,0.22144798490239453,0.033508691035852314,NetBanking,0.15320686113636095,0,0
2835,50,Tier1,MNC,53081,11997,2,15,13,1,0.17934631926138822,0.1234237688699712,UPI,0.22601307435805656,0,3
2836,34,Tier2,MNC,62632,24155,2,17,16,2,0.12758736591032688,0.24533406063160632,UPI,0.38566547451781835,0,4
2837,22,Tier2,Startup,47225,9478,3,10,15,1,0.27693819754902305,0.07474213559098276,UPI,0.20069878242456327,1,119
2838,47,Tier2,Gig,52565,18514,2,21,17,3,0.31511077339710053,0.21194141673603767,UPI,0.3522115476077238,1,44
2839,45,Tier1,Gig,72107,25248,1,14,11,3,0.2942597618205148,0.0543122736626759,Card,0.35014631034434934,0,3
2840,27,Tier1,SME,89307,26662,3,16,1,2,0.19866498070741834,0.039761117919914976,Card,0.29854322729461297,0,1
2841,27,Tier3,Startup,23248,8434,2,21,4,1,0.3023406807387365,0.18024485125416334,Card,0.36278389538885064,0,3
2842,34,Tier1,MNC,36486,12712,3,13,15,1,0.3991062487592675,0.02173455749058287,NetBanking,0.3484076083977416,0,0
2843,47,Tier1,Gig,50700,11722,1,11,14,1,0.03711198378620035,0.07135038156425919,UPI,0.23120315581854042,0,3
2844,42,Tier1,Startup,60165,24979,0,18,8,3,0.09133915907080097,0.1919548082188347,UPI,0.41517493559378377,0,3
2845,36,Tier1,SME,78119,36992,3,16,3,2,0.09956266889964699,0.36002968857903844,NetBanking,0.47353396740869697,0,3
2846,40,Tier1,Gig,61659,28012,2,19,16,1,0.2696712524365752,0.08990100080890691,Card,0.4543051298269515,0,0
2847,30,Tier2,SME,46728,17144,2,19,12,1,0.0876160429395872,0.1460775490346475,UPI,0.366889231296011,0,1
2848,31,Tier1,MNC,40677,7497,0,20,6,0,0.3594915354670986,0.02845475038754172,Card,0.18430562725864738,0,2
2849,54,Tier2,SME,88821,38030,2,8,10,1,0.24345079089624583,0.1479954418585332,UPI,0.4281645106450051,0,2
2850,54,Tier1,MNC,64479,24669,3,19,1,1,0.04067518792102447,0.17447721966801089,UPI,0.3825896803610478,0,1
2851,53,Tier3,Gig,53347,8028,2,13,15,2,0.26696124997977,0.19800568541601515,Card,0.15048643785030086,1,112
2852,34,Tier1,SME,60048,21752,3,6,7,1,0.03087292305931073,0.2982759829178667,NetBanking,0.3622435385025313,0,5
2853,54,Tier1,Startup,71726,29645,1,18,12,3,0.06740737796989542,0.2887959494549328,UPI,0.4133089814014444,0,1
2854,42,Tier3,MNC,45553,10259,1,6,2,1,0.181928367471121,0.03294806382173776,UPI,0.2252101947182403,0,1
2855,25,Tier1,MNC,63430,20229,2,21,13,0,0.4733031055520055,0.14482071692388515,Card,0.3189184928267381,0,2
2856,26,Tier3,MNC,57313,23137,0,17,11,2,0.336419652409979,0.03151738817589658,Card,0.40369549665869875,0,1
2857,34,Tier1,Gig,82546,19420,1,9,7,2,0.30552598783959634,0.049589562190591324,NetBanking,0.235262762580864,0,0
2858,26,Tier1,Gig,46017,18972,2,20,14,3,0.19053019075963656,0.10679082476095457,UPI,0.4122824173674946,0,4
2859,32,Tier2,SME,12000,4288,2,14,9,1,0.1544432199816071,0.07487022168020412,UPI,0.35733333333333334,0,1
2860,21,Tier1,SME,103257,16361,2,10,8,6,0.09513700883130764,0.008266852120654677,UPI,0.15844930610031283,0,2
2861,27,Tier1,Startup,52091,19729,2,18,13,1,0.3850473333187942,0.1298839214887652,NetBanking,0.37874104931754043,0,1
2862,29,Tier3,SME,66287,33048,0,14,0,3,0.14017152145854117,0.17883742811081016,NetBanking,0.49855929518608477,1,83
2863,29,Tier2,Gig,48217,10250,2,21,3,2,0.0553871949750671,0.0504524807326484,Card,0.21258062509073564,0,2
2864,27,Tier1,Startup,25262,6773,3,6,7,5,0.11460640466141918,0.009190994859310743,UPI,0.26811020505106486,0,2
2865,43,Tier2,SME,64776,22225,1,19,12,2,0.0736461503692089,0.09944983444450611,NetBanking,0.34310547116215884,0,5
2866,48,Tier1,Gig,51883,9131,3,11,17,2,0.21433185619740794,0.16038998083816422,NetBanking,0.17599213615249695,0,2
2867,42,Tier1,MNC,68744,28928,2,22,17,0,0.28282502166731177,0.2810750989374509,Card,0.42080763412079597,0,1
2868,27,Tier2,Startup,31282,11734,0,8,12,4,0.1624424924493466,0.16256124739927424,UPI,0.37510389361294033,0,2
2869,47,Tier1,Gig,69722,21398,2,13,3,2,0.14151404501066642,0.2388793092608912,UPI,0.3069045638392473,0,0
2870,33,Tier1,Startup,66234,10687,3,17,0,2,0.22989251122042045,0.01063447052981774,UPI,0.16135217561977233,0,0
2871,36,Tier3,Gig,46246,9439,1,12,2,5,0.017195106208090765,0.2793099540284879,UPI,0.20410413873632313,0,0
2872,52,Tier1,SME,62274,26809,2,13,7,4,0.033927247795119006,0.07841914908637071,Card,0.43050069049683654,0,1
2873,31,Tier1,SME,35887,16402,2,8,16,1,0.029501112103379627,0.1143031495016861,Card,0.45704572686488143,0,0
2874,34,Tier2,Gig,74841,15413,1,15,2,1,0.3408848267564256,0.08135610018747462,UPI,0.20594326639141647,0,8
2875,36,Tier1,Gig,78203,28652,1,10,7,0,0.5369992928492227,0.217047594756133,UPI,0.366379806401289,0,1
2876,26,Tier3,Startup,53758,26084,2,15,11,1,0.17630253937944335,0.01696257378368474,NetBanking,0.4852115034041445,0,2
2877,39,Tier1,Startup,50523,17401,2,20,14,2,0.06849299417449227,0.12848087092610952,UPI,0.34441739405815175,0,2
2878,51,Tier1,MNC,59040,21602,1,7,11,3,0.2883417582556604,0.04948154119921072,UPI,0.36588753387533873,0,2
2879,37,Tier1,Startup,55791,21055,3,16,8,2,0.28900712363292724,0.09480896283425741,NetBanking,0.3773906185585489,0,1
2880,26,Tier2,MNC,40719,13337,1,11,0,1,0.21858227624704127,0.07456191218436888,Card,0.32753751320022595,0,2
2881,23,Tier1,MNC,80562,35200,1,23,7,0,0.2538105167024735,0.10666583768539806,Card,0.4369305627963556,0,0
2882,53,Tier2,SME,58176,10102,2,19,15,4,0.10322671584529497,0.11169483391516781,UPI,0.1736454895489549,0,3
2883,39,Tier2,Startup,50192,15249,1,9,10,4,0.16735607376446482,0.21078994064210319,Card,0.3038133567102327,0,2
2884,53,Tier1,MNC,43193,18584,1,19,0,4,0.24833312999835655,0.2188975795101346,UPI,0.4302549024147431,0,1
2885,28,Tier1,Gig,74677,32796,2,9,11,0,0.3745496521166019,0.006560580244907538,UPI,0.43917136467720985,0,2
2886,28,Tier2,SME,74649,14284,1,6,8,3,0.5047539814841328,0.032371345817748476,NetBanking,0.19134884593229648,0,2
2887,45,Tier1,Gig,50156,24281,2,16,0,1,0.3929455145306638,0.207968440519087,UPI,0.4841095781162772,0,1
2888,29,Tier3,Gig,36444,10095,1,15,15,3,0.16830506631420702,0.04439219464236461,Wallet,0.2770003292723082,0,3
2889,41,Tier2,MNC,72973,27901,3,17,7,2,0.18844423219766893,0.07077888318469816,NetBanking,0.3823468954270758,0,3
2890,44,Tier3,Gig,48462,7990,1,17,9,1,0.3233957102854231,0.04520726701203734,Card,0.1648714456687714,1,99
2891,30,Tier3,Gig,57923,20967,1,10,8,1,0.0673199605297934,0.17506236293871152,UPI,0.3619805603991506,0,4
2892,32,Tier2,SME,96468,26999,2,14,8,1,0.3794800494963909,0.025765180938810563,NetBanking,0.27987519177343784,1,69
2893,26,Tier2,SME,53534,19825,2,6,16,1,0.3156151158528238,0.1330884954382224,UPI,0.37032540067994174,0,3
2894,25,Tier1,SME,36738,11334,3,17,2,4,0.027460173773628565,0.020260716991236234,UPI,0.30850890086558874,0,0
2895,53,Tier1,SME,59705,19612,2,21,4,5,0.08122421364642661,0.07122285724444652,UPI,0.3284817017000251,0,0
2896,37,Tier3,Gig,56089,24546,0,16,5,2,0.12504261464187152,0.06336159680877913,NetBanking,0.4376259159550001,0,0
2897,25,Tier1,MNC,53513,11089,2,21,5,3,0.08543598663237241,0.01577496129892075,UPI,0.20722067534991498,0,1
2898,21,Tier2,Startup,40056,18328,3,21,12,0,0.2885392621201139,0.00975384375016407,UPI,0.45755941681645695,0,2
2899,40,Tier2,Startup,80428,38876,2,22,13,1,0.31507493278374077,0.10101594966410277,UPI,0.483364002586164,0,1
2900,29,Tier2,Startup,71248,35371,1,23,13,0,0.2472988322778008,0.14966852582465107,Card,0.49644902313047384,1,98
2901,51,Tier1,MNC,61164,13409,0,21,5,3,0.47651805519101015,0.29692972713704857,UPI,0.21923026616964228,1,87
2902,42,Tier2,Startup,76538,17531,1,12,14,4,0.12443664281687233,0.004785648228353901,UPI,0.22904962240978338,0,1
2903,38,Tier1,SME,38792,9123,2,19,13,3,0.06592101390436711,0.152284201222689,Card,0.23517735615590843,1,109
2904,54,Tier2,Gig,62269,22897,2,7,6,2,0.33005633606000195,0.1761934952343454,UPI,0.3677110600780485,0,2
2905,26,Tier1,Startup,62563,19848,2,11,0,1,0.3908559919831073,0.15164888440644364,UPI,0.3172482138004891,0,2
2906,23,Tier1,MNC,83148,18797,1,10,3,5,0.19116093822544974,0.04344246709808746,UPI,0.22606677250204454,0,0
2907,27,Tier3,MNC,64654,19710,3,12,4,2,0.2342394823162564,0.13695864711262148,UPI,0.30485352801064125,0,3
2908,24,Tier1,MNC,64191,10260,2,17,6,4,0.2922165570803754,0.11590068266049136,NetBanking,0.15983549095667618,0,0
2909,39,Tier1,SME,74568,11735,2,13,11,5,0.21739988883973954,0.01551101703584871,UPI,0.1573731359296213,0,4
2910,36,Tier1,MNC,79450,26267,2,11,1,0,0.13206070965807826,0.009370682041248324,Wallet,0.33061044682190055,0,3
2911,39,Tier3,MNC,43786,16107,2,23,13,0,0.2731271416591741,0.024631486039618063,UPI,0.3678573059882154,1,105
2912,48,Tier2,MNC,72123,16989,3,17,12,2,0.2977680740102963,0.26468375559983254,Wallet,0.23555592529428893,1,70
2913,40,Tier2,SME,28227,10173,2,19,4,0,0.4280645782615144,0.0852012394090092,UPI,0.3603996173876076,0,0
2914,26,Tier1,Gig,55966,27719,0,7,13,4,0.2498841085961546,0.03717296530797101,UPI,0.49528285030196906,1,76
2915,22,Tier1,Startup,57844,8840,2,18,7,2,0.34582356675411663,0.18118448892085154,Wallet,0.152824839222737,0,3
2916,40,Tier1,MNC,98246,48943,2,8,17,1,0.21092766738853977,0.012217805147527013,NetBanking,0.49816786434053295,0,2
2917,23,Tier3,Gig,48354,23040,2,23,3,3,0.09226577419126118,0.12851125772657,UPI,0.4764859163667949,1,40
2918,32,Tier3,Gig,51294,13660,2,6,6,1,0.5527517075296765,0.16066626246784366,NetBanking,0.2663079502475923,0,5
2919,40,Tier1,Startup,88875,33220,2,22,1,1,0.06631006430208751,0.027935037488995063,Card,0.3737834036568214,0,0
2920,36,Tier1,Startup,20850,8740,1,13,16,2,0.3606122835179515,0.47324989678098295,UPI,0.41918465227817747,0,2
2921,49,Tier1,MNC,65106,14652,1,14,6,2,0.10202776860715779,0.014021452591534792,UPI,0.22504838263754492,0,2
2922,26,Tier2,MNC,60156,11415,1,17,7,4,0.11555697672347022,0.02707432244248601,UPI,0.18975663275483742,0,3
2923,47,Tier3,SME,12925,3817,3,20,12,0,0.22039165444915834,0.03987812665477834,UPI,0.29531914893617023,0,2
2924,49,Tier1,MNC,67332,23351,2,8,13,1,0.22671174338626923,0.2655721801810509,UPI,0.3468038971068734,0,2
2925,35,Tier1,Startup,70017,17245,1,16,4,3,0.4859429749126136,0.028573120602652633,UPI,0.24629732779182198,0,0
2926,35,Tier1,SME,34701,14110,0,8,1,0,0.2921142811125165,0.06897697944994732,NetBanking,0.40661652401948073,0,3
2927,34,Tier1,MNC,79889,20053,1,8,13,2,0.09567377721369283,0.06694687909619185,UPI,0.251010777453717,0,2
2928,21,Tier1,Startup,62221,11608,2,12,5,2,0.1769036810439609,0.09349278846788264,Card,0.18656080744443193,0,1
2929,37,Tier1,SME,78422,21330,2,18,0,2,0.1000527003283721,0.03900199218818967,Wallet,0.27199000280533525,0,3
2930,41,Tier1,Startup,72747,18021,1,22,0,2,0.2718784125175997,0.0754309977237631,UPI,0.24772155552806302,0,1
2931,29,Tier3,Gig,52542,16957,3,13,13,1,0.26542096477721133,0.16276882108580978,Card,0.3227322903581896,0,0
2932,29,Tier2,SME,79889,18102,2,21,17,1,0.3321475724064079,0.10084023699346965,UPI,0.2265893927824857,0,0
2933,31,Tier1,Gig,60794,25253,1,6,14,2,0.17213602120741617,0.17851540909786165,UPI,0.41538638681448825,1,51
2934,46,Tier1,MNC,62596,26682,3,14,16,5,0.3025065055816124,0.10015919592270434,UPI,0.4262572688350693,0,3
2935,54,Tier2,SME,61501,12568,1,10,7,2,0.38152351393351913,0.05377870875262143,UPI,0.20435440074145136,0,3
2936,21,Tier1,Startup,61708,22046,1,10,8,3,0.15080080787589825,0.192243502715666,Wallet,0.3572632397744215,0,2
2937,21,Tier2,MNC,77973,25283,1,23,11,1,0.3135023276005326,0.07009251466133226,Card,0.3242532671565798,0,2
2938,35,Tier3,Startup,93031,18171,1,23,14,0,0.27959568610643193,0.038558246255327534,Card,0.19532198944437876,0,2
2939,30,Tier3,MNC,52973,10891,1,11,7,1,0.07916320004156846,0.0688767883802331,UPI,0.20559530326770242,1,70
2940,42,Tier1,Startup,59146,20794,2,18,4,2,0.4981988506616695,0.05774438209100683,UPI,0.35157068948026915,0,3
2941,30,Tier1,Startup,67723,22965,3,19,12,3,0.16266591776201156,0.03263822466809526,UPI,0.3391019299204111,0,2
2942,31,Tier1,MNC,74441,31446,1,7,17,0,0.1774403010843496,0.07045279970834632,UPI,0.4224285004231539,0,4
2943,35,Tier2,Startup,46790,13906,0,17,1,2,0.37116996455686857,0.23098000934920046,UPI,0.29720025646505666,1,110
2944,33,Tier1,Gig,93512,15696,3,18,0,2,0.14188873734003835,0.07655098556596522,UPI,0.16785011549319873,0,2
2945,42,Tier1,Gig,66384,15848,2,16,9,0,0.3923920289147093,0.26332739574106107,UPI,0.23873222463244156,0,3
2946,34,Tier2,MNC,32515,12369,2,18,7,1,0.1708969350882953,0.036606274487410106,UPI,0.3804090419806243,0,4
2947,26,Tier1,SME,49236,12112,1,15,16,3,0.35404087260944744,0.015152063311691314,Card,0.24599886262084653,0,2
2948,44,Tier2,Startup,90243,18268,2,17,7,5,0.4200390391402339,0.02141058652216511,Card,0.2024312135013242,0,3
2949,30,Tier2,SME,27103,5982,2,6,10,2,0.4856046137401892,0.0720666868971084,NetBanking,0.2207135741430838,1,47
2950,52,Tier1,MNC,63313,17097,1,11,15,1,0.10530836909768958,0.056320217573957686,UPI,0.2700393284159651,0,0
2951,33,Tier3,SME,66142,25159,2,15,9,2,0.5204186056536618,0.25048741550633274,UPI,0.38037857942003567,0,3
2952,52,Tier1,MNC,49384,9550,2,18,13,0,0.23230163172320734,0.17946770091919703,UPI,0.19338247205572656,1,98
2953,22,Tier2,MNC,68417,27786,2,9,10,0,0.18074316669009102,0.05767155633660866,UPI,0.4061271321455194,0,2
2954,28,Tier1,Gig,33856,11597,0,15,16,1,0.28733708448942735,0.0752843692873955,UPI,0.342538988657845,0,1
2955,51,Tier1,MNC,96211,18156,1,17,6,3,0.21710300667575125,0.15284410154922834,UPI,0.18871023063890824,0,1
2956,39,Tier2,Startup,88478,33693,2,14,1,1,0.11942270175323862,0.0511192583229311,Wallet,0.38080652817649585,0,3
2957,43,Tier2,SME,72146,18071,1,10,9,3,0.1785493753672428,0.031073304285030332,Card,0.2504781969894381,0,2
2958,36,Tier1,SME,61769,29889,0,23,3,3,0.1870439230397556,0.1238977163959353,UPI,0.48388350143275755,0,2
2959,28,Tier2,MNC,45149,15688,2,14,5,0,0.09732941715168847,0.0830219558509318,UPI,0.34747170479966333,0,4
2960,28,Tier1,Startup,51517,19267,2,19,17,2,0.3078782785159194,0.08456534893409931,Wallet,0.3739930508375876,0,1
2961,34,Tier1,SME,49251,16218,0,17,6,4,0.14937658991940428,0.009686643151353714,Card,0.3292928062374368,1,67
2962,43,Tier2,MNC,57429,15588,2,17,17,3,0.3100637126602549,0.011551995460626461,UPI,0.2714308102178342,0,1
2963,35,Tier1,Startup,73222,34111,3,21,1,1,0.09730830397165549,0.1654295934166235,UPI,0.4658572560159515,0,1
2964,49,Tier3,MNC,41992,16007,2,18,6,2,0.29124467650190206,0.1648857375872178,Card,0.38119165555343876,0,0
2965,36,Tier2,Gig,80603,35210,2,7,9,1,0.1691793034087561,0.13505369723853233,UPI,0.4368323759661551,0,0
2966,44,Tier2,SME,32122,14191,1,11,11,0,0.5714538732871768,0.26574277450223227,Card,0.441784446796588,0,6
2967,49,Tier1,Gig,63684,10622,2,8,17,1,0.4493143872081485,0.33668081377151493,NetBanking,0.16679228691665096,0,1
2968,29,Tier1,MNC,66828,17592,2,17,4,1,0.18361935610369412,0.12109126400401736,UPI,0.26324295205602444,1,94
2969,33,Tier1,Startup,73313,28882,1,15,7,2,0.3359528844106112,0.09323080834487671,UPI,0.3939546874360618,0,4
2970,50,Tier2,SME,69275,19626,0,8,13,2,0.2483082066774325,0.03600089816621117,UPI,0.28330566582461203,0,2
2971,33,Tier1,SME,56654,22502,0,22,13,2,0.20712737711325488,0.018968951263534064,Card,0.39718289970699333,0,0
2972,46,Tier1,Startup,46340,13516,2,12,12,0,0.4732292763924076,0.09027102175756903,UPI,0.2916702632714717,0,3
2973,52,Tier1,Gig,74355,29498,2,14,4,2,0.6871217763160065,0.03183169251687589,Wallet,0.3967184452962141,0,2
2974,34,Tier2,MNC,79816,30985,1,20,11,2,0.14246016329968858,0.11585142624059777,UPI,0.3882053723564198,0,1
2975,35,Tier1,Gig,65963,28542,3,9,4,1,0.5942689174863072,0.39949858162528035,UPI,0.43269711808134864,0,3
2976,41,Tier1,MNC,49789,22863,2,17,2,2,0.39850856165194254,0.13850880099966212,NetBanking,0.4591978147783647,0,4
2977,41,Tier1,MNC,56018,18258,3,12,16,1,0.17282270334309133,0.014284019973664118,Card,0.3259309507658253,0,3
2978,45,Tier2,SME,75628,18636,1,18,13,1,0.24819550591735587,0.19307043768147703,Wallet,0.2464166710742053,1,98
2979,27,Tier2,Gig,35124,16786,0,14,2,4,0.24465652006946123,0.023193784774641457,UPI,0.47790684432297004,0,2
2980,45,Tier1,Startup,40932,9581,2,7,13,1,0.3154393967888395,0.009425995701863558,Card,0.23407114238248802,0,3
2981,42,Tier3,Gig,36817,9599,2,18,16,2,0.09105479318789095,0.4219612000839355,UPI,0.2607219490996007,0,0
2982,33,Tier1,SME,61175,18429,3,13,4,2,0.5718681350535132,0.016730964304837375,Card,0.30125051082958726,0,3
2983,26,Tier3,SME,50686,14724,3,23,2,2,0.14755380833543125,0.2596479057576807,NetBanking,0.2904944166041905,0,2
2984,24,Tier2,MNC,51923,21664,1,9,6,2,0.1253379233217621,0.04732725113613422,Card,0.4172332107158677,0,2
2985,35,Tier1,SME,71604,35775,2,19,12,4,0.30611785621568904,0.004787974337683049,UPI,0.49962292609351433,1,110
2986,43,Tier1,SME,64340,19379,1,9,13,2,0.23111500655278122,0.08810362563944614,Wallet,0.3011967671743861,0,1
2987,21,Tier2,Gig,60517,17647,2,21,13,4,0.2875798717264019,0.20595844298362467,Card,0.29160401209577475,1,97
2988,39,Tier3,MNC,53341,9694,1,13,8,0,0.32950054178829336,0.1258413226371144,UPI,0.18173637539603682,0,5
2989,48,Tier3,MNC,31754,6365,1,20,16,6,0.17781316822186125,0.06420720246442016,UPI,0.20044718775587328,0,0
2990,40,Tier3,Gig,58341,8940,3,19,16,2,0.3935149765086538,0.11976140473789668,UPI,0.1532370031367306,1,104
2991,51,Tier2,Gig,69185,13776,1,10,12,4,0.3408849467126209,0.039967515772607376,Card,0.19911830599118305,0,2
2992,49,Tier2,Gig,91595,39673,2,14,10,2,0.12392496950187969,0.09728224058261353,Card,0.4331349964517714,0,0
2993,45,Tier1,SME,40304,8760,2,16,0,5,0.18102787076270754,0.1027511018274093,UPI,0.21734815402937674,0,4
2994,50,Tier1,Gig,53797,21211,2,16,17,4,0.04609343607634002,0.07381586779445107,Card,0.39427849136568954,0,1
2995,41,Tier1,Gig,59035,18050,1,22,15,1,0.007716466017204332,0.06213656164934922,Card,0.3057508257813162,0,1
2996,41,Tier1,SME,61007,24769,2,8,7,3,0.017233485674997027,0.02905238795916253,Card,0.4060025898667366,0,1
2997,44,Tier3,Startup,69917,16165,1,20,3,5,0.21074336053678394,0.011873341221171544,Card,0.23120271178683297,0,2
2998,46,Tier1,SME,68812,19579,3,22,11,0,0.15777112693568995,0.16405613593185114,UPI,0.28452886124513166,0,4
2999,40,Tier1,Startup,88012,36187,1,16,7,0,0.15790699861723012,0.05437593137745091,UPI,0.41115984183974913,0,5
3000,44,Tier1,Gig,64357,19012,2,19,2,0,0.32494679603768484,0.009041381899103751,Card,0.2954146402100782,0,0
3001,31,Tier2,Gig,88960,36023,1,20,15,2,0.5438251827441104,0.028378306572095092,Card,0.4049348021582734,0,0
3002,38,Tier2,Startup,55630,26754,1,6,15,3,0.41670737026350974,0.060853405645714856,UPI,0.48092755707352147,0,3
3003,49,Tier3,Gig,43876,21429,0,17,14,3,0.3650868620181709,0.23984519178228045,NetBanking,0.48839912480627223,1,57
3004,40,Tier3,SME,61197,25050,3,22,5,3,0.08724044857206574,0.06872518229088628,Card,0.4093337908721016,0,3
3005,52,Tier3,MNC,28674,14208,3,22,16,3,0.14887202072136888,0.003322156773892888,UPI,0.49550115086838253,1,88
3006,39,Tier3,MNC,57906,22893,3,8,7,2,0.2515329770361269,0.12184481581007947,UPI,0.3953476323697026,0,2
3007,44,Tier3,MNC,46988,18569,2,15,3,3,0.2271980684275411,0.021943971877075422,UPI,0.39518600493743083,0,2
3008,38,Tier2,Gig,44883,16753,2,7,12,2,0.3971353762044068,0.12251062019303686,Card,0.37325936323329545,1,62
3009,36,Tier1,Startup,40475,6833,2,6,6,0,0.25706033953958846,0.15541736735894038,NetBanking,0.16882025941939469,0,1
3010,33,Tier2,Gig,55055,23647,2,12,1,4,0.3462457927654608,0.1541087939721722,UPI,0.4295159386068477,1,43
3011,35,Tier3,MNC,74309,30336,2,8,2,2,0.5609762062594398,0.028103759888363507,Wallet,0.40824126283491907,0,3
3012,45,Tier1,MNC,36993,7959,1,19,12,1,0.21235734596212952,0.003538049826387485,UPI,0.21514881193739357,0,3
3013,28,Tier1,MNC,65581,10764,1,16,3,1,0.21768654447161442,0.054471383776937735,Card,0.16413290434729572,0,2
3014,23,Tier1,Gig,59117,27687,1,18,14,2,0.1578077733578653,0.2825087321750176,NetBanking,0.4683424395689903,0,4
3015,47,Tier2,MNC,61504,30369,1,14,5,3,0.15286001257530876,0.025085685420134257,Card,0.4937727627471384,1,70
3016,36,Tier1,Startup,78522,16966,2,23,15,2,0.3123124895273987,0.1492644865812277,Card,0.21606683477242047,0,5
3017,54,Tier3,Startup,61900,30489,2,8,14,4,0.3991313862795804,0.08080406163154007,UPI,0.4925525040387722,0,2
3018,39,Tier2,MNC,70068,15983,2,20,11,0,0.3328961942137031,0.06555317616061891,Card,0.22810698178911915,0,1
3019,27,Tier1,Gig,52209,23515,2,6,11,0,0.021152213589347643,0.08415905459185598,NetBanking,0.4504012718113735,0,3
3020,49,Tier2,Gig,41162,14580,2,6,3,2,0.49282083961748163,0.010561711238365211,UPI,0.3542101938681308,1,34
3021,45,Tier1,Gig,46151,15945,1,7,1,2,0.13306945408872325,0.06781998507573267,UPI,0.34549630560551237,1,100
3022,34,Tier1,MNC,43870,8305,0,17,3,0,0.33846309808181746,0.03780875071786453,UPI,0.18930932299977205,0,3
3023,33,Tier1,Startup,43605,15572,2,10,16,2,0.31039795207567084,0.25197098002757234,UPI,0.3571150097465887,0,0
3024,36,Tier2,Startup,64255,31805,1,22,10,2,0.240152815061862,0.023253853104241426,UPI,0.49498093533577153,0,0
3025,37,Tier2,MNC,100958,39187,2,23,3,0,0.14951275704670494,0.0351518138681302,Card,0.3881515085481091,0,1
3026,38,Tier1,MNC,74707,17319,3,8,1,2,0.06072030326615946,0.11367484856147543,UPI,0.23182566560027842,0,3
3027,27,Tier2,MNC,42540,14588,2,14,3,1,0.03340057180116267,0.3877930417596744,Card,0.34292430653502587,1,54
3028,50,Tier1,SME,71832,17935,2,14,1,2,0.06255699328067152,0.02274675347320474,NetBanking,0.24967980844192003,0,1
3029,44,Tier2,Startup,59144,22323,1,10,11,4,0.19747786026790665,0.06586073326747617,UPI,0.3774347355606655,0,0
3030,44,Tier3,MNC,51774,9171,2,19,0,4,0.12415125419140315,0.285828595460396,UPI,0.1771352416270715,0,3
3031,34,Tier1,MNC,42252,9511,0,7,9,1,0.29366905196257614,0.14056051078747417,NetBanking,0.22510177033039855,0,3
3032,37,Tier1,SME,74543,18024,1,18,14,2,0.053741687232985204,0.13271317243651606,UPI,0.2417933273412661,0,0
3033,54,Tier3,SME,39340,10560,3,19,12,2,0.10259659056550555,0.04600469080927948,UPI,0.26842907981698017,0,5
3034,30,Tier2,Gig,80602,22478,2,12,8,3,0.38891333339978124,0.03979344108733712,UPI,0.27887645467854394,0,2
3035,51,Tier2,SME,51490,14203,1,14,9,1,0.0218161836190248,0.02757454028743588,NetBanking,0.27583996892600504,0,3
3036,54,Tier2,MNC,12000,3000,0,12,11,4,0.17092638108168356,0.40107148567833495,UPI,0.25,0,1
3037,29,Tier1,SME,55224,27348,2,17,17,4,0.43539796516952306,0.010063598600467235,UPI,0.495219469795741,1,82
3038,33,Tier2,MNC,29237,10050,1,22,7,3,0.23994876657146486,0.1646898952284004,UPI,0.3437425180422068,1,87
3039,53,Tier2,MNC,59727,15278,1,21,11,2,0.561280685961453,0.12976981226572867,NetBanking,0.2557972106417533,0,2
3040,33,Tier2,Startup,41710,15062,2,7,8,1,0.14315032662857152,0.07469114658336502,UPI,0.3611124430592184,0,3
3041,34,Tier2,SME,72095,17718,2,14,14,4,0.28053998869272817,0.05805539958603834,UPI,0.2457590678965254,0,2
3042,33,Tier1,MNC,67845,23541,2,15,17,4,0.4645643174651351,0.015233239582812728,UPI,0.3469820915321689,0,2
3043,29,Tier3,Startup,37987,6051,1,20,6,2,0.23460527059334868,0.028921538548090476,UPI,0.15929133650985863,1,37
3044,26,Tier2,Gig,68993,29064,1,7,4,0,0.43884372207887096,0.13086392061350705,NetBanking,0.42126012783905614,0,2
3045,50,Tier3,MNC,47536,18562,1,15,17,4,0.15982984941473966,0.10919473577112143,NetBanking,0.39048300235610905,1,34
3046,38,Tier3,Startup,41914,17341,2,11,8,0,0.24138002071608466,0.17853883289964914,NetBanking,0.41372810993939974,0,0
3047,52,Tier2,Startup,64977,19063,2,15,14,2,0.10944006294098638,0.2959807174604659,NetBanking,0.2933807347215168,0,3
3048,26,Tier3,SME,59814,27057,2,18,8,2,0.08897448815180556,0.28595911094081483,NetBanking,0.45235229210552713,0,0
3049,52,Tier1,Startup,36215,7951,1,11,7,2,0.17314986305061014,0.19730037543816603,Card,0.21954991025818033,0,3
3050,29,Tier3,SME,71909,24385,2,21,12,1,0.08065858360327054,0.18394309979980475,UPI,0.3391091518446926,1,84
3051,44,Tier1,SME,43949,19858,0,14,1,1,0.37340759211292973,0.09036002324900574,NetBanking,0.4518419076657034,1,42
3052,46,Tier2,SME,85879,35455,2,22,17,4,0.2939118657070112,0.11410691693090515,Wallet,0.41284830983127424,0,2
3053,29,Tier3,Startup,77560,20539,3,20,15,2,0.21546106288298533,0.09134421895887658,UPI,0.26481433728726145,0,1
3054,25,Tier2,MNC,66729,18189,1,21,0,0,0.07954957381317289,0.13185216834099897,UPI,0.2725801375713708,1,79
3055,23,Tier1,Gig,57399,15193,1,12,12,2,0.4679660954856296,0.173914637858076,UPI,0.264691022491681,0,3
3056,22,Tier3,MNC,62086,15305,3,12,9,2,0.4431300239353984,0.277863986660726,Wallet,0.2465129014592662,1,37
3057,43,Tier1,Gig,35100,9337,2,9,9,5,0.23356587991897518,0.07234968960814737,Card,0.266011396011396,0,2
3058,51,Tier2,SME,84520,26265,3,7,17,1,0.37410123678146556,0.09168483372101015,UPI,0.3107548509228585,0,2
3059,41,Tier1,MNC,57395,18153,1,21,15,4,0.454292372551034,0.1482105006433363,Card,0.3162819060893806,1,92
3060,26,Tier3,MNC,46721,20858,2,21,17,2,0.24804645852813847,0.0021269812754643224,UPI,0.4464373622139937,0,0
3061,34,Tier1,Gig,39611,12222,2,7,10,2,0.45750699606570105,0.132545898833669,UPI,0.30855065512105223,1,57
3062,24,Tier2,Startup,44756,20832,0,7,6,1,0.43405203967939976,0.14250636593294075,UPI,0.4654571454106712,1,30
3063,46,Tier3,SME,31005,9711,2,22,14,1,0.15190234814002435,0.055048083887996,Card,0.3132075471698113,0,1
3064,40,Tier1,Startup,36022,11651,3,22,1,3,0.23312210907383363,0.008024519245435372,Wallet,0.3234412303592249,0,3
3065,49,Tier2,MNC,51943,11112,2,10,10,0,0.23143632959940064,0.08134426401023859,NetBanking,0.21392680438172612,0,4
3066,37,Tier1,MNC,44942,12719,1,10,11,0,0.16155993948925004,0.09882680390781386,NetBanking,0.28300921187308087,0,2
3067,41,Tier3,MNC,54249,25292,3,23,13,3,0.5749808551577276,0.05226160167513237,UPI,0.46622057549447915,1,110
3068,30,Tier1,SME,53355,13983,1,11,11,1,0.13928481585018126,0.2656108601162295,UPI,0.26207478211976387,0,3
3069,21,Tier2,Startup,79042,13527,2,6,5,2,0.22860725546554816,0.194902979303472,Card,0.17113686394575037,0,5
3070,23,Tier1,Gig,86858,13068,2,19,10,5,0.19793972492192763,0.13163655264218804,Card,0.15045246264017131,1,75
3071,36,Tier3,Gig,48125,11055,3,13,4,3,0.1875375222091037,0.035819210684474787,UPI,0.2297142857142857,0,2
3072,48,Tier1,Gig,23070,6858,2,17,8,2,0.35680756558045623,0.009010221121771033,Wallet,0.29726918075422626,1,92
3073,31,Tier1,MNC,81780,27231,1,8,5,1,0.5914252567038955,0.02459403127150878,UPI,0.33297872340425533,0,0
3074,42,Tier2,Gig,60774,23935,2,17,2,3,0.46575700766649897,0.011280983474904702,UPI,0.3938361799453714,1,48
3075,40,Tier1,Startup,29486,14214,1,12,0,1,0.35643487522366163,0.004379394106655095,UPI,0.48205928237129486,1,53
3076,25,Tier1,SME,60547,14258,1,8,13,2,0.25436005390336797,0.045934705996429015,UPI,0.2354864815762961,0,6
3077,35,Tier1,Startup,39433,17039,1,11,7,3,0.12439864509803036,0.09125813957323009,UPI,0.4321000177516294,0,1
3078,30,Tier1,MNC,86008,39614,3,23,4,1,0.26628105716938866,0.01042204203337509,Card,0.4605850618547112,1,98
3079,41,Tier3,Gig,52293,9287,1,23,1,6,0.08431162033831868,0.18304038743758866,NetBanking,0.17759547166924827,0,0
3080,49,Tier2,MNC,75339,13304,2,15,1,2,0.486760091204377,0.27582812909035115,Card,0.17658848670675215,1,106
3081,48,Tier1,SME,42243,15352,3,23,17,3,0.10407843146812083,0.19056256308723468,UPI,0.3634211585351419,0,3
3082,51,Tier2,Gig,46861,13864,3,19,11,0,0.08682813359646548,0.11026845691652971,UPI,0.2958536949702311,1,95
3083,42,Tier2,SME,53629,15227,2,7,9,2,0.30032843368269224,0.17761223678975588,Card,0.2839322008614742,0,1
3084,39,Tier1,SME,61790,21234,3,17,12,0,0.12745198723918907,0.36882050034385055,NetBanking,0.3436478394562227,0,2
3085,29,Tier3,Gig,55226,26219,0,10,1,0,0.2928569109339236,0.04546589450281805,NetBanking,0.47475826603411436,1,46
3086,27,Tier1,Startup,36379,17239,2,11,16,4,0.34112006278223556,0.0556322041804089,UPI,0.4738722889579153,0,3
3087,46,Tier2,MNC,56108,10613,2,20,3,1,0.07164857643905705,0.03507572312937762,UPI,0.1891530619519498,0,0
3088,21,Tier1,MNC,45414,13726,1,11,8,3,0.4890173632404561,0.1294703301072349,NetBanking,0.30224159950676005,0,5
3089,30,Tier3,Startup,58010,22309,1,6,0,1,0.35497667659337345,0.09713302582674334,Card,0.38457162558179625,0,3
3090,25,Tier1,MNC,70526,12743,3,17,15,1,0.22597654970185152,0.12197279882074215,Card,0.1806851373961376,0,1
3091,24,Tier2,Gig,92295,22293,1,16,8,5,0.039333516559924446,0.06906081940668343,UPI,0.2415407118478791,0,3
3092,50,Tier1,SME,75403,16790,2,9,3,0,0.32298635361912975,0.16307099198532535,Card,0.22267018553638449,0,4
3093,26,Tier1,SME,51387,17444,1,13,3,0,0.4314709700503178,0.037666065817731374,UPI,0.33946328838032963,0,1
3094,46,Tier2,MNC,42189,8438,3,15,4,1,0.14697974818298293,0.006259065033292361,Wallet,0.20000474057218706,0,1
3095,25,Tier2,MNC,81570,23904,1,18,17,2,0.08201813655648411,0.37075756101871343,UPI,0.29304891504229497,1,68
3096,29,Tier1,MNC,62412,10801,2,18,17,1,0.45560601433629405,0.06593951730282457,NetBanking,0.17305966801256167,0,2
3097,52,Tier1,Gig,43253,13345,1,8,15,1,0.41569100227927214,0.27371259635996104,UPI,0.3085335121263265,0,2
3098,37,Tier3,MNC,101008,30117,0,15,8,4,0.2901803492679547,0.05757595343932675,NetBanking,0.2981645018216379,0,6
3099,48,Tier2,MNC,65110,19341,2,17,11,2,0.21714380030588054,0.0120366198451115,Card,0.29705114421747814,0,3
3100,25,Tier1,Startup,56119,19156,2,10,15,5,0.025141854971261278,0.1442616893965574,UPI,0.3413460681765534,0,2
3101,23,Tier1,Gig,52710,15945,2,19,3,3,0.13910448715533716,0.0754918225577009,NetBanking,0.3025042686397268,0,1
3102,24,Tier1,SME,81193,32832,2,14,7,1,0.2093995783864884,0.036811747024963225,UPI,0.40436983483797867,0,2
3103,40,Tier1,MNC,50705,21947,2,20,6,1,0.24486610484805982,0.041074640107289756,Card,0.4328369983236367,0,1
3104,21,Tier1,Gig,57052,14889,2,6,10,2,0.2763258539434089,0.1713770636861187,UPI,0.2609724461894412,1,64
3105,53,Tier1,MNC,89165,39422,3,20,0,3,0.3342077669641277,0.03450567186781382,NetBanking,0.44212415185330567,0,3
3106,38,Tier1,MNC,76413,31384,2,10,4,1,0.4599752839318205,0.1372859085682855,Card,0.41071545417664534,0,0
3107,45,Tier2,MNC,51218,14411,1,6,8,1,0.2166467833555433,0.005631505320411309,UPI,0.28136592604162597,0,2
3108,45,Tier1,MNC,58168,25560,2,6,2,7,0.30166353709775623,0.12475253432513603,Card,0.43941686150460735,0,2
3109,50,Tier3,Gig,63109,13898,2,16,9,3,0.5012553830609944,0.002618442311871059,NetBanking,0.2202221553185758,1,105
3110,23,Tier2,MNC,19665,5895,1,19,5,2,0.43795720116043924,0.015087404876147039,UPI,0.2997711670480549,0,2
3111,27,Tier2,Gig,82086,40210,1,6,16,5,0.18831151364817622,0.053162546749286374,UPI,0.4898521063275102,1,85
3112,34,Tier1,MNC,26062,10014,2,22,2,2,0.5340743457789073,0.038730208964513436,Wallet,0.38423758729184254,0,2
3113,50,Tier2,MNC,91416,32824,2,21,16,1,0.34539817917703614,0.0751977315891709,UPI,0.3590618710072635,0,3
3114,40,Tier3,MNC,35851,16598,1,14,1,5,0.3835485467158251,0.03042012457557951,Card,0.46297174416334275,0,2
3115,37,Tier1,Startup,96635,34449,2,20,17,5,0.06398053323095937,0.047725169515384636,NetBanking,0.35648574533036687,0,2
3116,35,Tier1,Gig,53720,12260,2,6,15,2,0.12581359728248087,0.06679426695628211,Wallet,0.2282204020848846,0,1
3117,21,Tier2,MNC,79333,22814,2,17,15,1,0.24830625030421996,0.3460088500757884,Card,0.28757263685981876,0,2
3118,22,Tier3,MNC,67543,24787,3,21,11,1,0.2240855331055165,0.08049796396084383,UPI,0.366981034304073,0,0
3119,43,Tier2,MNC,51934,9296,1,11,16,2,0.297849006241595,0.06355579851510379,UPI,0.1789964185312127,0,2
3120,33,Tier2,SME,52989,24983,1,6,5,2,0.3548491976375644,0.0936114116175875,UPI,0.4714752118364189,0,3
3121,39,Tier1,Startup,39611,9334,2,12,15,1,0.3282026207246839,0.22132235645152296,UPI,0.23564161470298656,0,0
3122,41,Tier2,Gig,27322,8851,2,8,14,4,0.09390618478887566,0.025116220590662878,UPI,0.3239513944806383,1,78
3123,27,Tier2,MNC,52620,23100,2,9,8,2,0.23272332917294217,0.3225117010487462,UPI,0.43899657924743446,0,0
3124,28,Tier3,MNC,52302,14002,2,12,8,4,0.0957133165807955,0.13809538576637578,UPI,0.2677144277465489,0,1
3125,28,Tier2,SME,79037,13023,3,15,5,1,0.06608410932049277,0.10863479816799429,UPI,0.16477093007072638,0,2
3126,42,Tier1,MNC,36322,6316,2,9,2,1,0.449179993698106,0.16418028742313032,UPI,0.1738891030229613,0,3
3127,42,Tier2,Gig,46350,16850,1,12,6,0,0.09533091303092107,0.025761885543452212,UPI,0.3635382955771305,0,1
3128,36,Tier3,MNC,67212,19043,1,15,7,3,0.14295484116480872,0.07054757872693297,UPI,0.28332738201511637,0,0
3129,32,Tier2,MNC,70934,30230,3,17,5,1,0.3339306039186245,0.06055338691818108,UPI,0.4261708066653509,1,118
3130,43,Tier1,Startup,74679,11913,2,23,0,3,0.3305080136576021,0.10369175963768057,Card,0.15952275740167918,0,3
3131,30,Tier3,Gig,69259,11430,3,9,10,6,0.12859162645881528,0.25441845895630455,Card,0.16503270333097503,0,1
3132,38,Tier2,Startup,57831,10391,1,23,13,0,0.16606688847343978,0.028231691699551607,UPI,0.17967871902612786,0,0
3133,51,Tier1,SME,61695,28320,1,13,17,4,0.3638345469882865,0.008075500983370176,Card,0.4590323364940433,1,41
3134,21,Tier1,MNC,74124,27510,1,23,8,1,0.16179731049736004,0.03496923371591147,UPI,0.3711348551076574,0,2
3135,47,Tier1,MNC,83204,21320,2,10,3,0,0.0927648311783353,0.11212397082081504,UPI,0.2562376808807269,0,2
3136,54,Tier3,SME,58045,16111,3,15,16,1,0.2355170888575515,0.15663834905537055,UPI,0.27756051339477994,0,3
3137,50,Tier2,SME,57484,9156,3,23,4,0,0.42226597165881397,0.18651570057951086,UPI,0.15927910375060886,0,3
3138,43,Tier1,MNC,75957,14559,2,23,3,0,0.33136740445575236,0.01643799060736019,Wallet,0.19167423673920772,0,4
3139,46,Tier1,SME,46293,20362,1,21,6,2,0.17565285658825303,0.058157456521263376,UPI,0.4398505173568358,0,1
3140,21,Tier1,Startup,56239,21800,3,12,5,1,0.16009398178118614,0.15962719101976966,UPI,0.38763135902131973,0,1
3141,28,Tier2,Startup,76986,26612,2,7,0,2,0.31917746787444956,0.04187194112405383,Wallet,0.34567323929026056,0,0
3142,32,Tier1,Startup,47892,19919,2,12,6,0,0.060976593949352606,0.23318545149800987,Card,0.41591497536122946,0,2
3143,24,Tier2,SME,63892,22108,0,23,6,2,0.33235535996124355,0.005536189670476273,Card,0.34602141113128404,0,1
3144,27,Tier3,Gig,54387,26864,3,17,3,4,0.21632720031777034,0.02998758448173239,Card,0.4939415669185651,1,91
3145,40,Tier2,SME,58309,10582,2,8,16,2,0.1293678132581836,0.06639455614345056,UPI,0.18148141796292167,0,1
3146,38,Tier1,SME,71815,25616,1,22,10,1,0.202920902718574,0.02299629307409864,Card,0.3566942839239713,0,0
3147,35,Tier3,SME,55240,19697,1,11,4,3,0.2600518428142947,0.034390846769029704,NetBanking,0.3565713251267198,1,94
3148,38,Tier2,SME,37920,6599,1,14,6,2,0.5407436244814229,0.15862562780793127,UPI,0.17402426160337553,0,2
3149,52,Tier1,Gig,67788,11753,1,23,17,0,0.2582572759685582,0.13305432245296536,UPI,0.17337876910367617,0,2
3150,33,Tier1,MNC,65499,24685,3,23,4,2,0.31338982589545084,0.2056964307248419,UPI,0.3768759828394327,0,2
3151,29,Tier1,Gig,47015,23062,1,21,11,1,0.49469861168907064,0.11171674998304111,Card,0.4905243007550782,1,91
3152,44,Tier2,MNC,74637,29992,1,13,17,0,0.19580112989750478,0.0019633084026811753,Card,0.401838230368316,0,2
3153,22,Tier2,SME,50764,20296,2,15,4,2,0.06687936146881737,0.034806865839774506,UPI,0.399810889606808,0,1
3154,50,Tier3,MNC,72570,29708,2,13,12,1,0.13889806804430138,0.1070989337450947,UPI,0.40937026319415737,0,2
3155,40,Tier1,MNC,79285,24093,1,12,7,2,0.0333708665770191,0.0013780931604076016,Card,0.3038784133190389,0,3
3156,30,Tier1,Startup,51976,9856,3,11,12,1,0.30427082749665774,0.1121226674043358,UPI,0.1896259812221025,0,0
3157,27,Tier1,SME,67973,24808,2,7,13,1,0.28385688702948036,0.04486051595563147,UPI,0.3649684433525076,0,2
3158,24,Tier1,MNC,81468,39316,2,8,15,3,0.20696005298986228,0.1906305259317401,UPI,0.4825943928904601,1,115
3159,27,Tier2,MNC,51669,19474,0,13,11,4,0.14064617461638032,0.04044645618758957,Card,0.3768991077822292,0,1
3160,54,Tier1,Startup,57060,24079,0,14,17,1,0.04125594956484737,0.054455142870948034,Card,0.4219943918682089,0,1
3161,24,Tier2,Startup,44265,16377,1,16,12,0,0.13650813844824985,0.28076494523674894,Card,0.3699762792273805,1,31
3162,49,Tier1,MNC,69717,28119,3,7,12,0,0.21884254317877555,0.15977620386243074,Card,0.4033306080296054,0,1
3163,32,Tier1,Startup,94819,29283,2,10,4,2,0.11817003017117944,0.04272481044055264,UPI,0.30883050865332895,0,3
3164,30,Tier2,Startup,57941,12001,1,20,7,2,0.3012225703827984,0.14886121912777311,NetBanking,0.2071244887040265,0,2
3165,41,Tier1,MNC,62591,31047,2,6,4,1,0.1400052914977044,0.02516517785702024,UPI,0.4960297806393891,1,96
3166,41,Tier3,Startup,45319,15138,1,22,14,3,0.18442980985487004,0.012427433579118649,Card,0.33403208367351445,0,3
3167,44,Tier2,MNC,33688,8802,2,16,9,2,0.27214114483463664,0.04615222450530795,UPI,0.2612799810021373,1,104
3168,23,Tier1,MNC,68214,16049,2,11,8,1,0.13804458594258573,0.1026971426445755,UPI,0.23527428387134605,0,3
3169,30,Tier1,Startup,101499,19515,1,23,9,7,0.07073725238779706,0.14380591003994436,UPI,0.19226790411728195,0,1
3170,53,Tier1,Gig,49895,12091,2,16,11,3,0.26010915767126447,0.1260331863228224,Card,0.24232889067040786,0,1
3171,50,Tier2,Gig,115933,19391,2,21,3,3,0.16823123923310004,0.0825209679021473,UPI,0.16726040040368143,0,0
3172,31,Tier3,MNC,49147,19650,2,7,14,0,0.311667917885166,0.2089650353976064,NetBanking,0.39982094532728346,0,5
3173,52,Tier3,Startup,60671,28244,2,7,1,0,0.3987530896773682,0.11101786908886446,NetBanking,0.4655271876184668,1,81
3174,30,Tier1,SME,99235,26052,2,13,6,1,0.07860827203934818,0.1125464499075,UPI,0.2625283418148839,1,94
3175,27,Tier3,SME,84449,17780,1,17,14,2,0.39593496728223543,0.08682559810419047,UPI,0.21054127343130175,0,1
3176,28,Tier2,Gig,98082,22213,2,18,11,1,0.3021855768525156,0.027267535296864133,UPI,0.22647376684814746,0,2
3177,24,Tier3,Gig,105855,33093,2,7,11,4,0.4095193757085579,0.38040675005396274,Card,0.31262576165509426,0,3
3178,28,Tier1,MNC,46758,8905,2,21,5,3,0.1366801176551207,0.025313027706937996,UPI,0.1904486932717396,0,4
3179,26,Tier1,MNC,57091,22870,2,19,4,3,0.15061616613893253,0.041617376269830864,Card,0.4005885340946909,0,0
3180,51,Tier1,Gig,82406,34176,2,23,6,4,0.26193276082342276,0.14388463261915024,UPI,0.4147270829793947,0,3
3181,48,Tier2,MNC,41781,17813,2,14,16,2,0.08628860918372885,0.10182796537242025,Wallet,0.42634211723032,0,3
3182,29,Tier1,MNC,54672,21160,3,18,15,4,0.1637435183558822,0.0975909556255203,Card,0.38703541117939716,0,2
3183,29,Tier3,MNC,37599,8951,2,16,14,0,0.14113920156000068,0.05382787499657504,Wallet,0.2380648421500572,0,4
3184,35,Tier1,Startup,39572,15733,1,6,12,5,0.30146163633551143,0.09581821195209053,UPI,0.3975790963307389,0,4
3185,47,Tier1,Gig,58819,14452,1,6,13,2,0.26734967254647113,0.06362367370870761,Wallet,0.2457029191247726,0,4
3186,38,Tier1,SME,57273,10985,1,8,8,2,0.33671794656745957,0.006999601933564073,UPI,0.1918006739650446,1,69
3187,27,Tier2,Startup,63112,30955,2,22,10,0,0.08034375062604039,0.11071469915616415,UPI,0.49047724679934085,1,115
3188,47,Tier1,Gig,87273,16390,2,7,0,3,0.4099885159613098,0.06740833064893179,UPI,0.1878014964536569,0,2
3189,23,Tier1,MNC,45646,14925,3,20,9,3,0.2971671310303477,0.05915483287667303,Wallet,0.3269727906059677,0,0
3190,53,Tier1,MNC,27161,11398,1,18,7,1,0.39327619050877355,0.2879442399009629,UPI,0.41964581569161663,0,3
3191,34,Tier1,SME,66386,20805,2,22,6,1,0.5266345465562012,0.05142425274118714,NetBanking,0.3133943903835146,0,1
3192,51,Tier1,MNC,60617,15845,0,18,15,1,0.3427976975573597,0.10422894398220175,UPI,0.26139531814507483,0,3
3193,43,Tier1,MNC,51056,15856,2,18,0,7,0.41872773298337335,0.07163474532894594,Card,0.31056095267941086,0,2
3194,38,Tier2,MNC,42130,15135,2,15,2,1,0.10230370137047887,0.04960463847947486,UPI,0.3592451934488488,0,2
3195,22,Tier2,MNC,53204,21926,2,9,2,1,0.3305634782799586,0.13257752845859894,UPI,0.4121118712878731,1,101
3196,44,Tier2,Gig,48832,9873,2,8,9,0,0.20301482458146075,0.1526000144844622,Card,0.20218299475753604,0,5
3197,23,Tier1,Gig,59817,20589,1,11,12,2,0.4288492584447516,0.04098897190056043,Card,0.34419980941872713,0,2
3198,29,Tier1,Gig,63393,18482,2,6,11,3,0.23341813198172537,0.10227490764368491,Card,0.29154638524758253,0,2
3199,36,Tier1,MNC,59227,21819,1,21,13,0,0.15482337442223318,0.036011572973234186,Card,0.368396170665406,0,1
3200,39,Tier2,MNC,47478,7864,3,22,8,1,0.19613771143551245,0.34077735021511296,Card,0.16563460971397279,0,0
3201,50,Tier1,MNC,68924,20635,2,10,1,2,0.46308188198457456,0.12420143333748294,UPI,0.2993877314143114,0,1
3202,27,Tier1,SME,51260,21677,2,13,9,3,0.3304457952784252,0.08644603522181082,Card,0.4228833398361295,0,2
3203,41,Tier1,Startup,48323,23393,2,19,0,1,0.05674612184732866,0.00905835411871812,UPI,0.4840965999627507,1,62
3204,24,Tier1,SME,45405,15908,3,12,8,2,0.36110459845186693,0.14610548415228797,UPI,0.35035789010020923,0,3
3205,35,Tier2,MNC,62028,10850,2,18,13,3,0.03764427230040601,0.03287227317736864,NetBanking,0.1749210034178113,0,1
3206,23,Tier2,MNC,38807,13564,3,21,7,1,0.366442475266038,0.18052532265870247,UPI,0.34952457030948025,0,4
3207,51,Tier3,MNC,60048,24528,0,19,5,2,0.19753980569118373,0.037733365721365125,NetBanking,0.4084732214228617,0,1
3208,48,Tier1,Gig,68638,15800,0,23,10,1,0.09900378988612137,0.06279676947904231,UPI,0.2301931874471867,1,31
3209,25,Tier3,SME,50847,8401,3,18,5,2,0.10684489151139427,0.17803740300597773,UPI,0.1652211536570496,0,0
3210,31,Tier2,Gig,56788,13251,1,12,3,2,0.22448582639984227,0.023235969648220268,UPI,0.23334155103190815,0,2
3211,36,Tier2,MNC,21759,3417,2,10,8,2,0.2663645563413294,0.1767527962184753,UPI,0.15703846684130704,0,3
3212,52,Tier1,Startup,82436,24566,3,15,14,3,0.07690889230656275,0.04077719896520119,Card,0.2980008734048231,0,2
3213,24,Tier1,SME,102147,23444,0,19,3,3,0.34921139437173787,0.03814124346918894,UPI,0.22951236942837283,0,4
3214,45,Tier3,SME,63393,26340,2,10,8,2,0.3218517030383707,0.03490077095277342,UPI,0.41550328900667266,1,101
3215,39,Tier2,Startup,79088,15381,1,8,2,5,0.3409718775205177,0.031617660711087486,NetBanking,0.1944795670645357,0,2
3216,41,Tier2,Gig,91019,20061,2,13,7,3,0.12361175346291034,0.03680803222938529,UPI,0.22040453092211515,1,40
3217,32,Tier1,Startup,62166,23786,2,18,17,1,0.26042560812093135,0.23561641493474683,Card,0.38262072515522955,0,4
3218,32,Tier2,SME,88921,14343,2,13,7,3,0.21209861073331837,0.057633844995390336,UPI,0.1613004802015272,0,1
3219,54,Tier2,SME,79982,15290,1,20,14,4,0.43621170067768394,0.15941018036335694,UPI,0.19116801280288065,0,2
3220,34,Tier1,MNC,41973,20740,2,21,4,2,0.09925507742336143,0.13438278451393776,NetBanking,0.4941271769947347,1,32
3221,27,Tier2,Startup,67314,18918,1,16,14,1,0.08210420430276251,0.012661151724135417,UPI,0.28104109100632857,0,4
3222,48,Tier1,Gig,35026,12303,2,9,7,1,0.4169104482553921,0.03813020512015526,UPI,0.3512533546508308,0,1
3223,25,Tier2,Startup,84123,20660,2,19,16,1,0.3336305172395014,0.0585476822157843,UPI,0.24559276297802027,0,1
3224,39,Tier2,Startup,34608,6654,2,19,0,0,0.1147667730892819,0.24761703502570687,Wallet,0.19226768377253814,0,1
3225,46,Tier1,SME,58017,20716,1,9,1,1,0.25620159040456136,0.02068759793968661,UPI,0.357067756002551,0,0
3226,44,Tier1,Startup,13698,5666,2,14,2,4,0.07291932422503063,0.009237561897475379,UPI,0.41363702730325597,0,1
3227,38,Tier2,Gig,34442,13772,2,19,5,7,0.11837921461682711,0.1898203812485439,UPI,0.3998606352708902,0,0
3228,38,Tier1,MNC,34930,10173,1,11,11,1,0.17797573103381184,0.06926860031842302,UPI,0.2912396221013456,0,2
3229,28,Tier2,SME,58600,9821,3,19,4,0,0.31068384827522055,0.12256178194604372,Card,0.1675938566552901,0,2
3230,52,Tier1,SME,55248,27160,2,21,9,2,0.21549184223874118,0.06861196551684833,UPI,0.49160150593686647,1,109
3231,36,Tier2,MNC,61397,27083,2,22,13,0,0.11403713098399251,0.07388996365822745,UPI,0.44111275795234295,0,0
3232,36,Tier1,Gig,70769,19911,1,7,17,4,0.13641844969580647,0.08552201952535042,UPI,0.28135200440871005,1,101
3233,28,Tier1,SME,83690,24284,1,15,0,2,0.18866886834580263,0.23916524992583668,Wallet,0.2901660891384873,0,2
3234,47,Tier1,Startup,40911,12322,2,19,5,1,0.3447047459591613,0.2257315901920889,UPI,0.3011903888929628,0,1
3235,35,Tier2,MNC,42595,8690,1,17,12,1,0.04325398217037979,0.05001365634337343,UPI,0.2040145556990257,0,2
3236,43,Tier2,Startup,55357,24114,1,23,5,1,0.13981458114014725,0.052864177571428424,UPI,0.43560886608739635,0,1
3237,47,Tier3,Startup,79631,33121,1,6,8,2,0.28613864386006516,0.14923834951800544,NetBanking,0.4159309816528739,0,8
3238,46,Tier2,Gig,36749,8142,3,16,10,2,0.47542796914567326,0.05975351295044613,UPI,0.22155704917140603,0,3
3239,21,Tier2,Gig,93703,33645,2,7,2,3,0.19414379394902728,0.11331191571245486,Card,0.35906000875105387,0,4
3240,34,Tier2,MNC,32825,14177,1,23,9,1,0.03328054936702256,0.023596178986874057,Card,0.4318964204112719,0,5
3241,24,Tier1,SME,29064,13710,1,9,6,1,0.03668339705388061,0.01032281152356695,UPI,0.4717175887696119,0,0
3242,32,Tier1,Startup,83693,29956,2,8,10,0,0.45058023062881736,0.0408463414354777,UPI,0.3579271862640842,0,3
3243,44,Tier1,Startup,60436,27547,2,8,15,2,0.40141566495651937,0.020066732163110543,UPI,0.4558044873916209,1,46
3244,34,Tier1,MNC,70394,30597,3,18,2,4,0.3357407483227293,0.28508457102361767,Card,0.43465352160695514,0,2
3245,45,Tier2,Gig,70508,35201,3,11,11,2,0.47764032333542733,0.12212331461485343,UPI,0.4992483122482555,0,4
3246,22,Tier1,MNC,35550,17490,3,22,12,3,0.08106073256504126,0.2703278798240439,Card,0.4919831223628692,1,98
3247,52,Tier1,Startup,83061,19626,3,7,11,4,0.22747103557950643,0.2426613619013972,NetBanking,0.23628417668942103,0,0
3248,23,Tier1,SME,71949,19457,1,10,14,1,0.07967485890151664,0.010250349554061858,UPI,0.27042766403980595,0,4
3249,41,Tier3,SME,66510,25307,2,14,7,1,0.36215228211894085,0.01563340546976494,UPI,0.3804991730566832,0,1
3250,50,Tier2,MNC,65497,31130,2,22,14,1,0.07387823003808897,0.14766932023761134,UPI,0.47528894453181064,0,2
3251,34,Tier2,Gig,66187,24215,2,16,5,1,0.1761668972027882,0.03161014151756771,NetBanking,0.36585734358710925,0,2
3252,45,Tier3,MNC,42208,16105,1,16,10,1,0.5773776471872495,0.41649817441175924,NetBanking,0.38156273692191056,1,50
3253,50,Tier2,Startup,54283,18959,1,13,12,2,0.3285676152899105,0.007221628261774583,UPI,0.3492621999521029,0,0
3254,50,Tier1,SME,68107,25626,2,7,9,3,0.14182299326131095,0.17644777533703956,NetBanking,0.3762608836096143,0,2
3255,22,Tier1,Gig,53852,18136,2,9,9,0,0.1832269194267399,0.027122460120603972,UPI,0.336774864443289,0,3
3256,37,Tier1,MNC,61070,28827,2,6,17,4,0.28102148797183135,0.10419516048850538,Card,0.47203209431799575,0,3
3257,46,Tier3,MNC,59330,24445,0,7,11,0,0.2834915343570757,0.08654555213791187,UPI,0.4120175290746671,0,4
3258,32,Tier2,SME,65321,24771,1,17,14,0,0.03433536344610513,0.09226138338347104,Card,0.37921954654705226,0,0
3259,24,Tier3,SME,69598,32215,1,6,7,1,0.2579356024878697,0.15041317518666092,Card,0.4628724963361016,1,100
3260,27,Tier1,SME,61022,27207,0,7,10,2,0.5967072059282353,0.0879359985253559,Card,0.44585559306479633,0,1
3261,35,Tier2,Gig,71551,26386,2,23,4,2,0.2442508016460003,0.1386164460486431,NetBanking,0.36877192492068595,0,1
3262,21,Tier2,Gig,51253,16924,2,11,11,0,0.333260837380957,0.07141677018255477,UPI,0.3302050611671512,0,2
3263,39,Tier1,MNC,67942,10645,2,22,8,1,0.09493633007415049,0.052215147302106725,UPI,0.15667775455535604,0,2
3264,21,Tier1,MNC,78681,25845,1,23,9,2,0.15741798250334327,0.7171595327897792,Card,0.3284782857360735,0,1
3265,29,Tier1,Startup,55719,9371,2,6,15,2,0.1946199111912611,0.10468077916046294,UPI,0.16818320501085807,0,3
3266,49,Tier1,Gig,90177,34607,3,13,15,1,0.25047859382759285,0.08877018991667036,UPI,0.3837674795125143,0,4
3267,48,Tier3,Gig,42276,13331,1,15,5,3,0.12148502330580924,0.05486089096205442,NetBanking,0.3153325764026871,0,0
3268,22,Tier2,MNC,77825,18076,2,13,11,4,0.05251977876640832,0.22716984282208533,UPI,0.23226469643430775,0,4
3269,21,Tier1,MNC,100168,29254,2,15,12,2,0.17782201308212597,0.012646813399441672,Card,0.29204935708010543,0,1
3270,25,Tier3,Startup,90792,26297,2,9,11,1,0.22906115900225052,0.04425606951535554,Card,0.28964005639263374,1,108
3271,50,Tier1,Startup,80397,24531,1,6,12,1,0.43779322715751473,0.13032918899567258,Card,0.30512332549722004,0,2
3272,53,Tier1,Gig,83285,39867,3,12,14,0,0.3054294754930582,0.39824049194843797,UPI,0.4786816353485021,1,51
3273,49,Tier3,MNC,55180,16894,3,6,8,2,0.16771679935875902,0.2538865324110639,UPI,0.30616165277274376,0,4
3274,24,Tier1,MNC,90937,44409,1,9,3,0,0.2094402948611712,0.012254664634959982,UPI,0.48834907683341217,1,33
3275,28,Tier1,Gig,51673,15842,2,11,11,1,0.06467572701262053,0.07512523963297167,NetBanking,0.3065817738470768,0,0
3276,24,Tier3,Startup,55048,13160,0,6,13,0,0.3993665818651958,0.003441883477770465,NetBanking,0.23906408952187183,0,4
3277,31,Tier1,Gig,27143,9388,1,20,16,4,0.48121015805047274,0.15238332912574798,UPI,0.3458718638322956,1,58
3278,50,Tier1,MNC,79259,28328,2,8,13,4,0.6108390383065646,0.1342865259643139,Card,0.3574105148942076,0,2
3279,45,Tier1,Startup,73890,13886,0,16,13,3,0.17848827002215206,0.020762526399543953,Card,0.18792800108269048,0,2
3280,50,Tier2,Gig,59446,13285,0,23,15,1,0.1121682447818978,0.1311060561128859,UPI,0.22348013323015847,0,2
3281,38,Tier2,SME,76038,32120,1,11,5,4,0.20401057863750124,0.16007065060060297,UPI,0.42242036876298694,0,2
3282,42,Tier2,SME,76036,28346,2,9,13,1,0.5413796270423017,0.11807445864457057,Wallet,0.37279709611236783,0,0
3283,21,Tier1,MNC,35296,7086,1,16,1,0,0.13292988301749273,0.07363773091850492,Card,0.20075929283771532,0,1
3284,38,Tier1,Startup,100489,43260,2,20,0,1,0.15441305085135934,0.051840274536534385,UPI,0.4304948800366209,0,3
3285,31,Tier2,Gig,63996,15756,1,14,8,3,0.17786595255723164,0.1985718992533273,NetBanking,0.24620288768048004,0,1
3286,21,Tier1,Gig,69406,20179,1,21,11,2,0.14023100444296616,0.22445889018976378,Card,0.2907385528628649,0,3
3287,44,Tier2,Gig,90846,23850,1,18,3,2,0.34323793458748103,0.1712833001664561,UPI,0.2625321973449574,0,3
3288,22,Tier1,Gig,42815,20638,3,6,12,1,0.23950503495782244,0.06662848429602858,NetBanking,0.4820273268714236,0,1
3289,38,Tier2,MNC,44189,13139,3,23,11,2,0.4641416467860898,0.0308944857164173,Wallet,0.2973364411957727,0,1
3290,24,Tier1,Gig,43339,15360,2,21,0,2,0.45260181815118555,0.08827931584897908,UPI,0.3544151918595261,0,1
3291,39,Tier3,Startup,61173,21232,1,8,17,0,0.18071917530177614,0.21901596693239914,UPI,0.34708122864662516,0,1
3292,49,Tier1,MNC,92822,42294,2,10,1,4,0.21552224682936175,0.033736167528821845,Card,0.4556462907500377,0,0
3293,44,Tier1,MNC,40383,13340,1,9,2,1,0.0679936189433234,0.08122912070860741,UPI,0.3303370230047297,0,0
3294,39,Tier1,MNC,75802,22182,2,22,12,3,0.41544945181132825,0.2892080757358266,Card,0.2926308012981188,0,1
3295,48,Tier2,SME,57680,27635,1,9,11,3,0.08225412533602404,0.0801335521104196,UPI,0.47910887656033285,1,92
3296,46,Tier3,Gig,32107,15065,2,23,0,1,0.03545936732842338,0.1208510727119847,UPI,0.46921232130065094,1,110
3297,29,Tier2,SME,18096,6610,2,9,4,3,0.3573321860873626,0.05246438250575068,Card,0.3652740937223696,0,0
3298,42,Tier3,SME,63211,17887,1,20,2,2,0.19967402252636635,0.04185914921617976,UPI,0.2829729002863426,0,2
3299,30,Tier2,Startup,35725,11843,0,18,3,1,0.1363114559123878,0.04971615105905652,Card,0.3315045486354094,0,2
3300,28,Tier1,SME,65155,24842,2,17,4,4,0.19122101724472815,0.05891505820279467,UPI,0.3812754201519454,0,1
3301,52,Tier3,MNC,64606,23713,1,15,14,4,0.3103986248719216,0.03842105384606705,NetBanking,0.36704021298331424,1,46
3302,41,Tier2,MNC,49331,20348,2,10,3,0,0.4220397223897858,0.013081144070375545,NetBanking,0.4124789685998662,0,1
3303,31,Tier1,MNC,53880,8564,1,16,4,5,0.2517340680085793,0.06803985359637896,UPI,0.15894580549368967,0,2
3304,23,Tier2,Startup,81503,29272,2,8,6,1,0.1694907308631188,0.1800649546454589,UPI,0.3591524238371594,0,4
3305,22,Tier2,MNC,63133,11290,1,15,5,5,0.5214588853105783,0.16406641042110037,UPI,0.17882882169388434,0,1
3306,30,Tier2,MNC,58800,29109,2,23,17,0,0.15795615398843973,0.0492865836102341,Card,0.4950510204081633,1,40
3307,43,Tier2,SME,123303,26023,3,10,12,1,0.05578906869164416,0.03041175779059787,Wallet,0.2110492039934146,0,1
3308,46,Tier1,MNC,79751,20277,1,12,4,1,0.12891589188542485,0.3432509833697683,UPI,0.25425386515529586,0,1
3309,37,Tier2,Startup,33321,13337,3,17,10,1,0.19075479590645905,0.27010850753915266,UPI,0.40025809549533325,0,2
3310,31,Tier2,SME,61131,21471,3,9,2,4,0.16795277222920107,0.059429859514739745,UPI,0.35122932718260785,0,2
3311,42,Tier1,MNC,52946,14845,3,17,14,3,0.36301614149587685,0.14249476372604641,UPI,0.2803800098213274,0,2
3312,34,Tier2,Gig,58292,13604,2,8,14,1,0.321382544831397,0.09670874453574448,UPI,0.2333767926988266,0,3
3313,47,Tier3,Gig,55527,26722,2,18,2,5,0.12383346341667162,0.08836371352988304,UPI,0.4812433590865705,1,97
3314,31,Tier2,MNC,72972,11439,2,12,0,3,0.21085237762458978,0.04457163879752697,NetBanking,0.15675875678342377,0,1
3315,24,Tier1,Gig,63419,19827,1,23,15,1,0.19406616363770243,0.2264040916466431,NetBanking,0.31263501474321576,0,2
3316,44,Tier2,SME,59758,28831,3,14,13,1,0.051800440598316136,0.008016750066281069,NetBanking,0.48246259914990464,0,0
3317,28,Tier1,Startup,79328,39099,1,17,16,1,0.10224134674827606,0.19883507620728041,Card,0.49287767244856795,0,3
3318,54,Tier2,Gig,51474,11654,3,6,17,1,0.2533683619211678,0.178601956244405,UPI,0.22640556397404515,0,2
3319,40,Tier2,SME,43521,11350,1,23,5,1,0.0832951371048655,0.09172240287226012,UPI,0.26079363985202547,0,4
3320,48,Tier1,Gig,70550,20444,2,23,1,3,0.07058516742748903,0.012637209676988958,Card,0.28978029766123314,1,64
3321,39,Tier2,MNC,47262,16167,3,23,14,2,0.4899429530937892,0.033628914576464455,Card,0.34207185476704327,0,2
3322,22,Tier3,SME,95931,34563,3,17,15,2,0.41402398189389494,0.2278412101094877,UPI,0.3602902085874222,1,92
3323,53,Tier1,MNC,52782,9476,2,21,16,0,0.32411735599908376,0.2904418786979637,Card,0.17953090068583988,0,2
3324,32,Tier1,MNC,59396,13791,3,15,12,4,0.6635399383557767,0.08978505021690579,UPI,0.2321873526836824,1,76
3325,23,Tier2,SME,61704,20155,2,10,2,1,0.02795447015263934,0.014032080661007184,Card,0.32664008816284196,0,5
3326,44,Tier2,MNC,25677,11429,2,22,3,3,0.2661827246239637,0.14131728964111578,Card,0.4451065155586712,0,3
3327,40,Tier3,SME,61985,14204,3,7,1,2,0.6159332151554593,0.26240029296236544,UPI,0.22915221424538196,0,1
3328,37,Tier2,Startup,24016,6641,0,7,0,3,0.17335736230574636,0.04257004246099056,NetBanking,0.2765239840106596,0,3
3329,28,Tier1,MNC,76435,28820,0,19,8,2,0.11317076118791257,0.014871001301491302,Wallet,0.3770523974618957,0,1
3330,24,Tier3,SME,54995,27304,1,16,6,1,0.1179355818486247,0.025862340679029972,UPI,0.4964814983180289,0,4
3331,29,Tier2,Gig,42897,19140,3,20,2,6,0.10071555413343601,0.06652317700301184,UPI,0.44618504790544794,0,0
3332,52,Tier2,Gig,68353,25876,1,21,13,0,0.15074815361363794,0.14924460852249408,NetBanking,0.37856421810308255,0,1
3333,40,Tier2,Startup,53487,11306,2,15,7,0,0.6650571802189479,0.17760745492587834,UPI,0.21137846579542693,1,64
3334,24,Tier2,MNC,25413,12539,2,12,3,1,0.40453443949702944,0.08234319622102118,UPI,0.4934088852162279,0,3
3335,22,Tier1,SME,65650,15314,2,22,7,4,0.1668857743771836,0.04096533549672533,UPI,0.23326732673267328,0,1
3336,41,Tier1,Gig,68333,13615,0,21,6,1,0.32942432779820574,0.06742860324438042,Wallet,0.1992448743652408,0,3
3337,41,Tier1,Startup,69266,32568,0,22,14,1,0.27238098755509,0.1476521400769161,UPI,0.47018739352640543,0,1
3338,53,Tier2,Startup,93346,41236,2,22,10,0,0.21013537829845855,0.05445426257518566,Card,0.4417543333404752,0,1
3339,46,Tier2,Gig,40830,12476,2,12,9,3,0.20298383587231747,0.019614150980023556,NetBanking,0.30555963752143034,0,5
3340,28,Tier3,Startup,31197,4957,1,19,16,2,0.2988324620160495,0.14180719749136475,Card,0.1588934833477578,0,0
3341,27,Tier1,Startup,52797,11492,2,6,11,6,0.3876931155845468,0.04929276963162591,UPI,0.2176638824175616,1,117
3342,25,Tier2,Startup,60091,16623,1,18,1,0,0.15565908328640674,0.08736882964278633,UPI,0.2766304438268626,0,3
3343,35,Tier2,Startup,67861,24517,3,14,12,1,0.22027471116389602,0.0335522551183006,NetBanking,0.36128262182991705,0,2
3344,28,Tier1,Gig,62588,23830,2,23,0,1,0.2570507902018831,0.15128019597721218,UPI,0.3807439125710999,0,0
3345,43,Tier1,SME,42240,17262,1,18,16,3,0.32367291843464724,0.16083085153845778,UPI,0.40866477272727275,0,2
3346,47,Tier2,SME,42319,10149,0,10,2,1,0.11947565467415588,0.06133762253605557,NetBanking,0.2398213568373544,0,1
3347,21,Tier2,SME,49081,23341,1,11,14,0,0.3059037005341779,0.35798377819098953,UPI,0.47556080764450603,1,105
3348,47,Tier1,Gig,44855,7180,2,23,1,2,0.21130093744801481,0.13254236966237032,Card,0.1600713409876268,0,3
3349,51,Tier1,MNC,66604,21812,0,16,5,2,0.2724782461486599,0.16497124768411833,Card,0.32748783856825414,0,1
3350,53,Tier2,MNC,56826,17111,1,9,9,2,0.05555425995635461,0.03375455681182346,NetBanking,0.3011121669658255,0,0
3351,50,Tier1,MNC,54346,27165,3,19,17,3,0.3718461442443732,0.12533980202326309,Card,0.49985279505391383,1,37
3352,54,Tier2,SME,53282,19424,2,23,8,2,0.19790187547549776,0.06955811648252214,NetBanking,0.3645508802222139,0,1
3353,39,Tier2,Startup,89334,35041,0,10,11,3,0.22411699611667613,0.01700070724752857,UPI,0.39224707278303894,0,3
3354,29,Tier3,MNC,81242,32701,3,12,2,2,0.41871413144888864,0.09316685779726061,Wallet,0.40251347825016615,0,4
3355,54,Tier2,Startup,53047,15412,0,11,12,1,0.1235379057606095,0.20692683553707872,Card,0.2905348087545007,0,1
3356,29,Tier1,Startup,77346,29556,3,7,2,1,0.12878220611126195,0.10124427665208918,Card,0.38212706539446123,0,1
3357,52,Tier2,Gig,81195,36633,3,11,0,2,0.24485299258544993,0.22539827420340902,NetBanking,0.4511731017919823,1,116
3358,50,Tier2,Startup,68125,10303,1,12,15,3,0.46631278691557854,0.03807531631851792,NetBanking,0.15123669724770641,0,0
3359,21,Tier2,MNC,67674,19077,0,21,3,1,0.025788428456153072,0.164979451436789,Wallet,0.28189555811685435,0,2
3360,29,Tier1,Gig,78054,22022,1,12,8,1,0.22813650193855117,0.07223188616655189,Card,0.2821380070207805,0,2
3361,27,Tier1,SME,69335,20616,2,16,11,0,0.09681089892140846,0.014745782915876958,UPI,0.29733900627388765,0,2
3362,49,Tier3,MNC,80231,34564,3,7,11,2,0.3108814111202232,0.07171393076824066,UPI,0.43080604753773477,0,8
3363,40,Tier1,MNC,52449,21483,2,10,8,1,0.20696371415739098,0.06448768334453804,UPI,0.4095978950980953,0,1
3364,40,Tier3,SME,74666,26807,3,18,10,2,0.3894381800213105,0.10445188216772773,UPI,0.35902552701363405,0,2
3365,28,Tier1,Gig,62258,29427,1,18,14,3,0.11541400608310284,0.21315531980618035,Card,0.47266214783642263,0,2
3366,38,Tier1,MNC,43160,20460,0,16,14,1,0.5526197590592762,0.09074371214506788,Card,0.47405004633920295,1,37
3367,46,Tier3,MNC,26616,8296,3,19,9,1,0.49246726376006905,0.1364327375630376,Card,0.3116922152088969,1,92
3368,50,Tier2,Gig,57933,28376,2,7,3,2,0.3134565202669171,0.214027586530376,UPI,0.4898071910655412,0,3
3369,41,Tier3,Startup,20152,9177,1,6,8,2,0.19653943699640605,0.16258066288836945,NetBanking,0.4553890432711393,0,1
3370,40,Tier1,MNC,65680,10220,2,23,14,2,0.15273074860991384,0.02740588514697376,UPI,0.15560292326431183,0,2
3371,49,Tier1,Startup,81944,34935,2,7,14,1,0.35458396157925476,0.04236576421631201,UPI,0.4263277360148394,0,6
3372,47,Tier3,MNC,40395,8133,0,7,6,1,0.1928411565911802,0.061643548113919276,Card,0.2013367991088006,0,3
3373,34,Tier2,SME,57668,9161,2,11,13,1,0.17436720596572217,0.09074477751669766,NetBanking,0.1588575986682389,0,2
3374,49,Tier1,SME,59994,11599,1,18,14,0,0.4277078489884699,0.2249072401541463,NetBanking,0.19333600026669334,0,1
3375,26,Tier1,SME,97098,32161,0,15,7,2,0.17660224200316768,0.04958447999968902,UPI,0.3312220643061649,0,2
3376,29,Tier1,Startup,74981,36500,2,23,0,4,0.2069881595782039,0.04511767174156563,UPI,0.48678998679665514,0,3
3377,35,Tier3,Gig,59226,12946,1,14,3,2,0.24454843241999388,0.018026708780061483,Card,0.218586431634755,0,1
3378,52,Tier1,MNC,60709,16441,2,15,12,0,0.5536540953760273,0.2432256373862474,UPI,0.27081651814393254,0,2
3379,47,Tier2,MNC,91009,45047,2,22,15,3,0.2527769897162253,0.14426633669494418,Card,0.49497302464591414,0,3
3380,34,Tier1,MNC,70065,29590,2,8,3,1,0.3871177988558078,0.04899228768979198,Card,0.4223221294512239,0,3
3381,51,Tier2,Gig,60057,19742,3,13,1,3,0.23541949388475505,0.05106638131665202,UPI,0.3287210483374128,0,2
3382,34,Tier1,SME,45410,19412,0,12,7,2,0.22213480446084893,0.27898247187473296,NetBanking,0.4274829332746091,0,1
3383,27,Tier2,Startup,55034,27507,2,6,5,3,0.05261427464576318,0.13369829352054907,UPI,0.4998182941454374,0,2
3384,51,Tier2,MNC,55779,27883,1,8,6,2,0.25199432859972193,0.04358893683239207,NetBanking,0.49988346868893313,1,74
3385,51,Tier1,SME,73911,13190,3,10,17,3,0.626438183243834,0.04471686259013758,UPI,0.17845787501183857,0,3
3386,34,Tier1,MNC,42463,9444,2,7,4,2,0.09336635716427355,0.28792430567093524,UPI,0.22240538822033298,0,2
3387,21,Tier1,MNC,78365,36951,3,6,16,2,0.36718074863001104,0.0979640175480917,UPI,0.4715242774197665,0,1
3388,29,Tier3,MNC,80331,36440,2,21,16,0,0.3625476664610188,0.025523122821883775,UPI,0.4536231342819086,1,88
3389,47,Tier2,Gig,58974,17548,1,16,16,4,0.4245675067880351,0.21214880779598572,Card,0.29755485468172416,0,1
3390,43,Tier2,MNC,41326,12194,0,6,15,1,0.04742966646141798,0.013922670741499187,Card,0.2950684798915937,0,1
3391,49,Tier1,Gig,56521,18934,1,23,13,2,0.17003637328662632,0.057801264798674715,NetBanking,0.3349905344916049,0,4
3392,48,Tier1,MNC,80868,23195,2,8,5,6,0.039122667511607506,0.09199381421720777,UPI,0.28682544393332343,1,111
3393,33,Tier2,Gig,62781,18956,3,9,8,3,0.046415766412940776,0.1410488706647587,Card,0.3019384845733582,0,1
3394,25,Tier2,MNC,22877,7641,1,23,0,0,0.12208142244369313,0.25748509095033123,UPI,0.3340035843860646,0,3
3395,53,Tier1,SME,84519,40572,1,18,10,2,0.4978836236452877,0.16903651806800746,Card,0.4800340751783623,1,63
3396,21,Tier1,Gig,40269,7419,2,19,4,0,0.31445991783263594,0.08089857984652084,Card,0.184236012813827,0,2
3397,49,Tier2,MNC,39292,18984,2,18,7,2,0.24302935345469906,0.03456105334459147,Card,0.4831517866232312,0,2
3398,32,Tier2,MNC,44579,10199,2,18,10,1,0.12468025920912461,0.02763186524577417,Wallet,0.22878485385495412,0,3
3399,33,Tier3,MNC,68505,22480,3,13,16,4,0.42165551901920767,0.2176512990617796,Card,0.32815122983723816,1,80
3400,41,Tier2,MNC,41433,19217,2,11,2,1,0.20043047680742898,0.044032129169189645,NetBanking,0.4638090411025028,0,1
3401,24,Tier2,SME,43167,17059,2,15,10,1,0.16418768200014486,0.1448186691681704,UPI,0.39518613755878335,0,1
3402,29,Tier2,SME,98077,19238,1,10,0,1,0.08259452751816716,0.07518391553650833,Card,0.19615200301803684,0,2
3403,41,Tier1,MNC,56409,9716,2,19,13,2,0.4565939898681789,0.059639267662111244,UPI,0.17224201811767625,0,4
3404,24,Tier1,MNC,18507,6977,2,7,2,0,0.1102171502285828,0.05337592950413522,Card,0.37699248932836227,0,1
3405,44,Tier3,SME,54311,18614,2,13,12,2,0.3620300373017208,0.013960791730461799,UPI,0.34272983373533905,0,3
3406,23,Tier1,Startup,38621,11209,2,7,7,3,0.036035529315375237,0.08876143343192514,UPI,0.2902307035032754,0,3
3407,48,Tier1,MNC,62617,11155,3,10,0,2,0.23272159761750802,0.05076095529602289,UPI,0.17814650973377838,0,3
3408,52,Tier1,Startup,84665,15839,2,6,14,2,0.23411858078659747,0.06571572201474304,NetBanking,0.1870784857969645,0,2
3409,43,Tier2,MNC,98059,45819,3,7,17,1,0.09279812596713923,0.11429119600124067,UPI,0.46725950703148106,0,5
3410,27,Tier1,SME,50917,10001,2,20,9,0,0.08803737671965214,0.01646556868790243,NetBanking,0.19641769939313,0,1
3411,22,Tier1,Startup,63420,29475,2,11,2,2,0.06098628375921332,0.10257183903074289,UPI,0.46475875118259224,1,65
3412,26,Tier2,Gig,97502,26102,2,23,16,5,0.3572350624982805,0.06537885409180282,UPI,0.2677073290804291,0,1
3413,37,Tier2,Startup,60016,24893,0,22,12,0,0.5924638558571639,0.034727591406564416,UPI,0.4147727272727273,0,3
3414,32,Tier1,MNC,60185,28252,0,17,12,3,0.4560243707339917,0.047336342793849316,UPI,0.46941929052089393,0,2
3415,41,Tier3,SME,55284,22376,0,23,16,1,0.2141707370627777,0.05727306665855855,Card,0.4047464004051805,0,1
3416,42,Tier3,Startup,28542,5674,1,15,10,4,0.1711469126759746,0.1727411502919899,Card,0.1987947586013594,1,104
3417,25,Tier1,Startup,50108,10423,3,15,9,1,0.024273615658421083,0.34309242360198317,Card,0.20801069689470744,0,1
3418,53,Tier3,Gig,72975,30999,2,10,13,2,0.07569883397758415,0.05410011788421213,UPI,0.42478931140801646,0,2
3419,37,Tier2,Gig,57901,28793,2,14,14,1,0.1764898981060751,0.0559387291993649,Card,0.4972798397264296,0,2
3420,54,Tier2,MNC,82183,25138,1,6,6,1,0.30524909405060446,0.06197833739566974,UPI,0.3058783446698222,0,0
3421,40,Tier2,SME,37231,7407,1,11,10,1,0.5598635092539658,0.06040883702378528,Wallet,0.19894711396416964,0,3
3422,46,Tier3,MNC,67066,26337,3,9,5,2,0.27057287465587354,0.2909339968877716,Card,0.39270271076253244,0,3
3423,38,Tier1,Gig,56404,18912,2,10,2,4,0.01992619865379428,0.08933331946514235,UPI,0.33529536912275726,0,2
3424,42,Tier2,SME,70068,34467,2,9,9,2,0.6811151652680142,0.0976493955470512,NetBanking,0.49190786093509165,0,1
3425,24,Tier3,MNC,35082,7460,0,6,6,2,0.1946595817864076,0.2162885603033694,UPI,0.212644661079756,0,2
3426,35,Tier1,Gig,71724,31521,1,18,12,1,0.15893133477944416,0.09912076304541965,UPI,0.4394763259160114,1,74
3427,25,Tier1,Gig,18868,5325,2,6,16,1,0.3375211854120498,0.012815000302757812,UPI,0.2822238711045156,0,2
3428,42,Tier1,MNC,77167,25402,2,10,13,0,0.14239928483962938,0.09247357776402974,UPI,0.3291821633599855,0,1
3429,34,Tier1,SME,58590,15488,1,9,9,5,0.1572268845729472,0.2374581991570829,UPI,0.26434545144222565,0,3
3430,26,Tier2,Gig,64062,18645,1,9,3,2,0.38569907083390664,0.057825166635607474,Card,0.2910461740189192,0,2
3431,48,Tier1,Gig,43091,11852,3,17,7,0,0.22134697537245177,0.006551716491447263,NetBanking,0.2750458332366387,0,4
3432,25,Tier1,Gig,89523,42193,1,15,6,2,0.6617379488310999,0.15268352128550675,UPI,0.4713090490711884,1,62
3433,34,Tier1,Startup,62345,19399,1,15,5,4,0.3544519083053421,0.23640323104987074,Card,0.3111556660518085,0,1
3434,36,Tier2,MNC,79072,27802,2,20,7,3,0.194647069614816,0.044111134943099824,NetBanking,0.3516036017806556,0,0
3435,38,Tier3,Startup,50019,14906,1,7,2,3,0.3842793969674661,0.024608904893530344,UPI,0.29800675743217575,0,0
3436,28,Tier2,Startup,35937,15454,0,7,6,2,0.5235707407233123,0.11685113670233004,UPI,0.43003033085677717,0,2
3437,52,Tier2,SME,80476,33283,2,15,9,3,0.3754213711119164,0.29572494454739434,UPI,0.41357671852477756,0,2
3438,25,Tier1,MNC,32879,8330,1,23,15,2,0.23464965714757546,0.055230219765449416,UPI,0.2533532041728763,0,3
3439,47,Tier1,Gig,40228,18775,2,23,7,3,0.24733258239000697,0.018610316814326223,NetBanking,0.46671472606144976,1,100
3440,42,Tier1,Gig,46060,14053,1,11,15,2,0.6124452905657851,0.21885469098973995,UPI,0.3051020408163265,0,2
3441,40,Tier2,Gig,79670,15761,2,13,11,0,0.07408995945568143,0.1349020847119227,Card,0.19782854273879755,0,3
3442,30,Tier2,Gig,37037,7977,2,19,3,3,0.3197778871064496,0.05332925277869424,Card,0.21537921537921537,0,4
3443,34,Tier1,SME,53604,12277,1,18,3,1,0.2856081811767032,0.06686386993965324,UPI,0.22903141556600254,0,1
3444,37,Tier2,MNC,49820,15690,2,7,9,2,0.18882989875177297,0.019648934888026787,UPI,0.31493376154154956,0,3
3445,42,Tier2,Startup,59828,12536,2,23,0,2,0.2880304226756846,0.045091708378791,UPI,0.20953399745938356,0,2
3446,37,Tier3,SME,51650,12941,2,23,2,1,0.025158810238980273,0.08672130093819376,Card,0.2505517909002904,0,0
3447,25,Tier1,Gig,64631,30445,3,14,5,2,0.3633432102593754,0.09462339316068838,NetBanking,0.47105877984249045,0,1
3448,27,Tier3,Gig,45237,9578,3,7,1,0,0.26001018376014906,0.059355221599251544,UPI,0.2117293366049915,0,0
3449,48,Tier3,Startup,54847,17768,1,21,9,4,0.5785766197699008,0.1560515355484092,UPI,0.32395573139825334,1,35
3450,21,Tier3,Gig,78981,39062,2,15,6,3,0.34838145677905713,0.05836010146974969,UPI,0.4945746445347615,1,41
3451,37,Tier1,MNC,47674,17001,2,11,12,1,0.19106630563569943,0.03190867210862467,UPI,0.3566094726685405,0,1
3452,28,Tier1,Gig,52443,12842,2,11,4,1,0.130472057754746,0.219833042360017,Card,0.24487538851705662,0,1
3453,21,Tier2,Startup,67693,10298,1,11,2,0,0.12985805524925895,0.13040676437919194,UPI,0.15212798960010637,0,1
3454,36,Tier1,SME,46553,22885,2,12,6,2,0.16262574465156895,0.0487035821914425,UPI,0.4915902304899792,0,1
3455,37,Tier3,Gig,45827,10317,1,11,15,4,0.39770346731758693,0.07915986771632634,Card,0.22512929059288192,0,1
3456,34,Tier1,Gig,51026,9531,2,18,17,4,0.17114778224227523,0.08154866750953198,UPI,0.18678712813075687,0,3
3457,52,Tier2,SME,66611,21672,2,15,2,1,0.05770074822725898,0.4680639761526588,NetBanking,0.32535166864331716,0,4
3458,43,Tier1,Gig,52626,24532,3,21,8,1,0.24830361289235733,0.03008393750655483,UPI,0.4661574126857447,0,3
3459,36,Tier1,Startup,34969,15830,2,8,5,0,0.07113599921089965,0.13511877799703367,UPI,0.45268666533215135,1,94
3460,45,Tier1,Startup,41271,13409,2,11,4,3,0.3197867310491023,0.1529028561771063,Card,0.32490126238763295,0,2
3461,24,Tier1,Startup,69159,20364,2,17,7,4,0.12153550100933948,0.03270940357525435,UPI,0.29445191515204094,0,2
3462,51,Tier2,Gig,42843,17253,2,9,9,0,0.20847224769814066,0.1994998705693372,UPI,0.40270289195434494,0,4
3463,38,Tier1,SME,62594,13541,0,20,17,2,0.2943969197697788,0.0038221170883410384,Card,0.2163306387193661,0,2
3464,29,Tier1,MNC,88910,40555,3,14,3,4,0.2681763101341579,0.05520997067867712,UPI,0.4561354178382634,0,2
3465,32,Tier2,MNC,65315,15515,1,6,4,1,0.18660829869052858,0.21584410215160973,Card,0.2375411467503636,0,1
3466,49,Tier1,Startup,14867,6370,2,6,16,3,0.21327939405311908,0.04903636219814775,UPI,0.42846572946794914,0,0
3467,28,Tier1,MNC,34291,11937,2,16,3,0,0.38376533127656703,0.22834619977027415,UPI,0.348108833221545,0,1
3468,35,Tier3,Startup,39255,14630,3,16,0,3,0.22783008952562359,0.10734005869659377,UPI,0.3726913768946631,0,4
3469,52,Tier2,MNC,63605,21477,1,20,16,2,0.08297195706063201,0.08250305607314752,UPI,0.33766213348007235,0,0
3470,27,Tier2,MNC,41358,9776,2,22,0,2,0.31574679927284294,0.05596700743830302,UPI,0.236375066492577,0,3
3471,41,Tier1,Startup,63850,26149,2,9,2,3,0.1704832011786258,0.0019725789095229396,Card,0.4095379796397807,0,1
3472,40,Tier2,Gig,80954,29841,2,19,16,1,0.5713234231233122,0.04880199512393933,UPI,0.3686167453121526,0,2
3473,41,Tier3,Gig,88519,44220,2,17,13,1,0.3400785852170375,0.04309745101689658,Card,0.4995537681175793,1,57
3474,41,Tier2,Startup,84303,13241,0,12,10,3,0.21638626107844586,0.027483418163685547,UPI,0.15706439865722455,0,1
3475,27,Tier2,MNC,47040,10783,2,11,5,1,0.09803259091800609,0.061665512806742484,Card,0.22923044217687075,0,3
3476,24,Tier2,MNC,62542,24373,2,20,9,0,0.2773244863867639,0.0716144677692972,UPI,0.3897061174890474,0,0
3477,26,Tier1,Startup,55148,15231,1,6,17,3,0.23459126520655488,0.03521888314801158,NetBanking,0.27618408645825776,0,3
3478,32,Tier2,Gig,95170,23132,1,17,2,0,0.19956323671365392,0.11109641598101101,UPI,0.24305978774824,0,1
3479,46,Tier1,Gig,68905,11298,2,23,13,3,0.237023022688951,0.13331136916901654,UPI,0.16396487918148175,0,2
3480,34,Tier3,SME,64656,22241,2,19,16,2,0.17455352669747332,0.2094954455665675,Card,0.34398973026478596,0,2
3481,39,Tier2,Gig,39594,13718,1,12,11,2,0.2233120176330318,0.07751044733973979,UPI,0.3464666363590443,0,2
3482,31,Tier1,MNC,64498,27632,1,7,10,1,0.27388883707417583,0.1612566220045833,Card,0.42841638500418616,0,0
3483,30,Tier2,MNC,79632,28867,2,9,15,5,0.032060327959860656,0.24956468934949866,Card,0.3625050231062889,0,1
3484,44,Tier2,MNC,47016,13730,2,7,5,2,0.38698650657296296,0.26910976242494655,UPI,0.29202824570359026,0,1
3485,39,Tier1,Startup,79904,19136,2,8,3,2,0.128067422298407,0.14924173421219816,UPI,0.2394873848618342,0,2
3486,25,Tier1,MNC,66726,11472,2,11,3,2,0.12065236396786648,0.09949169699173079,Card,0.1719269849833648,0,1
3487,23,Tier1,Gig,53575,14693,3,22,6,2,0.27798019436217597,0.028971940948806212,UPI,0.27425104993000465,0,0
3488,36,Tier1,MNC,64543,29673,0,19,1,0,0.32075875927857905,0.09282413063147242,NetBanking,0.45974001828238537,1,43
3489,26,Tier1,SME,69723,33392,0,22,11,0,0.1406279851813584,0.08558860178372787,Wallet,0.47892374108974084,1,46
3490,21,Tier1,MNC,27662,5172,2,8,12,1,0.10179595638577109,0.13010556531838638,UPI,0.186971296363242,0,4
3491,42,Tier2,SME,80056,22056,2,16,15,4,0.43760743969602056,0.1883994051039173,Wallet,0.27550714499850104,0,1
3492,30,Tier2,SME,66543,25730,3,9,5,1,0.22770990548810238,0.06959791308355998,NetBanking,0.3866672677817351,0,4
3493,34,Tier2,MNC,47075,22783,1,9,13,2,0.12329102982956835,0.09905498494419485,UPI,0.4839723844928306,1,64
3494,54,Tier3,Gig,61758,17061,2,8,10,1,0.26032560573323477,0.23060439581442832,UPI,0.2762557077625571,0,2
3495,38,Tier1,SME,74191,23783,2,17,10,0,0.09118341125496106,0.01927541343879727,NetBanking,0.3205644889541858,0,0
3496,24,Tier1,Startup,100480,33976,1,14,16,3,0.29014456753664347,0.04709472857261347,NetBanking,0.33813694267515926,0,2
3497,36,Tier1,Startup,53108,10995,2,13,2,2,0.11967132570977036,0.15228215218548125,NetBanking,0.20703095578820516,0,2
3498,47,Tier1,Startup,81517,21415,2,6,0,3,0.4338959108389916,0.16037743687120182,UPI,0.26270593863856617,0,3
3499,51,Tier3,Gig,53149,22182,2,15,5,2,0.21850065217817446,0.16116267845460053,Wallet,0.41735498316054864,0,2
3500,37,Tier2,SME,32602,8180,3,21,0,3,0.20501851938869498,0.09238503462581554,Card,0.25090485246303906,0,5
3501,49,Tier2,Startup,44900,13694,3,19,2,6,0.05463560602129282,0.27687477289445006,Card,0.30498886414253895,0,2
3502,29,Tier1,MNC,65272,11545,1,13,17,2,0.3536689192004607,0.055009582230176865,Card,0.17687522980757445,0,1
3503,54,Tier1,SME,84381,25069,2,11,4,2,0.28042959397664696,0.03970804259717212,UPI,0.2970929474644766,0,1
3504,42,Tier2,MNC,39565,12657,2,7,7,1,0.11109193517045146,0.07742777092596875,NetBanking,0.3199039555162391,0,2
3505,45,Tier2,MNC,44411,20801,2,11,11,1,0.3139793551466674,0.11749766475779894,Card,0.468374952151494,0,2
3506,47,Tier1,Gig,83548,34269,3,11,4,2,0.1948624490342936,0.09770773270413431,UPI,0.41017139847752193,0,3
3507,48,Tier1,SME,45617,22491,2,15,13,3,0.36457147914181565,0.04557628772681439,Wallet,0.49303987548501654,0,3
3508,25,Tier1,SME,59897,20576,3,9,16,3,0.10342298279099452,0.1628001964205528,UPI,0.3435230478988931,1,55
3509,53,Tier2,Startup,58300,18984,2,22,2,4,0.0735441672863072,0.09169947551190209,Card,0.3256260720411664,0,4
3510,50,Tier2,Gig,55204,27428,3,9,3,2,0.4434564265129965,0.030192429406097458,UPI,0.49684805448880515,1,101
3511,30,Tier1,SME,57694,25439,1,22,8,2,0.41727742637664605,0.014310750728455965,Wallet,0.44092973272784,0,3
3512,29,Tier1,MNC,47500,22777,3,15,7,1,0.0408099111571338,0.04847545860011992,Card,0.47951578947368423,0,2
3513,24,Tier1,Startup,68323,16643,1,19,17,2,0.048660844495859834,0.004279786665216969,NetBanking,0.24359293356556358,0,0
3514,47,Tier1,MNC,78835,33395,2,18,3,4,0.28526401474701435,0.017065757732388182,NetBanking,0.4236062662522991,1,119
3515,34,Tier1,Gig,31627,5935,1,6,4,1,0.38806660735144893,0.24389295617739262,UPI,0.1876561166092263,1,47
3516,22,Tier2,Gig,62350,21745,2,21,14,2,0.44738649765016536,0.06122621518696947,UPI,0.348757016840417,0,3
3517,37,Tier1,MNC,91958,29124,1,13,1,2,0.14198181985506078,0.07894054327343672,Wallet,0.3167098023010505,0,3
3518,30,Tier2,MNC,60044,13396,2,16,5,0,0.11812589761056023,0.053254445311493606,UPI,0.22310305775764439,0,3
3519,53,Tier2,MNC,52022,11321,2,20,3,2,0.21073523135938707,0.09980719790025404,UPI,0.217619468686325,0,2
3520,39,Tier1,MNC,44039,13629,1,12,11,2,0.24868955977400511,0.08466532341363843,Card,0.3094756920002725,0,6
3521,25,Tier1,SME,45517,8426,2,22,11,2,0.4046379267173688,0.10685376915024963,Wallet,0.1851176483511655,0,0
3522,50,Tier3,MNC,53659,18927,3,18,5,4,0.06289903951444885,0.2207601530957098,UPI,0.3527274082632923,0,1
3523,40,Tier1,Startup,47177,13536,1,19,17,2,0.49437292675808125,0.016483474014708767,NetBanking,0.28691947347224284,0,0
3524,47,Tier2,MNC,65942,28598,1,6,4,3,0.046042549710626685,0.043739069318681094,UPI,0.4336841466743502,0,1
3525,23,Tier1,Startup,52841,20697,1,7,3,2,0.1846335998212676,0.07792300051619545,Wallet,0.39168448742453776,0,4
3526,35,Tier1,Startup,59574,18429,1,16,16,1,0.32606118316952726,0.14478257333627484,NetBanking,0.3093463591499647,0,4
3527,45,Tier1,SME,38391,16391,3,8,13,2,0.43328130980226587,0.35034776072398216,UPI,0.42694902451095307,1,86
3528,45,Tier1,Gig,36619,14370,2,16,0,2,0.30587013588956447,0.07035153515628541,Card,0.39241923591578143,0,2
3529,34,Tier1,Gig,56485,23190,1,19,17,2,0.0715129523527305,0.03457080967528721,Wallet,0.4105514738426131,0,1
3530,39,Tier1,Gig,25287,9236,2,17,14,1,0.5108750999204713,0.25048005663658,Card,0.36524696484359553,0,1
3531,29,Tier1,SME,77215,14228,1,15,9,0,0.10020416067082238,0.08492801023325977,Card,0.1842647154050379,0,4
3532,24,Tier3,Startup,67240,26878,0,20,8,1,0.10378699875127512,0.05320737188489839,UPI,0.3997323022010708,0,2
3533,49,Tier1,SME,43004,12633,3,16,17,2,0.1629993370194311,0.25968080215472156,UPI,0.2937633708492233,0,5
3534,23,Tier2,MNC,75466,13491,2,19,16,1,0.24957690160980994,0.02467322510889378,UPI,0.1787692470781544,0,3
3535,52,Tier2,MNC,63461,10336,2,16,9,1,0.4164669824383314,0.15587672595145072,NetBanking,0.1628716849718725,0,3
3536,31,Tier1,SME,58381,26532,1,13,0,1,0.16885530168424073,0.06923986555241933,UPI,0.45446292458162757,0,2
3537,53,Tier1,MNC,66858,15851,3,22,10,0,0.20771617188576494,0.0537106618366176,Card,0.23708456729187233,0,2
3538,34,Tier3,MNC,47395,22425,2,21,7,4,0.165895830434853,0.1955331806914214,UPI,0.47315117628441816,0,1
3539,51,Tier2,SME,67248,16706,1,20,6,2,0.5017808637702854,0.01686950693978309,UPI,0.24842374494408756,0,1
3540,50,Tier1,Startup,80278,34337,2,11,16,4,0.09624937140225144,0.21352895672454933,Card,0.4277261516231097,0,2
3541,25,Tier1,MNC,48349,10606,1,21,16,3,0.4034308784519046,0.2341463912081314,Card,0.21936337876688247,1,105
3542,44,Tier1,SME,83651,16643,2,10,15,2,0.2718472883706114,0.20741665898088377,Card,0.19895757372894526,0,2
3543,28,Tier3,SME,60671,17055,1,13,13,4,0.11455143140180825,0.05447054008352999,UPI,0.2811062946053304,0,2
3544,45,Tier2,MNC,52143,22321,1,18,0,1,0.3817121017353211,0.029438694521792524,UPI,0.42807279980054846,0,0
3545,53,Tier1,Startup,51596,13919,1,21,2,0,0.15248479588120673,0.17145129358958164,UPI,0.2697689743390961,1,53
3546,54,Tier1,Gig,49894,20639,2,9,5,3,0.23558509812967005,0.2111531223657553,UPI,0.4136569527398084,0,1
3547,22,Tier1,SME,50828,11459,0,11,9,1,0.28858631749770103,0.028225674841046298,Card,0.22544660423388682,1,107
3548,22,Tier2,Gig,79913,32109,1,7,7,3,0.1916400305192011,0.01905999266263968,Card,0.40179945690938895,0,1
3549,36,Tier1,SME,76071,18002,2,10,5,1,0.25872120188780534,0.01938636364474074,UPI,0.23664734261413678,0,1
3550,22,Tier2,SME,72312,23973,2,22,4,0,0.11566939156563548,0.01917475018241436,UPI,0.33152173913043476,0,4
3551,50,Tier2,Startup,90999,27905,2,15,16,5,0.18273297899177332,0.019203133526759935,Wallet,0.3066517214474884,0,1
3552,22,Tier2,SME,84782,37333,3,12,0,2,0.5422340198866991,0.10826969877343758,UPI,0.44034111014130356,1,53
3553,53,Tier3,Gig,76963,34523,1,8,11,2,0.1507578773032894,0.08524526751503514,UPI,0.44856619414523863,0,3
3554,46,Tier1,MNC,81697,27438,2,17,12,3,0.3024695201488522,0.12829316827648232,NetBanking,0.335850765633989,0,3
3555,39,Tier2,Startup,31252,12603,2,18,4,1,0.08418008766345854,0.029475330649074274,UPI,0.4032701907077947,0,2
3556,53,Tier1,Startup,41965,14745,2,23,7,2,0.1380416420166344,0.09443371348187792,UPI,0.3513642320981771,0,4
3557,35,Tier2,MNC,51266,17150,1,21,3,1,0.15581032784844656,0.11244257784682542,UPI,0.33452970779854097,0,1
3558,21,Tier2,MNC,64823,16096,1,19,14,2,0.20049385140753506,0.09832907421327589,NetBanking,0.24830692809650895,0,0
3559,45,Tier2,SME,85837,19214,2,9,16,1,0.02613124081947073,0.16344360493348375,Card,0.22384286496499178,0,0
3560,34,Tier2,SME,53715,9067,2,21,1,2,0.3988606981494764,0.03243162992259117,UPI,0.1687982872568184,0,2
3561,33,Tier2,Gig,85488,17584,3,14,9,2,0.5122610689623793,0.0402233714526698,UPI,0.20568968744151225,1,80
3562,52,Tier3,Startup,58856,13113,2,19,8,3,0.04006150500991448,0.08071271212994273,Card,0.2227980154954465,0,1
3563,38,Tier2,MNC,69901,16953,3,18,4,3,0.09702644424352737,0.07080947962099757,NetBanking,0.2425287191885667,0,2
3564,28,Tier2,SME,54101,25044,3,15,1,2,0.2218801416473383,0.10763710840944113,NetBanking,0.46291196096190457,0,2
3565,26,Tier2,Startup,87045,23791,0,7,17,1,0.12975438110430176,0.09136186932163487,UPI,0.27331839852949624,0,3
3566,37,Tier2,Gig,93461,28124,2,10,4,1,0.21252578027794297,0.0169915559622701,NetBanking,0.3009169600154075,0,2
3567,38,Tier2,Gig,50940,13093,0,16,15,1,0.3578401874777404,0.11892168840046287,UPI,0.25702787593246956,0,2
3568,36,Tier1,Gig,46880,18831,2,7,11,1,0.4559120211347965,0.12977496058984098,UPI,0.4016851535836177,1,118
3569,25,Tier1,MNC,72770,21338,3,6,5,1,0.6654987350493073,0.046825928157206556,Card,0.29322523017727087,0,5
3570,43,Tier1,MNC,50548,13732,2,17,3,1,0.09739910353755232,0.06765951678237417,UPI,0.2716625781435467,0,1
3571,41,Tier1,Gig,63101,25055,0,14,12,2,0.41869882039818,0.027783490396114233,Card,0.3970618532194419,0,3
3572,47,Tier1,Startup,91747,25359,2,22,17,3,0.12622184044208315,0.016260702228231977,UPI,0.2764014082204323,0,1
3573,33,Tier2,Startup,53451,17587,1,7,13,1,0.3229363926002743,0.19664262062734328,NetBanking,0.32903032684140615,1,50
3574,49,Tier2,SME,72303,20697,1,23,10,3,0.3465674525112696,0.12957696471561594,UPI,0.2862536824198166,1,95
3575,47,Tier3,Gig,77114,22358,2,12,11,5,0.11145400958575566,0.02374092054846563,UPI,0.28993438286173717,0,2
3576,45,Tier1,Gig,54678,23516,3,23,11,3,0.41586532726507064,0.11678643658500953,NetBanking,0.43008156845532025,0,3
3577,45,Tier2,MNC,82063,21181,2,16,6,5,0.09528163955564548,0.11612755728119364,UPI,0.2581065766545215,1,101
3578,26,Tier2,SME,98015,37359,2,16,10,0,0.24880470003882343,0.22677643017512472,Card,0.3811559455185431,0,1
3579,53,Tier2,Startup,33913,15737,2,6,6,3,0.4277622519798388,0.06374928301093467,Wallet,0.4640403385132545,0,2
3580,21,Tier3,SME,81531,19702,2,19,1,0,0.3219201384323454,0.1581181095953862,UPI,0.24165041517950228,0,0
3581,34,Tier1,SME,61727,17447,1,11,15,1,0.21763763964100027,0.09098017115681001,UPI,0.28264778784000516,0,0
3582,54,Tier3,MNC,67447,24704,1,18,17,3,0.3964842531234434,0.043755061683451744,UPI,0.3662727771435349,0,2
3583,32,Tier1,SME,76604,29793,0,12,11,1,0.14825342092308658,0.09665870249691963,NetBanking,0.3889222494908882,0,4
3584,49,Tier2,MNC,68481,26444,1,6,14,3,0.09211302206654028,0.11189508309001894,UPI,0.3861509031702224,0,3
3585,37,Tier3,MNC,68907,32493,0,14,6,5,0.3220408253168702,0.04684325593573515,Wallet,0.47154860899473205,1,32
3586,46,Tier1,Gig,92836,31463,2,20,3,3,0.29428689550513437,0.17618909788016565,UPI,0.3389094747727175,0,0
3587,48,Tier2,Gig,31857,9234,2,20,9,1,0.12804183937587915,0.10771430245502651,UPI,0.289857802052924,0,5
3588,48,Tier1,MNC,44678,11793,2,21,4,1,0.3718646377032611,0.1156330155231582,UPI,0.26395541429786473,0,3
3589,32,Tier1,SME,67351,11446,2,6,2,0,0.16192356365074714,0.12508708073133626,UPI,0.16994550934655758,0,1
3590,36,Tier2,Gig,46959,16296,1,22,2,0,0.37120007676647426,0.013601790510241305,Card,0.3470261291765157,1,102
3591,44,Tier1,MNC,54425,14608,2,7,17,2,0.1842841015328318,0.05022189833856467,Card,0.26840606338998624,0,2
3592,31,Tier2,SME,26684,6251,2,20,1,4,0.2544028570475598,0.22818973779544974,UPI,0.23426023084994754,0,1
3593,40,Tier1,Startup,88382,13624,0,7,15,0,0.036651278989789794,0.016090847591204167,Card,0.1541490348713539,0,1
3594,50,Tier3,MNC,71917,24431,3,19,10,2,0.09995559110134833,0.02428256540024926,NetBanking,0.3397110558004366,1,83
3595,40,Tier2,Startup,60218,19740,2,13,13,1,0.298181458627196,0.12551491254860447,UPI,0.32780896077584776,0,1
3596,39,Tier1,SME,65876,30000,2,13,14,2,0.18878166863045076,0.239317285444279,NetBanking,0.45540105653045115,1,119
3597,24,Tier3,Startup,74113,28611,1,22,12,0,0.13133526883493302,0.00922962576923331,UPI,0.38604563301984807,0,1
3598,53,Tier2,Startup,41011,6512,1,7,1,3,0.07842305826837725,0.07536297002472567,Card,0.1587866669917827,0,1
3599,21,Tier2,SME,47872,23321,2,10,10,1,0.22610322584375656,0.014673098205562318,Card,0.48715324197860965,1,108
3600,27,Tier1,SME,71387,21157,2,14,15,1,0.07908185362718158,0.15574962509886703,Card,0.29637048762379703,0,2
3601,26,Tier1,Startup,71404,19305,0,14,16,0,0.45996001973532014,0.09734335112055682,UPI,0.27036300487367654,0,1
3602,34,Tier1,SME,86267,14436,1,16,14,2,0.02107523808474411,0.13505630607295754,UPI,0.16734092990367117,0,2
3603,42,Tier3,SME,77555,37284,2,6,13,4,0.24224985412639494,0.16313490547648207,UPI,0.4807426987299336,1,56
3604,51,Tier1,Startup,35332,10247,1,6,6,3,0.4602455392316762,0.0005542632990360563,UPI,0.2900203781274765,0,2
3605,21,Tier3,Gig,87264,25476,2,10,7,2,0.2067111294656414,0.23910384139902194,UPI,0.29194169416941695,0,3
3606,28,Tier2,SME,47447,10051,3,10,9,2,0.08716380512156607,0.015880354092603733,UPI,0.2118363647859717,0,0
3607,42,Tier2,SME,57841,15912,2,20,12,3,0.536162346389558,0.10641781563881222,NetBanking,0.27509897823343304,1,110
3608,45,Tier2,SME,75739,11399,3,16,5,1,0.16411095499872883,0.09667273753281538,NetBanking,0.1505037035081002,0,2
3609,46,Tier2,Gig,63919,25917,2,15,16,3,0.1239019743361034,0.09160021857702307,UPI,0.4054662932774292,0,1
3610,49,Tier1,Startup,54603,25741,1,16,4,2,0.530623630097929,0.16184597070593693,Card,0.4714209841950076,0,1
3611,21,Tier2,MNC,26908,5156,2,23,17,0,0.02313201730785241,0.032124113831498304,UPI,0.19161587631931024,0,2
3612,38,Tier1,Startup,61111,23909,1,15,13,2,0.36344027080669195,0.09822694092472153,Card,0.3912388931616239,0,3
3613,39,Tier2,Startup,53772,12893,1,6,5,1,0.4720738583517833,0.13522558238038185,NetBanking,0.2397716283567656,0,2
3614,30,Tier2,Gig,91293,34531,2,20,0,0,0.05093034049775133,0.025067349749512816,NetBanking,0.3782436769522307,0,4
3615,53,Tier3,MNC,73639,27673,2,20,5,0,0.5095761321991171,0.040720365676761815,UPI,0.37579271853229945,0,1
3616,47,Tier3,MNC,82610,21985,1,16,13,3,0.1512620834815317,0.27627744346903277,Card,0.2661300084735504,0,3
3617,47,Tier2,Startup,40234,8943,2,11,10,0,0.05783414931557756,0.019118482955704192,Card,0.22227469304568276,0,1
3618,51,Tier1,SME,54568,9550,0,18,3,1,0.09172785245168921,0.1474293012646085,UPI,0.17501099545521184,0,1
3619,48,Tier3,Gig,94389,20020,2,19,12,2,0.4056807412197839,0.00714279306729771,UPI,0.2121009863437477,0,1
3620,21,Tier2,SME,80662,23094,0,15,0,2,0.18792621817088614,0.14576536989771835,UPI,0.2863058193449208,1,89
3621,27,Tier1,MNC,48020,23221,2,22,7,2,0.5348085462187999,0.3714186864057288,UPI,0.4835693461057893,1,81
3622,44,Tier3,SME,54073,14222,2,13,15,3,0.19895197226494304,0.3545779179203821,UPI,0.2630148133079356,0,1
3623,41,Tier2,Startup,56993,21182,0,6,11,2,0.12134611219196369,0.054989560898902,UPI,0.3716596775042549,0,2
3624,37,Tier2,Gig,50365,12245,0,19,9,0,0.08291040579941474,0.21231198469866103,UPI,0.24312518614116946,0,2
3625,42,Tier1,Gig,19859,9410,2,11,11,2,0.10602856029507436,0.041299017333449234,UPI,0.4738405760612317,0,2
3626,40,Tier1,MNC,18609,5306,3,9,4,1,0.21895337843849466,0.12104345956293168,NetBanking,0.28513085066365734,0,3
3627,41,Tier1,SME,61538,11141,1,17,14,0,0.23637781136497846,0.020898739840069302,UPI,0.18104260781955864,0,1
3628,50,Tier1,MNC,24288,4219,1,11,2,3,0.7055361723822285,0.17962903340334713,NetBanking,0.17370718050065875,1,61
3629,27,Tier1,MNC,67680,20516,3,14,5,1,0.5261452088154356,0.06784540408083149,UPI,0.3031323877068558,0,3
3630,23,Tier2,Gig,17555,6283,3,22,5,0,0.11015725515343983,0.2937204407807009,UPI,0.357903731130732,1,87
3631,54,Tier1,MNC,64622,30942,2,9,0,1,0.3002809323795875,0.24670721856716585,UPI,0.47881526415152736,0,4
3632,25,Tier2,MNC,52562,9453,1,7,0,1,0.07349209616424113,0.002404348516050582,UPI,0.1798447547658004,0,2
3633,21,Tier1,Startup,54569,13681,1,20,3,2,0.3542451449328907,0.1042597759966691,Card,0.25071011013579136,0,1
3634,38,Tier1,SME,55500,9369,2,6,12,3,0.22489681321748603,0.4675135770456466,UPI,0.1688108108108108,1,51
3635,21,Tier3,MNC,85898,22964,1,20,11,2,0.40590431140848826,0.2871393873221609,UPI,0.2673403338843745,0,2
3636,37,Tier1,SME,65080,10013,1,16,5,3,0.11308006040099404,0.13022307852752618,NetBanking,0.15385679164105717,1,37
3637,52,Tier1,MNC,38809,17483,1,13,4,2,0.017688810581732044,0.30573574911089324,NetBanking,0.45048828879898994,1,57
3638,31,Tier1,SME,61865,28777,2,17,12,4,0.30785568425558224,0.2568296710820124,UPI,0.46515800533419543,1,65
3639,31,Tier1,SME,50965,16740,2,18,7,2,0.20363092354897183,0.2261831875753836,Card,0.32846070832924557,0,0
3640,32,Tier3,SME,46676,22059,2,20,7,2,0.5253573729293971,0.10991804033582261,Card,0.47259833747536206,1,96
3641,25,Tier1,Gig,84480,40032,3,16,13,1,0.3145902541385474,0.1156942506167619,UPI,0.4738636363636364,0,2
3642,34,Tier1,Gig,98148,30764,2,6,10,0,0.21340460096482802,0.1591242575669488,UPI,0.31344500142641724,0,0
3643,41,Tier2,Startup,85460,23955,0,14,15,4,0.10845084539521763,0.04790610480182115,NetBanking,0.28030657617598875,0,4
3644,30,Tier2,SME,73704,19545,2,9,3,1,0.05806970671151114,0.01662081572800279,Card,0.2651823510257245,0,2
3645,50,Tier2,MNC,73390,23322,2,10,12,0,0.3393296890040093,0.06613524647572865,UPI,0.31778171412999046,0,4
3646,29,Tier3,SME,73325,35152,1,18,16,1,0.3529083318958853,0.0021198338718943347,UPI,0.479399931810433,1,82
3647,27,Tier1,MNC,76198,25816,3,14,0,3,0.36844903536067464,0.06607748375130756,Card,0.33880154334759444,0,3
3648,40,Tier1,SME,57792,24030,1,13,16,4,0.47464608286012105,0.030729146195536662,Card,0.4158014950166113,0,3
3649,53,Tier2,Startup,57469,21437,1,17,15,2,0.15569841876711651,0.04797192274633255,Card,0.373018496928779,0,3
3650,39,Tier3,Gig,67218,29891,2,14,9,1,0.391122228579581,0.14562523810229797,UPI,0.4446874349132673,1,101
3651,42,Tier3,Gig,61429,27864,1,10,0,2,0.012729807429033953,0.09419719209710554,UPI,0.453596835370916,0,2
3652,52,Tier1,Startup,17731,8664,1,15,2,3,0.30888543848976,0.00910155958586125,UPI,0.488635722745474,1,50
3653,37,Tier2,SME,12000,4357,2,9,13,1,0.12213013510787882,0.016248417106814593,NetBanking,0.3630833333333333,0,1
3654,21,Tier2,MNC,70664,18832,2,23,14,2,0.23814043353100878,0.025541569681861095,UPI,0.26650062266500624,0,1
3655,45,Tier2,Gig,35529,9225,2,22,9,2,0.17898510559331499,0.043447694530699583,UPI,0.25964704888963946,0,4
3656,30,Tier3,MNC,73122,35923,2,11,9,1,0.25363489204879536,0.021330385511969367,UPI,0.49127485572057655,1,58
3657,54,Tier3,SME,49817,10061,2,23,10,4,0.20724559281331711,0.1113903443793507,Card,0.2019591705642652,0,2
3658,30,Tier1,MNC,45388,10676,3,10,13,0,0.020722786864440384,0.02172013662293745,NetBanking,0.23521635674627656,0,1
3659,51,Tier2,SME,58739,26357,2,10,7,1,0.1291367539786196,0.08274260229043408,UPI,0.44871380173309044,0,4
3660,43,Tier3,SME,63532,24058,2,12,13,1,0.27481776213524595,0.037925115677788196,UPI,0.3786753132279796,1,92
3661,25,Tier2,Startup,33628,5205,1,7,5,5,0.22113855637090618,0.15482166080233967,Card,0.15478172951112168,0,0
3662,38,Tier1,Gig,46879,10233,1,16,17,0,0.21546509463153685,0.2470030211984639,UPI,0.21828537298150558,1,55
3663,26,Tier1,Gig,51771,18565,0,8,12,1,0.34054206675977927,0.2662749139735362,UPI,0.35859844314384504,0,2
3664,49,Tier3,Gig,57216,11299,1,23,7,3,0.09559385770259417,0.0627823014680779,Card,0.197479725950783,0,1
3665,37,Tier3,MNC,69881,29790,3,10,14,7,0.49095525110007765,0.01883653054271688,Wallet,0.42629613199582145,0,2
3666,34,Tier2,MNC,68749,10329,2,23,12,3,0.528928996215658,0.1747760632360353,Card,0.1502421853408777,0,1
3667,50,Tier2,Gig,69665,21351,3,21,5,1,0.04614689335534428,0.1878152815273887,UPI,0.30648101629225577,0,0
3668,43,Tier1,Gig,83805,40519,2,9,14,2,0.07340374715960543,0.05160855660142566,UPI,0.4834914384583259,0,5
3669,54,Tier1,MNC,72645,15038,2,9,17,2,0.22649727633453934,0.2580588312503138,UPI,0.20700667630256728,0,3
3670,45,Tier1,Gig,66894,27437,2,7,0,2,0.4131331261068614,0.1565783191171846,Card,0.41015636678924866,1,80
3671,35,Tier1,SME,103951,29079,1,14,14,0,0.03605514211485465,0.020401371305754652,UPI,0.27973756866215815,0,4
3672,54,Tier1,MNC,53579,24272,2,6,1,1,0.0630203637341254,0.07767604830851316,Card,0.4530133074525467,0,0
3673,42,Tier1,MNC,61765,9883,2,12,12,2,0.1278148773032103,0.06412154122721717,UPI,0.160009714239456,0,2
3674,25,Tier1,Gig,41806,18232,3,12,0,1,0.31095291073947545,0.03319081996081624,UPI,0.4361096493326317,0,7
3675,34,Tier1,SME,37849,15749,1,17,0,3,0.15547956119584616,0.06698715048146962,UPI,0.416100821686174,0,4
3676,46,Tier3,MNC,71097,34532,0,15,5,1,0.42517496495502,0.1325806529035385,UPI,0.4857026316159613,0,2
3677,27,Tier1,Startup,72688,16964,2,14,7,1,0.3096830139238076,0.031699407263169124,Card,0.23338102575390712,0,0
3678,23,Tier1,Gig,99727,23939,0,17,16,2,0.15361287464596382,0.0587821395616191,UPI,0.24004532373379325,0,2
3679,38,Tier2,SME,62928,20125,2,9,14,2,0.20717462662706226,0.06293508006920487,Card,0.3198099415204678,0,3
3680,42,Tier2,MNC,63269,13920,2,23,10,1,0.1475633783203526,0.06663382790046057,UPI,0.22001296053359465,0,1
3681,52,Tier1,Startup,35745,11569,1,12,17,1,0.22403023902396427,0.12516183283932794,UPI,0.3236536578542453,0,2
3682,24,Tier3,Startup,68814,28812,1,9,15,2,0.17774177209581066,0.008284061178787046,NetBanking,0.41869387043334205,0,4
3683,28,Tier2,SME,62101,21413,2,13,4,0,0.33260155707791195,0.14536367309452972,UPI,0.3448092623307193,0,1
3684,23,Tier1,Gig,58669,18650,2,21,15,4,0.16743478474413456,0.07308688441415961,Card,0.31788508411597266,0,3
3685,26,Tier1,MNC,55453,20356,1,18,17,3,0.6449421663931526,0.23903204256747929,UPI,0.3670856400916091,0,1
3686,41,Tier1,SME,36906,17531,3,9,12,3,0.3828606254571557,0.18068135623172668,UPI,0.4750176123123611,0,2
3687,38,Tier3,SME,48312,8562,1,6,9,4,0.17191347522344103,0.03165959420286175,Card,0.17722305017386986,1,80
3688,49,Tier1,MNC,73172,24976,2,8,8,5,0.374059685212939,0.030626970277384404,Card,0.3413327502323293,0,3
3689,46,Tier1,Startup,46679,20420,1,17,1,2,0.3999165737622463,0.08646001898814748,NetBanking,0.4374558152488271,0,4
3690,25,Tier1,Startup,69837,29869,1,10,6,3,0.2157583605094255,0.0032232801200215975,Card,0.42769592050059424,0,0
3691,38,Tier2,SME,53063,21589,2,8,14,3,0.09063525067100464,0.044218957136895345,UPI,0.40685600135687766,0,2
3692,46,Tier2,SME,47316,10370,2,7,10,5,0.37397664350862336,0.009096787072078612,UPI,0.21916476456167047,0,3
3693,38,Tier3,Startup,97591,40268,3,21,15,1,0.2247127451290195,0.11850227019320066,NetBanking,0.41262001619001754,0,3
3694,31,Tier3,SME,70019,12461,3,14,0,2,0.22861704520042786,0.2041948602213573,NetBanking,0.17796598066239164,0,0
3695,48,Tier1,Gig,63896,11630,2,18,2,3,0.17042400553945106,0.060091186456177365,UPI,0.18201452360085138,0,4
3696,26,Tier2,Startup,96109,42522,1,21,15,3,0.49825438280902346,0.005525812557518554,Card,0.44243515175477843,0,2
3697,24,Tier3,MNC,65905,32282,2,16,5,2,0.1657471952951263,0.15844559238176312,UPI,0.4898262650785221,1,81
3698,52,Tier2,Gig,48687,19714,3,13,1,1,0.23669746231679226,0.27284230035454105,UPI,0.4049130157947707,0,0
3699,28,Tier1,Startup,62531,29136,1,18,2,2,0.3102607351060243,0.1113447012275422,UPI,0.4659448913338984,1,116
3700,36,Tier2,Startup,50170,13880,1,17,10,1,0.22516803805284819,0.03202784499589815,UPI,0.27665935818218057,0,2
3701,35,Tier2,SME,51902,18985,2,8,4,2,0.03346226702166463,0.24526030710420146,Card,0.36578551886247157,0,2
3702,44,Tier2,MNC,62661,25060,2,23,8,3,0.20509336317300753,0.20183938295440965,UPI,0.3999297808844417,0,2
3703,42,Tier3,Gig,94668,30170,2,15,12,0,0.310984513127911,0.00248939801685393,Card,0.318692694469092,0,1
3704,41,Tier2,SME,12000,2763,0,9,15,3,0.09053394868976142,0.04085279738854096,Card,0.23025,0,0
3705,42,Tier2,Startup,49525,16094,1,18,2,1,0.15223756732923688,0.18335613743081045,UPI,0.32496718828874305,0,0
3706,40,Tier1,Startup,98097,39049,1,10,14,1,0.11971558177854179,0.2795936457974294,UPI,0.39806518038268246,0,1
3707,39,Tier2,MNC,12397,4449,0,23,14,4,0.23898139465041662,0.15306768872909585,UPI,0.35887714769702345,0,1
3708,27,Tier1,MNC,94670,21451,1,17,1,3,0.5476682323481774,0.08200036564134092,NetBanking,0.22658709200380267,0,2
3709,50,Tier1,SME,53342,15628,0,12,8,0,0.3259306209162025,0.12951957941396933,UPI,0.29297739117393423,0,5
3710,35,Tier3,MNC,46187,12110,1,19,9,1,0.19253283058308465,0.05800737813449721,UPI,0.262194989932232,0,1
3711,32,Tier2,Gig,84251,21460,2,12,7,2,0.11357906302071183,0.09235503933532975,UPI,0.25471507756584494,0,0
3712,48,Tier1,MNC,64672,14546,1,9,10,1,0.0874260927364487,0.04646245460402527,Card,0.2249195942602672,0,2
3713,44,Tier1,Gig,49842,9581,0,15,7,3,0.34520498880761447,0.04590800488023778,Wallet,0.19222743870631195,0,0
3714,29,Tier1,SME,46786,22227,2,13,2,1,0.2652310237269549,0.12604005689197964,Card,0.47507801479074935,0,4
3715,49,Tier2,SME,49953,15782,1,19,2,4,0.6162458846074046,0.1329739490539961,UPI,0.3159369807619162,0,0
3716,23,Tier1,MNC,73364,22182,1,23,12,0,0.3397517082473139,0.02115366377264789,Card,0.30235537865983314,0,2
3717,29,Tier1,SME,62221,13201,3,21,14,2,0.48237983494314945,0.13379785814647568,Card,0.2121630960608155,0,4
3718,44,Tier2,MNC,59800,23549,3,14,5,2,0.23420831379188206,0.12464050995296057,UPI,0.3937959866220736,0,3
3719,52,Tier2,MNC,78551,35914,2,7,3,0,0.05935878145225198,0.03280617339595939,UPI,0.4572061463253173,0,4
3720,46,Tier2,SME,53364,9134,3,10,8,2,0.17114237910395266,0.023408783732628356,UPI,0.17116408065362418,0,1
3721,49,Tier1,SME,70985,35165,2,9,6,2,0.19568779880727746,0.15072097301259302,NetBanking,0.4953863492287103,0,4
3722,49,Tier1,Startup,73692,27382,3,6,5,2,0.2599090659170836,0.11676841802788532,NetBanking,0.37157357650762635,0,1
3723,41,Tier3,MNC,42938,8228,1,7,13,3,0.20043696796343555,0.3246829136961144,UPI,0.19162513391401556,0,1
3724,42,Tier2,MNC,77849,20767,0,12,4,1,0.33468893358216356,0.011725048349282617,Card,0.2667600097624889,0,3
3725,33,Tier1,Gig,68508,20800,3,9,4,2,0.1415153661613979,0.11175632495148477,UPI,0.30361417644654637,0,3
3726,31,Tier2,Startup,51622,18191,3,12,9,3,0.25085487518626554,0.185303954228096,UPI,0.35238851652396264,0,0
3727,23,Tier3,SME,87750,22482,2,14,9,1,0.07366211464635554,0.020368008835727144,NetBanking,0.2562051282051282,0,3
3728,26,Tier1,Startup,91952,16026,1,16,9,0,0.2422163517216899,0.009781990870223547,UPI,0.17428658430485472,0,1
3729,44,Tier2,MNC,86130,29649,2,16,3,3,0.26653250299387093,0.04695687062785486,NetBanking,0.3442354580285615,0,3
3730,31,Tier1,MNC,58322,25501,2,11,8,3,0.22228329742920278,0.0318217003546567,Card,0.4372449504475155,0,2
3731,47,Tier3,MNC,34488,12241,1,17,7,2,0.5000013618705662,0.06483219641130286,UPI,0.3549350498724194,1,76
3732,21,Tier3,Startup,60569,23385,1,19,14,2,0.48744987164304615,0.23156884834234012,UPI,0.3860885931747263,0,4
3733,54,Tier1,SME,70766,17405,2,11,16,0,0.3776089267297811,0.01226169225166103,Card,0.24595144560947346,0,4
3734,29,Tier1,SME,61378,26757,2,17,13,3,0.1344431125630391,0.03770398106140751,UPI,0.4359379582260745,0,2
3735,43,Tier1,MNC,65043,30805,2,19,15,2,0.13546553662920302,0.15082536017839154,UPI,0.47360976584720876,1,93
3736,37,Tier2,MNC,57293,11087,1,23,7,1,0.2662761929508989,0.1576677426497948,UPI,0.1935140418550259,0,1
3737,33,Tier3,MNC,22672,7498,1,16,5,1,0.20349840710552175,0.29194712204372947,UPI,0.33071630204657726,0,1
3738,49,Tier3,MNC,60883,10997,2,8,9,3,0.32320311992427014,0.06915911697058826,UPI,0.18062513345268794,0,2
3739,48,Tier1,Startup,60570,17047,2,15,10,2,0.2634526848928975,0.07587332950636666,NetBanking,0.2814429585603434,0,1
3740,29,Tier3,MNC,61100,16158,2,14,15,2,0.6782778494076352,0.02869812920401124,NetBanking,0.2644517184942717,0,2
3741,48,Tier2,SME,97970,21840,2,7,4,1,0.2337902017637423,0.03795791379822705,UPI,0.22292538532203734,0,3
3742,24,Tier1,MNC,32282,14163,2,11,15,3,0.3715775734098681,0.1824745452725781,UPI,0.4387274642215476,0,0
3743,54,Tier1,Startup,32931,12645,2,13,1,0,0.4214898328695369,0.15499270420572503,UPI,0.38398469527193224,0,2
3744,31,Tier2,MNC,35607,6287,1,13,17,1,0.015133621808565926,0.04949145593917834,NetBanking,0.17656640548206815,0,1
3745,53,Tier2,SME,66383,23142,1,19,8,4,0.25495030224410165,0.17538256723301515,NetBanking,0.3486133498034135,0,2
3746,48,Tier1,MNC,63057,12008,2,10,16,0,0.1937188505918685,0.05534622604204002,UPI,0.1904308799974626,0,2
3747,38,Tier2,SME,31163,12587,0,14,9,3,0.5466869707698687,0.09840502779415888,Card,0.40390848121169337,0,1
3748,53,Tier2,MNC,36767,12394,0,14,7,6,0.13910412215178036,0.08465704487610268,UPI,0.33709576522425,0,0
3749,24,Tier3,MNC,65696,13712,2,17,17,0,0.39234424531178963,0.15506628800104777,Card,0.20871894788114953,1,35
3750,23,Tier1,SME,64318,16048,2,21,3,1,0.31856822415181735,0.18342626646130222,Card,0.24951024596535962,1,109
3751,45,Tier1,Startup,38425,17817,2,13,17,2,0.25287835372321643,0.14491118389480193,UPI,0.46368249837345477,0,3
3752,47,Tier1,Startup,97184,24298,1,6,2,2,0.0735181368753609,0.17836110561881732,UPI,0.25002057951926243,0,2
3753,23,Tier3,MNC,91677,40847,2,21,5,1,0.3549030746045704,0.13096759710176223,UPI,0.4455534103428341,0,2
3754,36,Tier2,Startup,78927,16855,2,22,5,2,0.003416024019273422,0.19883053644346343,NetBanking,0.21355176302152623,0,4
3755,21,Tier1,MNC,69657,21411,2,22,15,6,0.35655627739513546,0.17347124601706398,Card,0.3073775787070933,0,2
3756,36,Tier2,SME,42520,7852,2,19,16,1,0.5964045111038452,0.42803953650586224,Card,0.18466603951081845,1,66
3757,44,Tier3,MNC,77833,18398,0,10,17,4,0.28250290098574526,0.011735632639422962,UPI,0.23637788598666376,0,3
3758,38,Tier1,Startup,46449,13535,1,17,2,1,0.24489196078154904,0.10890350281991626,UPI,0.2913948631832763,0,0
3759,32,Tier3,SME,52134,21462,2,20,7,4,0.3733704977882522,0.09017915784068106,Card,0.4116699274945333,1,53
3760,46,Tier2,SME,70790,28095,1,18,3,2,0.2749349699042979,0.2990146279910548,Card,0.39687809012572395,1,68
3761,38,Tier1,Gig,52987,26190,3,21,0,3,0.29323024431426764,0.019522340491491114,UPI,0.49427217996867157,0,2
3762,52,Tier1,MNC,84115,31516,2,12,11,2,0.34639987164834435,0.009358997468168902,UPI,0.3746775248172145,0,2
3763,23,Tier3,SME,49749,24649,1,14,2,2,0.2741477558280312,0.10283237813548814,NetBanking,0.4954672455727753,0,3
3764,25,Tier1,MNC,66508,21431,2,19,16,2,0.42685313169948236,0.022078808460236944,UPI,0.32223191195044204,0,1
3765,36,Tier3,SME,56113,16803,2,18,3,3,0.09425878883299779,0.2098756735736324,Card,0.29944932546825154,0,4
3766,29,Tier2,SME,55901,14265,3,23,7,4,0.2709412364175725,0.06382803821545756,Wallet,0.25518327042450045,0,3
3767,24,Tier2,Startup,93452,22924,2,17,11,3,0.2251382671028107,0.24823229935421526,Card,0.2453024012327184,0,1
3768,44,Tier1,Gig,49059,13200,0,15,4,4,0.11857304970312726,0.06087102691813485,UPI,0.2690637803461139,0,0
3769,31,Tier1,MNC,84374,20822,2,13,1,2,0.3008728099901414,0.027664673658388466,NetBanking,0.2467821840851447,0,3
3770,21,Tier1,Startup,50971,12373,1,17,15,1,0.22184726777629293,0.08889116629595209,UPI,0.24274587510545212,0,2
3771,50,Tier2,Startup,62768,22092,0,20,4,4,0.2138369624602713,0.04289137065804273,Card,0.35196278358399186,0,4
3772,44,Tier3,SME,45820,11159,3,13,5,2,0.14057406684917223,0.009215485181207246,NetBanking,0.24353993889131384,0,2
3773,47,Tier1,MNC,92834,32554,3,17,2,4,0.11251774427848325,0.1865921281319209,UPI,0.35066893595019066,0,3
3774,36,Tier1,MNC,66493,26057,2,9,5,1,0.10240749576140296,0.36042262115112,NetBanking,0.39187583655422376,0,0
3775,24,Tier1,SME,39400,19567,2,17,0,3,0.06679590126273319,0.27177031226241405,NetBanking,0.4966243654822335,0,2
3776,36,Tier3,SME,43199,10257,2,19,13,1,0.2855498975894879,0.26846216809606616,UPI,0.23743605176045743,0,2
3777,30,Tier1,SME,52241,21313,1,7,13,5,0.24271114782297376,0.11767487659831422,UPI,0.40797457935338144,0,3
3778,46,Tier2,MNC,69478,31048,1,20,14,2,0.4931887119561616,0.16539264381217728,Card,0.446875269869599,0,0
3779,44,Tier1,MNC,39416,8350,1,21,6,6,0.03566166182183877,0.08956348866111416,NetBanking,0.21184290643393547,0,0
3780,33,Tier2,Gig,55433,24761,2,9,11,1,0.15468324422196628,0.03331320603898445,UPI,0.44668338354409826,0,6
3781,33,Tier1,Startup,80365,34211,2,14,1,2,0.1498127232406679,0.18895015518439828,Card,0.4256952653518323,0,2
3782,25,Tier1,MNC,45443,18619,2,17,4,4,0.33976421005467755,0.04095215173658346,UPI,0.40972206940562905,0,5
3783,34,Tier1,MNC,36485,6398,1,8,13,3,0.09673569619534124,0.07376711999310426,NetBanking,0.1753597368781691,0,4
3784,43,Tier1,SME,85079,15838,2,12,6,2,0.04729951358077032,0.1572226069992709,NetBanking,0.1861563958203552,0,4
3785,26,Tier2,MNC,80790,36605,3,17,5,2,0.37066679281388293,0.04821409363178952,Card,0.4530882534967199,0,1
3786,47,Tier3,MNC,54608,22071,2,23,11,2,0.3114151548239581,0.08029172334614525,Card,0.40417154995605037,0,5
3787,43,Tier2,SME,55166,22397,2,6,11,0,0.1258685720500094,0.14765552747082328,Card,0.40599282166551864,0,4
3788,53,Tier2,Gig,60155,16386,1,6,10,0,0.3026168452361126,0.047782701570547585,NetBanking,0.2723963095337046,0,2
3789,32,Tier1,SME,79022,38200,2,18,3,1,0.4924005318320082,0.10734695369901265,UPI,0.4834096833793121,1,44
3790,30,Tier1,SME,31815,9853,1,21,16,1,0.3416960560978918,0.0026634361488167076,Wallet,0.3096966839541097,0,1
3791,44,Tier3,MNC,42042,9170,2,14,7,0,0.22849593503763307,0.12701263516903785,UPI,0.2181152181152181,0,3
3792,44,Tier1,MNC,62194,27781,0,6,5,2,0.3497659128562641,0.23178556527635544,Card,0.446682959771039,1,64
3793,34,Tier1,SME,48653,14231,2,13,10,3,0.2884204403643147,0.040030894941662086,UPI,0.29249994861570716,0,1
3794,47,Tier2,SME,52736,13156,1,15,1,0,0.3076836803290321,0.24455240664082475,Card,0.24946905339805825,0,2
3795,45,Tier1,SME,39546,8404,1,23,7,1,0.18138758805506364,0.5627161257392773,Card,0.2125120113285794,0,3
3796,36,Tier1,Gig,59151,22237,3,17,17,0,0.348183432734398,0.03288545965958211,UPI,0.375936163378472,0,0
3797,50,Tier1,Startup,63130,19015,1,19,14,1,0.14805189012916775,0.010426552220704868,UPI,0.3012038650403928,0,2
3798,52,Tier1,Startup,71550,25506,2,17,1,5,0.24637782816460022,0.11321986965943763,Card,0.35647798742138365,0,3
3799,43,Tier1,SME,60922,23009,2,14,10,1,0.08370757917079595,0.13597975728927889,Wallet,0.3776796559535143,0,1
3800,46,Tier2,SME,71406,35257,0,6,17,3,0.37779891767678336,0.17302915710277636,UPI,0.493754026272302,1,37
3801,49,Tier1,Startup,36228,15376,2,14,12,1,0.11994201602249185,0.10423365281697468,NetBanking,0.42442309815612234,0,1
3802,25,Tier1,SME,48336,16352,2,18,9,0,0.06564545404381954,0.023642551544706708,UPI,0.33829857663025487,0,1
3803,36,Tier2,SME,40998,9198,3,23,7,0,0.3188960657894458,0.022453136673894557,Card,0.224352407434509,0,1
3804,39,Tier2,MNC,85279,37208,2,8,16,2,0.17249943482965396,0.059716630130575384,UPI,0.4363090561568499,0,3
3805,27,Tier1,MNC,67557,24712,1,6,9,2,0.1737551723511968,0.035434031512457234,UPI,0.3657948103083322,0,1
3806,36,Tier2,MNC,52230,13424,1,13,16,4,0.4505162817446666,0.08189500451094975,Card,0.2570170400153169,0,4
3807,31,Tier1,MNC,35366,15670,1,16,14,2,0.4432662877171919,0.14489569165972238,NetBanking,0.44308092518237857,0,4
3808,29,Tier1,Gig,37557,13447,2,13,1,4,0.4069365455988669,0.018338169481556102,UPI,0.3580424421545917,0,3
3809,30,Tier1,SME,83066,22270,1,12,17,2,0.32490043305760624,0.01447365036491562,UPI,0.26810006500854744,0,4
3810,25,Tier3,MNC,75871,23257,1,10,0,2,0.2631179317798728,0.17603714717780228,UPI,0.30653345810652294,0,1
3811,47,Tier1,SME,53610,26511,1,22,1,0,0.015983131752167857,0.05312019492205379,UPI,0.4945159485170677,0,2
3812,39,Tier1,Startup,43806,9231,2,20,2,3,0.3131662507371909,0.006121428817622598,UPI,0.21072455827968772,0,5
3813,51,Tier1,MNC,42388,19681,2,23,12,1,0.7253274940242214,0.0095333263437817,UPI,0.4643059356421629,1,68
3814,52,Tier2,SME,45328,10331,2,13,5,2,0.11942583617225924,0.035299367861820995,UPI,0.22791651959054007,0,1
3815,22,Tier1,Gig,64456,30368,1,18,4,2,0.16265723445916053,0.1576510286484546,NetBanking,0.4711431053742088,1,63
3816,46,Tier3,MNC,60705,16654,3,10,3,1,0.29710486629737215,0.007308271135936068,Wallet,0.27434313483238615,0,2
3817,24,Tier2,MNC,92892,39602,2,15,0,1,0.6142050450820475,0.05037587581705428,UPI,0.4263230418119967,0,2
3818,26,Tier1,SME,49604,12242,1,12,5,3,0.44384340013053875,0.02337050447321814,UPI,0.24679461333763406,0,2
3819,23,Tier3,Gig,61158,13120,1,21,2,2,0.35312367860160976,0.10470513229403143,Card,0.21452630890480395,1,37
3820,49,Tier2,Startup,52919,18365,2,8,6,0,0.2930280716138172,0.02620684511960073,UPI,0.3470398155671876,1,37
3821,39,Tier1,SME,49082,20269,2,8,2,6,0.279982540035005,0.02522960978843263,NetBanking,0.412961981989324,1,56
3822,28,Tier2,MNC,88170,34374,1,17,9,4,0.2697670656220471,0.1229670034131549,UPI,0.38986049676760803,0,4
3823,45,Tier1,MNC,79174,31509,2,19,2,3,0.31196619616539845,0.09717496809280246,UPI,0.3979715563189936,0,3
3824,48,Tier3,SME,95699,34725,3,6,12,0,0.26528538616764086,0.03358037342011827,UPI,0.36285645618031537,0,1
3825,29,Tier2,MNC,71802,26504,1,15,6,3,0.42848098804113166,0.08581890898054799,NetBanking,0.3691262081836161,0,0
3826,52,Tier1,Gig,38416,6261,2,9,4,1,0.11180707030398741,0.027462604396696406,UPI,0.1629789670970429,0,4
3827,52,Tier2,SME,65644,20477,2,12,9,3,0.07892716117092588,0.12834325909862557,Wallet,0.31194016208640546,0,0
3828,36,Tier2,MNC,50112,13937,2,15,10,2,0.5383332530135698,0.09466694406284863,Card,0.2781170178799489,0,1
3829,27,Tier1,MNC,82053,32593,1,7,8,2,0.10746029719606637,0.2331337754630516,UPI,0.3972188707298941,0,1
3830,44,Tier1,MNC,74729,19268,3,21,14,4,0.25676105373342073,0.02723404357331708,UPI,0.257838322471865,0,3
3831,45,Tier2,SME,52769,9587,2,14,1,1,0.15437680730927186,0.002050111938578741,UPI,0.1816786370785878,0,2
3832,37,Tier2,Startup,41148,13290,1,10,14,1,0.07259438304901163,0.06802925727762998,NetBanking,0.3229804607757364,0,5
3833,46,Tier2,Startup,20767,9050,1,6,13,1,0.2606241930763489,0.0992260412031914,Card,0.43578754755140364,0,3
3834,35,Tier2,Gig,57801,9829,2,6,3,1,0.6655825885179554,0.06899512898010013,UPI,0.17004896109063858,0,2
3835,50,Tier3,SME,74738,32380,1,21,14,2,0.23920024418877678,0.14717799490573708,UPI,0.4332468088522572,1,32
3836,37,Tier2,SME,49153,18110,2,20,3,4,0.34963795383073626,0.05731497573150069,UPI,0.36844139726974956,1,31
3837,23,Tier1,MNC,53665,22654,1,19,11,1,0.05446099796090594,0.01281019020134729,UPI,0.42213733345756077,0,3
3838,32,Tier2,MNC,82712,16339,2,21,6,3,0.12009743531125304,0.13404848449937534,Card,0.19754086468710708,0,0
3839,47,Tier3,MNC,67757,33253,1,12,1,2,0.16857420040629337,0.1170367313357763,UPI,0.4907684814853078,1,65
3840,33,Tier1,MNC,33854,14211,3,12,2,2,0.3561963419164711,0.344029292809492,UPI,0.4197731434985526,0,7
3841,44,Tier1,Gig,46133,16502,1,10,9,2,0.2936245809721547,0.02363729322666563,UPI,0.35770489671168143,0,3
3842,27,Tier1,MNC,57940,24674,2,21,12,4,0.2534886905062053,0.07667819160417869,Card,0.4258543320676562,0,1
3843,30,Tier1,Startup,71379,34025,2,13,12,1,0.4201869732074389,0.08716741788740996,UPI,0.47668081648664173,1,42
3844,42,Tier1,Startup,54060,23713,3,18,5,3,0.1354539919967979,0.031863240992671064,UPI,0.43864224935257123,0,1
3845,50,Tier3,SME,39660,10788,3,15,5,2,0.10235479634468844,0.03730510878686452,UPI,0.27201210287443267,0,0
3846,54,Tier2,Startup,73363,24965,2,16,2,2,0.27275955321402895,0.05895979118023611,UPI,0.34029415372871885,0,1
3847,21,Tier2,MNC,70449,32283,0,9,3,2,0.2591351680322596,0.16830591355415184,UPI,0.45824639100625986,1,38
3848,26,Tier3,Gig,29864,9272,2,9,4,4,0.029927981482330918,0.0195758439051392,UPI,0.3104741494776319,0,0
3849,40,Tier1,MNC,80568,34939,2,10,6,2,0.2706733916123571,0.12189605981811749,UPI,0.43365852447621883,0,1
3850,34,Tier2,MNC,68183,33265,2,10,1,1,0.43155657915071477,0.022344738309566105,UPI,0.4878782101110247,1,33
3851,53,Tier2,MNC,49778,8059,1,18,13,4,0.20225925698021247,0.07853082497843904,UPI,0.16189883080879103,0,1
3852,30,Tier2,SME,55914,9342,2,8,1,1,0.40184368343739924,0.037339645735702975,NetBanking,0.16707801266230282,0,2
3853,39,Tier2,MNC,78349,14921,2,19,14,3,0.25744045643889724,0.04124183315593735,UPI,0.19044276251132752,0,4
3854,47,Tier1,Startup,63510,28867,2,19,7,1,0.21980834949033287,0.10753372319542587,Card,0.4545268461659581,1,88
3855,44,Tier2,MNC,41970,19318,1,7,11,1,0.05986252899363021,0.03624723285082535,UPI,0.46028115320467,0,2
3856,33,Tier3,MNC,45784,16773,0,16,15,4,0.1964101481472708,0.03601409714385448,UPI,0.36635069019744887,0,0
3857,47,Tier2,Gig,25765,5978,1,11,16,1,0.1616810870628365,0.007971961972345195,UPI,0.23202018241800892,1,76
3858,21,Tier2,MNC,54397,25884,3,12,4,1,0.3052816448578764,0.1301293640974264,Card,0.4758350644337004,0,0
3859,23,Tier3,MNC,84614,26927,0,6,5,2,0.6400522498779878,0.21444523919993372,Card,0.31823338927364264,0,1
3860,31,Tier3,Startup,60399,13845,0,17,6,1,0.0918838360281868,0.16264996211048557,UPI,0.22922564943128199,0,4
3861,48,Tier1,Startup,92645,19888,0,12,7,3,0.2664966566322256,0.16567708671734876,UPI,0.2146688974040693,0,2
3862,37,Tier1,SME,67660,17302,1,14,16,1,0.448649243863325,0.28739633785294383,UPI,0.2557197753473249,0,5
3863,24,Tier1,Gig,51221,12641,1,15,15,1,0.3452556403425916,0.0987191013847833,NetBanking,0.2467933074324984,0,0
3864,26,Tier1,MNC,40269,6172,2,7,13,2,0.32388758011105406,0.08968669552211322,UPI,0.15326926419826667,0,2
3865,23,Tier1,Startup,36883,13917,2,8,1,4,0.12690156059130703,0.059598804711658904,Card,0.37732830843478027,1,112
3866,26,Tier2,MNC,34848,5760,2,12,11,3,0.25123985489857315,0.08306130120072643,UPI,0.1652892561983471,0,1
3867,50,Tier1,MNC,73592,12420,2,17,5,1,0.050195541553394285,0.03895737301012342,NetBanking,0.16876834438525926,0,3
3868,25,Tier2,MNC,48798,17985,2,19,5,1,0.20430416527656942,0.006497514717515481,UPI,0.36856018689290543,0,1
3869,34,Tier3,MNC,56173,8673,3,19,3,2,0.06000913275255015,0.13540347941453468,NetBanking,0.15439802040126038,0,4
3870,50,Tier3,Gig,73784,22117,2,6,4,4,0.23194094596836895,0.1998180340424049,UPI,0.29975333405616394,1,112
3871,29,Tier1,SME,52777,16991,2,7,12,1,0.29733160289242616,0.011997070799982808,Card,0.3219394812134074,0,1
3872,27,Tier3,MNC,37646,17572,2,11,16,3,0.3987399308663343,0.041754504920559585,Card,0.4667693778887531,1,38
3873,35,Tier2,Startup,42179,8248,2,10,2,1,0.01596002476313462,0.013098236457198547,UPI,0.19554754735768984,0,2
3874,38,Tier3,Startup,46404,18732,2,9,11,2,0.3009658471740095,0.04061231820196204,Card,0.40367209723299713,0,3
3875,35,Tier1,MNC,40950,16613,1,12,11,2,0.1944253551996928,0.10941899573918672,UPI,0.4056898656898657,0,1
3876,33,Tier2,MNC,39333,16030,2,23,10,3,0.32352327907673445,0.1497147058971556,NetBanking,0.40754582665954797,1,86
3877,24,Tier1,MNC,42378,15830,2,18,5,1,0.10278616889558878,0.17904296015424806,UPI,0.37354287602057673,0,1
3878,54,Tier3,Gig,75704,31685,2,9,9,1,0.10385676641133317,0.12620795215922206,Card,0.4185379900665751,0,1
3879,22,Tier1,Gig,52022,11493,2,16,8,3,0.2728182134261768,0.041257019270460556,Card,0.22092576217754026,0,0
3880,45,Tier3,MNC,43919,9875,1,8,16,2,0.29789663794941973,0.23665431362228573,Card,0.22484573874632846,0,1
3881,54,Tier1,Startup,37586,13783,3,13,15,1,0.1270759421231173,0.022456861668143556,Card,0.3667056882881924,0,2
3882,37,Tier2,SME,64516,31419,2,14,3,2,0.3558896874788428,0.011433680025471292,NetBanking,0.486995473990948,0,1
3883,23,Tier2,MNC,51374,9216,0,20,6,2,0.06182122658812647,0.24485355785542168,NetBanking,0.17939035309689727,0,1
3884,51,Tier1,MNC,75524,20204,3,9,5,0,0.1936957127965076,0.017451270126364847,UPI,0.2675176102960648,0,2
3885,27,Tier2,SME,49267,12209,1,14,6,0,0.19121897339271013,0.08505839347517322,Card,0.24781293766618628,0,3
3886,29,Tier1,Startup,40663,17133,1,8,14,1,0.1551424618339212,0.08765138072599185,UPI,0.42134126847502645,0,1
3887,27,Tier3,SME,64249,11973,1,7,13,1,0.057998861083913,0.238996953032791,UPI,0.1863530949898053,0,3
3888,22,Tier3,Startup,54051,23532,2,17,10,2,0.08309564997833074,0.03238670376559848,UPI,0.43536659821279905,0,0
3889,37,Tier2,SME,48819,9599,3,23,1,1,0.2857759339594416,0.27619012272559945,UPI,0.19662426514266987,0,1
3890,30,Tier1,MNC,95907,35239,1,22,9,2,0.23583170200842865,0.001082958206111929,UPI,0.3674288633780642,0,3
3891,43,Tier2,SME,55564,21232,2,17,0,3,0.31504723843747634,0.29315711497074853,Card,0.3821179180764524,0,1
3892,39,Tier2,Gig,59730,18370,2,23,4,1,0.2865713639765975,0.09428744338105789,Card,0.30755064456721914,1,66
3893,29,Tier2,SME,75119,11275,2,23,14,2,0.21146334323021626,0.10980687036449417,UPI,0.15009518231073363,0,0
3894,53,Tier2,Startup,34676,17141,0,7,1,4,0.13360093754002075,0.04743156890529336,Card,0.49431883723612874,0,0
3895,32,Tier1,MNC,63884,29566,1,9,6,5,0.18347851888794792,0.13858298353727924,Card,0.46280758875461775,1,41
3896,34,Tier1,MNC,94520,24420,0,14,0,1,0.17601247188132665,0.031836905792165,Card,0.2583580194667795,0,2
3897,34,Tier2,MNC,52066,19306,2,6,16,4,0.17640954724383215,0.0372279320030094,Card,0.3707986017746706,0,0
3898,42,Tier1,Gig,53897,26184,2,9,15,2,0.25345685389424616,0.1674580338427792,UPI,0.4858155370428781,0,0
3899,52,Tier1,MNC,20859,4154,1,11,8,1,0.18436166966576045,0.452204776433543,Card,0.19914665132556691,0,2
3900,39,Tier1,MNC,27715,12323,0,11,3,3,0.3111997743862031,0.09940732506929192,NetBanking,0.4446328702868483,0,1
3901,49,Tier1,SME,83785,19480,2,11,10,1,0.08184780459614682,0.09722837727774225,NetBanking,0.2324998508086173,0,0
3902,44,Tier1,MNC,85749,19931,0,12,5,1,0.4375394976723922,0.09324322936193838,UPI,0.2324341974833526,0,3
3903,29,Tier3,SME,50344,13408,1,6,1,1,0.07621284759534429,0.14571217011357318,UPI,0.26632766566025745,0,5
3904,36,Tier1,Startup,93708,29199,3,8,4,0,0.20700049780791097,0.07582183418824992,NetBanking,0.31159559482648225,0,1
3905,44,Tier1,SME,71865,30876,1,11,12,0,0.2238583880981968,0.034681097290730406,UPI,0.42963890628261325,0,1
3906,30,Tier1,Startup,60212,11989,3,22,6,0,0.21109487632024648,0.36373888039549873,NetBanking,0.19911313359463229,0,3
3907,43,Tier1,MNC,74587,25131,2,13,4,3,0.24634329310447145,0.20614133466533516,UPI,0.3369353908858112,0,3
3908,39,Tier3,Gig,80257,32146,2,13,15,1,0.24660094263064783,0.3829372166476002,UPI,0.4005382708050388,1,111
3909,30,Tier1,Startup,30210,8644,1,22,4,4,0.23889351458169572,0.05583483231936144,UPI,0.28613042039059916,0,2
3910,34,Tier1,SME,88366,35405,3,7,8,4,0.1581038844896255,0.009395335220543376,NetBanking,0.40066315098567323,0,3
3911,33,Tier2,Startup,57576,19137,1,11,12,3,0.16405818201874858,0.08770414217995424,UPI,0.3323780741975823,0,0
3912,22,Tier3,MNC,35661,7306,3,21,1,4,0.21963552212283724,0.04719846012494901,UPI,0.20487367151790473,0,2
3913,39,Tier2,Startup,44843,19674,2,23,14,2,0.7779946521393704,0.12877092992253003,UPI,0.43873068260375087,0,3
3914,53,Tier1,MNC,14739,4537,1,20,3,1,0.6932787500620718,0.007738906217700508,UPI,0.30782278309247574,0,3
3915,40,Tier1,MNC,55227,15525,2,17,6,1,0.505106769926496,0.1509081698584005,UPI,0.2811124993209843,0,1
3916,54,Tier1,MNC,79673,23545,1,16,5,0,0.36599182568017025,0.09324859314388531,UPI,0.295520439797673,1,72
3917,49,Tier1,SME,84148,40482,1,14,8,2,0.1304705691604804,0.02898949465114492,NetBanking,0.48108095260731093,0,1
3918,26,Tier2,Gig,59504,16740,2,16,13,4,0.1624813355398391,0.12778054391965213,UPI,0.2813256251680559,0,4
3919,37,Tier2,Startup,38207,15233,2,10,2,1,0.37593755876372736,0.09015395197870932,UPI,0.39869657392624386,0,2
3920,52,Tier1,MNC,38101,7757,2,13,12,2,0.18543287791808435,0.20992689517347138,UPI,0.20359045694338732,0,3
3921,33,Tier1,Startup,63272,17895,2,18,12,1,0.1888600464280022,0.1523869934126004,Card,0.2828265267416867,0,3
3922,48,Tier3,SME,42328,17332,2,23,12,2,0.35245834479874755,0.15038965827599282,Wallet,0.40946890946890946,0,1
3923,44,Tier2,SME,57975,24801,1,19,7,1,0.4459753070411294,0.41238272623927996,UPI,0.42778783958602845,0,0
3924,47,Tier1,MNC,39185,18893,1,21,8,1,0.16040151072003545,0.036197292416992884,UPI,0.4821487814214623,1,89
3925,34,Tier2,MNC,60228,25712,1,17,8,3,0.19012021343536858,0.05112818216759201,Card,0.4269110712625357,0,5
3926,44,Tier2,Startup,46454,9309,2,21,0,1,0.21689301159445565,0.18356831033236642,UPI,0.20039178542213804,0,5
3927,42,Tier2,MNC,51345,21878,2,15,1,1,0.1087519674334993,0.16917380847886784,Card,0.4260979647482715,1,108
3928,43,Tier1,Startup,76071,35477,2,16,15,2,0.13313487576280325,0.13091416811588508,UPI,0.46636694666824413,0,1
3929,27,Tier2,SME,44314,15475,2,13,5,2,0.27870498572917596,0.0467990068672294,Card,0.3492124385070181,0,0
3930,41,Tier1,SME,33570,5399,0,23,1,0,0.5022196233667843,0.01996993129862121,Wallet,0.1608281203455466,0,1
3931,38,Tier1,Gig,46981,21335,0,20,13,1,0.018322792557716877,0.0008457381322806884,Card,0.4541197505374513,0,2
3932,28,Tier1,MNC,56240,8851,2,19,9,1,0.4308421846830774,0.07861094213737606,UPI,0.15737908961593172,0,2
3933,53,Tier1,MNC,57247,22830,2,6,7,1,0.13530289949911273,0.06222438627406565,UPI,0.3987981902981816,0,7
3934,54,Tier1,MNC,60287,21404,2,19,1,2,0.3026324944735154,0.036247825262226196,UPI,0.35503508219019025,0,3
3935,43,Tier1,Gig,22819,5418,1,7,15,1,0.2696291610348866,0.009932554824884574,UPI,0.237433717516105,0,4
3936,50,Tier1,SME,38313,10818,0,13,17,3,0.1539848089554499,0.18246146372637995,UPI,0.28235846840498,0,2
3937,25,Tier1,SME,23805,8304,2,22,9,0,0.0797353955530713,0.12533634421995307,NetBanking,0.34883427851291743,0,4
3938,21,Tier1,Startup,70654,23015,2,16,3,3,0.3791920657285711,0.251697169339647,NetBanking,0.3257423500438758,0,2
3939,51,Tier2,MNC,18854,3870,1,18,4,3,0.3405814625393033,0.0018498202170319,Card,0.20526148297443514,0,2
3940,54,Tier3,MNC,16065,7506,0,20,10,5,0.09369007130493696,0.09467364393005812,Card,0.4672268907563025,1,90
3941,34,Tier2,SME,44131,20327,2,13,3,3,0.2440835798208705,0.03998757344393031,NetBanking,0.4606059232738891,1,69
3942,39,Tier2,MNC,62015,18942,1,6,0,1,0.12626544435082784,0.11908233853267418,NetBanking,0.30544223171813273,0,4
3943,33,Tier3,MNC,51145,8477,1,6,0,0,0.12047827760111848,0.13698954073284272,NetBanking,0.16574445204809854,0,4
3944,47,Tier2,MNC,61802,14789,3,8,8,1,0.21990316741071392,0.14510136957067618,Card,0.23929646289764087,0,2
3945,29,Tier3,SME,33611,14246,2,21,4,3,0.14730321014001127,0.1162430975042175,UPI,0.4238493350391241,0,1
3946,49,Tier2,SME,47726,18775,0,21,9,3,0.23552629838141506,0.09578398802124742,UPI,0.39339144281942756,0,2
3947,31,Tier1,MNC,66761,27767,0,23,15,3,0.09754723174020583,0.014266053882393897,NetBanking,0.4159164781833705,0,0
3948,30,Tier1,MNC,74766,35731,1,8,8,0,0.1730730970456014,0.16508389825773892,NetBanking,0.47790439504587645,0,4
3949,22,Tier1,MNC,49812,18677,2,12,16,7,0.02716277885120106,0.10510998898234114,UPI,0.3749498112904521,0,1
3950,24,Tier1,SME,45417,19305,2,8,14,1,0.302664020534304,0.020716354691547846,UPI,0.4250611004689874,0,2
3951,31,Tier2,Startup,52338,25304,1,19,15,1,0.1779720157794735,0.02074717515371139,Wallet,0.4834728113416638,0,1
3952,38,Tier2,Startup,66021,19808,3,14,9,1,0.2138802431229971,0.002191346646413026,UPI,0.30002574938277216,0,2
3953,29,Tier1,Startup,42955,16532,2,14,17,1,0.19164827673750762,0.04171899908600146,UPI,0.38486788499592595,0,1
3954,39,Tier2,SME,72220,28384,3,8,14,2,0.6172197808201391,0.26079782117249256,UPI,0.39302132373303794,0,4
3955,25,Tier3,SME,72417,34096,2,19,0,0,0.20648569550020288,0.04198475418775808,UPI,0.47082867282544155,0,2
3956,30,Tier2,MNC,71834,19332,1,22,11,2,0.16470728339740198,0.0319644449325637,UPI,0.26912047219979396,0,6
3957,33,Tier1,MNC,76543,23433,2,9,16,1,0.07150610197797541,0.10018262174748677,Card,0.3061416458722548,0,4
3958,36,Tier2,SME,52860,18946,1,16,8,0,0.0936060473735968,0.1403284312016757,UPI,0.358418463866818,0,1
3959,27,Tier2,SME,66539,29056,1,13,8,1,0.37249724175672916,0.04858539681097593,Card,0.43667623499000585,0,5
3960,24,Tier1,MNC,42456,15056,1,16,10,2,0.18457965225647266,0.012541848546427621,UPI,0.35462596570567173,0,3
3961,26,Tier1,MNC,79725,31850,2,14,5,0,0.2058041162351704,0.107008553477863,Card,0.39949827532141735,0,3
3962,48,Tier1,Startup,47687,15227,3,7,14,0,0.1382261623971566,0.16598436976631342,UPI,0.3193113427139472,0,1
3963,52,Tier1,SME,86169,27682,2,18,17,1,0.36455361580382156,0.08131719948275494,UPI,0.32125242256495956,0,3
3964,53,Tier2,Gig,106794,38051,2,20,2,1,0.5792327124869526,0.060107452305527144,Card,0.35630278854617303,1,66
3965,32,Tier1,MNC,58037,19879,2,21,1,3,0.2849025596009477,0.10734885591650559,Card,0.3425228733394214,0,0
3966,21,Tier2,Gig,68204,32416,2,6,10,3,0.32767689878343337,0.17865377360552737,UPI,0.4752800422262624,1,80
3967,25,Tier1,SME,57006,9381,2,19,14,2,0.17814985501768452,0.07569301757368585,UPI,0.16456162509209557,0,3
3968,32,Tier1,Startup,52748,10778,2,12,0,4,0.4544745921081185,0.34295684921366565,UPI,0.2043300219913551,0,3
3969,32,Tier3,MNC,26468,4543,0,8,9,1,0.20954373127211656,0.15823287989330412,Card,0.17164122714220947,0,3
3970,34,Tier2,SME,58293,16728,2,10,1,3,0.07756641106815895,0.04838792601847193,UPI,0.2869641294838145,0,1
3971,23,Tier2,Gig,68996,17179,2,21,6,4,0.6294172856880658,0.023988394701969257,Card,0.24898544843179315,0,2
3972,26,Tier1,SME,27244,5065,1,22,10,2,0.5367394642861665,0.013769889228782584,Card,0.18591249449420055,0,1
3973,50,Tier3,Startup,102685,38705,1,14,14,3,0.030151857192663903,0.13429767252869704,Card,0.376929444417393,1,65
3974,54,Tier3,MNC,47675,15488,1,19,3,1,0.08528571644941077,0.03638395106949541,Card,0.32486628211851076,0,3
3975,44,Tier2,MNC,51134,23491,3,8,4,2,0.41487246821557683,0.05471269850482268,UPI,0.45940079008096374,1,32
3976,28,Tier2,Startup,31973,12668,0,21,13,1,0.0782337925555831,0.14638615117277073,UPI,0.3962093015982235,0,3
3977,30,Tier1,MNC,52686,24055,2,12,16,1,0.29664146784631645,0.06757989535491231,UPI,0.45657290361765934,0,1
3978,46,Tier3,SME,53073,24597,2,23,6,1,0.11247853645160596,0.15504441185606932,UPI,0.46345599457351194,1,93
3979,52,Tier2,Startup,87567,17389,2,19,13,2,0.18184022483107043,0.09077245000139983,NetBanking,0.19857937350828508,0,3
3980,33,Tier3,SME,27090,5903,1,7,13,4,0.2716378808738064,0.2658661162156195,UPI,0.2179032853451458,0,1
3981,52,Tier1,SME,61572,11148,1,15,4,1,0.32986527059831783,0.11710044151179796,UPI,0.18105632430325472,0,0
3982,44,Tier3,MNC,77082,24579,0,21,3,0,0.1872775905946471,0.32642149445041063,NetBanking,0.31886821826107264,0,0
3983,34,Tier1,Startup,43524,11464,2,7,8,0,0.2932895973523079,0.016106123255626253,UPI,0.2633949085561989,0,1
3984,23,Tier1,Gig,71414,21043,2,9,7,0,0.04062613062434357,0.013886609786870889,UPI,0.29466211107065843,0,2
3985,39,Tier1,Startup,62811,10739,2,10,7,1,0.47050343590695143,0.20174413529504884,NetBanking,0.17097323717183296,0,5
3986,30,Tier1,MNC,60652,29587,2,13,10,1,0.17995981691564097,0.1467896108211387,UPI,0.48781573567236036,1,68
3987,29,Tier3,MNC,54841,24156,2,16,1,3,0.19532179138344613,0.027828479510660566,NetBanking,0.4404733684651994,0,3
3988,43,Tier1,Startup,47279,15811,1,7,12,0,0.3048875288811061,0.057879692285992095,UPI,0.3344190866981112,0,1
3989,42,Tier2,SME,54505,13597,2,15,5,0,0.16371500406440045,0.010474152280165941,Card,0.24946335198605632,0,2
3990,27,Tier1,SME,43989,14280,2,11,16,0,0.2329909660857663,0.06417414125978341,NetBanking,0.3246266111982541,0,1
3991,30,Tier2,Gig,74066,14926,1,14,6,2,0.27920640759637083,0.048519735877186415,UPI,0.20152296600329436,0,0
3992,34,Tier3,Gig,51941,25780,2,7,4,1,0.2958586305045458,0.01318961016614542,UPI,0.49633237712019407,1,34
3993,51,Tier2,SME,53491,8483,2,14,7,3,0.20367276825249192,0.1695429829873052,NetBanking,0.15858742592211775,0,2
3994,54,Tier3,Startup,17012,7823,1,11,2,4,0.34606451150312,0.04986379075634928,UPI,0.4598518692687515,0,2
3995,34,Tier2,MNC,95575,31665,2,7,12,2,0.28305869723733806,0.050300370796062796,UPI,0.3313104891446508,0,1
3996,41,Tier3,SME,56508,19932,1,6,5,0,0.5643263969504336,0.2670704779303435,UPI,0.3527288171586324,1,57
3997,51,Tier2,MNC,69729,16370,2,17,17,4,0.22303150103595676,0.05666894284882245,UPI,0.23476602274519928,0,1
3998,24,Tier1,Gig,89492,17596,3,20,17,1,0.22156725914994999,0.009376185239017155,UPI,0.19662092701023556,0,2
3999,33,Tier3,Gig,49032,15778,2,7,1,0,0.07800212029770187,0.024128983406522517,NetBanking,0.32178985152553435,0,4
4000,22,Tier2,Startup,43383,14312,1,11,12,4,0.08005207552730831,0.060076502832653894,UPI,0.3298988082889611,0,1
4001,39,Tier2,SME,73580,21104,1,23,8,3,0.07728361577691702,0.1433669811985613,UPI,0.28681706985593913,0,1
4002,32,Tier2,Gig,66744,25908,2,14,0,0,0.06459469553150232,0.07087202091816107,UPI,0.3881697231211794,1,91
4003,42,Tier2,SME,75625,14319,0,23,7,5,0.16155643430107577,0.029139529082223156,UPI,0.1893421487603306,0,2
4004,53,Tier1,MNC,91784,39380,1,9,14,1,0.32450116885211944,0.0974428060881333,UPI,0.4290508149568552,0,3
4005,50,Tier3,SME,55823,12539,2,14,15,1,0.09970618414906772,0.10877470441805229,UPI,0.22462067606542108,0,1
4006,53,Tier2,SME,31048,7660,0,16,3,1,0.07702102378305532,0.12354827400855424,UPI,0.24671476423602165,0,1
4007,36,Tier2,Startup,53710,13161,2,20,5,1,0.13494447544994187,0.06801129252130254,NetBanking,0.2450381679389313,0,1
4008,28,Tier1,Startup,62499,14961,0,20,15,2,0.19326798396674172,0.0033178409357429717,Card,0.23937983007728122,0,1
4009,39,Tier3,MNC,90612,23212,3,11,4,1,0.17408228229508896,0.31996152773665715,NetBanking,0.25616916081755176,0,2
4010,37,Tier3,SME,52112,22149,1,21,11,2,0.13509803618553096,0.09008992413645317,NetBanking,0.42502686521338656,0,0
4011,41,Tier1,Gig,28379,5058,1,17,17,0,0.05039360219616015,0.11470783239624706,UPI,0.17823038162021212,0,2
4012,46,Tier3,MNC,36917,13735,2,19,16,1,0.30407368048003314,0.03622057583244154,Card,0.3720508166969147,0,1
4013,54,Tier3,MNC,65689,16703,3,7,5,4,0.2743775645696027,0.0364841365912166,UPI,0.2542739271415305,0,3
4014,52,Tier2,SME,69566,25564,2,15,7,1,0.43987966698466757,0.05087181164529066,Card,0.367478365868384,0,5
4015,31,Tier1,MNC,28823,7987,3,14,11,1,0.18754255040324608,0.0945856421984777,UPI,0.27710508968532077,0,0
4016,28,Tier1,Gig,45442,11870,0,9,9,5,0.1633394193813757,0.03606547166029973,NetBanking,0.2612120945380925,0,2
4017,44,Tier1,MNC,39594,11647,2,18,10,0,0.11097112084440973,0.09848794238579,Card,0.2941607314239531,0,3
4018,37,Tier1,Gig,42966,13230,1,7,5,3,0.523098384562787,0.004851147723188401,UPI,0.30791788856304986,0,1
4019,49,Tier2,SME,84348,40102,3,9,12,3,0.3833588588550516,0.0060222238553384886,Card,0.4754351021956656,0,2
4020,37,Tier2,SME,69040,23197,1,12,12,2,0.06194939595218083,0.024893339855567846,UPI,0.3359936268829664,0,3
4021,44,Tier2,SME,46816,23261,3,18,10,3,0.35502138325229987,0.244293115040126,Card,0.49686004784689,1,112
4022,53,Tier3,Startup,64049,20818,1,22,0,1,0.31881800534022625,0.1063878149871971,UPI,0.3250323970709925,0,1
4023,31,Tier3,Gig,85518,29459,1,19,5,2,0.214768421985415,0.042735505614755816,NetBanking,0.34447718608947825,1,31
4024,34,Tier1,MNC,45926,9396,1,11,1,2,0.3376973621025766,0.07796907381584374,UPI,0.20458999259678615,1,73
4025,30,Tier3,SME,50810,12129,2,10,15,2,0.038615414513424734,0.13974824810419362,Card,0.2387128518008266,0,2
4026,31,Tier2,Startup,72394,22368,1,22,11,2,0.1523836322927464,0.0426232324320183,UPI,0.30897588197916953,0,6
4027,45,Tier1,Gig,71900,11058,0,23,11,3,0.13727241929415404,0.1586227564723247,UPI,0.15379694019471488,1,98
4028,35,Tier3,SME,38673,13140,1,14,16,1,0.17202299920511102,0.00820981021609866,UPI,0.33977193390737725,0,2
4029,46,Tier1,Startup,65985,23884,1,13,13,3,0.44574544491609097,0.023634472794177675,Card,0.3619610517541866,0,0
4030,28,Tier2,SME,69052,30099,2,8,5,2,0.18731523086918053,0.1562311216044679,UPI,0.43588889532526215,0,3
4031,30,Tier2,MNC,33709,9436,2,19,1,1,0.17033999131490649,0.003827634552313761,NetBanking,0.27992524251683526,0,2
4032,35,Tier3,Startup,46055,20455,0,6,12,3,0.13191283952355243,0.4336910764062849,UPI,0.4441428726522636,0,2
4033,53,Tier1,Gig,69575,34267,2,16,9,3,0.16968264807886338,0.21408634654654538,UPI,0.4925188645346748,1,45
4034,46,Tier1,MNC,18681,4640,2,22,8,3,0.3575516829279639,0.09350510971287379,UPI,0.24838070767089557,0,2
4035,46,Tier2,MNC,70558,30454,2,14,14,2,0.14781679072255777,0.025336040830716146,UPI,0.4316165424190028,0,1
4036,34,Tier2,SME,82841,33960,1,12,2,5,0.34365700255077936,0.29564448568713186,Wallet,0.40994193696358083,0,1
4037,22,Tier2,Startup,55269,12534,2,23,8,2,0.44393738266038013,0.017511120559141485,UPI,0.2267817402160343,0,1
4038,24,Tier2,SME,54819,18365,3,23,13,1,0.19557666938326124,0.20946332738260523,Card,0.33501158357503785,0,0
4039,24,Tier2,MNC,79736,19862,2,11,10,4,0.06453256621015344,0.07367493570138484,Card,0.2490970201665496,0,2
4040,25,Tier1,Startup,64385,17752,1,17,13,2,0.34782820363798234,0.09662666417821755,UPI,0.2757163935699309,0,1
4041,37,Tier2,Startup,40774,16677,1,18,14,2,0.10299788274638114,0.1067612578639198,UPI,0.40901064403786724,1,58
4042,40,Tier1,Startup,57231,12090,2,22,0,3,0.15353533574962727,0.005847146787580936,UPI,0.2112491481889186,0,2
4043,46,Tier1,SME,75592,27009,1,20,13,2,0.34116375120720893,0.0408714872641243,NetBanking,0.3572997142554768,0,2
4044,32,Tier1,Startup,74594,28741,2,21,17,1,0.4499062821628279,0.011050129236348127,UPI,0.38529908571734994,0,2
4045,35,Tier1,SME,57491,23617,2,16,10,5,0.27735684388862264,0.07172165264060894,UPI,0.4107947330886574,0,2
4046,41,Tier2,MNC,61304,12635,1,10,17,2,0.5060240877121606,0.10242758360177213,UPI,0.20610400626386532,0,4
4047,46,Tier2,SME,64878,11474,2,11,1,2,0.4250540328934812,0.06110005567360002,UPI,0.1768550201917445,0,1
4048,25,Tier2,Startup,40975,18360,0,10,8,2,0.3037337124268262,0.21037230005910623,UPI,0.44807809640024404,0,2
4049,31,Tier2,Gig,63912,30810,0,23,1,1,0.3283730121466611,0.19908912928651362,Card,0.4820690950056327,0,2
4050,32,Tier2,Gig,49331,20440,2,21,0,1,0.09107144088105579,0.013423691998926547,NetBanking,0.414343921671971,0,3
4051,46,Tier1,SME,61803,22909,2,12,2,2,0.20701603135792324,0.08523139301621648,Card,0.3706777988123554,0,1
4052,52,Tier2,MNC,64819,20871,3,11,15,3,0.1397397380362478,0.040695250083357795,Card,0.3219889230009719,0,2
4053,48,Tier3,SME,59865,26944,1,6,3,2,0.12199234309267701,0.03288277441875401,UPI,0.4500793451933517,0,2
4054,22,Tier1,MNC,57153,28314,2,14,7,4,0.31362925734345587,0.014897033864372527,UPI,0.4954070652459189,1,69
4055,31,Tier2,Gig,64819,26695,1,14,2,2,0.2979667706838946,0.10867920544695175,UPI,0.41183912124531386,1,92
4056,47,Tier2,MNC,63338,24765,3,9,10,1,0.23742600096341734,0.11857474789516351,NetBanking,0.39099750544696704,1,97
4057,32,Tier2,MNC,79034,26554,2,14,16,3,0.1720100620744311,0.1253587000055624,UPI,0.3359819824379381,0,2
4058,49,Tier2,Gig,55837,21985,3,16,13,1,0.331926240915678,0.009674181680811456,UPI,0.393735336783853,0,4
4059,54,Tier1,SME,62163,15737,2,6,16,1,0.10228258938963711,0.19901907273523026,UPI,0.25315702266621626,0,3
4060,39,Tier2,MNC,25674,6808,2,10,14,2,0.02460391090566915,0.1995468693502152,UPI,0.26517099010672274,0,1
4061,29,Tier3,SME,58797,9923,3,23,17,5,0.19903950677599,0.027065133623929497,UPI,0.16876711396839975,0,3
4062,47,Tier3,Gig,83108,39840,1,22,10,0,0.053768137063439685,0.18240547028088824,Card,0.4793762333349377,0,3
4063,27,Tier3,Gig,82579,37403,2,7,16,1,0.11499258203901885,0.032545759069435985,UPI,0.45293597645890604,1,63
4064,43,Tier1,MNC,52628,11097,1,15,13,2,0.1663424485661407,0.03353132168223314,Card,0.21085733829900433,0,3
4065,29,Tier1,Startup,48474,11958,2,14,2,4,0.3938621180972797,0.07931013145467891,Card,0.24668894665181335,0,7
4066,25,Tier1,MNC,46566,22418,1,19,0,0,0.20063539441183464,0.006903531736256828,UPI,0.4814242150925568,0,1
4067,34,Tier2,MNC,44002,11451,0,23,10,2,0.198244016922774,0.030591791138882177,Card,0.2602381709922276,0,0
4068,38,Tier2,MNC,67635,30107,3,6,13,0,0.20851079598216452,0.2744282162312023,UPI,0.44513935092777407,0,1
4069,38,Tier1,Gig,83451,38677,2,13,8,0,0.10636016372221603,0.014460244816114362,Card,0.4634695809516962,1,69
4070,26,Tier1,SME,65991,23928,3,22,11,2,0.26824262634211554,0.05600635246155265,Card,0.3625948993044506,0,0
4071,33,Tier3,Startup,24134,10379,2,8,14,2,0.09449281098409255,0.19751273491004534,Card,0.4300571807408635,0,2
4072,23,Tier1,Startup,58184,21843,3,6,14,3,0.16811442716472458,0.11525241143477774,UPI,0.37541248453183007,0,1
4073,38,Tier1,MNC,66499,27013,2,17,15,0,0.13442912595502426,0.12283068562267746,NetBanking,0.4062166348366141,0,0
4074,28,Tier1,MNC,67628,32640,0,15,9,3,0.16051982797072353,0.06961876606953242,Card,0.48264032649198557,0,0
4075,49,Tier2,MNC,69589,30594,2,20,4,2,0.2675136994233454,0.1511814565131939,UPI,0.43963844860538304,0,4
4076,40,Tier3,MNC,69486,12418,2,11,17,2,0.12008841728665594,0.1353983327697386,Wallet,0.17871225858446305,0,1
4077,34,Tier3,Gig,47851,23121,0,23,7,2,0.6519394102051943,0.11919185533380669,NetBanking,0.48318739420283796,1,96
4078,32,Tier1,Startup,22722,7556,3,20,0,1,0.06584053311255338,0.05449169004284154,NetBanking,0.33254114954669484,0,2
4079,50,Tier1,Startup,43840,16856,2,19,8,1,0.197150228053519,0.03129063671351722,UPI,0.3844890510948905,0,2
4080,28,Tier2,Startup,20713,6392,2,6,17,2,0.19344488680158917,0.016241741781444004,UPI,0.30859846473229374,0,2
4081,46,Tier1,MNC,67900,13728,0,14,8,1,0.057567154965944334,0.10605146557024599,UPI,0.202179675994109,1,62
4082,33,Tier2,MNC,28913,7154,1,19,4,3,0.11121790912713253,0.29064988366692895,UPI,0.24743195102549026,0,0
4083,52,Tier3,Startup,62287,26659,2,13,12,4,0.1980368185389972,0.0645071169927782,Card,0.4280026329731726,0,1
4084,27,Tier3,MNC,93195,17899,1,12,11,2,0.21913015470120262,0.012908928735347037,UPI,0.19205965985299642,0,4
4085,50,Tier2,SME,71694,35539,0,14,14,5,0.1828786336936884,0.13151380968813814,UPI,0.49570396406951767,1,58
4086,26,Tier1,SME,46426,8096,2,9,0,2,0.14202221439297188,0.05193730077051763,UPI,0.17438504286391246,0,2
4087,33,Tier2,Gig,49395,18312,2,21,17,3,0.3220863680117993,0.1124515011043241,Card,0.370725781961737,1,115
4088,33,Tier2,Startup,75551,35976,1,7,9,2,0.1539262666746048,0.1791181558666497,UPI,0.4761816521290254,1,115
4089,25,Tier1,Gig,53680,19237,2,18,6,3,0.1647302436492101,0.21664082263452844,Wallet,0.35836438152011924,0,4
4090,21,Tier3,MNC,41855,8212,1,7,3,2,0.6112622685453035,0.1376348558149344,Card,0.19620117070839804,0,3
4091,25,Tier1,MNC,82469,34331,2,15,6,1,0.1449221272541017,0.04742478993444823,Card,0.4162897573633729,0,3
4092,44,Tier2,SME,89889,31817,3,16,1,1,0.25853229146850915,0.04153375043571563,UPI,0.35395877137358295,0,1
4093,23,Tier2,SME,59294,16922,2,15,15,2,0.21248946954249984,0.11597590457255935,UPI,0.28539143926872873,0,2
4094,41,Tier3,SME,63173,20831,0,18,1,0,0.08177933273866556,0.05105061719819143,Card,0.3297453025817992,0,2
4095,49,Tier3,Startup,52813,19005,2,23,4,1,0.3380967816442822,0.007848960704022748,UPI,0.3598545812584023,0,1
4096,43,Tier1,SME,51309,15435,3,9,11,0,0.255813417706573,0.0710972939496492,UPI,0.3008244167689879,0,4
4097,27,Tier1,SME,64430,20683,2,9,7,2,0.2230779289532529,0.038471550904813044,Wallet,0.32101505509855655,0,4
4098,46,Tier1,MNC,59924,26598,1,11,2,1,0.16845053374917027,0.038142915311474554,NetBanking,0.4438622254856151,1,106
4099,42,Tier1,SME,59025,25686,3,21,15,3,0.3480631809340215,0.08718051130708783,UPI,0.4351715374841169,0,1
4100,29,Tier2,SME,56518,25737,1,8,3,5,0.1346488003220035,0.10745875742433438,Wallet,0.4553770480200998,0,2
4101,23,Tier1,Gig,114013,45730,0,13,12,1,0.08117671279927553,0.17148375731588494,UPI,0.4010946120179278,0,2
4102,49,Tier1,MNC,41078,15378,1,17,7,1,0.02283738098087673,0.1130444460167958,UPI,0.3743609718097278,0,1
4103,30,Tier1,SME,58495,13623,1,22,6,2,0.26702448557397385,0.2087307279062551,NetBanking,0.23289170014531158,1,99
4104,32,Tier3,Gig,65360,11252,2,6,3,2,0.4001671177238334,0.0868450424699358,UPI,0.17215422276621786,0,2
4105,25,Tier1,SME,44686,9718,3,11,4,2,0.32157682564846596,0.06407051569392248,UPI,0.21747303405988452,0,0
4106,32,Tier2,Startup,56149,21358,3,20,0,3,0.12248294133685081,0.04981425124457539,NetBanking,0.3803807725872233,0,2
4107,40,Tier1,Startup,82155,26941,2,19,15,1,0.22972462057845947,0.11140819782270944,UPI,0.32792891485606473,0,2
4108,48,Tier1,Startup,50249,14602,2,17,4,0,0.25838142778970563,0.21040160201748037,UPI,0.29059284761885806,0,2
4109,45,Tier3,SME,75454,36459,1,13,17,1,0.49913995735002625,0.13918781163340072,UPI,0.4831950592413921,1,70
4110,44,Tier2,SME,67313,32860,3,9,4,1,0.28998026993083137,0.1325598445969886,UPI,0.48816721881360214,1,34
4111,35,Tier1,Gig,56812,13731,2,7,12,0,0.14942280010273268,0.1341491945936918,Card,0.2416918960782933,0,0
4112,46,Tier1,Gig,56630,13451,0,6,10,1,0.17725863861324853,0.01333037247018557,Wallet,0.23752428041674023,0,3
4113,31,Tier1,Gig,62783,23832,2,16,6,0,0.15409071644870143,0.17868753253346248,NetBanking,0.3795932019814281,1,58
4114,42,Tier3,MNC,41834,19980,1,10,17,1,0.5294519146426895,0.0565662344955701,Card,0.4776019505665248,0,2
4115,37,Tier1,MNC,75102,37526,0,17,3,2,0.227913461352568,0.01391262698913445,NetBanking,0.499667119384304,1,52
4116,33,Tier2,Gig,68990,26774,2,12,5,5,0.1554387837986043,0.2990499845668769,UPI,0.38808522974344106,0,1
4117,22,Tier1,MNC,60090,10130,2,18,5,1,0.2510138090329708,0.15597714307161495,Card,0.16858046263937426,0,3
4118,39,Tier1,MNC,53972,17542,2,14,5,4,0.048252019141348364,0.19890683455469402,UPI,0.3250203809382643,0,2
4119,36,Tier3,Startup,37040,12195,2,22,9,4,0.2261338191387645,0.2146135089930918,UPI,0.32923866090712745,0,3
4120,38,Tier2,Startup,72066,31241,0,14,4,3,0.3451023426459682,0.21105010477163838,Wallet,0.43350539782976716,1,73
4121,39,Tier3,Gig,58830,16278,2,9,16,1,0.19261186747614178,0.041561766791874545,NetBanking,0.2766955634880163,1,111
4122,27,Tier1,MNC,46690,10211,0,14,14,2,0.18168323139147602,0.08841425122867527,Card,0.21869779396016278,0,1
4123,46,Tier3,SME,48234,14393,3,12,13,2,0.39499813828441915,0.22964682826305632,UPI,0.29839946925405314,0,0
4124,46,Tier1,SME,66132,29268,0,16,10,2,0.14203659825605947,0.30726500325849077,UPI,0.44256940664126293,0,3
4125,40,Tier1,MNC,69576,11864,1,15,0,0,0.3551108225678069,0.036748642804170596,Wallet,0.17051856962170864,0,2
4126,44,Tier3,SME,41272,20210,2,7,6,0,0.1548450099543033,0.04641248690861491,Card,0.48967823221554563,0,3
4127,27,Tier2,MNC,46345,9749,1,12,6,0,0.2714867661121748,0.1657430307077192,Card,0.2103571043262488,1,113
4128,34,Tier1,SME,48839,15148,2,15,4,0,0.3667841506254874,0.035195064488262234,UPI,0.31016196072810664,0,2
4129,47,Tier1,Startup,66869,30044,1,19,13,0,0.05187956055703993,0.1840172309768373,Card,0.44929638547009826,0,1
4130,52,Tier1,Startup,46268,16788,2,6,7,2,0.7600189483242674,0.02806068119428704,UPI,0.3628425693784041,0,1
4131,24,Tier1,MNC,58353,14917,0,22,6,0,0.46991953959508587,0.3419083155000381,NetBanking,0.25563381488526726,0,3
4132,34,Tier2,MNC,66618,17025,2,9,11,4,0.13036361785938494,0.09008036183683567,NetBanking,0.2555615599387553,0,1
4133,52,Tier1,MNC,67397,29260,3,7,1,0,0.22031450157985016,0.006820790105943365,Card,0.4341439529949404,0,0
4134,25,Tier1,MNC,45855,10349,2,12,9,3,0.16598352394762872,0.03892817910010419,Card,0.225689673972304,0,1
4135,37,Tier1,Gig,68832,34113,1,9,16,2,0.10189292019391187,0.43192631608826265,Card,0.49559797768479774,0,4
4136,54,Tier1,SME,59868,29551,2,14,16,0,0.3454211460737646,0.2630607314392387,UPI,0.4936025923698804,0,1
4137,44,Tier1,Gig,56241,14349,3,19,9,3,0.3104023440523174,0.056975440307696974,UPI,0.25513415479810103,0,2
4138,47,Tier2,SME,45355,13028,1,21,5,0,0.38944897359013186,0.05096512916612895,Card,0.28724506669606437,0,4
4139,51,Tier1,Gig,58962,24995,1,17,6,2,0.23842523735877108,0.08015949828617376,UPI,0.4239170991486042,0,4
4140,40,Tier2,MNC,53421,11242,2,19,1,3,0.2618411834892732,0.1448688831388,Wallet,0.21044158664195728,1,90
4141,42,Tier2,MNC,49325,11976,2,20,6,1,0.17156680928588022,0.1450971935593912,Wallet,0.2427977698935631,0,2
4142,41,Tier1,Startup,44818,18134,2,7,3,1,0.4199649191357123,0.16519621300922355,Card,0.4046142175018966,0,1
4143,47,Tier2,Startup,41501,17488,1,19,3,5,0.2735054982886029,0.11873702507335185,UPI,0.4213874364473145,0,4
4144,31,Tier1,MNC,72493,30490,1,9,8,2,0.4024572060777367,0.19468317283285919,Card,0.4205923330528465,1,92
4145,39,Tier1,Gig,52163,24363,2,15,17,0,0.1238621799466062,0.13055983213427313,Card,0.467055192377739,0,3
4146,41,Tier1,SME,95927,15664,3,12,14,0,0.2921977588580189,0.05316563256845908,Card,0.16329083573967704,0,2
4147,24,Tier2,Startup,57557,27308,0,16,12,3,0.5561752049649862,0.18957459912466915,NetBanking,0.4744514133815175,0,2
4148,50,Tier3,SME,22451,5938,1,9,14,2,0.049181688323328525,0.16257914759891395,UPI,0.2644871052514365,0,3
4149,29,Tier1,Gig,59302,18892,2,23,15,1,0.076362065512729,0.08904020503127094,UPI,0.31857272941890663,0,1
4150,28,Tier1,Startup,63146,23255,2,17,17,2,0.25472084458312694,0.07182612192910978,NetBanking,0.36827352484717957,0,1
4151,46,Tier1,MNC,61723,24602,0,13,12,1,0.18973974911360694,0.17507689070613927,Wallet,0.39858723652447225,0,2
4152,26,Tier3,SME,84970,14018,2,13,8,1,0.3306930393661167,0.167458958125252,NetBanking,0.1649758738378251,1,111
4153,51,Tier1,SME,47845,7754,2,21,1,7,0.385733760242004,0.06293843095576959,Wallet,0.16206500156756193,0,4
4154,47,Tier2,MNC,83069,15431,1,14,12,3,0.37043446787640455,0.026075496170930468,UPI,0.18576123463626623,0,2
4155,40,Tier1,MNC,57053,24842,2,14,3,4,0.23199803428308594,0.10067300959667233,NetBanking,0.4354196974742783,0,0
4156,44,Tier3,SME,46928,10973,0,21,17,2,0.047759747536528854,0.12960423286326678,NetBanking,0.23382628707807707,0,0
4157,43,Tier1,Startup,81153,35669,2,12,16,2,0.4191445875585745,0.27021982627364655,NetBanking,0.4395278055031853,0,1
4158,28,Tier1,MNC,69871,30985,2,16,14,2,0.05120628120405977,0.14856166364010576,UPI,0.44346009073864695,0,2
4159,31,Tier2,MNC,47001,8022,1,7,14,2,0.2021601608005981,0.05039036959505191,Card,0.1706772196336248,0,3
4160,43,Tier2,SME,76115,32498,0,17,17,0,0.23121443436792727,0.08250831592800816,Card,0.4269592064639033,0,1
4161,31,Tier1,Startup,16122,3582,2,10,12,2,0.1352689472580639,0.11247327172685517,Card,0.22218087085969482,0,4
4162,45,Tier2,Gig,57010,21353,2,13,2,0,0.19507915744576687,0.11844635561679788,Card,0.37454832485528855,0,1
4163,26,Tier1,Gig,62638,12737,1,17,12,1,0.2884391896008584,0.03645497996006328,UPI,0.2033430186148983,0,0
4164,30,Tier2,Startup,58500,27401,1,16,0,3,0.03957275362635203,0.05385106436138014,Card,0.46839316239316237,0,1
4165,41,Tier2,Gig,78659,37440,2,10,11,2,0.10113153844548128,0.14999266440269526,UPI,0.4759785911338817,1,43
4166,31,Tier1,MNC,76488,20463,1,14,10,1,0.5392155242150479,0.027689832870160254,UPI,0.26753216190775025,0,2
4167,32,Tier3,Startup,51121,12286,2,6,3,3,0.020555201074925023,0.0539242806896711,Card,0.24033176189824143,0,4
4168,26,Tier1,MNC,62402,12205,3,12,11,1,0.25160734867320195,0.02150159731423822,UPI,0.1955866799141053,0,1
4169,41,Tier1,Gig,62803,21213,1,6,7,2,0.2998496937595132,0.09119301858243621,UPI,0.33777048867092335,1,35
4170,39,Tier1,Startup,70704,22586,1,16,9,3,0.32579533440502045,0.052628858135831784,UPI,0.3194444444444444,0,0
4171,33,Tier3,Startup,43508,19287,3,18,6,4,0.16293756523291741,0.01925085039746525,Card,0.4432977843155282,0,1
4172,43,Tier2,MNC,47141,14090,0,21,5,1,0.5719506562440112,0.15111366720063954,UPI,0.2988905623554867,0,2
4173,21,Tier2,SME,81563,36152,2,14,16,3,0.15031848241692924,0.03774606291847868,UPI,0.44324019469612447,0,1
4174,39,Tier3,MNC,57943,17567,1,22,8,2,0.23097227245007199,0.06552065593206932,UPI,0.30317726041109366,0,2
4175,41,Tier2,SME,74858,12447,2,16,6,3,0.10026240436278062,0.3944805567460379,UPI,0.16627481364717198,0,1
4176,30,Tier2,Gig,77555,22879,1,10,13,1,0.40842743896183525,0.02603027387497813,Card,0.2950035458706724,0,3
4177,35,Tier2,SME,52307,12596,2,16,13,2,0.21349021013074873,0.001357034817371573,UPI,0.24080906953180262,0,1
4178,37,Tier3,SME,75608,17371,2,17,13,4,0.1303934368463044,0.39007738569911415,UPI,0.2297508200190456,0,0
4179,47,Tier1,MNC,50077,10192,3,8,7,3,0.19504196145401223,0.061853340299249236,UPI,0.20352656908361125,0,0
4180,32,Tier3,Startup,47969,15557,2,23,0,1,0.08346297849651253,0.1961019934653591,UPI,0.32431361921240803,1,70
4181,47,Tier2,Gig,70901,35335,2,13,6,3,0.25616185805724806,0.01880244077991993,Card,0.49837096796942215,1,99
4182,32,Tier2,SME,36289,13149,2,19,8,0,0.44617614834768465,0.12367605409934479,UPI,0.3623412053239274,0,1
4183,30,Tier3,Startup,34474,12391,2,22,2,3,0.27181766741096036,0.05389000685323392,UPI,0.3594302952950049,1,115
4184,36,Tier1,SME,58566,22690,2,6,17,0,0.2184112611203249,0.28004524895308963,Card,0.38742615169210803,0,1
4185,26,Tier1,SME,65410,15308,1,16,2,1,0.29629633696169005,0.15351259932664463,UPI,0.23403149365540438,0,0
4186,34,Tier2,Gig,42252,20283,2,22,3,0,0.46810288703387526,0.038374553892213746,NetBanking,0.48004828173814257,0,4
4187,28,Tier1,MNC,76235,33995,3,18,12,2,0.1333053254763225,0.05983355200095997,Card,0.44592378828622026,0,0
4188,32,Tier1,Startup,31316,13095,2,22,15,2,0.06584603391132103,0.34137565787295643,Card,0.4181568527270405,0,6
4189,46,Tier2,Startup,34925,6192,1,21,2,4,0.26016408045582007,0.09063161627070836,UPI,0.17729420186113098,1,91
4190,35,Tier1,Gig,41175,11061,2,9,12,3,0.26895537309541095,0.008427626144189928,UPI,0.2686338797814208,0,4
4191,47,Tier1,SME,47008,20277,2,15,0,6,0.4131540710746989,0.10649728998616699,UPI,0.4313521102791014,1,36
4192,23,Tier1,MNC,71038,24099,2,12,14,0,0.4447680203384974,0.029833200770432788,NetBanking,0.3392409696218925,0,1
4193,25,Tier1,Gig,65393,25692,3,16,8,1,0.5441912149348646,0.15228900287573852,UPI,0.3928860887250929,1,113
4194,28,Tier1,MNC,52262,16084,2,18,7,1,0.1187837795335521,0.16828446400154337,UPI,0.3077570701465692,0,1
4195,32,Tier3,SME,43465,11364,1,15,2,2,0.00889582128132264,0.18833202585518918,UPI,0.26145174278154837,0,1
4196,54,Tier2,SME,55938,18895,2,14,1,0,0.1424948999348819,0.037116166178219945,UPI,0.33778469019271334,0,2
4197,53,Tier1,SME,66854,20431,0,23,13,3,0.4316043859981209,0.14710374823888994,Card,0.3056062464474826,0,1
4198,42,Tier1,SME,68549,29521,2,10,3,4,0.5603886889195188,0.08517893735237954,UPI,0.43065544355132823,0,5
4199,46,Tier1,SME,54353,25808,2,20,15,3,0.16227076612871075,0.0614498367404195,NetBanking,0.4748219969458908,1,65
4200,36,Tier1,MNC,56488,15399,1,23,17,1,0.20766775142746582,0.012360227195911636,UPI,0.2726065713071803,0,2
4201,39,Tier1,SME,82634,17206,2,20,12,2,0.10938427710793769,0.02666819941607996,Card,0.20821937701188373,0,2
4202,21,Tier1,MNC,43440,21250,2,21,1,3,0.3276504685690485,0.008566091721850612,UPI,0.4891804788213628,1,71
4203,45,Tier1,MNC,55954,26025,1,17,3,3,0.17715320615100877,0.05710997824592349,NetBanking,0.465114200950781,0,1
4204,26,Tier3,MNC,73483,14821,2,22,1,2,0.14830202181031893,0.13265605347761994,Card,0.20169290856388553,0,3
4205,45,Tier2,SME,62758,20489,0,10,13,0,0.23778030338303524,0.08418394299840702,NetBanking,0.3264763058096179,0,1
4206,22,Tier2,MNC,82622,33192,1,16,2,2,0.2658514409890478,0.015599967850085869,UPI,0.4017331945486674,0,2
4207,23,Tier1,MNC,64713,25478,2,9,15,0,0.3348398183155301,0.1508486841074505,UPI,0.39370760125477106,0,1
4208,30,Tier3,MNC,63182,10498,2,23,17,4,0.1122085329435551,0.0762596156754695,Card,0.16615491753980563,0,3
4209,54,Tier3,SME,99669,37790,3,16,7,2,0.040697390585805536,0.5133461637899079,NetBanking,0.379155003060129,0,2
4210,42,Tier1,SME,48226,9620,1,19,5,3,0.1853247998922411,0.007493606354550452,Card,0.19947746029112925,0,2
4211,23,Tier1,SME,61985,17161,2,23,16,2,0.2031145889669355,0.009138393606795766,Wallet,0.27685730418649673,0,1
4212,39,Tier1,SME,69169,29193,2,11,14,2,0.09768213322214772,0.26163507516846585,UPI,0.4220532319391635,0,2
4213,30,Tier1,MNC,29420,7490,2,23,3,2,0.13380609057872814,0.10600901522284836,Wallet,0.2545887151597553,0,1
4214,21,Tier1,SME,80435,33380,2,20,17,4,0.16467255968006916,0.1158641649682035,NetBanking,0.41499347299061357,0,5
4215,45,Tier1,Startup,60333,10158,0,7,5,1,0.5121121268800771,0.09767280894119063,UPI,0.1683655710805032,1,106
4216,41,Tier1,SME,30961,10858,1,7,14,2,0.6017642002670723,0.3235073822426803,UPI,0.35069926681954716,0,2
4217,39,Tier2,Gig,31424,10077,3,8,1,2,0.18610616713275466,0.07711008202629732,NetBanking,0.32067846232179226,0,3
4218,21,Tier2,SME,48983,7823,1,13,8,1,0.182609940060007,0.08487486123194275,UPI,0.1597084702856093,0,0
4219,45,Tier3,Gig,56279,20840,3,9,12,1,0.18762973379835957,0.03964877559101576,UPI,0.3702979797082393,0,1
4220,26,Tier2,SME,49324,8979,2,18,10,2,0.09855480792713638,0.18487496029280434,Card,0.18204119698321303,0,2
4221,52,Tier1,MNC,63976,25788,1,20,4,0,0.21740401804260973,0.07324809236084084,UPI,0.4030886582468426,0,1
4222,26,Tier2,Startup,62809,15242,0,20,12,2,0.19731510875219085,0.07249349463963312,UPI,0.2426722285022847,0,2
4223,43,Tier1,MNC,44199,21768,2,19,15,3,0.45574332657218386,0.11482946745480124,UPI,0.492499830312903,0,3
4224,50,Tier2,Startup,25608,10748,2,18,15,0,0.06360470461570611,0.024240029340892633,UPI,0.4197125898156826,0,2
4225,45,Tier1,MNC,60599,10816,2,8,9,2,0.2333701939521446,0.13418429926614162,UPI,0.17848479347844023,0,1
4226,28,Tier1,SME,85568,38331,1,20,13,5,0.41680860960767413,0.025196936711485034,UPI,0.4479595175766642,0,1
4227,40,Tier3,MNC,68583,26440,0,9,9,2,0.1806969304855928,0.07826606559734783,NetBanking,0.38551827712406866,0,1
4228,50,Tier2,Startup,48782,22516,3,21,16,2,0.4352418755796869,0.444049596443636,UPI,0.4615636915255627,0,2
4229,54,Tier2,MNC,73247,16539,2,13,12,1,0.2405326840159331,0.16154890816063286,NetBanking,0.22579764358949855,0,0
4230,40,Tier2,Gig,71890,35763,2,10,4,1,0.384541331994696,0.00841969789839238,NetBanking,0.49746835443037973,0,3
4231,24,Tier2,MNC,88464,28774,2,14,15,3,0.3420648728776968,0.15915294369072389,UPI,0.3252622535720745,0,1
4232,43,Tier2,Gig,69584,30681,3,11,10,1,0.29468785229361455,0.46958476472712507,UPI,0.4409203265118418,0,1
4233,32,Tier3,SME,29907,14032,2,10,3,0,0.407887527645954,0.06264332896541001,UPI,0.46918781556157424,0,0
4234,39,Tier1,MNC,62849,20540,2,15,14,1,0.32110075281375017,0.12067721146795585,UPI,0.32681506467883337,0,3
4235,52,Tier1,MNC,89539,16788,1,14,15,3,0.2274393525786985,0.08301979076451392,Card,0.18749371782128457,0,2
4236,42,Tier1,MNC,83684,21529,0,8,4,1,0.1000817551768661,0.021284167534592946,UPI,0.25726542708283545,0,1
4237,24,Tier2,SME,58454,27070,1,14,9,3,0.41368852556099167,0.340886353064129,UPI,0.46309918910596365,1,79
4238,23,Tier2,MNC,53626,8884,1,14,2,1,0.058017644167155255,0.20381766631688647,UPI,0.16566590832804984,0,4
4239,44,Tier2,SME,55005,13468,2,9,12,2,0.16205972596472684,0.09611923393644124,UPI,0.24485046813926006,0,3
4240,35,Tier1,Gig,41995,8563,1,23,10,1,0.43413107458466105,0.02233399571119383,Card,0.2039052268127158,0,3
4241,39,Tier2,MNC,28459,9013,1,16,14,2,0.07227387678738188,0.029828463689369575,Wallet,0.3167012192979374,0,0
4242,29,Tier2,Gig,50055,24874,0,11,3,1,0.043281728228843366,0.0353770025494681,UPI,0.4969333732893817,0,3
4243,38,Tier1,SME,70300,27576,2,17,7,3,0.047809512851281974,0.20634619350834008,UPI,0.39226173541963016,0,2
4244,45,Tier1,SME,54348,10123,2,8,4,2,0.31339094615816343,0.1752889837289203,Card,0.18626260395966732,0,2
4245,32,Tier2,SME,32520,9105,1,7,5,2,0.2099121359450254,0.04856750077284384,Card,0.27998154981549817,0,0
4246,23,Tier3,MNC,37314,17588,0,19,6,1,0.08217643186359806,0.025499193789633775,Wallet,0.471351235461221,0,1
4247,27,Tier1,MNC,62005,9737,2,22,17,3,0.5906032075843947,0.019400056200306368,UPI,0.15703572292557053,0,3
4248,47,Tier3,MNC,53548,23337,1,20,10,2,0.25698442158247864,0.030844381470843656,Wallet,0.4358145962500934,1,31
4249,26,Tier2,MNC,82569,26130,2,6,11,1,0.28249246838661396,0.024906843243413638,Card,0.31646259492061185,0,2
4250,23,Tier3,SME,95878,24431,2,12,6,4,0.377387618225178,0.11844397110773405,UPI,0.25481340870689834,0,1
4251,25,Tier1,MNC,42198,17500,2,20,10,2,0.2939304941561303,0.151635725980254,Card,0.4147115977060524,0,2
4252,33,Tier1,MNC,58848,12206,3,18,12,2,0.206212463485539,0.2733417098995753,UPI,0.20741571506253398,0,1
4253,50,Tier1,SME,78920,17920,1,12,11,1,0.31751991038779814,0.10502845061050446,NetBanking,0.22706538266599088,1,104
4254,38,Tier1,Startup,81604,16907,1,17,8,2,0.5211714493459738,0.06501625231969654,UPI,0.20718347139846086,0,2
4255,42,Tier1,SME,58668,26490,0,14,4,2,0.5541162562443454,0.047408947028134904,UPI,0.45152382900388627,0,3
4256,51,Tier3,MNC,37844,9704,2,21,11,4,0.4784037828191838,0.08590526367127942,UPI,0.25642109713560934,1,41
4257,34,Tier1,SME,61300,28511,1,12,10,2,0.25549070593560896,0.08518401903885636,NetBanking,0.4651060358890701,0,0
4258,47,Tier3,MNC,48851,20652,1,14,1,3,0.12101778255739469,0.12236233066798645,Card,0.4227549077808028,1,75
4259,29,Tier2,MNC,52396,15851,2,23,15,1,0.12364633462158776,0.1550206242064183,Card,0.30252309336590577,0,0
4260,22,Tier3,MNC,78167,30925,1,20,14,1,0.5625372322602683,0.01709995995364924,UPI,0.39562731075773666,0,3
4261,39,Tier2,MNC,70204,28386,1,11,11,2,0.10112939331164846,0.05422043498361317,NetBanking,0.40433593527434336,0,4
4262,49,Tier1,MNC,60342,25707,3,12,12,2,0.13216390684695836,0.03852914435327422,NetBanking,0.4260216764442677,0,5
4263,29,Tier1,MNC,45493,7163,1,20,5,1,0.3643499071805835,0.014801536739476375,Card,0.15745279493548459,0,1
4264,46,Tier3,MNC,43278,16054,2,14,6,1,0.09142984358668851,0.12083096654069614,UPI,0.3709505984564906,0,3
4265,30,Tier1,Startup,49720,9301,2,12,10,0,0.23478819758314115,0.12521185241094018,UPI,0.18706757843925986,1,116
4266,27,Tier2,Gig,79445,30577,2,8,6,1,0.11732453718258713,0.11449386632539856,Card,0.3848826231984392,0,0
4267,42,Tier3,Startup,46839,12633,1,22,6,1,0.2815588104584035,0.05129089494445656,Card,0.26971113815410236,0,1
4268,44,Tier1,Gig,53948,25512,2,21,14,1,0.11229998674069835,0.2408481468364269,UPI,0.47289982946541115,1,35
4269,33,Tier1,Startup,55406,25868,2,14,9,2,0.544669408729369,0.0678778897804635,Card,0.4668808432299751,1,62
4270,40,Tier3,MNC,66441,16541,3,23,8,0,0.16076243011393312,0.13454727421308924,Card,0.2489577218885929,0,3
4271,25,Tier2,SME,29772,10194,1,10,15,1,0.36389110566033056,0.049055620991022994,UPI,0.3424022571543732,0,0
4272,35,Tier1,Gig,67838,25638,1,6,15,2,0.28410122624655787,0.1407069113063389,UPI,0.3779297738730505,0,1
4273,30,Tier1,Startup,63090,12527,2,23,16,3,0.489029551031278,0.3433380247053736,NetBanking,0.19855761610397846,0,4
4274,49,Tier1,Startup,73090,18843,3,22,5,3,0.10845958380796161,0.12452775410033937,UPI,0.25780544534135996,0,1
4275,54,Tier3,SME,52143,14525,1,22,10,4,0.35628889674577263,0.17419012972630438,UPI,0.27856088065512147,0,2
4276,30,Tier1,Gig,63306,22594,2,19,5,1,0.19927621242177854,0.028664412450421107,UPI,0.35690139955138533,0,3
4277,54,Tier3,Startup,97053,21880,2,9,15,1,0.029127210824261257,0.04892676638430016,UPI,0.22544382966008264,1,102
4278,23,Tier2,Gig,43762,11367,2,19,6,1,0.132482122664506,0.20011532000417567,UPI,0.2597458982679037,0,2
4279,46,Tier1,MNC,64619,14047,2,20,2,2,0.5256008600390929,0.015758829538025074,Wallet,0.21738188458502916,0,0
4280,52,Tier2,MNC,37214,7100,1,11,5,1,0.05119863023795285,0.05433321784887243,Card,0.19078841296286345,0,4
4281,49,Tier3,Startup,47691,11538,1,8,7,2,0.15494937568874018,0.13461816601462223,UPI,0.24193244008303452,0,2
4282,51,Tier2,Startup,42964,17835,2,12,9,2,0.581116658777509,0.14991021352158487,UPI,0.41511497998324176,0,4
4283,44,Tier2,MNC,69800,18371,0,13,7,2,0.615262866721286,0.0542633124333257,UPI,0.2631948424068768,0,4
4284,49,Tier2,Startup,60548,29864,2,18,14,6,0.3491630992806403,0.056606738181712545,UPI,0.49322851291537295,0,3
4285,42,Tier1,Startup,42237,16524,1,12,0,0,0.1363373196904838,0.03466269068501219,UPI,0.39122096739825274,0,3
4286,33,Tier1,MNC,75781,26015,1,22,11,3,0.4467853163722595,0.050886008166963384,UPI,0.3432918541586941,1,54
4287,36,Tier2,MNC,87535,23915,1,17,13,1,0.3172844651567131,0.17057609349333913,UPI,0.2732050037128006,0,4
4288,46,Tier1,Gig,56055,21599,1,10,4,1,0.1677092065121809,0.08962548371786402,UPI,0.3853179912585853,0,1
4289,53,Tier1,Startup,42996,14020,2,18,10,0,0.21456477314378247,0.2158828932712749,Card,0.32607684435761464,0,3
4290,24,Tier3,MNC,43721,10060,2,20,9,2,0.379683683239038,0.014324388073816113,UPI,0.23009537750737633,0,1
4291,31,Tier3,MNC,62254,21316,2,23,15,3,0.4052250900038081,0.08041711766811489,NetBanking,0.3424037009670061,1,78
4292,54,Tier1,MNC,80612,27439,1,10,3,3,0.15040330267584492,0.11364329556575616,Card,0.340383565722225,0,2
4293,30,Tier1,Gig,81425,31470,2,22,14,2,0.22773870315697037,0.06611897756995624,Card,0.386490635554191,1,57
4294,37,Tier1,SME,62810,19675,3,8,15,1,0.18056197782223632,0.19484353328789458,Card,0.31324629836013373,1,58
4295,50,Tier1,Startup,55621,16725,1,20,12,2,0.26246124651651137,0.04594087817250683,NetBanking,0.3006957803707233,0,1
4296,47,Tier1,Gig,66812,13052,3,10,11,2,0.2728536516998824,0.07155420445275214,UPI,0.19535412800095792,0,1
4297,30,Tier1,SME,70998,14478,2,10,4,1,0.20169891828199563,0.17040282746377267,UPI,0.2039212372179498,0,0
4298,43,Tier3,MNC,72914,11492,3,9,10,2,0.060754248904559334,0.08206322755399989,UPI,0.15761033546369696,0,3
4299,37,Tier1,Startup,77784,36171,1,21,6,1,0.35249553382590243,0.27594987169321744,UPI,0.4650185128046899,0,0
4300,30,Tier1,Startup,46568,14525,1,20,3,2,0.22299109703862016,0.04985663479811673,Card,0.31190946572753825,0,3
4301,28,Tier2,MNC,58308,21681,0,19,13,0,0.11714763458788466,0.3305141707770779,Wallet,0.37183576867668244,0,3
4302,24,Tier1,SME,83627,39868,1,11,12,2,0.16112885174997466,0.23210863776886642,UPI,0.47673598239802933,1,103
4303,50,Tier1,MNC,15766,4159,3,20,16,1,0.14917705761794012,0.37549684159111807,UPI,0.2637955093238615,0,3
4304,43,Tier1,Startup,59360,17821,1,22,14,1,0.7122244544466948,0.01303762877963107,UPI,0.3002190026954178,0,4
4305,39,Tier2,Gig,51509,21718,2,21,8,1,0.3667924299161941,0.1799053273602622,Card,0.4216350540682211,0,1
4306,23,Tier2,SME,82028,12587,3,13,6,0,0.27917685226507255,0.5840706794064985,Card,0.1534476032574243,0,1
4307,29,Tier2,Gig,47872,11441,2,23,0,4,0.09733250805318272,0.09044552706847189,NetBanking,0.23899147727272727,0,0
4308,37,Tier2,MNC,90334,38487,1,8,15,6,0.12123323404771648,0.08923138924633013,UPI,0.4260522062567804,0,2
4309,32,Tier1,MNC,64165,30108,3,9,13,1,0.2586866078174463,0.25699413549928846,UPI,0.46922777214992595,0,1
4310,38,Tier2,Gig,52312,16370,2,21,10,6,0.14430758416822215,0.001303838370628563,Card,0.3129301116378651,0,5
4311,46,Tier2,SME,28860,13917,2,18,16,5,0.11233624573611828,0.0673121144348703,NetBanking,0.4822245322245322,1,112
4312,27,Tier3,MNC,66915,30656,3,13,1,5,0.1916930701821267,0.18559313383823772,Wallet,0.45813345288799223,1,98
4313,24,Tier1,MNC,61993,25950,1,8,0,5,0.08493813862546197,0.1497040223520631,NetBanking,0.41859564789573017,0,1
4314,54,Tier2,MNC,50875,13087,2,9,12,1,0.3209125668062083,0.2665709579466238,UPI,0.25723832923832923,1,95
4315,22,Tier2,Gig,37808,16724,1,16,1,1,0.11132178073426366,0.09307028791771338,UPI,0.4423402454506983,0,2
4316,49,Tier2,MNC,12000,2654,0,23,9,3,0.07409187350154474,0.10023344336286343,Card,0.22116666666666668,0,1
4317,39,Tier1,SME,68586,32163,2,19,10,6,0.19379017864236037,0.21805135617972415,Card,0.468944099378882,0,3
4318,35,Tier3,Startup,62052,28385,3,21,3,1,0.15204888132986832,0.08588404969253155,UPI,0.45743892219428867,1,80
4319,26,Tier3,MNC,38156,18846,3,8,12,2,0.10292445164745836,0.12666707658407084,Wallet,0.4939196980815599,0,3
4320,54,Tier1,MNC,31186,11289,1,17,1,1,0.11816863237014229,0.014334018992176853,UPI,0.36198935419739625,0,1
4321,36,Tier1,MNC,75292,11318,2,23,6,4,0.09763585085189389,0.009089545006802991,Card,0.15032141528980503,0,4
4322,31,Tier2,SME,59823,23208,1,13,8,2,0.500837359958383,0.028884246233836668,UPI,0.38794443608645507,0,1
4323,23,Tier1,Startup,90806,45074,2,12,6,6,0.5512302777723405,0.004560248611137357,UPI,0.49637689139484176,1,105
4324,52,Tier1,Startup,72797,15320,1,17,4,6,0.2146145321386091,0.09251032759188932,UPI,0.21044823275684438,0,3
4325,46,Tier1,SME,75672,33463,0,18,8,1,0.17021260411372086,0.29184331400817487,UPI,0.44221112168305315,0,3
4326,22,Tier1,Startup,68574,16560,2,8,0,0,0.27240058214581175,0.07028094022928875,Card,0.24149094408959665,0,3
4327,35,Tier1,Startup,60645,11581,2,21,15,5,0.15964159044754522,0.17727608975187426,UPI,0.19096380575480254,1,69
4328,42,Tier1,MNC,75707,27007,1,20,1,3,0.455312519218772,0.01473513536200837,UPI,0.35673055331739467,0,5
4329,32,Tier3,Startup,74988,15046,2,18,11,0,0.17918263670185405,0.07537185588015108,Card,0.20064543660318984,0,2
4330,48,Tier2,SME,47208,14688,2,19,7,1,0.19377250359911527,0.064184997055261,UPI,0.31113370615149977,0,5
4331,30,Tier2,Gig,57782,11052,3,23,14,0,0.1729372352483568,0.10582403140290299,Card,0.1912706379149216,0,2
4332,25,Tier2,Gig,60453,25747,2,17,1,1,0.22730190953994797,0.26540461219347566,Card,0.425901113261542,0,0
4333,38,Tier2,Gig,56444,9809,2,8,8,2,0.28367850677960355,0.013639928505703175,Wallet,0.17378286443200341,1,77
4334,43,Tier3,MNC,92908,37953,1,12,12,4,0.3743209463845945,0.0766850320920273,UPI,0.4085008825935334,0,1
4335,50,Tier2,SME,50697,16748,1,20,8,3,0.38735154409450334,0.1042752274271654,UPI,0.33035485334437936,0,3
4336,29,Tier1,Gig,69686,32879,3,16,16,5,0.3080725916159784,0.05591373773299924,Card,0.4718164337169589,0,4
4337,50,Tier3,SME,102918,30991,1,23,10,2,0.1895588460632852,0.018069501800435966,UPI,0.30112322431450284,0,1
4338,35,Tier2,SME,39795,6983,2,17,17,1,0.46893572792579846,0.00515286586546362,NetBanking,0.17547430581731374,0,0
4339,33,Tier3,Startup,88537,14455,0,23,1,3,0.43046019666449964,0.023924531313840414,Wallet,0.16326507561810316,0,2
4340,39,Tier3,Gig,21206,6373,1,19,9,3,0.1355603736059869,0.09357085027462878,Card,0.3005281524096954,0,1
4341,24,Tier1,MNC,59726,23636,1,10,12,2,0.36696081973959915,0.1353691216296352,UPI,0.39574054850483875,0,4
4342,32,Tier2,Startup,61844,24342,1,13,9,1,0.08854032534903909,0.28258753689851523,NetBanking,0.3936032598150184,0,3
4343,49,Tier1,SME,33252,5125,1,11,10,0,0.5693349842389607,0.14548165106875496,NetBanking,0.1541260676049561,1,39
4344,44,Tier1,SME,92354,24418,2,19,3,1,0.12291145341637713,0.1778892058201172,Wallet,0.2643956948264287,0,2
4345,27,Tier1,Startup,67020,13252,2,12,9,1,0.21861506599360447,0.05507592068007654,UPI,0.19773202029245002,0,0
4346,25,Tier2,MNC,107048,19345,0,6,14,1,0.1673783243812927,0.12999641909475837,Card,0.18071332486361258,0,1
4347,54,Tier2,MNC,16664,7355,3,14,17,2,0.04106615076613096,0.21843319107829529,UPI,0.44137061929908783,0,2
4348,34,Tier2,SME,58201,13122,2,14,14,0,0.08916960003931584,0.015776904553902488,UPI,0.2254600436418618,0,2
4349,23,Tier1,MNC,67600,20262,2,18,17,1,0.10865212700654697,0.02676821694883652,UPI,0.2997337278106509,0,2
4350,33,Tier1,Gig,86086,24869,2,20,12,4,0.150374086685366,0.05797644811896321,UPI,0.2888855330715796,0,3
4351,47,Tier2,Startup,55653,9065,2,9,7,1,0.43088169904594265,0.06516091699770932,UPI,0.16288430093615797,0,2
4352,38,Tier1,MNC,66678,29665,3,7,16,1,0.10425356139233645,0.1313277807996587,UPI,0.4448993671075917,0,3
4353,51,Tier3,MNC,65420,14216,2,12,17,4,0.33017399129868613,0.0820589663292748,UPI,0.21730357688780189,1,110
4354,32,Tier1,Startup,50910,24074,2,10,16,0,0.3172258793289879,0.07867084622117748,Card,0.47287369868395207,0,2
4355,23,Tier2,MNC,83562,35812,3,15,14,2,0.18457834517452765,0.18317909075511377,Card,0.4285680093822551,1,104
4356,40,Tier3,SME,70579,16014,2,11,11,0,0.3299309729125221,0.08035783071015397,UPI,0.22689468538800492,0,2
4357,32,Tier1,SME,48061,23568,1,21,5,3,0.5553087216021882,0.10053497128773936,NetBanking,0.4903768128003995,1,71
4358,51,Tier1,Startup,69235,18114,2,16,15,2,0.3222890404809952,0.4168308887365125,UPI,0.26163067812522567,0,4
4359,22,Tier2,Startup,66886,32340,2,15,10,2,0.3506771641823055,0.035509789055627516,UPI,0.4835092545525222,0,0
4360,49,Tier2,SME,75428,28517,1,6,7,1,0.05759900908746039,0.23370964825661633,NetBanking,0.3780691520390306,0,1
4361,46,Tier2,MNC,69065,12083,0,11,7,1,0.23663617836297865,0.07806567685347764,NetBanking,0.17495113299066098,0,3
4362,51,Tier1,SME,56064,26148,2,23,6,0,0.2694718466986859,0.033418996007820674,UPI,0.4663955479452055,0,2
4363,31,Tier1,MNC,58125,27640,2,11,9,1,0.5631173975617149,0.27228249349001893,NetBanking,0.4755268817204301,1,42
4364,39,Tier2,Startup,69689,25509,1,19,15,2,0.32667615174408504,0.026722811527851408,Card,0.3660405515935083,0,0
4365,41,Tier2,MNC,66726,12739,2,21,6,2,0.08357281851800182,0.18019980856184087,Card,0.1909150855738393,0,2
4366,24,Tier3,Gig,44331,13088,1,23,3,3,0.3953489298758585,0.08316347511317031,UPI,0.29523358372245156,0,0
4367,21,Tier3,MNC,80951,13895,2,15,14,2,0.3079939584598841,0.09417302462377351,UPI,0.1716470457437215,0,1
4368,47,Tier1,MNC,51444,16911,2,19,5,1,0.21719304569020143,0.2619521364048518,Card,0.3287263820853744,0,4
4369,46,Tier2,MNC,58470,14613,0,21,14,1,0.23335444020244042,0.30980624660794803,UPI,0.2499230374551052,0,2
4370,38,Tier1,Startup,35708,12129,1,16,11,0,0.19784560066476817,0.04811773103876354,UPI,0.3396717822336731,0,4
4371,26,Tier3,SME,41458,16277,1,22,13,5,0.3605991429294722,0.055357491374646045,UPI,0.3926142119735636,0,2
4372,40,Tier1,Startup,62474,22346,0,6,10,3,0.050669609385291706,0.0614008900220811,NetBanking,0.3576847968755002,0,2
4373,21,Tier1,MNC,51107,20304,1,9,17,2,0.22834673404822048,0.008364987144052129,Wallet,0.3972841293756237,0,4
4374,21,Tier1,Gig,31622,13564,2,20,17,1,0.16699146486320324,0.011552475111276614,UPI,0.42894187590917715,1,103
4375,46,Tier2,MNC,39510,19217,1,22,2,5,0.49259383146674285,0.0638285151935257,Wallet,0.48638319412806885,1,67
4376,42,Tier1,MNC,49668,12572,3,7,2,2,0.3813261760262186,0.044130064161800736,UPI,0.25312072159136667,0,5
4377,45,Tier1,Gig,101716,43433,2,6,10,1,0.39582714349316084,0.03111320009758052,UPI,0.42700263478705414,1,55
4378,25,Tier3,SME,44841,11191,1,11,15,2,0.2688513110600812,0.26642103969102193,UPI,0.24957070538123594,0,5
4379,40,Tier3,MNC,44772,13243,2,18,10,2,0.08743627537332715,0.1477021863786235,UPI,0.2957875457875458,0,1
4380,43,Tier1,Gig,82812,38832,1,20,15,4,0.14966547509014616,0.20637824042095956,NetBanking,0.468917548181423,0,2
4381,38,Tier3,Startup,34133,5121,2,6,11,3,0.1808825113700328,0.027623610366365264,Wallet,0.15003076201916035,0,2
4382,28,Tier1,Startup,72349,34097,0,16,9,2,0.024742021946209596,0.061740883539318676,UPI,0.4712850212166029,0,3
4383,53,Tier2,Gig,54110,8147,1,7,11,2,0.18862997163426917,0.18800305945787568,Card,0.15056366660506376,0,0
4384,22,Tier3,MNC,55924,21618,2,20,16,3,0.3850089849873788,0.11660536075828985,UPI,0.3865603318789786,0,3
4385,22,Tier3,MNC,58898,15403,1,10,16,1,0.5944506174722642,0.06987924870312881,UPI,0.26151991578661415,0,3
4386,26,Tier1,SME,63704,20571,3,20,13,3,0.11201220782348485,0.09773772466572755,Card,0.3229153585332161,0,1
4387,51,Tier3,MNC,41609,7029,2,12,1,2,0.35614498025261193,0.15363947705382958,Card,0.16892979884159676,1,36
4388,37,Tier2,MNC,90296,44330,1,8,5,3,0.2390096589709387,0.12420982933574463,UPI,0.49094090546646585,1,68
4389,31,Tier1,SME,66314,31933,2,20,8,2,0.16997195726117278,0.06351886124304723,Card,0.4815423590795307,0,2
4390,32,Tier1,Gig,48335,19303,1,19,16,2,0.26548264089553836,0.3421312136207496,Card,0.3993586428054205,0,4
4391,33,Tier3,SME,61744,22282,3,23,2,2,0.06817855223940819,0.0431279190959682,Card,0.36087717025136046,0,0
4392,41,Tier2,SME,38407,7986,3,14,11,2,0.0916506275076271,0.0018569535520430653,UPI,0.20793084593954228,0,2
4393,35,Tier1,MNC,60071,27258,2,11,2,0,0.455068822782014,0.05535951909287895,UPI,0.45376304706097786,1,103
4394,32,Tier1,Startup,59174,16794,2,14,5,1,0.12425877839223216,0.003003829079090885,UPI,0.2838070774326562,0,3
4395,30,Tier2,Startup,70741,19384,3,14,17,1,0.3444349794797562,0.18080651018709581,Wallet,0.2740136554473361,0,0
4396,47,Tier2,MNC,57953,12589,1,15,5,3,0.33653955565858223,0.20788918339078943,UPI,0.2172277535244077,0,0
4397,53,Tier2,MNC,76485,18276,1,12,8,1,0.1629117113732146,0.10130071726725567,UPI,0.23894881349284172,0,3
4398,46,Tier1,Gig,82707,26444,0,21,6,4,0.21724194460967905,0.20392474694849763,UPI,0.31973109893963025,1,85
4399,44,Tier2,Gig,49361,20522,0,12,12,3,0.14988167651875747,0.01843145358500903,Card,0.4157533275257795,0,2
4400,39,Tier2,MNC,53889,22853,2,15,15,2,0.1405935700577001,0.13803777756359512,Card,0.42407541427749634,0,4
4401,36,Tier1,MNC,54361,17494,2,11,17,2,0.1187858867728174,0.06384146261676885,Card,0.32181159286988836,0,2
4402,45,Tier2,Startup,77580,19602,2,15,0,2,0.33014529249077684,0.020143915484791847,Wallet,0.2526682134570766,0,1
4403,32,Tier2,MNC,75223,11680,2,7,14,0,0.32541389965488227,0.05646402332401314,NetBanking,0.1552716589341026,0,3
4404,38,Tier3,MNC,48716,16047,2,10,4,0,0.2321294750356007,0.11626557025985743,NetBanking,0.3293989654323015,0,2
4405,44,Tier1,MNC,66028,20284,2,16,16,2,0.3660045323761436,0.12415338216397671,Card,0.30720300478584844,0,2
4406,22,Tier3,Gig,71856,12657,3,22,5,1,0.2005640409500593,0.1865134478270149,Card,0.1761439545758183,0,2
4407,31,Tier1,MNC,33076,12980,1,14,4,2,0.24731127472724448,0.009674437910087996,Card,0.39242955617366065,0,2
4408,24,Tier1,Gig,59006,9068,1,7,16,3,0.46259575445716994,0.1715910307586432,NetBanking,0.15367928685218452,0,1
4409,28,Tier1,MNC,63570,14097,2,17,0,3,0.2273832831268427,0.0373034738817364,Card,0.2217555450684285,0,2
4410,28,Tier2,SME,38966,9949,2,10,4,1,0.2602333473959386,0.16798375850028233,NetBanking,0.2553251552635631,0,1
4411,30,Tier1,Startup,73138,18898,1,21,4,5,0.39271167677426316,0.019359393009546585,UPI,0.2583882523448823,0,0
4412,51,Tier1,SME,76157,16107,2,22,1,3,0.49350596243298356,0.002031095336503212,UPI,0.2114973016269023,0,2
4413,31,Tier1,SME,66570,26966,2,21,3,3,0.29639602593142816,0.033932435435093264,UPI,0.405077362175154,0,2
4414,41,Tier2,Gig,70940,15942,1,6,2,3,0.2443654190151123,0.26598291968916316,Card,0.22472511981956583,0,1
4415,51,Tier1,SME,82571,34551,1,14,15,3,0.30352606148559746,0.31118480621502814,UPI,0.418439888096305,0,1
4416,35,Tier2,SME,77967,16691,1,16,11,3,0.297489768145047,0.1630195820782593,UPI,0.2140777508433055,0,1
4417,30,Tier2,MNC,79242,17600,2,21,3,2,0.061501452620179885,0.10751458547003741,Card,0.22210443956487722,0,1
4418,52,Tier3,SME,76611,15497,0,8,7,2,0.11249834503844248,0.06287338032165138,NetBanking,0.20228165668115544,0,0
4419,36,Tier2,MNC,48803,18273,1,10,12,2,0.09302862576537466,0.009536961365825025,Card,0.3744237034608528,0,2
4420,23,Tier1,MNC,33589,13840,2,13,17,5,0.4747627592222433,0.03997249449349679,UPI,0.4120396558397094,0,0
4421,25,Tier1,MNC,47230,20511,1,21,8,2,0.0766686209747989,0.029576861562352487,Card,0.4342790599195427,0,4
4422,37,Tier1,Startup,85743,20408,2,22,15,2,0.2515166898824412,0.13190551928576752,Wallet,0.23801359877774278,0,2
4423,22,Tier1,MNC,86401,36815,3,10,3,2,0.06379563111949232,0.1021063714408285,Card,0.4260946053865117,1,100
4424,28,Tier2,MNC,34153,14265,3,8,7,2,0.3662109033240026,0.1890205714508927,UPI,0.41767926682868267,0,1
4425,36,Tier1,SME,66266,33115,1,19,16,4,0.2373144458388048,0.028590396915773506,UPI,0.49972836748860655,0,2
4426,21,Tier1,MNC,45813,22349,2,16,5,3,0.6280705003717062,0.00793214704383703,UPI,0.48783096500993167,1,46
4427,47,Tier1,Gig,61040,29645,3,20,7,3,0.3795321609711376,0.051846899128830094,Wallet,0.4856651376146789,1,48
4428,22,Tier3,Startup,88494,15992,2,11,9,1,0.1172049048447472,0.23538669388366076,UPI,0.18071281668813705,1,35
4429,33,Tier2,Gig,59507,25998,2,14,15,2,0.1346619006173381,0.250786159291872,UPI,0.4368897776732149,0,2
4430,42,Tier2,MNC,71730,29401,2,13,9,3,0.26303628961307873,0.11712079370400649,UPI,0.4098842883033598,0,1
4431,26,Tier1,Gig,45643,16810,0,23,2,1,0.34374000276666056,0.058642793860878985,Wallet,0.3682930569857371,1,67
4432,40,Tier2,Startup,87004,17532,0,16,17,2,0.1957243038486397,0.052728729155523416,UPI,0.20150797664475195,0,1
4433,29,Tier1,MNC,37948,18467,2,22,16,1,0.21366217406030744,0.1047023296798859,UPI,0.48663961210076945,0,7
4434,51,Tier1,Gig,51007,18882,2,20,16,1,0.27387371105051617,0.00452222195564021,Card,0.370184484482522,0,1
4435,41,Tier3,MNC,55437,12259,2,7,2,1,0.0894332865327413,0.11881790333745448,UPI,0.22113389974204953,0,3
4436,36,Tier3,Gig,71178,29307,2,22,11,2,0.4832324212050482,0.11851823461902956,UPI,0.4117423923122313,0,1
4437,44,Tier2,MNC,61859,30400,2,11,1,3,0.2099201819026881,0.059389697510571375,UPI,0.49144021080198513,1,119
4438,49,Tier3,MNC,65618,12640,1,17,7,2,0.0787661834616982,0.011308933893327879,UPI,0.19263007101709897,0,1
4439,23,Tier1,MNC,68587,33896,3,22,12,4,0.2486769322443423,0.0477511643534569,NetBanking,0.49420444107483924,1,83
4440,48,Tier3,Gig,56152,10851,3,14,14,0,0.2475786429735574,0.4389684515573701,Card,0.19324333950705228,0,2
4441,46,Tier2,MNC,66242,23675,2,13,4,3,0.2995405475280497,0.134650781880865,NetBanking,0.3574016485009511,1,101
4442,36,Tier2,SME,23749,8376,2,9,4,2,0.16290564493647575,0.060221058629373415,Card,0.35268853425407387,0,3
4443,28,Tier3,SME,34442,8725,2,21,12,4,0.11831577945409576,0.11582793101385903,UPI,0.2533244294756402,0,2
4444,39,Tier1,Gig,77814,26226,2,20,12,0,0.42697878375920767,0.022001076422874147,UPI,0.3370344668054592,0,5
4445,33,Tier2,MNC,63217,10516,2,9,2,4,0.3640405443967908,0.21606783671783872,UPI,0.16634765964851228,0,1
4446,32,Tier3,MNC,80687,30772,2,10,0,5,0.14901028024110202,0.031694245228494324,UPI,0.38137494267973776,0,2
4447,40,Tier2,Startup,62874,26472,2,13,0,1,0.06962808630020842,0.1252166418784732,UPI,0.42103254127302225,0,3
4448,47,Tier3,MNC,51668,22373,2,9,2,2,0.6062170754293362,0.06227680246623527,UPI,0.4330146318804676,1,117
4449,40,Tier2,SME,67265,21579,2,11,16,2,0.3147978920087703,0.023171544351251842,UPI,0.32080576823013457,0,2
4450,41,Tier2,Gig,96162,21621,2,19,8,1,0.30333739173596896,0.08458193846207951,UPI,0.22483933362450864,1,99
4451,28,Tier2,MNC,42797,15614,0,22,15,1,0.08188559430224644,0.06502976220074674,NetBanking,0.36483865691520434,0,1
4452,43,Tier2,SME,51721,8535,2,14,8,3,0.2385958459914452,0.07720143832643121,UPI,0.16502001121401366,0,2
4453,49,Tier2,Gig,14416,3142,2,18,10,1,0.16988413041433487,0.020506837702044523,NetBanking,0.21795227524972252,0,2
4454,43,Tier2,Gig,61002,16868,3,8,0,2,0.28203979802768736,0.039593671307472815,UPI,0.2765155240811777,0,6
4455,38,Tier2,MNC,67522,33736,1,9,16,4,0.22331030177888903,0.044878366221772166,UPI,0.49962975030360474,1,31
4456,31,Tier1,MNC,75027,25014,2,17,10,1,0.27851939091817196,0.07641697814920585,UPI,0.3333999760086369,0,2
4457,46,Tier2,MNC,65343,16577,2,18,10,0,0.20060071572458493,0.03171648498057293,Card,0.25369205576725895,0,2
4458,49,Tier1,MNC,66273,18890,2,12,14,2,0.3968420819495685,0.0253567243790738,UPI,0.28503312057700725,0,2
4459,46,Tier1,Startup,56918,12155,2,17,13,2,0.19834792485150732,0.0882094488076793,Card,0.2135528303875751,0,3
4460,45,Tier2,Startup,47888,23258,0,7,4,2,0.10406495542725797,0.15675758264946155,UPI,0.4856749081189442,0,2
4461,43,Tier1,SME,63683,13155,0,6,6,4,0.35696830210108715,0.23106341278456863,Card,0.20657004224047235,1,36
4462,27,Tier2,MNC,42004,14159,1,23,7,1,0.09799343203698996,0.1580367253728237,UPI,0.33708694410056184,0,2
4463,25,Tier2,MNC,71694,26318,2,17,8,2,0.452265909724725,0.056902973248070476,UPI,0.3670879013585516,0,1
4464,42,Tier2,SME,79793,14305,2,13,12,2,0.2750392387471891,0.03406233411154371,UPI,0.17927637762711016,0,2
4465,28,Tier2,MNC,27141,10121,2,12,7,2,0.11841615773498827,0.10599673775737314,Card,0.3729044618842342,0,3
4466,45,Tier2,Gig,70321,12240,3,6,7,1,0.13357320511099688,0.005568154872487816,Card,0.17405895820594133,0,2
4467,22,Tier2,Gig,47718,13626,2,21,12,3,0.3114578417873133,0.08017652135842744,UPI,0.28555262165220674,0,1
4468,30,Tier1,Gig,59953,19179,2,18,5,6,0.3706776101626359,0.030148784717486006,Card,0.31990058879455574,0,3
4469,31,Tier3,MNC,82882,35542,2,7,9,2,0.12008708767154377,0.035664526137251074,UPI,0.4288265244564562,0,4
4470,23,Tier1,MNC,32847,12444,1,13,17,1,0.11901214190275769,0.00951209819722137,Card,0.37884738332267787,0,2
4471,22,Tier3,SME,56144,22249,3,11,6,3,0.21223549375932324,0.11990022367265223,UPI,0.39628455400398976,0,0
4472,21,Tier2,MNC,90367,27383,1,19,5,5,0.2733537677450868,0.10220506172200482,NetBanking,0.3030199077096728,0,4
4473,37,Tier3,Startup,49354,24117,1,16,17,2,0.4822061568884896,0.0396132810304196,Card,0.4886534019532358,1,79
4474,46,Tier3,SME,37900,14326,1,14,0,1,0.42288629868768757,0.3209345459795998,UPI,0.37799472295514513,0,5
4475,51,Tier3,Gig,83710,28104,3,8,6,4,0.2803422196622925,0.03981533092361704,UPI,0.33573049814836936,1,39
4476,48,Tier3,MNC,38269,9329,2,17,17,0,0.3731741867248339,0.23763779878206648,UPI,0.24377433431759388,1,90
4477,36,Tier2,MNC,38023,10709,2,9,12,1,0.2404003790284357,0.008551973127013852,UPI,0.2816453199379323,0,2
4478,45,Tier1,MNC,50042,22097,1,13,10,3,0.4501956426065073,0.07730782995200176,UPI,0.44156908197114425,1,44
4479,47,Tier2,MNC,42679,15314,2,17,0,3,0.379507646704997,0.1798127839795861,NetBanking,0.3588181541273226,0,2
4480,24,Tier2,MNC,40147,8829,1,17,14,5,0.2745440598028052,0.11768639450516608,NetBanking,0.2199168057389095,1,48
4481,26,Tier2,Startup,44209,21300,2,14,5,0,0.3547441829036252,0.011324221064943608,UPI,0.48180234793820265,0,1
4482,42,Tier1,SME,52157,21580,1,8,13,3,0.04746605165407401,0.025435452752106565,UPI,0.4137507908813774,0,1
4483,25,Tier3,Gig,31950,8927,2,12,10,1,0.08857500924444231,0.013714060465876024,UPI,0.2794053208137715,0,2
4484,39,Tier3,SME,75769,18793,2,15,7,0,0.23715151912297908,0.05788812085937021,Card,0.24803019704628543,0,1
4485,25,Tier2,SME,45366,11522,3,18,15,4,0.15558494155729027,0.06684691257301376,UPI,0.25397875060618086,0,1
4486,49,Tier1,SME,46158,9512,2,10,7,3,0.261629954586748,0.04980482651939092,UPI,0.2060747866025391,0,2
4487,49,Tier2,Startup,87324,26755,0,8,17,4,0.3397370664773091,0.19724165196368804,UPI,0.306387705556319,0,2
4488,32,Tier1,SME,61910,30897,2,12,12,0,0.24298168257112907,0.05836207462681424,UPI,0.49906315619447583,0,2
4489,31,Tier3,Startup,54282,22578,2,14,14,2,0.1407306715614904,0.005744842155593954,UPI,0.41593898529899415,0,3
4490,21,Tier2,MNC,89475,16764,2,8,1,2,0.02952907914299128,0.05986420179217751,UPI,0.1873595976529757,0,0
4491,27,Tier3,Startup,66238,32459,1,21,7,2,0.3346683805572382,0.4173389328582791,UPI,0.4900359310365651,1,113
4492,30,Tier1,Gig,81678,34309,1,10,7,2,0.2333516311711618,0.08681469358143715,Card,0.4200519111633488,0,3
4493,24,Tier3,MNC,55401,15278,1,12,1,2,0.11246758383758358,0.04056879339589376,UPI,0.2757711954657858,0,0
4494,50,Tier3,SME,81164,19335,0,11,13,0,0.171549917417987,0.10271609030941822,UPI,0.2382213789364743,0,1
4495,49,Tier3,MNC,25657,6592,0,20,10,1,0.24801935505492245,0.14944433169263358,Wallet,0.25692793389718205,0,1
4496,46,Tier1,MNC,28375,13536,2,11,9,2,0.38405413763697627,0.11496025003525615,Card,0.4770396475770925,0,4
4497,45,Tier2,SME,71589,22979,2,17,0,0,0.5057661623794785,0.08846049920748056,UPI,0.32098506753830897,0,3
4498,38,Tier1,Startup,90818,24009,0,20,9,2,0.34994117447659595,0.03573354770284113,NetBanking,0.26436389262040566,0,4
4499,45,Tier2,MNC,76764,32218,2,7,8,3,0.3333057578713149,0.24503294452259053,Card,0.41970194361940494,0,3
4500,50,Tier2,SME,54825,12826,1,19,13,1,0.12058218988527185,0.28273622345001465,UPI,0.23394436844505245,0,3
4501,52,Tier2,MNC,63422,18002,2,6,5,2,0.4345960024600011,0.010998271325411764,NetBanking,0.2838447226514459,0,1
4502,27,Tier1,MNC,89209,39059,2,12,15,2,0.25477613511621855,0.0027099652616745713,NetBanking,0.437836989541414,0,0
4503,47,Tier2,MNC,63824,14480,2,14,2,1,0.2398288445420811,0.031010640161963615,Card,0.2268739032338932,0,4
4504,37,Tier3,SME,51305,11100,2,8,14,1,0.3745538639133082,0.07347560485759419,NetBanking,0.2163531819510769,0,3
4505,36,Tier1,Gig,48708,22143,2,20,17,1,0.20925442365276403,0.053368513074559754,Card,0.4546070460704607,1,114
4506,22,Tier1,MNC,77075,38360,1,15,7,0,0.2802269656589217,0.11384186447576168,UPI,0.49769704832954914,1,105
4507,49,Tier2,Gig,47289,19221,2,7,1,2,0.16937185309337072,0.16656518447416885,UPI,0.40645816151747766,0,1
4508,39,Tier1,SME,13913,6875,2,7,16,2,0.01564053812041891,0.0919712765589404,NetBanking,0.4941421691942787,1,85
4509,38,Tier2,SME,72589,16086,2,21,5,1,0.09494079650307011,0.03377002949145236,UPI,0.22160382427089503,0,4
4510,51,Tier1,MNC,78763,25403,0,18,17,0,0.11529478581822775,0.12942896600202686,Card,0.3225245356322131,0,0
4511,42,Tier1,SME,54007,20121,1,22,3,1,0.12344659641688382,0.11376774333024055,Card,0.37256281593126817,0,3
4512,28,Tier2,SME,55316,13341,2,11,0,1,0.162387985687918,0.08329405649910182,UPI,0.2411779593607636,0,2
4513,50,Tier2,Gig,71144,12524,3,16,12,2,0.10722731187743667,0.08526260871285432,UPI,0.17603733273361072,0,4
4514,36,Tier2,SME,63740,14086,1,15,9,1,0.21088004772456362,0.10310119343613167,UPI,0.22099152808283654,0,0
4515,33,Tier1,SME,44384,13830,0,16,17,1,0.35396198278121066,0.07659322156855974,UPI,0.311598774333093,0,1
4516,32,Tier2,Gig,65329,18713,2,7,13,1,0.0972774058363584,0.033086590531330146,Card,0.2864424681228857,0,1
4517,53,Tier2,Startup,78757,16690,3,7,7,1,0.06829419590240586,0.15989409439898467,UPI,0.2119176708102137,0,0
4518,49,Tier2,Startup,75034,25059,2,18,9,0,0.2777048015993226,0.019357833733545198,UPI,0.3339686009009249,0,3
4519,54,Tier1,SME,65415,10610,1,8,11,2,0.18312383818127448,0.06220952666869312,UPI,0.16219521516471758,0,2
4520,44,Tier2,Gig,75868,20453,3,21,2,1,0.35559579273530023,0.05489524975698689,UPI,0.26958665049823377,0,2
4521,30,Tier1,MNC,82279,37735,2,14,10,2,0.07905852994031448,0.06668891900147375,UPI,0.45862249176582115,1,64
4522,37,Tier2,Startup,24861,3793,2,7,8,4,0.016568790996552743,0.06954820392193131,NetBanking,0.15256827963476932,0,2
4523,27,Tier2,SME,44117,20388,2,16,16,3,0.3582334008316273,0.11661955278076634,UPI,0.4621347779767437,0,0
4524,25,Tier1,SME,51521,17422,2,20,11,1,0.3905210140791492,0.03733774015383733,UPI,0.3381533743522059,0,2
4525,30,Tier1,Gig,52900,21269,1,15,17,1,0.25160435965381883,0.15238533979291066,Card,0.40206049149338374,0,5
4526,39,Tier1,Gig,81998,38933,2,16,2,1,0.1856910175947489,0.11710334783677274,UPI,0.4748042635186224,0,2
4527,29,Tier2,Gig,52060,9491,2,6,5,1,0.11457045240092388,0.21071476497569439,UPI,0.18230887437572033,0,0
4528,33,Tier1,SME,51647,19981,2,8,16,3,0.3827804295322902,0.04560079453889145,Card,0.38687629484771624,0,1
4529,34,Tier2,SME,59693,14857,1,15,2,0,0.08787512927982644,0.030422340223805234,UPI,0.24889015462449535,0,0
4530,31,Tier1,MNC,86293,38090,2,22,1,1,0.026165980853832455,0.27677879028239,UPI,0.44140312655719466,0,4
4531,40,Tier1,MNC,58488,24935,2,11,8,2,0.1488599581610557,0.05708260221000526,UPI,0.4263267678840104,0,1
4532,29,Tier3,MNC,76993,32824,2,19,9,2,0.26729537753301275,0.03995140884705203,UPI,0.4263244710558103,0,2
4533,51,Tier1,SME,16225,4510,1,6,6,2,0.12610083622349408,0.15327531842296505,UPI,0.27796610169491526,0,2
4534,28,Tier1,MNC,71463,35490,1,9,0,3,0.29817863129078087,0.0704931251257048,NetBanking,0.49662062885689096,0,5
4535,34,Tier1,MNC,44437,18450,2,17,11,3,0.4432688601084761,0.05098972630574024,UPI,0.41519454508630194,0,0
4536,42,Tier1,Startup,39285,11940,1,21,6,6,0.2745521136538788,0.1325472396819599,UPI,0.3039327987781596,0,3
4537,46,Tier3,Startup,56008,27922,3,17,6,3,0.13072684368260848,0.03377727936240304,NetBanking,0.49853592343950864,0,1
4538,38,Tier1,SME,56125,13177,1,21,13,4,0.2680433718476004,0.16829773870495107,UPI,0.2347795100222717,0,4
4539,26,Tier3,MNC,47633,12341,3,6,7,2,0.168095116671911,0.01077810951601381,Wallet,0.2590850880691957,0,2
4540,31,Tier1,Gig,38083,17743,1,22,16,2,0.30627032822088035,0.16907516442803677,UPI,0.4659034214741486,0,5
4541,41,Tier2,SME,56133,22101,3,23,14,2,0.2204805847447554,0.0426014558019849,UPI,0.39372561594783817,0,2
4542,50,Tier1,Startup,48199,18320,2,19,17,3,0.45673371709788574,0.2633045754798999,UPI,0.3800908732546318,0,7
4543,31,Tier1,Startup,63394,18713,1,22,10,2,0.04185542300282866,0.005238331972325416,NetBanking,0.29518566425844717,0,5
4544,28,Tier1,MNC,46011,17614,3,15,7,2,0.31546347056653473,0.16455454439166609,UPI,0.38282149920671144,0,3
4545,32,Tier2,SME,18365,4649,2,15,1,3,0.037121492221311364,0.016589642641342606,UPI,0.25314456847263817,0,2
4546,38,Tier1,MNC,66903,15178,0,19,3,0,0.373235901580728,0.3139173257620402,NetBanking,0.2268657608776886,0,1
4547,49,Tier1,Startup,45965,22814,3,20,8,1,0.3932879167042097,0.17594129665492056,UPI,0.49633416730120744,0,3
4548,49,Tier1,SME,85800,35562,1,14,2,2,0.38819426690411657,0.06155134742790895,NetBanking,0.4144755244755245,0,1
4549,32,Tier2,Gig,57655,22679,2,9,12,4,0.15899427259107077,0.19769047354058422,UPI,0.39335703755094964,1,53
4550,40,Tier1,Gig,59428,11948,1,13,8,0,0.30164271923707225,0.08717522192534423,NetBanking,0.20105001009625093,0,2
4551,42,Tier1,Gig,37050,10617,1,21,11,4,0.6394949567630718,0.19373982432997333,UPI,0.2865587044534413,0,5
4552,54,Tier1,Gig,22376,9766,3,22,3,4,0.34043756105325207,0.10914646940212686,UPI,0.4364497676081516,0,3
4553,40,Tier3,Gig,51378,19731,2,6,13,4,0.14205229053666593,0.004190455110597258,UPI,0.3840359687025575,1,64
4554,54,Tier1,SME,72854,34745,0,21,11,0,0.4216402634940022,0.11909065140556722,UPI,0.4769127295687265,1,50
4555,21,Tier2,MNC,41782,12966,0,10,0,1,0.2454037779828465,0.07491659373156244,UPI,0.3103250203436887,0,1
4556,23,Tier2,SME,12000,5217,2,12,5,0,0.4425218222727888,0.06259354061953112,NetBanking,0.43475,0,1
4557,29,Tier1,MNC,55137,11432,1,20,16,3,0.015146541470144036,0.13335128530776424,NetBanking,0.207338085133395,0,1
4558,28,Tier3,SME,45013,22036,2,20,16,2,0.03398041716792238,0.23340928805855346,Card,0.4895474640659365,0,4
4559,30,Tier1,Gig,55260,27147,2,20,17,1,0.37936929709531486,0.23799619329751562,UPI,0.49125950054288814,0,3
4560,32,Tier2,Gig,89384,22391,2,6,12,1,0.39806311027671276,0.06557240230102095,Card,0.2505034458068558,0,3
4561,31,Tier3,MNC,51947,18253,1,19,1,2,0.3689314657892929,0.07482351926651382,Wallet,0.35137736539164915,0,0
4562,33,Tier3,SME,67790,19993,2,15,15,1,0.10852147352763339,0.42910079337796164,Card,0.2949255052367606,0,2
4563,36,Tier2,SME,72859,14282,1,15,2,3,0.3724769049917047,0.030457895473588997,UPI,0.19602245432959553,0,3
4564,54,Tier2,MNC,68092,20818,1,13,3,0,0.33838199748228076,0.19331995796740267,Card,0.3057334194912765,0,2
4565,39,Tier3,Startup,67018,23313,2,20,16,2,0.3904864630202185,0.025609289076011697,UPI,0.3478617684801098,0,0
4566,30,Tier1,MNC,19506,8009,2,12,9,1,0.11357889524045287,0.3645263648295643,UPI,0.4105916128370758,0,0
4567,39,Tier2,MNC,76031,27700,2,9,4,4,0.2462570488995025,0.45047963424352205,Card,0.3643250779287396,0,7
4568,29,Tier2,Startup,38488,8597,0,16,14,1,0.2065618179603703,0.1831850412418457,Card,0.22336832259405529,0,1
4569,23,Tier1,Gig,43581,20024,1,11,10,2,0.10480085901674864,0.06444084880059203,Card,0.4594662811775774,1,37
4570,48,Tier1,Gig,47481,14205,2,10,4,2,0.3942891647480817,0.40247974832262284,UPI,0.299172300499147,1,106
4571,23,Tier2,MNC,60844,9943,1,23,2,1,0.0820946036460711,0.0798268507871866,Card,0.16341792124120702,0,4
4572,45,Tier3,Startup,61805,13427,1,11,14,4,0.04349293392960411,0.20833446676107675,UPI,0.21724779548580211,0,2
4573,45,Tier2,MNC,66161,30370,3,17,1,1,0.38339099585585823,0.034462227513564404,UPI,0.4590317558682608,1,95
4574,38,Tier2,SME,93452,39832,2,17,10,0,0.383182334694384,0.01754468629422684,NetBanking,0.4262295081967213,0,1
4575,36,Tier2,Gig,44365,10816,3,13,10,1,0.6087199036106792,0.06295199547825055,Card,0.24379578496562607,0,3
4576,52,Tier1,MNC,43789,11868,2,21,0,0,0.13809595964599497,0.028010411045817012,UPI,0.2710269702436685,0,0
4577,34,Tier2,Startup,71302,26557,2,14,8,4,0.21328335288579747,0.06375351909328357,UPI,0.37245799556814674,0,1
4578,23,Tier2,Startup,47212,15301,2,10,5,3,0.13600074352803804,0.03794189990513945,Card,0.32409133271202234,0,3
4579,30,Tier2,MNC,85855,17952,0,8,16,3,0.2529895463086099,0.07663717133479793,UPI,0.20909673286354902,0,4
4580,46,Tier3,SME,55343,15326,2,19,0,1,0.3107486839451498,0.26920840346626834,UPI,0.2769275247095387,1,118
4581,25,Tier1,Gig,48323,8277,1,16,8,3,0.24098920973830654,0.17186257663476476,UPI,0.17128489539142852,0,2
4582,38,Tier2,Startup,74979,36088,2,22,12,4,0.3050105343830955,0.18263920304417605,Card,0.4813080996012217,1,113
4583,25,Tier3,MNC,51366,12479,3,21,2,2,0.32903695182379167,0.055021652851551195,NetBanking,0.24294280263209125,1,101
4584,23,Tier1,Gig,71557,13617,1,8,15,0,0.14411602979323848,0.08724976640055265,UPI,0.1902958480651788,0,5
4585,32,Tier1,MNC,68594,10958,2,15,1,0,0.025886386151465043,0.024598411679374575,UPI,0.15975158177100038,0,3
4586,48,Tier1,MNC,54912,21727,0,7,12,0,0.18233038841266475,0.012440869601224501,Card,0.3956694347319347,0,3
4587,48,Tier3,Gig,52804,18146,3,6,14,2,0.10111850781560014,0.07154918605793477,UPI,0.34364820846905536,0,1
4588,52,Tier2,Startup,70164,32186,3,15,3,4,0.2432369665800503,0.08903322490461413,Card,0.45872527221937176,1,99
4589,23,Tier1,Startup,44676,18693,3,21,17,5,0.31521178930323884,0.02496979087309732,UPI,0.4184125705076551,0,3
4590,23,Tier3,MNC,34426,10765,1,12,7,5,0.34974460428047655,0.014661365422570927,NetBanking,0.3126997037123105,0,5
4591,41,Tier1,SME,48054,9943,3,6,13,1,0.12059121563485489,0.2038383537678908,UPI,0.20691305614517003,0,1
4592,43,Tier2,MNC,38668,12117,1,22,10,1,0.3390752663515555,0.023335371909427492,Card,0.3133598841419261,0,2
4593,41,Tier1,MNC,35256,8400,3,13,11,1,0.49993840293102493,0.2026512617498864,UPI,0.2382573179033356,0,1
4594,24,Tier2,Startup,48362,22875,3,13,6,2,0.09651719759639342,0.3099861167783398,Card,0.4729953269095571,0,1
4595,28,Tier1,SME,63736,18674,3,6,14,2,0.3891804918718739,0.049931798380943894,NetBanking,0.29298983306137816,0,3
4596,25,Tier2,MNC,94069,21195,1,23,1,1,0.14365637679921534,0.10572213099586016,UPI,0.2253133338294231,0,3
4597,28,Tier3,MNC,70835,28467,3,9,14,2,0.22699557379646007,0.2461236331637698,UPI,0.40187760287993224,1,86
4598,39,Tier2,Startup,48683,10358,2,19,0,2,0.3469662767280006,0.1665920561846746,UPI,0.21276420927223055,0,6
4599,46,Tier1,SME,29886,6652,1,7,16,2,0.1124404222997439,0.003269800808910928,UPI,0.22257913404269558,0,3
4600,21,Tier1,MNC,40210,6399,3,20,15,3,0.15799438294675738,0.07399807475158346,UPI,0.159139517532952,0,3
4601,41,Tier2,Gig,48702,14067,1,11,14,5,0.32479620493274153,0.45883688603725326,NetBanking,0.2888382407293335,0,2
4602,23,Tier1,Startup,83574,37490,0,23,17,4,0.11526459873570234,0.16945727329515914,UPI,0.44858448799865985,0,2
4603,36,Tier3,Startup,66952,21824,2,9,9,4,0.11161088816766597,0.007834381230344203,UPI,0.3259648703548811,0,4
4604,44,Tier1,MNC,56836,22467,2,6,13,2,0.12635394421977153,0.03468393306782045,Card,0.3952952354141741,0,1
4605,26,Tier1,Gig,47085,12169,2,19,8,2,0.3979266989790428,0.041667150225150655,UPI,0.25844748858447486,0,4
4606,33,Tier2,SME,87250,17520,2,18,2,3,0.2823267016863418,0.028746023609574064,Card,0.20080229226361032,1,109
4607,30,Tier3,Startup,43158,15680,2,12,12,5,0.42952105376303434,0.04160795126270042,Card,0.3633161870336902,1,51
4608,53,Tier1,SME,91055,38743,3,10,16,1,0.10284246253615122,0.08131526579780182,UPI,0.425490088408105,0,6
4609,35,Tier1,SME,79954,30354,2,22,16,2,0.2554899007183115,0.026171239705063812,NetBanking,0.3796432948945644,0,1
4610,43,Tier2,MNC,71708,12093,2,7,13,3,0.28758675975284587,0.08143858390161364,Card,0.16864227143414962,0,2
4611,24,Tier2,Gig,93843,42981,3,6,0,1,0.19606162878493197,0.10261485099657139,UPI,0.45800965442281255,1,65
4612,40,Tier2,MNC,86614,42425,1,13,16,2,0.22321243743959096,0.08601802954353184,UPI,0.48981688872468654,0,2
4613,24,Tier2,Gig,49485,17922,1,13,11,1,0.2716858605901369,0.0742745539366929,UPI,0.36217035465292513,0,4
4614,28,Tier3,Startup,64437,9851,1,18,8,0,0.32955656818258683,0.1615506526961567,Wallet,0.1528780048729767,1,72
4615,34,Tier1,MNC,93343,38612,1,16,13,4,0.08749733575770482,0.0399948652635996,UPI,0.4136571569373172,0,4
4616,25,Tier2,MNC,68405,20836,2,22,10,0,0.17246472830268958,0.05679589256640788,UPI,0.3045976171332505,0,1
4617,47,Tier2,Startup,69478,22739,1,9,13,2,0.5744768797538338,0.035527029787588336,Card,0.3272834566337546,0,3
4618,42,Tier2,SME,80646,17714,2,13,17,4,0.18547330720386843,0.13358392128045976,UPI,0.21965131562631748,1,61
4619,51,Tier1,SME,70154,10681,2,9,12,5,0.10885214349348801,0.1905323819063534,Card,0.15225076260797674,0,3
4620,38,Tier2,MNC,24547,4079,2,21,4,0,0.5017818930248369,0.10094599272535897,Card,0.16617101886177538,0,2
4621,52,Tier1,Gig,66688,27571,2,11,12,3,0.14839718551728803,0.12840878288962237,UPI,0.41343270153550865,0,2
4622,52,Tier2,MNC,74597,33949,2,11,10,3,0.3087136659898489,0.21774145921168808,NetBanking,0.4550987305119509,1,98
4623,36,Tier2,SME,75001,17729,2,13,10,2,0.09186305653711362,0.09566738374879177,UPI,0.2363835148864682,0,1
4624,30,Tier2,Gig,60259,27716,1,10,2,2,0.30143463041549745,0.15011791279794595,UPI,0.4599478916012546,0,0
4625,45,Tier2,SME,79421,15357,2,22,11,7,0.6174854020281026,0.34610051949389264,UPI,0.19336195716498156,0,3
4626,42,Tier3,MNC,61953,23735,2,8,0,4,0.2488088930973139,0.05758209523042992,UPI,0.38311300501993445,0,0
4627,53,Tier2,MNC,84349,28176,3,17,10,3,0.07452805639776466,0.026189428060938918,UPI,0.33404071180452644,0,0
4628,37,Tier2,MNC,60033,9736,2,22,15,5,0.3105580981926129,0.08852766844871453,UPI,0.16217746905868438,0,1
4629,47,Tier1,SME,68911,34330,1,8,10,0,0.1142159510950469,0.08473302865936523,Card,0.49817881034958134,0,3
4630,26,Tier1,MNC,33254,14935,3,6,15,3,0.20401461686383174,0.04803858495191511,UPI,0.4491189029891141,0,2
4631,45,Tier1,MNC,53282,10395,1,14,6,2,0.40675295869635547,0.03751542361472193,UPI,0.19509402800195189,0,4
4632,54,Tier1,SME,87017,16618,2,21,0,2,0.1674467590389088,0.23810952047336637,Card,0.19097417745957687,0,0
4633,53,Tier1,Startup,84010,37787,1,8,8,0,0.19683723060051295,0.03364083355967105,NetBanking,0.44979169146530174,0,3
4634,33,Tier1,SME,54222,17932,0,18,16,2,0.5378795511872713,0.08509367579486729,UPI,0.3307144701412711,0,2
4635,24,Tier1,Startup,51569,24645,2,7,3,2,0.06932372468110654,0.11413030554581947,UPI,0.4779033915724563,0,1
4636,29,Tier1,Gig,82014,35487,2,22,14,1,0.5650883508962381,0.22460291633625795,Card,0.43269441802619063,1,53
4637,50,Tier2,SME,71165,30830,2,11,17,2,0.317097957103487,0.006925683105985908,UPI,0.43321857654746015,0,3
4638,30,Tier1,MNC,52281,26112,2,12,11,3,0.48736259967228646,0.03736355305642319,UPI,0.4994548688816205,0,0
4639,32,Tier1,SME,125726,30036,2,16,6,0,0.10572820013960631,0.13186453866781692,UPI,0.23890046609293225,0,3
4640,42,Tier1,Gig,99480,19452,1,7,6,1,0.3000003066185658,0.07692502466178393,UPI,0.19553679131483714,0,3
4641,31,Tier1,MNC,41004,8687,0,21,17,0,0.4009921790284488,0.0683072069703398,Card,0.21185737976782754,0,3
4642,36,Tier2,Gig,69844,17107,1,11,5,0,0.5155936792216416,0.013482056562215211,UPI,0.24493156176622186,0,2
4643,33,Tier1,MNC,55221,10671,2,7,7,1,0.05991419843545072,0.23028559528397133,UPI,0.19324170152659315,0,3
4644,48,Tier3,MNC,70362,22641,0,23,2,3,0.2739521004118722,0.050190522319240566,Card,0.32177880105738893,0,3
4645,44,Tier1,Startup,67573,32261,3,13,4,4,0.32286817576989113,0.08920390583574965,UPI,0.4774244150770278,1,44
4646,30,Tier2,Gig,44014,9459,1,6,5,2,0.38757777330813836,0.023703805077286953,Card,0.21490889262507384,0,0
4647,49,Tier2,SME,55104,25588,1,11,12,2,0.15284655478372047,0.02269818807294633,NetBanking,0.46435830429732866,1,62
4648,36,Tier3,Startup,46909,17260,2,7,17,4,0.3331968105457452,0.09014860416387323,Card,0.3679464495086231,1,66
4649,25,Tier1,Startup,69908,29683,1,8,8,2,0.31567056865591986,0.17376516420349733,Card,0.4246009040453167,0,0
4650,45,Tier1,MNC,62336,16905,3,7,1,1,0.12387482587361287,0.09451974627349387,UPI,0.2711916067761807,0,1
4651,22,Tier1,Gig,40618,8198,0,19,11,2,0.13497361141190609,0.12584410308949046,UPI,0.2018317002314245,1,72
4652,23,Tier1,Gig,42683,8212,1,8,11,1,0.1999531720554848,0.09051245022368411,UPI,0.1923950987512593,1,63
4653,21,Tier1,SME,71417,28290,1,7,5,3,0.4461246083240553,0.011941664268847291,Card,0.3961241721158828,0,2
4654,42,Tier2,Gig,78102,20789,1,19,15,2,0.5937345119864795,0.053275737267983694,NetBanking,0.26617756267445136,0,2
4655,50,Tier2,Startup,91779,24334,2,23,7,0,0.1896736689040411,0.04562802965282453,UPI,0.2651369049564715,0,1
4656,26,Tier1,Startup,37251,11388,2,6,5,1,0.5727759534248431,0.03171134917626481,Wallet,0.3057099138278167,0,3
4657,31,Tier2,MNC,45802,16518,2,6,4,2,0.25223818162568684,0.24265447085150688,Card,0.36063927339417495,1,68
4658,49,Tier2,SME,89452,41975,1,11,7,1,0.12657601615086525,0.09395301634182991,Card,0.46924607610785674,1,89
4659,40,Tier3,MNC,28119,5937,2,18,11,2,0.16762607197521695,0.1549728938349398,NetBanking,0.21113837618691988,0,5
4660,33,Tier1,Startup,36750,10387,2,6,3,1,0.2854557538683675,0.04710249139758941,Card,0.2826394557823129,0,2
4661,36,Tier3,Gig,27949,13600,2,16,10,1,0.21773244884444848,0.022747139349889662,UPI,0.48660059393896027,0,0
4662,40,Tier2,MNC,78835,29152,2,21,15,1,0.1875021228047703,0.04208804390815846,UPI,0.3697849939747574,0,2
4663,53,Tier2,MNC,27208,5709,1,23,3,1,0.25350444913322195,0.053455248199755515,NetBanking,0.20982799176712733,0,1
4664,35,Tier2,SME,65168,14701,2,14,15,3,0.1536905495474956,0.06471255755730307,NetBanking,0.22558617726491528,0,0
4665,36,Tier1,MNC,66758,13071,2,6,8,0,0.07131737351978115,0.026807278972052498,NetBanking,0.19579675844093591,0,2
4666,54,Tier1,MNC,69408,30223,1,9,16,1,0.43850489010765886,0.0033166452076278477,Card,0.43543971876440757,0,3
4667,28,Tier2,MNC,51511,25319,2,20,6,2,0.14791170061958397,0.33331504414644103,Card,0.4915260818077692,0,3
4668,39,Tier2,Gig,54564,23922,3,19,12,1,0.07718262663210819,0.16707358268389955,UPI,0.4384209368814603,0,3
4669,22,Tier2,SME,46342,8460,1,17,11,4,0.15119234497796297,0.22907658774517756,UPI,0.18255578093306288,0,4
4670,22,Tier2,MNC,64274,13362,2,17,8,1,0.7798485055272503,0.16708355706412711,UPI,0.2078912157326446,0,0
4671,24,Tier1,MNC,81279,33572,1,10,9,1,0.060804793170302344,0.08690116105239942,NetBanking,0.4130464203545811,0,3
4672,40,Tier2,SME,43510,21601,2,7,3,3,0.69093305076133,0.06666016456141008,UPI,0.4964605837738451,0,3
4673,38,Tier1,MNC,60134,15187,2,10,3,2,0.25422482225556026,0.1533615357618051,Card,0.25255263245418563,0,1
4674,39,Tier2,MNC,50511,13072,2,10,5,1,0.13671494387034616,0.23825439478773272,UPI,0.2587951139355784,0,3
4675,54,Tier1,SME,40535,8765,1,18,13,2,0.31463222710907385,0.15821771850256527,UPI,0.216232885160972,0,2
4676,40,Tier1,Gig,53926,17586,1,14,8,2,0.20173801160749882,0.09771876920386574,NetBanking,0.32611356303082,0,3
4677,50,Tier1,Startup,82846,26467,2,21,11,1,0.08879495928068891,0.19759862963966343,Card,0.31947227385751875,0,1
4678,36,Tier2,Startup,43473,19804,2,7,6,1,0.22322039147160874,0.005475592923902064,NetBanking,0.4555471212016654,0,3
4679,42,Tier3,Startup,64937,18936,1,16,5,4,0.18201475939083828,0.36348879996301586,UPI,0.29160571014983755,1,95
4680,47,Tier1,MNC,42290,14907,2,12,2,2,0.054550146428086844,0.10215042476548963,UPI,0.35249467959328445,0,4
4681,50,Tier3,Gig,58294,10327,1,16,13,0,0.30031066605139267,0.18180186809530466,Card,0.17715373794901706,0,1
4682,23,Tier2,Startup,88072,19562,3,12,10,0,0.17909543595788135,0.006723763553085333,UPI,0.22211372513398128,0,2
4683,34,Tier3,SME,61510,17131,2,21,14,2,0.4248257817982783,0.03690614062878903,Card,0.2785075597463827,0,1
4684,37,Tier2,MNC,63293,29886,2,10,4,1,0.7036804166613093,0.07268323713695056,UPI,0.47218491776341776,0,2
4685,48,Tier3,MNC,60871,17087,1,19,14,5,0.08855970576366644,0.28270319289120854,UPI,0.28070838330239356,1,108
4686,43,Tier2,SME,87614,18636,1,17,8,4,0.06269171443221584,0.1544145126786604,UPI,0.21270573196064557,1,91
4687,51,Tier1,SME,54353,11035,2,23,6,2,0.24887068731180542,0.02177814823293274,UPI,0.2030246720512207,0,0
4688,45,Tier1,SME,64424,31151,2,14,9,4,0.10569654870802768,0.24214966052152934,Card,0.4835309822426425,0,3
4689,50,Tier2,Gig,44499,6794,1,15,3,2,0.10038156556322288,0.1546999669498817,NetBanking,0.15267758826041034,0,1
4690,26,Tier1,Gig,55189,17618,1,21,2,1,0.3184297863736015,0.03299731522661622,UPI,0.31923028139665516,0,1
4691,40,Tier2,MNC,70824,31559,3,19,10,2,0.2862508321693739,0.09102377518283332,Wallet,0.44559753755789,0,1
4692,42,Tier1,Startup,63681,15698,1,18,1,1,0.654599559130498,0.15459442091290773,UPI,0.24650994802217302,0,0
4693,23,Tier2,MNC,48932,22873,2,23,16,2,0.6297195106659866,0.02258311399164702,UPI,0.4674446170195373,1,97
4694,32,Tier1,SME,38972,14010,2,8,12,2,0.5023963276667,0.10871976387740218,UPI,0.359488863799651,0,3
4695,41,Tier3,Gig,79497,12935,2,18,2,3,0.2749848991749233,0.1377920362108233,Card,0.16271054253619632,0,0
4696,48,Tier3,MNC,81417,13955,2,9,4,3,0.5403524224842823,0.04757437379345985,UPI,0.17140155004483093,0,1
4697,54,Tier1,SME,33619,10340,0,8,5,0,0.16990604563993358,0.14315274097828115,UPI,0.30756417502007793,0,0
4698,27,Tier1,Startup,72421,22688,2,22,7,4,0.0740098751447944,0.0425684678372197,UPI,0.31327929744134986,0,2
4699,24,Tier1,Gig,76274,27902,2,20,4,2,0.03825032329940696,0.15888270474400157,NetBanking,0.36581272779715235,1,113
4700,54,Tier2,MNC,43388,19596,1,9,1,2,0.2966120928883639,0.18299147763799956,UPI,0.4516456162994376,1,65
4701,29,Tier1,Startup,62616,18460,0,20,7,1,0.1991457219285051,0.1250357803033629,Card,0.29481282739235976,0,0
4702,46,Tier3,SME,93495,44637,0,7,3,2,0.35104590275097863,0.1256003925312425,UPI,0.47742660035296003,1,52
4703,21,Tier1,MNC,64459,18174,2,11,12,3,0.1905394932340602,0.12499005895572872,Card,0.281946663770769,0,0
4704,29,Tier1,Gig,52570,24314,2,12,4,4,0.48785159980341597,0.040388935807063056,UPI,0.46250713334601484,0,5
4705,28,Tier3,MNC,49919,17345,2,6,10,4,0.1783109519338418,0.17368728577026618,UPI,0.34746288988160823,0,4
4706,42,Tier2,SME,56367,22349,1,6,9,4,0.3288299503706587,0.06443008053353239,UPI,0.39649085457803324,0,3
4707,28,Tier1,Gig,71068,34167,2,23,10,3,0.30473025445646634,0.26844997218040934,UPI,0.48076490122136545,1,70
4708,27,Tier2,MNC,72146,13119,2,7,11,3,0.10633945124890297,0.30964512692292206,Card,0.18183960302719485,0,2
4709,52,Tier1,SME,77283,25811,2,20,4,1,0.3710950828222435,0.04669041805254515,UPI,0.33398030614753565,0,2
4710,36,Tier2,MNC,53375,12103,2,16,0,4,0.19614245409363024,0.03469472759596825,UPI,0.22675409836065574,0,1
4711,37,Tier1,Startup,58527,25598,1,12,12,2,0.1999044446963102,0.03650600150091902,UPI,0.43737078613289593,0,2
4712,32,Tier1,SME,74560,30516,1,17,1,1,0.05799964073265235,0.01388963705306772,UPI,0.40928111587982835,0,1
4713,29,Tier3,Startup,51983,9274,2,15,15,2,0.047839783862263306,0.11612686041120136,NetBanking,0.17840447838716503,0,2
4714,42,Tier2,MNC,78765,23436,2,21,8,1,0.049575137584335745,0.008365461180710618,NetBanking,0.29754332508093695,0,1
4715,38,Tier1,SME,57841,22874,3,17,16,2,0.1401757629262424,0.03718969135855822,UPI,0.3954634255977594,0,1
4716,49,Tier2,MNC,45535,13082,2,22,1,2,0.08466120404125248,0.06739301950995615,Card,0.2872954869880312,0,5
4717,51,Tier1,Startup,32344,5276,1,15,12,4,0.2265292765666356,0.1101836175445355,UPI,0.16312144447192678,0,2
4718,28,Tier2,MNC,61731,25882,2,22,1,2,0.4068937298699613,0.038835698231216936,Card,0.41927070677617406,0,3
4719,54,Tier3,SME,82713,30573,1,14,8,1,0.4199182927160265,0.10464689013305797,Card,0.36962750716332377,0,1
4720,35,Tier1,SME,35737,6901,1,20,12,1,0.15832756117612282,0.3523228677813967,UPI,0.19310518510227495,0,1
4721,54,Tier1,MNC,51051,11391,1,16,1,1,0.1324877659155104,0.007471261327984222,NetBanking,0.22312981136510548,0,1
4722,34,Tier2,Gig,59702,21183,1,10,1,3,0.12026535125459152,0.16048279927617767,UPI,0.3548122340960102,0,5
4723,46,Tier2,Gig,36657,13303,3,8,7,4,0.0519540071356355,0.23344804258041782,Card,0.36290476580189324,0,1
4724,50,Tier2,SME,55012,8491,0,12,15,4,0.01779099939754294,0.03248295854825039,UPI,0.15434814222351487,0,1
4725,38,Tier2,Startup,115834,32035,2,8,0,2,0.08818953068184174,0.0068638727908711915,UPI,0.2765595593694425,0,4
4726,38,Tier1,Gig,60534,25171,2,21,17,3,0.4616634861707774,0.03929483603290836,UPI,0.41581590511117716,0,4
4727,49,Tier2,SME,74889,30545,0,8,9,2,0.19180312295680357,0.04762573826650852,Card,0.4078703147324707,0,0
4728,30,Tier3,Startup,77937,37272,2,23,5,3,0.4036394384291562,0.015905082280393036,UPI,0.4782324184918588,0,2
4729,50,Tier1,SME,89123,40417,2,7,7,2,0.330897974360722,0.1607268258021466,NetBanking,0.4534968526642954,0,3
4730,54,Tier1,MNC,108245,38523,0,10,5,0,0.10012703571840066,0.0882905537107291,UPI,0.35588710794955886,0,2
4731,41,Tier2,MNC,56242,15780,2,19,10,4,0.21408375275930933,0.25673357247087747,Card,0.2805732370826073,1,35
4732,34,Tier1,MNC,35530,11911,2,7,10,7,0.2849042673694237,0.16777859181400429,UPI,0.3352378271882916,0,0
4733,50,Tier1,SME,74933,14350,2,7,7,1,0.17367888496827283,0.07481406982447017,NetBanking,0.19150441060680876,0,2
4734,28,Tier1,Gig,48756,7631,2,18,11,4,0.05800717989575778,0.13264835593319124,Card,0.15651407006317172,1,75
4735,30,Tier2,Startup,94568,30543,0,21,17,2,0.10322974694031968,0.18411672006408675,NetBanking,0.3229739446747314,0,2
4736,49,Tier2,Gig,72589,11243,0,9,1,2,0.09073203014524062,0.04355375182114901,UPI,0.15488572648748433,0,3
4737,37,Tier1,MNC,53778,13674,2,15,6,2,0.06342189790170008,0.05759867165831588,Card,0.2542675443489903,0,3
4738,35,Tier3,MNC,44953,21977,1,17,9,3,0.45370909426914324,0.10486684356428036,Card,0.4888883945454141,1,70
4739,53,Tier3,MNC,53217,12777,1,9,2,3,0.229900630455308,0.06073445308754079,NetBanking,0.24009245166018378,0,5
4740,39,Tier2,MNC,69341,28876,1,16,6,6,0.4559035734877843,0.22873329593784214,Card,0.4164347211606409,0,1
4741,26,Tier2,Gig,41552,19344,2,14,13,0,0.3028175388656667,0.1872836129461337,UPI,0.46553715825953024,0,0
4742,26,Tier2,Startup,21218,6226,1,21,17,1,0.15955135350935082,0.02880141031791321,Card,0.29343010651333773,0,2
4743,25,Tier1,MNC,81272,34437,2,20,8,1,0.11787465874626628,0.28596851651133354,Wallet,0.4237252682350625,1,61
4744,33,Tier3,MNC,101560,39530,2,15,14,1,0.15539737127774414,0.08753118021620988,Card,0.3892280425364317,0,1
4745,49,Tier3,Gig,77687,25090,2,17,8,4,0.3966778900938583,0.029602929663752754,NetBanking,0.3229626578449419,0,0
4746,41,Tier2,SME,68169,13760,2,20,12,7,0.17602910333440056,0.026944613591890335,UPI,0.2018512813742317,0,1
4747,33,Tier2,Gig,72681,29625,0,13,4,2,0.06312277148615425,0.02453088964649409,Wallet,0.4076030874643992,0,1
4748,27,Tier3,MNC,19219,5167,3,21,7,4,0.13699939704771974,0.06692180295889154,Wallet,0.2688485353036058,0,0
4749,47,Tier3,MNC,32035,7629,2,23,9,1,0.09944941239313919,0.30321640698922425,NetBanking,0.23814577805525206,0,2
4750,42,Tier1,Gig,77155,32888,1,9,11,4,0.14774453845719165,0.05624876397312582,NetBanking,0.42625882962866957,0,1
4751,46,Tier1,Gig,84802,34809,0,19,2,0,0.3313184386022447,0.3098417696249227,Card,0.4104738095799627,1,40
4752,50,Tier2,Startup,52443,15862,2,15,1,1,0.45415941161849954,0.07554959004442661,UPI,0.30246172034399255,0,1
4753,25,Tier1,Startup,28109,14024,1,13,17,2,0.28804330880853923,0.07532629279533765,UPI,0.49891493827599703,1,103
4754,33,Tier3,SME,82707,20963,2,9,3,0,0.30390318227144225,0.03056030121932742,UPI,0.25346101297350887,0,2
4755,22,Tier2,MNC,50769,15256,1,15,3,2,0.16805568243115232,0.12581983464863788,UPI,0.30049833559849515,0,0
4756,28,Tier1,SME,22033,9408,2,13,11,1,0.1872806329439873,0.0534972080585826,UPI,0.4269958698316162,0,3
4757,26,Tier3,MNC,57257,11289,2,18,12,1,0.19206516482016397,0.0062466146411453505,UPI,0.19716366557800794,0,2
4758,22,Tier2,Startup,70593,16296,2,12,15,5,0.2800429177237846,0.14681959293849658,NetBanking,0.23084441800178487,0,1
4759,28,Tier2,SME,49233,13401,2,13,11,1,0.1360529423799789,0.20254833052426321,Card,0.27219547864237403,0,5
4760,26,Tier1,MNC,48937,11513,1,21,9,1,0.14371458349814095,0.22010453284176013,Card,0.23526166295441078,0,1
4761,23,Tier2,Gig,74173,11514,1,13,14,5,0.376250384250817,0.039044687363953924,Wallet,0.1552316880805684,1,62
4762,48,Tier2,Gig,81814,17898,3,21,9,4,0.23092476998423117,0.1631327962165732,NetBanking,0.21876451463074778,0,2
4763,38,Tier3,SME,91651,36810,2,11,10,2,0.07261823961448548,0.09706142597980998,NetBanking,0.4016322789713151,0,1
4764,30,Tier1,Startup,40356,19531,0,14,9,4,0.32935923643363546,0.1317391749087858,UPI,0.48396768758053327,0,1
4765,34,Tier2,SME,79501,32266,0,17,10,0,0.30640745527962004,0.37216706560236834,UPI,0.40585653010653955,1,45
4766,24,Tier2,Startup,61692,12973,2,18,1,3,0.1824957014894436,0.03654578574165711,UPI,0.2102865849704986,0,2
4767,21,Tier2,SME,59016,12007,2,17,14,3,0.40529362974259786,0.036987333273764376,UPI,0.2034533007997831,0,2
4768,47,Tier1,MNC,57420,17996,1,21,4,1,0.1131481968047059,0.08151633022210845,UPI,0.31340996168582375,0,0
4769,26,Tier1,Startup,94607,18819,1,21,15,3,0.13004782504239057,0.1337449705903222,Card,0.1989176276596869,0,2
4770,47,Tier1,Gig,73013,27245,3,20,0,1,0.3039433096851439,0.024420957847825303,UPI,0.3731527262268363,0,3
4771,45,Tier2,MNC,69013,27604,3,10,4,2,0.1884131749616894,0.0051959024445881645,Card,0.3999826119716575,1,88
4772,34,Tier1,MNC,40305,6872,2,10,8,1,0.5069002519244749,0.021799316460738925,UPI,0.1704999379729562,0,5
4773,39,Tier3,MNC,69327,29672,2,8,17,2,0.016680900115267475,0.015895014780388152,UPI,0.4280006346733596,0,2
4774,31,Tier2,MNC,55513,16445,2,14,17,1,0.28672931553014397,0.049176725952664806,Wallet,0.2962369174787888,0,4
4775,29,Tier2,Gig,69038,19553,1,11,16,2,0.2600552660108921,0.23785605473953425,UPI,0.2832208349025174,0,2
4776,21,Tier1,MNC,81019,20389,1,21,11,3,0.3711173397513304,0.08956619555818147,Wallet,0.25165701872400303,0,1
4777,54,Tier1,MNC,47297,15162,1,13,11,3,0.5649908579460797,0.14271991110034515,UPI,0.32057001501152294,0,2
4778,37,Tier2,Gig,45082,16102,1,13,15,4,0.59127913393766,0.12010910314155364,NetBanking,0.3571713766026352,0,2
4779,22,Tier2,MNC,70843,23164,1,11,5,1,0.01329749811028163,0.06055868999818165,UPI,0.32697655378795365,0,2
4780,22,Tier3,SME,72788,19015,2,14,13,2,0.1927143085608907,0.10149334861290005,UPI,0.2612381161729955,0,6
4781,51,Tier1,Startup,48464,22998,0,17,5,3,0.46388142659373677,0.04376389981655133,Card,0.4745378012545394,1,61
4782,54,Tier3,Gig,60331,9739,0,18,6,5,0.10466623238776428,0.1231491096906657,Card,0.16142613250236196,0,3
4783,35,Tier1,SME,91849,30764,3,13,0,4,0.27961487539841057,0.011255344699737189,Card,0.33494104454049584,0,2
4784,30,Tier1,MNC,83805,26543,2,13,0,3,0.5318426075577968,0.02904306824743915,UPI,0.31672334586241874,1,111
4785,47,Tier1,MNC,62120,9894,2,9,16,2,0.2153588004174677,0.13003244644181153,UPI,0.15927237604636188,0,0
4786,50,Tier3,SME,53298,17457,3,12,2,1,0.23699387888808243,0.009893391903977224,UPI,0.32753574242935946,0,5
4787,26,Tier3,Gig,80609,15979,2,15,3,1,0.3674422504500841,0.0030034838909229413,UPI,0.1982284856529668,1,44
4788,47,Tier1,SME,59450,10298,3,16,11,3,0.16786011184828126,0.027392103163763278,UPI,0.17322119428090832,0,6
4789,23,Tier2,SME,115452,50112,2,7,6,2,0.2950571443668996,0.1988984341830406,UPI,0.43405051449953225,0,5
4790,32,Tier1,Gig,108513,21195,1,14,8,2,0.2915510440308769,0.10153430472759534,UPI,0.19532221945757652,1,91
4791,25,Tier2,SME,70446,14759,2,20,12,3,0.2494954518532454,0.2493634096782845,NetBanking,0.20950799193708655,0,2
4792,49,Tier2,Gig,27695,9303,1,7,8,3,0.16299208922470998,0.009937508403092767,Wallet,0.33590900884636216,0,3
4793,36,Tier1,MNC,75867,16158,2,20,2,3,0.4058247413267926,0.14998212157455462,UPI,0.21297797461346832,0,1
4794,38,Tier1,MNC,46005,11640,2,12,13,2,0.2502504417851944,0.13484293166192296,UPI,0.25301597652429086,1,43
4795,45,Tier2,SME,38203,16537,2,17,17,3,0.47390634259585135,0.05760363797569045,Wallet,0.4328717639975918,0,2
4796,51,Tier1,SME,87716,36120,2,7,8,3,0.1310983008635561,0.4529227452763369,UPI,0.411783483058963,0,1
4797,26,Tier1,MNC,41065,8459,2,16,1,1,0.4380111669414233,0.020834381715516163,UPI,0.20599050286131743,0,2
4798,48,Tier1,Startup,39866,11241,2,13,4,3,0.15870388926773085,0.11770920988637487,Card,0.2819695981538153,0,3
4799,38,Tier3,Gig,63318,26680,1,6,0,3,0.1965394314700472,0.14040474027177802,Card,0.42136517262073975,0,3
4800,28,Tier2,SME,68141,31356,1,9,1,3,0.1433024996224837,0.10208044346494011,Wallet,0.4601634845394109,0,5
4801,28,Tier2,MNC,49289,14057,2,21,16,3,0.37306721121397335,0.12292507152644302,UPI,0.2851954797216417,0,2
4802,52,Tier1,MNC,52842,16188,2,19,12,0,0.21159158732011343,0.09483398560419398,UPI,0.3063472237992506,0,3
4803,52,Tier1,MNC,96903,31467,1,13,17,2,0.336059949347556,0.01796241875274819,NetBanking,0.3247267886443144,0,2
4804,32,Tier3,MNC,86957,28881,3,9,10,0,0.45886909875214316,0.003042676612369709,UPI,0.33212967328679693,0,1
4805,45,Tier1,Gig,82188,37965,1,17,0,4,0.37128191022532375,0.1580742989765802,UPI,0.4619287487224412,1,71
4806,45,Tier1,MNC,71323,31451,0,12,6,2,0.29255000087938904,0.09823023447651627,NetBanking,0.4409657473746197,0,0
4807,49,Tier2,MNC,27666,7444,3,15,4,1,0.1837442029521536,0.12584047182918479,UPI,0.2690667244993855,0,2
4808,30,Tier2,MNC,52399,12217,2,9,6,7,0.359707067610472,0.08693123350311742,Card,0.23315330445237503,0,2
4809,34,Tier3,SME,47156,22270,2,10,11,1,0.07182552690189153,0.04622616510919102,Card,0.4722622783951141,0,3
4810,32,Tier1,Startup,66147,23639,1,10,13,2,0.07317828141610531,0.2221462838711959,UPI,0.3573707046426898,1,119
4811,22,Tier1,MNC,35595,9283,2,13,3,3,0.06002459151950311,0.0896596740806811,NetBanking,0.26079505548532095,0,0
4812,21,Tier1,MNC,82059,29433,0,12,0,0,0.3233267967061306,0.34152331021850907,UPI,0.3586809490732278,0,3
4813,24,Tier3,MNC,56787,24163,2,18,11,0,0.394530494338688,0.024257836282463363,Card,0.4255023156708402,0,2
4814,39,Tier3,SME,74069,36071,2,6,9,5,0.2607528296019127,0.08154937216361285,UPI,0.48699185894233754,0,2
4815,25,Tier1,MNC,63564,12704,3,16,1,2,0.13926802973494773,0.18692921793948836,Wallet,0.19986155685608206,0,1
4816,29,Tier3,SME,85614,40746,2,12,16,2,0.15559417332938766,0.012338971776687921,Wallet,0.4759268343962436,1,59
4817,23,Tier2,Startup,52555,15996,2,13,0,0,0.19245301615445812,0.08595721340667682,Wallet,0.3043668537722386,0,2
4818,24,Tier1,Gig,53148,22572,0,6,16,1,0.2188190688263549,0.26045769779252337,UPI,0.4247008354030255,0,1
4819,37,Tier3,MNC,41548,8117,2,12,12,2,0.2211219002985731,0.12744427383845794,Card,0.1953643978049485,0,1
4820,21,Tier2,SME,37692,8410,2,23,15,2,0.12426340312682956,0.06391439460449955,NetBanking,0.22312427040220736,0,0
4821,36,Tier1,MNC,52127,23076,1,15,5,0,0.11703825447887445,0.23447058004385296,UPI,0.4426880503385961,0,2
4822,30,Tier1,Startup,55776,27183,2,8,16,1,0.1564485170929229,0.09329103713179224,UPI,0.48736015490533563,0,2
4823,35,Tier1,MNC,52665,23797,2,19,10,3,0.23365452506831721,0.0625957159809461,UPI,0.4518560713946644,0,1
4824,44,Tier2,Gig,59819,15882,2,13,0,3,0.17030598409188102,0.3041081113395805,Card,0.2655009277988599,0,1
4825,40,Tier1,MNC,78239,35402,3,19,9,0,0.08109632862625603,0.04095700079744215,UPI,0.45248533340150054,0,0
4826,48,Tier1,SME,67412,26535,1,10,13,3,0.14786018105697674,0.1790758908998886,UPI,0.3936242805435234,0,2
4827,24,Tier3,Startup,55689,16790,1,21,11,4,0.20422696896239353,0.04486878355092907,Card,0.3014958070714145,0,1
4828,40,Tier1,SME,38734,12971,2,7,9,4,0.1956128239123778,0.017941502000329075,UPI,0.33487375432436617,0,2
4829,52,Tier1,Startup,27273,12507,2,15,1,0,0.04906025331063817,0.07571996803703437,NetBanking,0.4585854141458585,0,0
4830,28,Tier1,Startup,70144,26000,2,16,15,2,0.3846561414487618,0.08173343228517728,UPI,0.37066605839416056,0,3
4831,46,Tier1,MNC,35803,11092,2,15,14,3,0.1971580727010593,0.05997395714290137,UPI,0.3098064408010502,0,1
4832,21,Tier2,Gig,65780,16550,0,8,1,0,0.25269655998559826,0.04359320521575659,UPI,0.2515962298570994,1,50
4833,44,Tier2,SME,55458,9927,3,23,17,0,0.34420874534180435,0.12554220345987072,UPI,0.17900032456994483,0,3
4834,40,Tier2,Startup,61750,29470,0,16,7,1,0.25912233813657065,0.2858612379386098,Wallet,0.47724696356275303,1,91
4835,22,Tier3,Gig,35360,7578,2,13,5,1,0.3390779085532922,0.07467672712286247,NetBanking,0.2143099547511312,1,80
4836,35,Tier1,MNC,61671,24943,2,14,10,0,0.2652427398372258,0.1708525397421054,UPI,0.4044526600833455,1,81
4837,50,Tier1,MNC,55980,23824,2,14,14,4,0.17380280316432595,0.033829119775091024,UPI,0.4255805644873169,0,2
4838,36,Tier2,MNC,30061,5661,2,23,7,2,0.26383472210671727,0.015133908142503169,Card,0.1883170885865407,0,2
4839,34,Tier2,MNC,73084,13639,2,15,14,2,0.033044862642611535,0.06974929967943001,UPI,0.18662087461003776,0,2
4840,49,Tier1,Startup,48576,13414,1,6,8,1,0.4472546563048455,0.06702549538017567,Card,0.2761445981554677,0,1
4841,28,Tier2,Gig,64254,9701,2,21,11,1,0.4899595530192204,0.08771412733682375,UPI,0.15097892738195287,0,4
4842,22,Tier1,Gig,50422,15126,1,10,8,5,0.3860089900508083,0.04625595302886369,UPI,0.29998810043235097,0,2
4843,25,Tier1,Gig,60653,19186,3,13,3,1,0.3598776093461084,0.024682332718484613,UPI,0.31632400705653474,0,3
4844,26,Tier1,SME,38551,17764,2,19,15,3,0.28463908199301785,0.04977002792882119,Card,0.4607921973489663,0,1
4845,52,Tier1,SME,97967,33937,1,6,12,3,0.3624524097506926,0.026534582049639408,UPI,0.34641256749721844,0,0
4846,42,Tier1,Gig,40865,17467,2,22,3,0,0.3019996551750134,0.06537222493968153,Card,0.427431787593295,0,1
4847,27,Tier3,MNC,42029,18740,2,19,0,3,0.1660245066264722,0.005716360715997445,NetBanking,0.4458826048680673,0,2
4848,21,Tier1,Gig,69789,16843,2,17,12,2,0.38191757026530054,0.1809621310607606,NetBanking,0.2413417587298858,1,34
4849,47,Tier2,MNC,56990,15011,2,20,13,0,0.594284521164024,0.22559492491235753,NetBanking,0.26339708720828214,0,2
4850,37,Tier2,SME,89501,31017,2,23,6,1,0.3777958260302558,0.029502631259936764,NetBanking,0.3465547870973509,0,0
4851,21,Tier1,Startup,45899,14120,2,20,13,2,0.41521876637555893,0.03446864979830701,NetBanking,0.3076319745528225,0,2
4852,25,Tier2,MNC,30867,11186,1,8,13,2,0.1773419151427785,0.0068334313332512105,Card,0.3623934946706839,0,2
4853,28,Tier1,Gig,62712,11643,0,16,17,5,0.4243060907774029,0.000930609649883918,UPI,0.1856582472254114,0,2
4854,45,Tier2,Startup,91879,36698,2,18,15,1,0.4397128469864793,0.005909561588992603,UPI,0.3994166240381371,0,0
4855,43,Tier2,Startup,84384,19363,2,20,17,1,0.2554272549853262,0.12907001077484134,UPI,0.22946293136139553,0,4
4856,25,Tier2,MNC,56678,11608,2,9,12,4,0.4452611136376263,0.04531350012343739,Card,0.2048060976040086,0,5
4857,42,Tier1,MNC,82426,39870,2,9,12,3,0.4583620629183709,0.22486399444825309,Card,0.4837065974328489,0,1
4858,48,Tier1,MNC,87175,23925,1,16,3,1,0.10695775204762506,0.3039040473408884,NetBanking,0.2744479495268139,0,1
4859,51,Tier1,SME,19420,7786,2,13,0,1,0.3875517705649101,0.11602882600434714,UPI,0.40092687950566425,0,3
4860,40,Tier1,Gig,45015,6937,1,16,7,0,0.29149291519630366,0.10866549797485303,UPI,0.15410418749305788,0,2
4861,34,Tier2,Gig,42810,20479,1,6,11,2,0.23278614052346658,0.1596208009191613,NetBanking,0.4783695398271432,0,1
4862,51,Tier3,Startup,64153,16699,1,12,8,0,0.2155010927562757,0.06748785067247323,UPI,0.26029959627764876,0,4
4863,53,Tier1,MNC,95409,35540,0,17,16,2,0.13175872024422525,0.004861185154066646,UPI,0.37250154597574653,0,2
4864,25,Tier2,Gig,65636,32323,3,7,4,1,0.32024522867007177,0.026171722958350883,NetBanking,0.4924584069717838,0,1
4865,35,Tier1,SME,61385,12322,1,19,5,2,0.4177304920878887,0.022923787104403567,UPI,0.20073307811354565,0,1
4866,29,Tier2,Startup,95588,23854,0,21,2,1,0.5364756385535067,0.06023487795795767,Card,0.24955015273883752,0,4
4867,48,Tier3,SME,42347,19048,2,21,7,0,0.1495071958145365,0.06280574582368996,NetBanking,0.44980754244692656,0,1
4868,39,Tier1,Gig,48830,19469,1,9,5,0,0.46086650353419356,0.08349009047029465,Card,0.39870980954331353,1,109
4869,48,Tier2,Gig,74924,30282,2,14,2,4,0.2830817881872243,0.10690578993831534,UPI,0.4041695584859324,1,55
4870,28,Tier1,MNC,42080,13483,0,8,5,2,0.20928246583022447,0.17120586828105835,UPI,0.32041349809885933,0,4
4871,31,Tier2,Gig,43487,10429,1,22,17,5,0.25580554886581724,0.09023550893719781,UPI,0.2398187964219192,0,2
4872,37,Tier2,MNC,67510,23621,3,17,0,4,0.06946753069622459,0.07592884614487626,UPI,0.34988890534735595,0,3
4873,31,Tier3,MNC,46769,23204,2,6,13,2,0.26772171714130094,0.050104238634721424,UPI,0.49614060595693726,1,84
4874,29,Tier2,Gig,56791,13243,2,9,6,1,0.1499844458832551,0.08762033599192987,UPI,0.23318835731013718,1,55
4875,31,Tier1,MNC,79807,16718,2,14,15,3,0.24631435478477146,0.005046198400159276,Card,0.20948037139599282,0,3
4876,35,Tier2,SME,61755,24640,1,18,0,2,0.23869271266872186,0.17013439942259062,UPI,0.398996032709902,0,0
4877,36,Tier1,MNC,55774,17013,1,22,17,1,0.3009188893012247,0.026295834743426227,UPI,0.30503460393731846,0,0
4878,43,Tier2,Gig,40792,9995,2,16,13,2,0.22568954338969352,0.17280027113082988,NetBanking,0.24502353402627966,0,4
4879,48,Tier1,SME,68143,32414,2,9,16,2,0.15641527197760208,0.14310950208262416,Card,0.47567615162232363,0,0
4880,38,Tier1,Startup,44382,14120,1,21,12,2,0.473212164511673,0.037090982443368975,UPI,0.31814699653012485,0,1
4881,46,Tier1,Gig,74828,13290,2,16,12,1,0.15731184683155208,0.24827698415808458,UPI,0.1776073127706206,0,2
4882,51,Tier2,SME,43185,16134,1,13,4,2,0.17191842325938808,0.11236068129330984,NetBanking,0.3736019451198333,0,3
4883,52,Tier1,Gig,48329,16366,2,8,7,4,0.35285951533739646,0.26579089380950044,Card,0.33863725713339815,0,2
4884,43,Tier1,MNC,65227,25302,2,19,5,3,0.4771711128476643,0.06357925688463184,UPI,0.3879068483910037,0,2
4885,29,Tier2,Gig,65813,14545,3,14,7,3,0.418908555726993,0.01407370353267003,UPI,0.22100496862322033,0,2
4886,31,Tier3,Startup,45284,7160,2,14,6,8,0.27412636622593556,0.041074339326006515,Card,0.15811324087978093,0,2
4887,50,Tier1,Startup,58782,11358,2,22,13,0,0.23904377233584315,0.013643821663290317,NetBanking,0.19322241502500764,0,2
4888,46,Tier1,MNC,59593,24127,1,12,6,1,0.13888732655062297,0.020044310788605673,UPI,0.4048629872636048,0,0
4889,25,Tier2,MNC,41041,8784,2,18,15,3,0.3297106104983833,0.13580939213391988,UPI,0.21402987256645795,1,41
4890,30,Tier1,SME,63232,16806,2,13,16,1,0.35247375791995306,0.36504113973187663,UPI,0.2657831477732793,1,68
4891,42,Tier1,SME,56997,18459,2,23,14,4,0.21917374976750656,0.11815325066633918,UPI,0.3238591504816043,1,79
4892,54,Tier2,MNC,73387,26566,2,17,1,3,0.5730399006668081,0.18729577411168757,UPI,0.36199871911919007,0,3
4893,48,Tier2,Gig,77441,19328,2,8,2,3,0.16823327361979745,0.04351306353987188,UPI,0.24958355393138001,0,1
4894,23,Tier2,Gig,52128,16039,2,9,13,3,0.15378569867461547,0.12317460314113271,Wallet,0.3076849294045427,0,0
4895,29,Tier3,MNC,74268,12139,2,10,4,4,0.42868628873221326,0.3160358172323902,UPI,0.16344859158722463,0,0
4896,35,Tier1,MNC,81796,24358,1,14,7,5,0.2239554267130347,0.1358928737925079,NetBanking,0.29778962296444816,1,49
4897,26,Tier1,Gig,54807,21996,2,6,14,1,0.2741000689092738,0.045599825573358614,UPI,0.40133559581805245,0,4
4898,30,Tier2,MNC,53770,13574,0,10,12,3,0.5277217102062047,0.08516532278910326,UPI,0.25244560163660035,0,2
4899,43,Tier1,SME,59616,13763,1,21,4,1,0.4135250424573888,0.05253777579024739,NetBanking,0.23086084272678475,0,1
4900,42,Tier3,SME,74710,24222,3,6,3,1,0.12991285191079888,0.07285255766895865,Card,0.32421362602061304,0,1
4901,50,Tier1,MNC,48536,12482,1,19,14,4,0.44563782673982005,0.30014063481673936,Card,0.2571699357178177,0,3
4902,49,Tier1,MNC,48487,20320,1,14,5,3,0.21327635500254638,0.07785230497336895,Card,0.4190814032627302,0,3
4903,28,Tier3,MNC,54586,12663,0,17,13,3,0.26868328951179615,0.10661462487709565,UPI,0.23198255963067455,1,40
4904,53,Tier1,MNC,94552,31210,2,15,11,4,0.309053373838011,0.033571710150544,NetBanking,0.3300829173364921,0,3
4905,40,Tier1,Gig,38850,9813,2,13,9,3,0.19224042291024765,0.005954757134468113,UPI,0.25258687258687257,0,1
4906,35,Tier2,MNC,46961,9718,2,15,4,0,0.12037388955008806,0.3194559897287349,NetBanking,0.20693767168501523,0,2
4907,32,Tier3,MNC,30747,11422,2,20,13,2,0.45603499545266485,0.38588431065778744,Card,0.37148339675415487,1,111
4908,42,Tier2,Gig,67392,26282,0,17,11,0,0.21353374285521162,0.07014199494989211,Card,0.3899869420702754,0,0
4909,46,Tier1,MNC,59631,26744,3,17,10,2,0.2599068609008025,0.18994399817661503,UPI,0.4484915564052255,0,2
4910,52,Tier3,SME,46967,22670,2,7,17,4,0.5921156726832031,0.000698638783044745,UPI,0.4826793280388358,0,3
4911,35,Tier1,Startup,56669,17423,2,15,10,5,0.2554927311881997,0.1542386392913776,UPI,0.3074520460922197,0,1
4912,39,Tier3,Startup,39906,6116,2,19,9,1,0.15959771270331546,0.18420004261873177,UPI,0.15326016137924123,0,0
4913,50,Tier2,Startup,43927,16317,0,8,12,4,0.4416047306774094,0.0018499177487096758,UPI,0.37145719033851615,0,0
4914,25,Tier1,Gig,39352,8006,0,21,6,1,0.2369418123202186,0.16262816381683742,UPI,0.20344582232161007,1,40
4915,26,Tier2,Gig,46123,17932,3,17,3,2,0.1225850077017426,0.09612732155946684,Wallet,0.38878650564794137,0,0
4916,47,Tier1,MNC,76670,29180,2,7,10,1,0.3614814577275531,0.06637355254789915,UPI,0.380592148167471,0,5
4917,23,Tier2,Gig,71435,29786,1,19,4,1,0.14051118265657625,0.175339146785218,NetBanking,0.41696647301742845,0,3
4918,54,Tier2,Startup,30283,13947,2,19,6,3,0.3939281517319519,0.03241268224528331,NetBanking,0.46055542713733777,0,3
4919,39,Tier3,Gig,79267,30654,2,13,12,3,0.14197574697252976,0.04252990243640641,UPI,0.38671830648315186,0,0
4920,21,Tier2,MNC,44518,17826,0,17,13,4,0.007047219888692529,0.03297893672887881,Card,0.40042230109169324,0,1
4921,28,Tier1,SME,57358,14603,0,14,4,3,0.1484868952936343,0.22558073519180746,Card,0.25459395376407823,0,4
4922,40,Tier3,Startup,48636,13401,3,9,0,5,0.0928810550080746,0.021072499708824643,UPI,0.2755366395262768,0,5
4923,30,Tier1,MNC,74560,35428,2,15,2,4,0.22578344353227117,0.16657337576377793,UPI,0.4751609442060086,0,1
4924,48,Tier1,Gig,52686,26009,2,13,14,6,0.05041792886727677,0.09033998610879793,UPI,0.4936605549861443,1,96
4925,28,Tier2,MNC,77925,21617,2,13,1,0,0.34569878190014935,0.016422981988884835,UPI,0.27740776387552135,0,4
4926,43,Tier3,MNC,63125,25058,1,7,13,2,0.36057908950969497,0.1034059656211606,UPI,0.39695841584158414,0,3
4927,22,Tier2,MNC,58687,27939,0,9,10,1,0.3648236443188891,0.08691654385674687,UPI,0.47606795372058547,1,85
4928,49,Tier1,Gig,39136,9660,3,21,2,2,0.16427879570111523,0.17300243811030588,UPI,0.24683156173344237,0,1
4929,53,Tier3,Gig,40598,19174,0,10,4,1,0.3881049201846477,0.08527688514068799,UPI,0.4722892753337603,1,46
4930,44,Tier2,MNC,63634,24162,1,6,9,2,0.05582955351885956,0.10917922906595448,UPI,0.3797026746707735,1,97
4931,45,Tier3,MNC,55315,20498,2,17,10,0,0.5601256769643385,0.057035026571084634,Wallet,0.3705685618729097,0,2
4932,31,Tier1,SME,76116,11952,1,20,17,2,0.14960305566638138,0.10391943994796314,NetBanking,0.15702349046192654,0,0
4933,36,Tier3,MNC,96343,27845,1,17,11,3,0.20555121169315865,0.09278919448552804,NetBanking,0.2890194409557518,0,2
4934,37,Tier2,Startup,73895,11881,2,6,1,0,0.3804593145547759,0.4230821287113189,UPI,0.16078219094661345,0,1
4935,27,Tier2,Gig,31502,6024,1,20,14,2,0.21290133611550993,0.003748941017644347,UPI,0.1912259539076884,0,1
4936,51,Tier1,Startup,40684,17421,1,9,7,1,0.2392891785344753,0.10385620968715702,UPI,0.4282027332612329,0,0
4937,51,Tier1,MNC,58298,15859,2,14,12,1,0.38511640283419935,0.03753785636810277,NetBanking,0.2720333459123812,0,2
4938,26,Tier2,Gig,66617,25715,2,16,16,1,0.031822327314638126,0.03354413484700447,UPI,0.38601257937163186,0,2
4939,26,Tier1,SME,72693,26145,3,8,6,1,0.15817014695207235,0.09608060001703829,NetBanking,0.3596632413024638,0,1
4940,24,Tier1,MNC,72433,16082,3,18,14,2,0.2780890245287102,0.10347125559803746,UPI,0.2220258721853299,0,3
4941,26,Tier2,Startup,60308,23849,3,18,9,5,0.12258728619371694,0.02792636595984893,UPI,0.3954533395237779,0,0
4942,29,Tier1,MNC,77147,13062,2,22,3,2,0.39816861316223173,0.18705084005039943,Card,0.16931312948008348,0,0
4943,24,Tier3,MNC,37151,17751,2,21,16,2,0.050918882753746834,0.23406715104537182,UPI,0.47780678851174935,1,43
4944,45,Tier2,Gig,23850,7207,2,12,17,4,0.3368500041714609,0.14883039394941017,UPI,0.3021802935010482,0,3
4945,52,Tier2,MNC,78316,16145,0,16,0,1,0.3366399005644332,0.08235613121994702,Wallet,0.20615199959139896,0,0
4946,22,Tier2,Startup,58473,22543,2,16,7,3,0.06896685175582289,0.12112354805654892,UPI,0.38552836351820496,0,1
4947,45,Tier3,Startup,32872,5536,1,14,12,2,0.051818513720766596,0.015820793245622612,UPI,0.16841080554879534,0,2
4948,47,Tier1,SME,66530,11211,2,16,6,4,0.3292095961499093,0.08506931318277237,UPI,0.16851044641515106,0,4
4949,43,Tier1,Gig,78737,39042,1,12,4,3,0.19241021821541868,0.15109798203839353,UPI,0.49585328371667703,1,69
4950,53,Tier2,Startup,78917,19176,2,7,12,2,0.29940637497641304,0.04862590089747388,UPI,0.24298946994944054,0,3
4951,30,Tier1,MNC,70200,32021,1,19,11,2,0.3043897749028553,0.12485820855549207,Card,0.4561396011396011,1,65
4952,29,Tier2,Startup,60815,12595,2,6,7,2,0.1285568689273311,0.0628456302924097,NetBanking,0.20710351064704433,0,1
4953,22,Tier1,MNC,38144,9140,1,17,8,1,0.1588819280891864,0.13352298751689068,NetBanking,0.23961828859060402,1,41
4954,49,Tier3,Gig,33566,14084,2,11,10,2,0.1297302171012974,0.16140102795848657,UPI,0.4195912530536853,0,2
4955,49,Tier1,Gig,74238,19950,3,20,13,4,0.29171385010594014,0.20522436678305755,UPI,0.2687302998464398,0,2
4956,40,Tier1,Startup,49066,10933,1,20,6,3,0.3908136336858926,0.023185175275042914,UPI,0.22282232095544777,0,3
4957,25,Tier1,Gig,75853,30118,2,8,16,2,0.40870644019715024,0.23691676155617647,Card,0.39705746641530326,0,2
4958,29,Tier1,Gig,39339,17507,0,12,17,2,0.28215525836378624,0.06636296435227866,UPI,0.44502910597625767,0,2
4959,33,Tier1,MNC,74600,35883,1,10,6,3,0.23072311204025447,0.039371496440792166,UPI,0.4810053619302949,0,1
4960,45,Tier2,MNC,56364,15524,2,13,16,2,0.40895677724135265,0.06411582371611929,NetBanking,0.2754240295223902,0,0
4961,44,Tier1,MNC,53724,14954,3,8,14,0,0.18520629947268194,0.2871145406552205,Card,0.2783485965304147,1,75
4962,31,Tier2,Startup,86050,22185,3,17,15,2,0.1209956734160767,0.06572400182292343,Card,0.257815223707147,0,6
4963,43,Tier2,SME,94762,31960,2,17,1,1,0.22053370283318952,0.017389792178961236,Card,0.3372659926974948,0,1
4964,50,Tier1,Startup,31352,4927,1,12,0,1,0.5715282084898707,0.08924944683219314,Wallet,0.15715105894360806,0,5
4965,25,Tier3,MNC,51461,14006,2,14,3,0,0.013673078118934874,0.010241598704485466,NetBanking,0.2721672723032976,0,2
4966,36,Tier1,MNC,55417,23365,2,11,11,3,0.3108739960983095,0.007040430145180289,UPI,0.4216215240810582,1,95
4967,49,Tier2,SME,60322,21234,0,11,5,2,0.4863046897347152,0.2749177061156695,Card,0.35201087497098904,0,1
4968,43,Tier1,Startup,51178,25289,1,17,2,0,0.3820825370168148,0.08235265767147044,UPI,0.49413810621751536,0,1
4969,34,Tier2,MNC,29543,10613,1,10,9,1,0.04765325525003003,0.02935981261794027,NetBanking,0.3592390752462512,0,3
4970,47,Tier1,MNC,44054,17575,1,19,13,5,0.0065857101966246894,0.15349562979066575,Card,0.3989422072910519,0,1
4971,39,Tier2,Gig,53212,18144,2,18,12,1,0.1407307669638591,0.03083774521180739,UPI,0.3409757197624596,0,3
4972,27,Tier1,Startup,38080,15894,0,21,3,1,0.09496284922966132,0.10329361442969996,UPI,0.4173844537815126,0,2
4973,26,Tier3,Gig,76737,29745,3,23,8,3,0.15319206885490017,0.19001590166001223,NetBanking,0.3876226592126354,0,1
4974,22,Tier1,Startup,72611,17034,3,11,16,2,0.16620241750290118,0.27257283328662113,Card,0.23459255484706174,0,2
4975,49,Tier1,MNC,89670,38945,3,10,5,3,0.4171498268000003,0.02888733040781188,UPI,0.4343147094903535,0,0
4976,41,Tier2,MNC,101580,19202,2,19,13,0,0.07117767910722847,0.2466643373334602,Card,0.18903327426658792,0,2
4977,44,Tier2,Gig,66264,15403,1,15,5,2,0.09966310190123186,0.16954894353017178,UPI,0.2324489919111433,0,2
4978,35,Tier1,SME,39068,18695,2,8,15,0,0.2507837677720856,0.04450385723508793,UPI,0.4785246237329784,0,2
4979,54,Tier3,MNC,28651,5971,2,19,9,3,0.15951274989496778,0.1157193740227709,Card,0.20840459320791596,0,4
4980,24,Tier2,MNC,86935,42310,1,9,13,2,0.09772272997200278,0.14208710249500012,Card,0.4866854546500259,0,1
4981,35,Tier2,MNC,53590,15320,2,17,8,4,0.06841532398218132,0.08181923534220541,UPI,0.28587423026684083,0,3
4982,28,Tier1,Gig,56687,14862,2,23,5,2,0.21774623308206298,0.18812174815906837,Wallet,0.2621765131335227,0,0
4983,21,Tier2,MNC,78050,33621,1,22,16,2,0.11688181938967601,0.07889988156694511,Wallet,0.43076233183856505,0,1
4984,42,Tier1,MNC,50047,14143,2,12,12,2,0.24848429702622182,0.05983496499008245,UPI,0.28259436130037763,0,0
4985,54,Tier1,MNC,30461,12790,3,8,2,2,0.5257171204455903,0.1442304003006826,UPI,0.41988115951544597,0,6
4986,38,Tier1,MNC,48028,8295,2,14,9,5,0.2638402903750334,0.020886870356689576,Card,0.1727117514783043,1,45
4987,46,Tier2,SME,22939,9424,2,20,1,3,0.031220818388357597,0.38431348787406394,NetBanking,0.41082871964776146,0,3
4988,26,Tier1,Gig,57858,15618,2,19,16,3,0.17519389851341693,0.2920357307615093,NetBanking,0.26993674167790105,0,1
4989,47,Tier1,SME,36086,15927,2,12,1,6,0.11345342338289212,0.05695136775166226,NetBanking,0.4413623011694286,0,0
4990,37,Tier1,SME,73362,35085,1,20,16,2,0.25908346543136895,0.048453048886404414,Card,0.4782448679152695,0,1
4991,42,Tier1,Startup,79024,20095,1,17,13,0,0.2775305790188603,0.08984603304315095,Card,0.25428983599919014,0,1
4992,47,Tier1,MNC,50005,14477,1,15,5,1,0.28499659086117907,0.10345389552059132,UPI,0.2895110488951105,0,5
4993,26,Tier1,Gig,42330,17099,2,10,6,7,0.04439193869167138,0.025792850359242427,Card,0.4039451925348453,0,2
4994,48,Tier1,Gig,56152,19999,2,10,11,0,0.3481239187962274,0.03622117023777832,Wallet,0.3561582846559339,1,61
4995,52,Tier2,Gig,40945,10145,0,14,13,2,0.0854112872017944,0.09767979598496843,NetBanking,0.2477714006594212,0,0
4996,54,Tier1,Gig,65132,31508,0,14,11,0,0.2921188769527745,0.040396341924859365,UPI,0.4837560646072591,1,48
4997,46,Tier1,MNC,71929,17628,1,7,6,3,0.39449894759608256,0.09770498962688066,Card,0.2450750045183445,0,4
4998,30,Tier1,MNC,82234,28473,3,9,2,2,0.01566731127346279,0.03309915115099641,UPI,0.346243646180412,0,0
4999,24,Tier2,MNC,43382,8850,2,18,13,1,0.4312082397576481,0.11485066754008716,NetBanking,0.2040016596745194,0,4
5000,31,Tier3,MNC,67956,10986,1,16,13,2,0.047972465122825485,0.022600399422478372,UPI,0.16166342927776797,0,2
5001,21,Tier1,SME,70794,13479,3,16,9,3,0.12762472537657846,0.02646369233048596,UPI,0.19039749131282313,0,2
5002,41,Tier2,SME,43879,16779,3,17,11,0,0.5869597343069758,0.08763748198539266,UPI,0.3823924884341029,0,1
5003,35,Tier3,SME,41846,15673,2,23,14,1,0.3209334769229816,0.23540917257810154,NetBanking,0.3745399799263968,0,4
5004,25,Tier2,MNC,78624,26908,2,8,9,1,0.08807081015632982,0.2994205341067946,UPI,0.3422364672364672,0,0
5005,25,Tier2,SME,43547,6840,2,13,7,0,0.1381078977838653,0.047094943658147904,Card,0.15707166969021977,0,2
5006,37,Tier2,SME,53804,18547,2,10,16,0,0.11198923399712708,0.10149574811192554,Card,0.3447141476470151,0,2
5007,52,Tier2,Gig,80342,19258,1,7,9,2,0.1385810604532821,0.010011205976159145,Card,0.23970028129745338,0,5
5008,30,Tier2,MNC,41638,19976,2,15,3,4,0.07434954337650766,0.0409116853070861,Card,0.47975407080071086,0,0
5009,52,Tier1,MNC,47561,8978,3,18,9,1,0.04071143640268327,0.05336105633185631,UPI,0.188768108324047,0,1
5010,39,Tier1,SME,57084,27169,0,6,15,0,0.16622108647017933,0.020310730364361377,UPI,0.4759477261579427,0,3
5011,37,Tier1,Gig,48645,21287,1,10,10,1,0.286131412960639,0.1056447306987277,UPI,0.43759893103093844,0,1
5012,48,Tier3,SME,68967,25242,3,7,15,0,0.0997126916808535,0.03417614032755579,UPI,0.36600113097568404,0,2
5013,44,Tier1,MNC,83398,36606,2,10,17,3,0.04532415075951416,0.18650070901339366,Card,0.43893138924194824,0,4
5014,44,Tier3,MNC,75821,24635,2,16,4,2,0.5556228035047789,0.061554511361719876,NetBanking,0.3249099853602564,0,4
5015,23,Tier2,Gig,63425,25659,0,13,3,2,0.29602597994808794,0.0760156254032625,UPI,0.40455656286953096,0,3
5016,47,Tier1,Gig,42224,6463,2,21,12,2,0.4665097761383508,0.009997420419362297,Card,0.15306460780598713,0,2
5017,26,Tier1,SME,41821,17477,1,20,1,2,0.386337433877329,0.060916074689024054,UPI,0.41790009803687145,0,2
5018,37,Tier1,SME,42702,18496,2,16,10,2,0.14282078791219366,0.006543726597268361,UPI,0.4331413048569154,0,2
5019,49,Tier3,MNC,50581,23317,2,12,12,2,0.013264378866766447,0.06824494194473654,UPI,0.4609833732033768,1,48
5020,46,Tier3,MNC,47223,10390,3,21,17,1,0.07985848522403823,0.24084741418171765,Card,0.22001990555449674,0,3
5021,45,Tier1,MNC,73026,19676,2,12,10,1,0.2722241595346574,0.31093407122492367,UPI,0.269438282255635,0,4
5022,46,Tier2,Startup,51089,17507,0,11,11,2,0.052402413446719816,0.012373386439026695,Wallet,0.3426765057057292,0,2
5023,38,Tier2,MNC,62075,9876,0,16,9,3,0.36880343168937185,0.20023494437231568,UPI,0.15909786548530003,0,1
5024,38,Tier1,Startup,46875,17558,2,21,13,3,0.3415182943940077,0.0907929746169143,NetBanking,0.37457066666666666,0,1
5025,43,Tier1,Startup,71866,28399,1,7,7,2,0.055411596105473075,0.09394769036371513,UPI,0.39516600339520774,0,1
5026,32,Tier1,Gig,81521,28816,2,21,16,2,0.06677517754799218,0.4654000804613225,Card,0.3534794715472087,1,51
5027,32,Tier2,Gig,81050,17442,1,12,5,0,0.1368873433767397,0.07504019067863353,Card,0.21520049352251697,0,0
5028,34,Tier2,MNC,59602,22363,1,23,16,3,0.29135161524182457,0.26107383113831156,NetBanking,0.3752055300157713,0,1
5029,50,Tier1,SME,43519,6881,0,22,2,2,0.4359269602970195,0.09818066075743194,UPI,0.15811484638893358,0,0
5030,37,Tier2,MNC,76245,16843,0,10,10,2,0.09757711926632072,0.19877868826555994,NetBanking,0.22090628893697947,0,1
5031,25,Tier1,Gig,59868,12903,1,9,6,2,0.29955013304896444,0.021996570216726106,NetBanking,0.21552415313690118,1,73
5032,44,Tier3,Startup,59077,14068,2,22,10,1,0.23342753064321126,0.1254732397475396,Card,0.23812989826836162,0,0
5033,42,Tier1,SME,42634,6963,2,11,8,0,0.33972939816481046,0.21227818928491826,UPI,0.16332035464652625,0,2
5034,41,Tier1,Gig,61156,9443,2,17,16,2,0.18929561295242897,0.008228901626464584,Card,0.15440839819478056,0,1
5035,24,Tier3,Gig,73067,21631,2,12,15,3,0.10629946376018791,0.2690229843053066,NetBanking,0.2960433574664349,0,0
5036,46,Tier2,MNC,109955,51840,1,10,11,3,0.5804749891422791,0.05555685809800333,UPI,0.4714655995634578,1,57
5037,32,Tier3,Startup,66640,22347,2,19,4,1,0.042142114472338926,0.17486805635436078,Wallet,0.3353391356542617,0,1
5038,54,Tier2,MNC,42160,13073,1,19,8,2,0.33176108125160547,0.31454084650488756,UPI,0.3100806451612903,0,1
5039,43,Tier3,Gig,53040,17008,3,9,3,0,0.23302078899861028,0.08499945446714541,UPI,0.3206636500754148,0,4
5040,40,Tier1,Gig,63666,11751,2,14,13,0,0.41584720722439744,0.10005850654489615,Wallet,0.184572613325794,1,88
5041,46,Tier2,MNC,41338,16862,2,8,1,2,0.1386140356984059,0.008517311639547573,UPI,0.4079055590497847,0,2
5042,54,Tier1,Gig,83006,35297,2,23,15,3,0.3034023279882621,0.01725445350617987,Card,0.42523432041057274,1,74
5043,31,Tier2,Gig,42557,7451,2,17,2,1,0.10289937228666995,0.18058103229362643,UPI,0.17508283008670725,0,5
5044,50,Tier1,MNC,47911,8421,2,22,8,1,0.3094105211087552,0.08386984767874364,UPI,0.17576339462753857,0,3
5045,25,Tier2,Startup,27436,13617,0,19,11,0,0.1834451871205248,0.2062880185179136,UPI,0.4963187053506342,0,0
5046,46,Tier3,Gig,75429,16748,1,9,15,0,0.09243349507986666,0.16025121852107904,UPI,0.22203661721619006,0,3
5047,44,Tier1,MNC,84593,33145,3,16,2,0,0.3416071936165742,0.24102277927118568,Card,0.39181728984667763,1,42
5048,48,Tier3,Startup,78324,22015,2,6,0,1,0.12649982427392678,0.037120884452853053,UPI,0.28107604310300804,1,79
5049,48,Tier2,MNC,38361,11048,2,6,6,1,0.5354033046681346,0.0600516747363461,Card,0.28800083418054795,0,4
5050,23,Tier1,Gig,80640,17845,2,14,1,1,0.346815434547988,0.023163450772067058,Wallet,0.2212921626984127,0,3
5051,47,Tier1,SME,57388,27829,1,22,17,3,0.11269811890454448,0.4762366382794667,Wallet,0.4849271624729909,0,3
5052,28,Tier1,Gig,48453,21927,2,11,7,3,0.13046141965749902,0.1094108662441255,Card,0.45254163828865085,0,3
5053,33,Tier1,SME,92600,40653,2,8,13,2,0.16054045408749945,0.07161057897518802,Card,0.43901727861771056,0,1
5054,46,Tier1,MNC,84671,31224,1,17,3,1,0.19006034838075922,0.14806277235502974,UPI,0.36876852759504436,0,5
5055,51,Tier1,MNC,114779,48777,0,21,17,1,0.09509183790784281,0.09190820424306344,UPI,0.4249644969898675,0,1
5056,41,Tier1,SME,78758,24595,1,21,15,0,0.0688248256945804,0.12571324997697125,NetBanking,0.31228573605221055,0,2
5057,41,Tier3,MNC,35375,15825,1,21,6,0,0.1176103882245673,0.018424924799404843,Card,0.44734982332155476,0,2
5058,27,Tier3,MNC,98314,19153,1,17,7,3,0.2392812562099537,0.10729000719921948,Card,0.19481457371279778,0,1
5059,39,Tier1,MNC,58884,18629,1,12,9,1,0.20486562010549028,0.0996282065244296,Card,0.3163677739284016,0,1
5060,46,Tier3,SME,62186,29685,1,19,3,4,0.23439720581923196,0.11183260785351803,UPI,0.47735824783713376,0,0
5061,51,Tier1,SME,89771,21673,3,22,5,1,0.31983737867138606,0.031849540646728576,UPI,0.2414254046406969,0,1
5062,35,Tier1,MNC,67732,15889,0,12,7,3,0.42917671640095906,0.06706870063711386,Wallet,0.2345863107541487,0,1
5063,43,Tier1,Startup,81676,27504,1,22,11,3,0.16097318720122533,0.09061071424621757,UPI,0.33674518830501005,0,1
5064,31,Tier1,Gig,64856,30289,2,18,10,4,0.3357993100668553,0.04928181603332154,NetBanking,0.4670192426298261,0,1
5065,53,Tier2,Gig,67671,27726,1,13,2,2,0.2669326804197143,0.11939401016836723,UPI,0.4097176042913508,1,109
5066,53,Tier1,MNC,54725,9172,1,16,5,5,0.5259722027648598,0.0470156376938018,UPI,0.1676016445865692,0,1
5067,40,Tier2,SME,31662,5844,2,10,1,2,0.10451845336732185,0.11745037747116231,UPI,0.1845745688838355,0,1
5068,43,Tier1,MNC,43301,12401,3,23,0,1,0.27375137526724647,0.007014557383804317,NetBanking,0.28639061453546105,0,0
5069,53,Tier2,MNC,63066,10649,1,14,7,3,0.1572540646744309,0.0653110201898785,UPI,0.1688548504741065,0,2
5070,26,Tier2,SME,37001,9215,3,17,9,1,0.0790182764476534,0.05753716612890082,Wallet,0.2490473230453231,0,1
5071,38,Tier1,SME,67569,12352,3,23,12,2,0.10276797467419452,0.08664349197499936,UPI,0.18280572451864022,0,3
5072,28,Tier1,Startup,66633,17369,2,21,2,4,0.27209981005078454,0.020139620616880977,UPI,0.260666636651509,0,4
5073,41,Tier2,MNC,79273,36347,2,20,17,1,0.38326401934410814,0.011636285800810902,NetBanking,0.4585041565223973,0,2
5074,46,Tier1,Startup,60804,16462,3,7,1,3,0.1016750937524839,0.278639459471101,Card,0.2707387671863693,0,0
5075,42,Tier1,SME,72637,11571,3,23,11,3,0.3613075051975868,0.09087083096450005,UPI,0.15929897985874966,0,4
5076,21,Tier1,MNC,25043,6410,2,21,9,0,0.24982913480928953,0.19354181136902252,Card,0.25595974923132214,0,1
5077,24,Tier1,Gig,51051,14018,2,23,2,1,0.0439202284436388,0.0715543245008534,NetBanking,0.2745881569410981,0,1
5078,48,Tier1,SME,69515,34520,2,20,4,1,0.4905745219332489,0.02852248426948619,NetBanking,0.4965834711932676,1,119
5079,46,Tier1,MNC,55977,27787,0,12,0,2,0.3532415936502632,0.055670231838994014,UPI,0.49640030726905693,0,3
5080,21,Tier3,Gig,63377,9551,2,9,5,1,0.3563110124677108,0.10487490644242142,NetBanking,0.1507013585370087,0,2
5081,45,Tier3,Startup,42190,13164,2,17,13,4,0.2790569247694748,0.06543046469927755,UPI,0.3120170656553686,0,0
5082,35,Tier2,MNC,54324,18008,2,11,15,2,0.11712197060789123,0.10535830668446436,UPI,0.33149252632354026,0,2
5083,22,Tier1,MNC,45561,19429,3,9,1,2,0.6548913652250199,0.25512432353461545,Card,0.42643927920809466,1,87
5084,50,Tier2,MNC,75912,37577,2,12,8,0,0.1873563102723202,0.02121945296175291,Card,0.495007376962799,0,1
5085,45,Tier3,MNC,45336,8553,2,10,0,4,0.3950868278565336,0.16012930908611195,UPI,0.18865802011646374,1,97
5086,35,Tier1,MNC,36525,8442,0,8,1,3,0.41223367491465507,0.0844970543276534,Card,0.23112936344969198,1,92
5087,21,Tier2,SME,46100,21727,0,11,1,3,0.056183616881121314,0.046776838690455506,Card,0.47130151843817786,0,1
5088,35,Tier1,MNC,55277,27169,2,19,4,2,0.5475560466050156,0.1986101494083285,UPI,0.491506413155562,0,1
5089,40,Tier2,SME,78270,17012,3,11,3,3,0.1518457581360893,0.1365548633985228,Wallet,0.21735019803245176,0,1
5090,36,Tier2,Startup,70704,27628,2,20,7,0,0.21159378784179472,0.007394033051222664,NetBanking,0.39075582711020596,0,2
5091,54,Tier1,Startup,59087,11572,1,22,0,0,0.2797030020745432,0.023657370825479702,NetBanking,0.19584680217306683,0,1
5092,30,Tier2,MNC,69370,26125,1,16,15,3,0.14488753852134909,0.11201278310036628,UPI,0.37660371918696844,0,1
5093,35,Tier1,MNC,54163,10890,1,11,2,2,0.23798014620507074,0.4164377461502557,UPI,0.20105976404556616,0,0
5094,46,Tier2,Gig,48240,9828,1,16,12,3,0.2868780695388132,0.10949245886378484,UPI,0.20373134328358208,0,3
5095,37,Tier3,Startup,35544,11066,0,19,1,0,0.3306497547820989,0.05080008715396176,NetBanking,0.31133243304073827,0,4
5096,29,Tier1,Gig,80730,22655,1,12,6,1,0.31174259624835327,0.048183152382610395,Card,0.28062678062678065,0,1
5097,36,Tier3,Gig,71783,32011,2,9,3,2,0.11806758483594405,0.025655823614199758,Wallet,0.44594123956925735,1,60
5098,47,Tier1,Gig,62307,20763,0,17,0,2,0.39564352534732167,0.04372313298068418,UPI,0.3332370359670663,0,2
5099,37,Tier2,SME,80589,39126,1,21,15,2,0.17889746476693505,0.012502215502452785,UPI,0.4855005025499758,1,44
5100,52,Tier1,Startup,71722,30836,0,15,2,4,0.44820794778158635,0.26992916210462825,Card,0.4299378154541145,1,103
5101,23,Tier2,SME,62320,31132,2,6,13,2,0.34340309220841403,0.06940010770358138,UPI,0.49955070603337615,0,2
5102,23,Tier3,MNC,50577,13901,1,14,15,1,0.22453578487697343,0.1228807783665982,Card,0.274848251181367,0,5
5103,21,Tier3,MNC,38612,19121,2,12,0,1,0.22201258320941372,0.19751098975085324,NetBanking,0.4952087433958355,1,81
5104,21,Tier1,Gig,81371,31382,2,19,7,3,0.3686475333422746,0.3011672791779812,UPI,0.38566565484017645,0,2
5105,30,Tier1,Gig,88420,38200,2,13,4,4,0.17255062844617042,0.10668596074348465,NetBanking,0.4320289527256277,0,4
5106,46,Tier3,SME,56848,16865,2,23,15,0,0.04099753238925191,0.04669025062134472,UPI,0.29666830847171405,0,3
5107,45,Tier2,MNC,77311,36015,2,11,17,3,0.19010905013463422,0.11458696170628924,UPI,0.4658457399335153,1,44
5108,46,Tier1,MNC,86514,28952,1,20,2,2,0.28792812300287224,0.08480587677826784,Card,0.3346510391381742,0,1
5109,45,Tier3,MNC,67797,25485,3,22,5,3,0.0453849854046074,0.006739518337064173,UPI,0.37590158856586575,0,2
5110,28,Tier2,MNC,49561,14564,1,17,10,1,0.06452982687852048,0.23405791897337713,Card,0.2938600916042856,0,2
5111,29,Tier1,MNC,82597,40719,1,6,13,4,0.2053545176065685,0.024840377932062164,Card,0.4929840066830514,0,6
5112,32,Tier2,Startup,56212,13450,2,19,17,3,0.4346710321445048,0.1625512648204262,Card,0.23927275314879384,0,4
5113,24,Tier1,MNC,85390,27247,1,12,10,0,0.1028260558384002,0.21436579189080848,Card,0.3190888862864504,0,3
5114,28,Tier2,Startup,75459,37012,2,21,5,3,0.08342264708654314,0.10265493170000838,UPI,0.49049152519911476,0,3
5115,24,Tier1,SME,73309,35558,2,23,11,0,0.1153487903696077,0.06585860876416717,UPI,0.48504276418993575,1,89
5116,26,Tier3,Gig,62448,27467,2,12,13,0,0.35649753341012475,0.22931325728389526,Card,0.43983794517038177,0,0
5117,39,Tier2,SME,46857,13249,2,11,5,0,0.07436486090810772,0.21144200717414172,UPI,0.282753910835094,0,2
5118,31,Tier3,Gig,60010,16618,1,7,2,1,0.04680236868965867,0.05601664119262486,UPI,0.27692051324779204,0,1
5119,27,Tier2,Gig,48233,23356,1,11,8,3,0.43667970994418354,0.26821237105012946,UPI,0.48423278668131775,0,1
5120,23,Tier2,Gig,24405,6653,2,21,0,3,0.04561183743236335,0.00538156488882712,NetBanking,0.2726080721163696,0,2
5121,22,Tier3,SME,28430,9306,2,11,6,2,0.4008814613155847,0.10287232953431724,UPI,0.327330284910306,1,108
5122,35,Tier1,Startup,46888,10639,1,16,10,4,0.3616577596964367,0.09008882849935838,Card,0.2269024057328101,0,0
5123,42,Tier1,SME,55781,14203,3,19,6,2,0.2657062732462338,0.07704433007233757,Card,0.25462074900055576,0,1
5124,47,Tier1,Gig,103085,47796,2,16,12,4,0.27468345160062835,0.018963701660267406,UPI,0.4636562060435563,1,115
5125,51,Tier2,Startup,58611,23426,2,18,15,4,0.21981982003851547,0.07030879471904944,UPI,0.3996860657555749,1,114
5126,44,Tier1,Startup,69145,24710,0,9,2,1,0.3231362216606536,0.174370648959507,UPI,0.357364957697592,0,3
5127,49,Tier2,MNC,56189,19753,2,6,7,5,0.17021995933447975,0.10061381315143891,UPI,0.35154567619996796,0,2
5128,32,Tier2,Startup,28563,11414,2,22,5,3,0.4180061846931405,0.14622825219047608,UPI,0.39960788432587613,1,76
5129,23,Tier1,MNC,73162,24531,2,18,16,3,0.4597973021207102,0.02229752912739338,NetBanking,0.3352970121101118,0,2
5130,32,Tier1,SME,55060,14345,2,20,2,1,0.3883624350599089,0.021919650948098356,UPI,0.26053396294950965,0,2
5131,38,Tier1,Startup,73169,29957,3,14,6,5,0.20444167913909359,0.019031833991926744,UPI,0.4094220229878774,0,1
5132,51,Tier1,Gig,82017,18642,2,21,11,1,0.26456669866630383,0.14989443626142113,UPI,0.2272943414170233,0,2
5133,49,Tier2,MNC,78520,38982,2,21,12,3,0.23972855063972756,0.044018540745390244,UPI,0.49645950076413653,0,3
5134,43,Tier3,Gig,58389,25104,1,10,16,7,0.05399242606381605,0.021227702080476363,Wallet,0.4299439963006731,1,71
5135,33,Tier2,MNC,63277,12353,1,8,11,1,0.024077576785517488,0.13115861314862118,UPI,0.1952210123741644,0,2
5136,31,Tier1,SME,50410,12811,1,19,15,1,0.3417210346191663,0.026862185174999897,NetBanking,0.2541360841102956,0,1
5137,29,Tier1,MNC,44071,13906,1,17,8,3,0.10631941022602757,0.09641984942306184,Card,0.31553629370788044,0,1
5138,32,Tier2,Gig,55403,14012,3,11,12,1,0.029786646337934722,0.0797736807948701,UPI,0.2529104922116131,0,0
5139,24,Tier2,Startup,47288,16254,2,21,17,3,0.24469164278037747,0.20257561232931773,NetBanking,0.343723566232448,0,1
5140,24,Tier1,Startup,40971,19676,1,21,1,3,0.3172886453765059,0.10470514544958018,Card,0.48024212247687387,0,1
5141,38,Tier2,Startup,18823,7006,2,11,8,1,0.10505682411204059,0.20137839012393818,NetBanking,0.3722042182436381,0,1
5142,34,Tier1,Startup,50323,18016,1,12,17,1,0.07954367765925169,0.010486819841788215,UPI,0.35800727301631463,0,5
5143,35,Tier2,SME,42626,7769,2,16,0,3,0.15876779141787464,0.02336676756442482,UPI,0.18225965373246375,0,2
5144,25,Tier1,MNC,69264,21275,1,11,5,1,0.29517711727058576,0.18881641489753948,Card,0.3071581196581197,0,3
5145,48,Tier2,MNC,68241,14725,2,19,7,2,0.0943279167160568,0.1916502961041922,Card,0.2157793701733562,0,1
5146,25,Tier2,SME,74492,22158,1,9,10,2,0.23397948052013726,0.06848100633191197,Card,0.2974547602427106,0,1
5147,39,Tier3,SME,51609,16396,1,13,5,3,0.0341036806484609,0.025282638970314512,UPI,0.3176965257997636,0,2
5148,24,Tier2,MNC,18565,8193,2,8,5,3,0.2941782650032853,0.17978788289998202,UPI,0.44131430110422837,1,103
5149,48,Tier3,Startup,32206,12965,2,13,14,3,0.23138997290211774,0.1420485368177561,UPI,0.40256473948953614,0,3
5150,26,Tier1,MNC,86400,32022,2,20,13,4,0.369153648493896,0.019736154797319706,NetBanking,0.370625,0,3
5151,42,Tier2,MNC,27880,9256,2,21,1,4,0.6050073977134084,0.014993007399684264,UPI,0.33199426111908176,0,3
5152,32,Tier1,SME,16398,2731,3,20,9,3,0.37414945345505585,0.011090658544671887,UPI,0.16654470057324064,0,7
5153,39,Tier2,MNC,61413,20277,2,17,10,4,0.24622662603052184,0.04227813904793335,Card,0.33017439304381807,0,1
5154,25,Tier3,Gig,34146,7463,2,21,13,0,0.0753404811354066,0.07815372258369221,UPI,0.218561471328999,1,89
5155,36,Tier3,MNC,44015,13328,1,12,2,2,0.08095375394055011,0.11746489897533043,UPI,0.30280586163807793,1,45
5156,35,Tier3,MNC,49211,22040,2,22,6,0,0.41871413919100076,0.005683477494592509,Card,0.4478673467314218,0,3
5157,33,Tier2,MNC,62902,14874,2,20,7,2,0.2650951720736618,0.0008900341610639062,UPI,0.23646306953673968,0,0
5158,38,Tier2,MNC,33061,11779,2,21,9,3,0.3289254187455938,0.064194325671727,NetBanking,0.35628081425244246,0,0
5159,31,Tier1,SME,21407,6304,2,15,17,3,0.25828057235075336,0.26795863259633956,UPI,0.2944831130004204,1,57
5160,41,Tier2,Startup,31077,7377,2,10,10,6,0.20062621820012502,0.40953376399854,UPI,0.23737812530167005,0,1
5161,39,Tier2,Gig,26022,4587,2,21,4,1,0.15505771433265597,0.1078266700719268,Card,0.1762739220659442,0,1
5162,22,Tier2,MNC,54896,21048,2,14,8,2,0.16663529550295703,0.11097156765615518,UPI,0.38341591372777617,0,3
5163,22,Tier3,Gig,74909,21344,2,16,16,2,0.37352985484729434,0.11845553033649188,UPI,0.28493238462668036,1,58
5164,23,Tier2,MNC,56329,14673,2,23,12,1,0.32097657248149125,0.02899065490809901,Card,0.26048749312077263,0,1
5165,47,Tier2,Startup,54084,13623,0,8,14,2,0.3069530394265945,0.055676615817922846,Card,0.25188595518082985,0,3
5166,35,Tier1,Startup,49723,18866,2,8,10,1,0.06140918271124692,0.007995663212496376,UPI,0.37942199786818975,0,1
5167,53,Tier2,MNC,43754,18675,2,12,16,3,0.29360881734070965,0.0006393186422400047,Wallet,0.4268181194862184,0,4
5168,24,Tier1,SME,65271,20469,3,15,5,1,0.109750801160694,0.016620317216560668,UPI,0.31360022061865145,0,2
5169,42,Tier2,Startup,35914,11735,1,10,4,2,0.04327191375047136,0.024255631560414586,UPI,0.32675279835161775,0,3
5170,23,Tier1,MNC,56262,11177,2,17,3,1,0.26793112260810553,0.12890197919894958,Card,0.19865984145604493,0,2
5171,30,Tier2,SME,54370,24363,1,15,0,1,0.32527642038772514,0.15597095276924422,Card,0.44809637667831526,0,2
5172,54,Tier2,Startup,56451,18804,2,16,3,2,0.19759049296758474,0.19644383891241327,UPI,0.3331030451187756,0,3
5173,24,Tier2,MNC,69759,28906,2,16,5,2,0.0786486504163929,0.007927443584985374,UPI,0.4143694720394501,0,0
5174,31,Tier1,Startup,74192,35040,2,15,2,3,0.07123590689295259,0.1165713518974029,Card,0.47228811731723097,0,1
5175,49,Tier1,MNC,26592,6772,2,21,4,3,0.28270879442176683,0.12114643319124667,UPI,0.2546630565583634,0,1
5176,26,Tier3,Startup,57756,20649,1,17,4,1,0.1587036668567476,0.049441633554282584,Card,0.3575212964886765,0,5
5177,23,Tier2,Gig,45708,22609,2,9,15,0,0.30027258752995506,0.006449775374177586,Wallet,0.4946398879845979,1,42
5178,46,Tier2,Startup,75163,37276,2,15,2,2,0.08172386815732668,0.2646699244956628,Card,0.49593550017960963,1,91
5179,34,Tier1,Gig,68800,32872,0,21,10,1,0.1896129038198276,0.10359713895522797,UPI,0.4777906976744186,1,51
5180,36,Tier2,SME,75989,19915,0,9,15,3,0.014313601102653315,0.09848827343038863,UPI,0.26207740594033346,0,2
5181,46,Tier1,Startup,54351,12239,3,18,11,5,0.010808520087493665,0.3495479031380864,UPI,0.22518444922816508,0,4
5182,53,Tier3,MNC,77091,11593,2,15,1,2,0.3351182847468662,0.019751010114347177,UPI,0.15038071889066168,0,2
5183,29,Tier2,Gig,75147,30821,0,22,10,2,0.17559295065763178,0.024727100074155833,UPI,0.4101427868045298,0,0
5184,26,Tier2,MNC,33197,7616,2,19,9,2,0.20183493167591318,0.0711607119414731,UPI,0.22941832093261438,0,1
5185,52,Tier2,MNC,29292,6977,1,12,3,2,0.336934282919524,0.08926040059537826,Card,0.23818790113341526,0,2
5186,27,Tier3,SME,58780,17782,0,20,5,2,0.13623985781319808,0.05223654959247538,UPI,0.3025178632187819,0,1
5187,24,Tier1,SME,42641,7220,2,9,13,2,0.0825626095283042,0.006892008539868063,UPI,0.1693206069276049,0,6
5188,51,Tier1,Startup,63057,30878,1,12,13,0,0.07346201148963938,0.043239333175395384,NetBanking,0.48968393675563376,0,2
5189,44,Tier1,Gig,32645,11179,2,18,3,3,0.20463492226046076,0.12366275349863937,NetBanking,0.34244141522438354,0,1
5190,54,Tier1,Startup,63766,11117,3,10,11,0,0.6169395026540735,0.06341952298955111,Card,0.17434055766395884,0,1
5191,35,Tier2,MNC,42502,8838,1,14,13,6,0.03272997302471988,0.06002878804657306,Card,0.2079431556162063,0,0
5192,53,Tier1,Gig,70636,15597,2,21,4,3,0.29214690916036773,0.0828766136455686,Card,0.22080808652811598,0,1
5193,47,Tier3,MNC,55431,15381,2,6,1,2,0.7021334376750473,0.045830589743210616,Wallet,0.2774801104075337,0,3
5194,53,Tier2,SME,68408,26203,1,7,17,1,0.06258162280518649,0.06711238790192933,Card,0.3830399953221845,0,1
5195,38,Tier2,SME,42379,14657,3,10,1,3,0.14939333818284822,0.03161061514258713,Wallet,0.3458552585006725,0,4
5196,21,Tier1,SME,63747,23557,2,21,4,4,0.21495715236142013,0.01597112618320143,NetBanking,0.3695389586960955,0,1
5197,25,Tier3,Gig,34668,16098,0,8,6,2,0.28131383928718845,0.01192479703665873,UPI,0.4643475250951887,0,3
5198,46,Tier3,Gig,50923,22094,2,16,12,1,0.3163907121980369,0.1525681288164004,UPI,0.43387074602831727,0,1
5199,33,Tier1,Startup,50892,19441,1,7,14,3,0.18934989348281847,0.15537320948559794,UPI,0.38200503026015875,0,2
5200,23,Tier2,MNC,49432,12273,2,18,1,3,0.3307434977510511,0.02792713513232215,UPI,0.24828046609483737,0,1
5201,26,Tier2,Startup,53997,16474,2,16,4,2,0.12568352418717185,0.03341778557831174,UPI,0.3050910235753838,0,3
5202,35,Tier2,SME,19196,7228,3,22,2,0,0.3881853347431656,0.01595201168135449,Card,0.3765367784955199,0,1
5203,45,Tier3,MNC,61409,9590,1,9,12,3,0.3221618649135135,0.0692190214735374,UPI,0.15616603429464737,0,1
5204,36,Tier3,MNC,56197,8788,1,13,14,0,0.4883082896519027,0.014442221052630318,Card,0.15637845436589143,0,1
5205,39,Tier3,Startup,72749,13684,2,8,6,2,0.23940494873875684,0.07413796852570771,UPI,0.18809880548186228,0,2
5206,30,Tier3,Startup,29718,12488,2,18,1,3,0.35431274057024326,0.026682791033997934,UPI,0.4202167036812706,0,4
5207,54,Tier1,MNC,77454,29623,3,6,7,1,0.1659315794607579,0.004400550808305517,UPI,0.38245926614506676,0,4
5208,43,Tier1,SME,27460,7279,3,8,0,1,0.11693741138391374,0.08079763863686999,UPI,0.2650764748725419,0,1
5209,27,Tier2,MNC,74557,16411,2,18,15,2,0.09579799204362545,0.42198070453757935,NetBanking,0.2201134702308301,1,80
5210,28,Tier2,Gig,69987,12538,0,15,12,2,0.017345765099471822,0.0014822064408303638,Wallet,0.17914755597468102,0,2
5211,33,Tier1,Startup,58276,24687,2,13,7,2,0.33476006332076985,0.00919178668892492,UPI,0.4236220742672798,1,106
5212,38,Tier2,MNC,84528,30816,0,15,4,0,0.458074909609628,0.1495521094147064,NetBanking,0.3645655877342419,1,31
5213,51,Tier1,MNC,29453,10432,2,19,7,1,0.1218885515801431,0.20140219251719801,Wallet,0.354191423624079,0,3
5214,32,Tier3,MNC,53726,10625,3,11,6,0,0.15316889815883414,0.09936307622752945,UPI,0.19776272195957265,0,1
5215,23,Tier1,MNC,63214,10730,2,22,6,1,0.3023601264766517,0.15533234924247113,UPI,0.16974088018476918,0,1
5216,41,Tier3,Gig,76584,12913,2,16,13,1,0.09121369913226783,0.32604684773860426,Card,0.16861224276611303,0,1
5217,44,Tier3,Startup,65971,29293,2,12,12,3,0.17631003933175438,0.17846187910311997,NetBanking,0.4440284367373543,0,4
5218,40,Tier1,SME,51654,14461,0,6,5,5,0.03240512705308634,0.13940054638790897,UPI,0.27995895767994733,0,0
5219,52,Tier2,MNC,67710,16645,1,6,13,2,0.03848955107092158,0.09195305846581409,UPI,0.24582779500812288,0,0
5220,25,Tier1,MNC,53935,21808,1,15,11,2,0.2978153453668644,0.06721910561547172,UPI,0.4043385556688607,0,3
5221,49,Tier2,Gig,28842,12713,2,23,6,1,0.26248292490186464,0.03517847985715591,Card,0.4407808057693641,0,2
5222,40,Tier1,MNC,68061,11937,0,12,7,0,0.5068369509303838,0.1140208750045577,NetBanking,0.17538678538369992,0,0
5223,44,Tier3,SME,63223,11354,2,10,0,2,0.13266586737669026,0.034223639529076824,UPI,0.17958654287205605,0,2
5224,26,Tier1,Gig,48838,13057,2,21,10,0,0.28751171230471334,0.26828510800530303,UPI,0.26735329047053524,0,2
5225,34,Tier2,Startup,51388,23329,1,16,12,0,0.16194247649719895,0.20291925943618663,UPI,0.45397758231493734,0,1
5226,35,Tier3,MNC,58279,25603,2,7,12,1,0.3194699337269266,0.13866290233465586,Card,0.4393177645464061,0,2
5227,35,Tier2,MNC,31707,12391,2,8,2,1,0.3109571205988632,0.13056059836835057,UPI,0.39079698489292586,0,0
5228,42,Tier2,Startup,46766,13555,2,8,11,2,0.16552411550070256,0.06050703351647012,Card,0.28984732497968607,0,1
5229,30,Tier3,Gig,86711,23648,1,6,15,1,0.2609750837551907,0.0009024536638286162,UPI,0.2727220306535503,0,1
5230,48,Tier1,MNC,48182,23737,0,16,14,1,0.45164988395621175,0.06219374246003262,UPI,0.49265285791374375,0,1
5231,39,Tier1,SME,53515,14666,0,10,12,1,0.3867088747375028,0.0022682740296755964,UPI,0.27405400355040643,0,1
5232,47,Tier1,Startup,39042,16189,1,10,16,2,0.22983373758633047,0.056746324247246814,Card,0.414656011474822,0,2
5233,30,Tier1,SME,67898,23870,1,19,12,2,0.3164421488530851,0.2405253289038693,NetBanking,0.3515567468850334,0,3
5234,51,Tier1,Gig,53024,15502,2,23,1,1,0.08157981317803271,0.13716710472153767,UPI,0.2923581774290887,0,1
5235,28,Tier1,SME,60227,11397,1,7,0,2,0.24745216205643833,0.25032811370604957,Card,0.18923406445614094,0,4
5236,44,Tier1,Gig,53671,12911,3,20,10,5,0.06961744848203413,0.2189863136140716,Card,0.24055821579624007,0,0
5237,28,Tier1,Gig,23569,8334,2,23,17,1,0.27003981580665437,0.04979846314997689,NetBanking,0.3536000678857822,0,2
5238,31,Tier1,SME,52566,20801,3,18,14,2,0.11157904609685218,0.005026341074035364,UPI,0.3957120572233002,0,3
5239,36,Tier2,MNC,57023,20594,2,18,0,1,0.15550775010265494,0.02022436325190307,NetBanking,0.3611525174052575,0,3
5240,35,Tier2,MNC,54767,20653,2,23,10,0,0.32266070534581454,0.06784155416605812,Card,0.37710665181587455,0,4
5241,32,Tier2,SME,79594,29502,1,22,12,0,0.3291124092167271,0.2564815303656315,Card,0.3706560796039903,0,3
5242,35,Tier3,Startup,95051,31335,3,22,3,2,0.345208660131532,0.007383039123270694,UPI,0.329665127142271,0,0
5243,21,Tier1,SME,68630,33703,3,7,8,2,0.12672291058866575,0.133940456129599,UPI,0.4910826169313711,1,64
5244,33,Tier1,MNC,40220,17780,1,9,8,1,0.2711205466376798,0.027911009179188796,Wallet,0.4420686225758329,0,3
5245,23,Tier1,MNC,85519,17601,3,6,17,2,0.2868580540699413,0.14193324461216586,NetBanking,0.20581391269776306,0,1
5246,36,Tier1,Gig,43564,9643,2,20,7,0,0.2018144370110225,0.09769315110711267,UPI,0.2213524928840327,0,1
5247,41,Tier1,Startup,89640,31391,2,20,5,4,0.23486916224040094,0.012044851604219614,UPI,0.3501896474788041,0,3
5248,46,Tier2,Startup,71351,13560,3,19,4,3,0.2523893802906718,0.5294789479340349,Card,0.19004639037995263,0,3
5249,36,Tier1,MNC,64749,30327,3,16,15,3,0.1670305948567533,0.0023039463102165017,Card,0.46837789000602326,1,97
5250,38,Tier1,MNC,51352,9640,1,19,11,1,0.33289422591504747,0.11339077105085288,UPI,0.1877239445396479,0,6
5251,36,Tier1,MNC,52657,9941,1,21,3,2,0.21391912643987718,0.17266372606365588,UPI,0.1887878154851207,0,1
5252,54,Tier2,Gig,75756,18644,2,11,15,1,0.09899137659685422,0.06495356066940569,UPI,0.24610591900311526,0,1
5253,37,Tier1,MNC,56566,16866,0,13,8,1,0.2620674077902142,0.15389423879879682,Card,0.29816497542693493,0,1
5254,50,Tier2,SME,63520,31286,2,13,6,0,0.23794565116752295,0.024730011274372063,NetBanking,0.49253778337531484,0,1
5255,25,Tier2,MNC,73989,22693,1,14,4,2,0.49892729363958654,0.06622788029744235,NetBanking,0.3067077538553028,0,2
5256,40,Tier3,Gig,66236,24461,1,21,9,3,0.3595977807449692,0.09510565990520961,UPI,0.369300682408358,0,4
5257,25,Tier3,MNC,82503,13814,2,10,1,2,0.09452118850750904,0.010548550813860991,UPI,0.16743633564840066,0,1
5258,27,Tier1,Startup,41560,10119,1,21,8,2,0.29867410986318543,0.008769829865196758,UPI,0.24347930702598652,0,2
5259,45,Tier2,MNC,40195,19274,2,10,4,2,0.33871401149376024,0.09498449142594481,UPI,0.4795123771613385,0,2
5260,34,Tier3,SME,87748,40331,3,14,5,1,0.3843003019763118,0.08956063594178405,UPI,0.45962301135068606,0,1
5261,51,Tier2,MNC,49880,15159,1,12,6,0,0.2824046341891897,0.1340650399425218,UPI,0.3039093825180433,0,2
5262,25,Tier3,SME,67690,18407,2,18,14,1,0.24051976649051784,0.09021655298742308,UPI,0.2719308612793618,0,2
5263,51,Tier3,MNC,61738,29214,2,16,14,3,0.35887343107576025,0.07191537507938286,UPI,0.4731931711425702,1,106
5264,28,Tier1,Gig,50634,17467,1,16,1,1,0.17246111444842233,0.0484798803205914,UPI,0.34496583323458546,0,1
5265,32,Tier2,SME,35691,12366,1,6,14,1,0.20572385783441077,0.0493443149415204,UPI,0.3464739009834412,0,3
5266,47,Tier1,Startup,82955,15679,2,7,9,2,0.298719682527234,0.06784546636457693,UPI,0.18900608763787596,0,3
5267,52,Tier3,SME,43817,19232,3,21,13,4,0.17431608051884684,0.05965811106178112,NetBanking,0.4389164023096059,0,2
5268,52,Tier1,SME,78534,31989,2,17,11,2,0.14595794475367635,0.04932075571368265,Card,0.4073267629307052,0,0
5269,36,Tier1,MNC,44418,15104,3,10,14,3,0.13858238945830717,0.10296560757558423,UPI,0.34004232518348415,0,0
5270,45,Tier1,MNC,55464,19537,2,23,2,0,0.4923641317188861,0.014967848260581713,Wallet,0.35224650223568443,0,2
5271,31,Tier3,SME,41770,7021,3,11,9,1,0.6596960604292694,0.3015217169661244,Card,0.16808714388316973,0,2
5272,24,Tier1,MNC,50379,8626,3,23,6,1,0.29878210033518543,0.042323876116160224,Card,0.17122213620754678,0,3
5273,34,Tier3,MNC,64065,10888,2,19,4,2,0.18061680695667662,0.05019077234133281,Card,0.16995239210177163,0,1
5274,39,Tier1,MNC,40388,11970,2,8,6,1,0.07833888013310276,0.10839640677633756,Card,0.29637516093889277,0,3
5275,46,Tier1,Startup,53207,20065,1,21,7,1,0.17062227749939235,0.2201686765668553,UPI,0.37711203413084743,0,1
5276,50,Tier1,SME,65735,31188,2,12,17,4,0.12904618696069828,0.1690381790153367,UPI,0.47445044496843386,0,0
5277,41,Tier1,Gig,77230,31432,2,19,12,2,0.32363704277733835,0.11171203051212567,UPI,0.40699210151495535,0,3
5278,27,Tier1,MNC,49806,14343,3,13,5,4,0.2624146881642884,0.07669466453498816,Card,0.28797735212624986,0,3
5279,24,Tier1,MNC,34788,10541,1,16,8,2,0.23209689330731678,0.23958607613435196,UPI,0.303006783948488,0,2
5280,29,Tier1,Gig,65476,15896,2,17,8,2,0.5306207792475688,0.10619877453476846,NetBanking,0.24277597898466613,0,3
5281,49,Tier1,MNC,86906,40257,0,17,9,1,0.11170967133235767,0.06192611311080549,NetBanking,0.4632246335120705,0,5
5282,52,Tier3,Startup,44952,16806,2,13,10,0,0.10965594251231534,0.24591265415644403,Card,0.3738654564869194,0,3
5283,25,Tier3,SME,64737,27050,2,19,5,5,0.2518581756676353,0.09095314361896402,UPI,0.41784450932233497,0,4
5284,48,Tier1,MNC,74432,19805,2,13,14,1,0.04782350691760536,0.03621697493555185,UPI,0.2660817927773001,0,3
5285,28,Tier1,MNC,48151,9415,0,6,15,0,0.16589666213760135,0.024298163398730633,UPI,0.19553072625698323,0,2
5286,48,Tier1,SME,45740,8191,3,9,10,0,0.1299167581412333,0.0434341045330215,UPI,0.17907739396589417,0,0
5287,50,Tier1,Gig,48324,14610,1,15,7,2,0.551063881127565,0.07895821995008692,UPI,0.3023342438539856,1,53
5288,38,Tier1,MNC,78793,23445,3,21,15,2,0.2354471162529363,0.06922086255925707,UPI,0.29755181297831024,0,0
5289,40,Tier1,MNC,51062,10608,2,22,3,2,0.2626164558516238,0.013195410823628092,Card,0.20774744428342015,0,2
5290,41,Tier1,MNC,73061,20342,1,13,7,4,0.26462483337756815,0.06242704167245322,NetBanking,0.2784248778418034,0,0
5291,39,Tier1,Startup,69884,25920,2,15,5,4,0.16311178395025963,0.14786172961926128,Wallet,0.37090034915002,1,57
5292,50,Tier2,MNC,59799,15445,2,15,11,3,0.05169233945658851,0.10599396542818386,NetBanking,0.258281911068747,0,2
5293,44,Tier1,MNC,54498,17580,1,18,3,4,0.18902896747310705,0.20670485997477492,UPI,0.3225806451612903,0,2
5294,45,Tier1,Gig,43245,21207,1,11,10,1,0.1525656529340013,0.04962851052400987,UPI,0.4903919528269164,0,1
5295,44,Tier1,MNC,103197,51458,2,11,6,0,0.5544357767649396,0.18437953146142405,UPI,0.49863852631374944,0,0
5296,34,Tier2,MNC,71586,35393,1,10,14,3,0.10557421069069188,0.11208975837200336,UPI,0.49441231525717316,1,103
5297,46,Tier2,SME,23758,8555,0,19,16,5,0.06342637573986286,0.13544138651043933,UPI,0.36008923310042934,0,1
5298,39,Tier2,MNC,56720,19722,3,18,7,2,0.38649731727809805,0.2607013574891104,Card,0.3477080394922426,1,63
5299,27,Tier2,Gig,47771,11519,3,7,17,0,0.3787752157047755,0.11316141903412014,NetBanking,0.24112955558811833,0,6
5300,51,Tier1,MNC,57200,17154,0,8,14,1,0.11295997717087702,0.006273934418445071,NetBanking,0.2998951048951049,0,2
5301,42,Tier2,MNC,93834,37920,3,16,10,1,0.022011135747151064,0.061605502086757954,NetBanking,0.4041179103523243,0,1
5302,45,Tier2,Startup,23411,5771,1,22,10,3,0.170822392261006,0.08651973218120101,UPI,0.24650805177053522,0,3
5303,39,Tier2,MNC,78438,28956,3,19,0,1,0.15815927255093976,0.045989141552875604,Card,0.369157806165379,0,1
5304,38,Tier1,SME,66520,21031,2,11,4,1,0.23202615276982788,0.013833448550708819,Wallet,0.3161605532170776,0,3
5305,21,Tier1,Startup,85187,24342,2,23,14,2,0.49065704211905525,0.35283944754613555,Card,0.285747825372416,0,0
5306,25,Tier3,SME,65488,11864,2,17,14,4,0.08719421451583388,0.07250416126748505,NetBanking,0.18116296115318836,0,3
5307,24,Tier2,SME,33793,16372,3,20,16,1,0.15809683740953287,0.029530195274935046,NetBanking,0.4844790341194922,0,2
5308,25,Tier3,SME,51441,13068,2,21,1,3,0.32480126853475205,0.06880005633929155,UPI,0.2540386073365603,0,1
5309,50,Tier2,SME,28082,9325,0,20,1,2,0.18227859884955475,0.19451246639507624,Card,0.3320632433587351,0,4
5310,22,Tier3,Gig,99211,30981,1,15,17,1,0.18021203991803042,0.10283777210877257,UPI,0.3122738406023526,1,70
5311,28,Tier1,MNC,59824,23228,3,9,12,3,0.1455286492633812,0.009421772379430307,Card,0.38827226531158066,0,1
5312,24,Tier2,Gig,42598,19909,2,20,16,1,0.26585893256819815,0.04804189310859949,NetBanking,0.46736936006385277,1,61
5313,26,Tier2,MNC,55942,9510,2,6,13,3,0.5537844516070033,0.1731777198376732,UPI,0.16999749740802975,0,2
5314,33,Tier1,SME,76244,37013,3,22,13,1,0.3107096994994266,0.12145483161512007,UPI,0.4854545931483133,0,0
5315,30,Tier1,SME,66898,32765,0,23,12,2,0.0914780434253871,0.03555885973525775,UPI,0.48977547908756613,1,49
5316,36,Tier3,SME,82860,26284,2,19,1,1,0.7970677440801514,0.05657433090874451,UPI,0.31720975138788315,0,3
5317,36,Tier1,SME,60716,17708,1,18,3,2,0.21114846007054985,0.09584079573446869,UPI,0.2916529415640029,0,0
5318,24,Tier1,Gig,57765,20113,1,22,5,3,0.10445285603956105,0.29309784092842484,Card,0.3481866181944084,0,2
5319,27,Tier2,Gig,30404,11829,2,14,17,3,0.5499087291500335,0.3493051455052864,Card,0.3890606499144849,0,1
5320,28,Tier3,MNC,40269,16458,1,6,8,2,0.3273058160478727,0.009152654635320235,NetBanking,0.40870148252998584,0,0
5321,36,Tier3,MNC,50484,13331,1,21,3,1,0.4020921192960353,0.09923018147781835,UPI,0.2640638618176056,0,3
5322,36,Tier2,Startup,83353,37744,2,22,16,3,0.1858824479921308,0.008350020797686675,UPI,0.4528211342123259,0,2
5323,50,Tier1,Gig,39843,8699,2,7,16,3,0.2703872907471236,0.12856581602673894,UPI,0.21833195291519214,0,0
5324,50,Tier1,Gig,68343,13604,1,12,3,3,0.22483023121152668,0.08371722728704807,NetBanking,0.19905476786210732,0,6
5325,36,Tier1,SME,74697,17723,2,21,15,2,0.1890975225334326,0.21333997075090663,UPI,0.2372652181479845,1,90
5326,46,Tier2,Gig,75204,30284,2,11,0,0,0.22043541910236136,0.009357893652656027,Card,0.4026913462049891,0,2
5327,42,Tier3,MNC,51199,17626,1,10,12,0,0.09603616443029223,0.04052611841744279,UPI,0.3442645364167269,0,0
5328,53,Tier2,Gig,43618,9859,1,12,13,1,0.14320337986683604,0.06911189023015685,UPI,0.22603053785134578,0,1
5329,54,Tier1,Startup,47799,11824,3,17,0,4,0.19207431823464685,0.07125015197191308,Card,0.24736919182409675,0,1
5330,40,Tier3,MNC,55706,18500,2,9,0,0,0.16504632879490813,0.12048592197340201,Card,0.3321006713818978,0,3
5331,50,Tier1,SME,60437,23961,3,17,12,3,0.4109534659554798,0.12104103459030507,NetBanking,0.3964624319539355,1,61
5332,31,Tier2,SME,74167,12458,2,17,14,3,0.2560054710381307,0.2970222518940625,UPI,0.16797227877627516,0,0
5333,45,Tier3,MNC,56909,14178,1,8,4,3,0.08878508783824127,0.17264142250661618,Card,0.24913458328208193,1,37
5334,47,Tier3,MNC,86742,15781,1,18,12,2,0.2288030516987134,0.23327628403463574,UPI,0.18193032210463211,0,2
5335,34,Tier1,Startup,57874,21119,2,18,8,1,0.2632005981340125,0.27867967201138166,Card,0.3649134326295055,0,0
5336,44,Tier1,Startup,48413,19694,2,15,7,1,0.15549076495016703,0.15053135787719324,UPI,0.4067915642492719,0,2
5337,24,Tier2,SME,39142,18133,2,6,7,1,0.16126542430491014,0.10337524021329772,UPI,0.46326196924020235,1,79
5338,44,Tier2,Startup,95025,33450,1,13,4,0,0.14928102398474224,0.18970938307743185,UPI,0.35201262825572216,0,3
5339,41,Tier1,Startup,75681,35211,1,15,0,3,0.1904456807363235,0.06534512934005686,Card,0.46525548023942603,1,52
5340,39,Tier1,Startup,56642,10015,2,23,15,2,0.1828455725528684,0.01686550929289741,UPI,0.17681225945411533,0,4
5341,46,Tier2,SME,87601,14437,1,18,2,3,0.2195103552097012,0.13251014169506561,Card,0.16480405474823348,0,5
5342,24,Tier1,MNC,84467,28609,0,10,1,2,0.16454039362565814,0.12165947760932953,UPI,0.33870032083535584,1,61
5343,48,Tier2,MNC,59531,11023,2,14,15,1,0.21089364228144897,0.027182250949038766,UPI,0.18516403218491206,0,0
5344,29,Tier1,SME,74110,22150,1,7,11,1,0.3268283561240779,0.16551232610562036,UPI,0.29888004317905814,0,3
5345,46,Tier1,SME,58509,10236,2,17,6,2,0.49552520663803984,0.02785741209717879,Card,0.17494744398297699,0,1
5346,53,Tier2,MNC,90904,39847,0,13,5,4,0.2554743925581341,0.07995292968732869,Card,0.4383415471266391,0,2
5347,22,Tier3,MNC,60226,18450,2,6,15,2,0.2539940815544101,0.024630501515427637,UPI,0.3063460963703384,0,1
5348,26,Tier1,MNC,32445,14427,2,16,1,1,0.3253508854686474,0.029379196693614267,UPI,0.4446601941747573,0,0
5349,21,Tier1,MNC,61617,29214,1,15,3,1,0.19559004349088363,0.2249758067614103,NetBanking,0.47412240128535954,0,1
5350,36,Tier3,Gig,57278,27063,0,17,0,3,0.16602373138581486,0.04396730532422916,Card,0.4724850728028213,1,89
5351,38,Tier3,SME,61862,25745,1,20,1,0,0.3459397299033507,0.07882432580162518,Card,0.416168245449549,0,3
5352,23,Tier1,MNC,62353,20302,3,23,15,1,0.07420980962253945,0.005743249702224215,Card,0.32559780603980565,0,1
5353,30,Tier3,SME,55578,24106,3,14,0,2,0.4165838186608043,0.11984532960469951,NetBanking,0.4337327719601281,0,1
5354,39,Tier1,Startup,63528,14603,1,6,10,1,0.17207037121226537,0.22577535661065257,UPI,0.22986714519581916,0,3
5355,49,Tier2,MNC,65898,25783,3,15,2,2,0.2748707291391962,0.24970503296758267,NetBanking,0.39125618379920485,0,4
5356,36,Tier1,MNC,52695,12849,2,7,15,2,0.2567440156959294,0.056714420157971845,NetBanking,0.24383717620267578,0,1
5357,28,Tier2,SME,51832,24977,1,10,8,3,0.23989870886523915,0.17482777762592955,UPI,0.48188377836085816,0,2
5358,30,Tier3,Startup,64728,14898,2,9,17,3,0.16843095853312523,0.12698422379746555,UPI,0.23016314423433445,1,44
5359,44,Tier3,SME,45720,21255,1,10,13,1,0.3805964655961862,0.1388723951707293,Card,0.46489501312335957,1,38
5360,36,Tier1,SME,44168,15270,2,15,4,3,0.3726071411625996,0.10911151768660314,UPI,0.34572541206303203,1,105
5361,54,Tier2,SME,70129,34882,2,10,7,0,0.19877986878392664,0.36381841247191327,UPI,0.4973976528968045,1,104
5362,28,Tier2,SME,17363,8668,2,12,17,1,0.5160398214185495,0.1625878856591088,Card,0.4992224845936762,1,94
5363,27,Tier2,Startup,57968,25278,1,12,0,0,0.35193450203873705,0.06733450910763607,UPI,0.43606817554512833,0,5
5364,29,Tier2,MNC,48914,22207,3,6,10,1,0.115988743507143,0.020108505891723638,Card,0.4540008995379646,0,1
5365,31,Tier1,SME,68848,23591,1,23,14,2,0.04309219266339873,0.06331333872905621,Card,0.3426533813618406,0,2
5366,54,Tier1,MNC,12000,5411,0,11,7,1,0.14838983875447667,0.23593550035038002,Card,0.4509166666666667,1,106
5367,24,Tier1,SME,39671,15951,0,16,12,2,0.5240423049939492,0.025741318510896442,UPI,0.4020821254820902,0,2
5368,48,Tier3,Startup,68825,25655,0,8,6,1,0.04981573179182528,0.10982267935272544,UPI,0.37275699237195786,1,94
5369,52,Tier2,Gig,58948,19836,2,20,4,3,0.14394135417268275,0.08828708049876133,Card,0.3364999660717921,0,0
5370,28,Tier2,SME,61202,22615,1,6,12,3,0.06325929091651328,0.017146346138996415,Wallet,0.36951406816770693,0,4
5371,30,Tier2,Gig,54867,25368,1,14,16,3,0.36006360455405784,0.11959218793535703,Card,0.46235442069003224,1,68
5372,22,Tier1,Gig,52827,20563,2,8,3,2,0.5138538311764544,0.02478757703110033,UPI,0.389251708406686,1,94
5373,45,Tier3,Startup,77681,14977,2,18,17,4,0.1624694978405593,0.1471990018947437,UPI,0.1928013285101891,0,3
5374,26,Tier2,MNC,64860,22048,1,13,12,0,0.33585256224765964,0.14598463596369643,Wallet,0.3399321615787851,0,1
5375,21,Tier2,Gig,42287,17118,0,20,9,2,0.12830350930998055,0.3669775380723449,NetBanking,0.4048052592995483,0,2
5376,21,Tier1,Startup,64662,15117,0,20,16,1,0.06336256243014363,0.017021552750223014,UPI,0.2337849123132597,0,2
5377,37,Tier3,MNC,62749,10890,2,8,5,1,0.4067279547918277,0.05779334114987275,UPI,0.17354858244752905,0,3
5378,27,Tier1,MNC,50405,8077,2,18,14,2,0.14122162047038062,0.24250353583254633,UPI,0.1602420394802103,0,2
5379,37,Tier1,SME,29517,6594,3,8,17,4,0.5230552441718108,0.1314225100247941,UPI,0.2233966866551479,0,1
5380,31,Tier3,Startup,26860,7368,1,17,0,3,0.164720900054749,0.23250106743498888,NetBanking,0.2743112434847357,0,3
5381,26,Tier1,Startup,53031,19267,2,23,0,3,0.6818169626569579,0.40280203183444213,UPI,0.36331579642096135,0,0
5382,46,Tier2,Startup,69480,16216,1,20,14,1,0.249142131376626,0.010241817651981873,Wallet,0.2333909038572251,0,2
5383,40,Tier1,Startup,61002,26487,1,10,6,0,0.5170628941031163,0.037383619554061616,NetBanking,0.4341988787252877,0,1
5384,40,Tier3,Gig,66916,28140,2,10,16,2,0.499395693888298,0.007109521443795645,UPI,0.4205272281666567,0,4
5385,34,Tier1,SME,29066,14432,2,21,17,2,0.26219708684039383,0.012435536631204789,Card,0.49652514965939587,0,3
5386,24,Tier1,MNC,56947,15587,3,8,9,1,0.26925999618662527,0.04431821537053011,Card,0.2737106432296697,0,1
5387,22,Tier1,Startup,63729,12212,1,21,13,5,0.034682474396425654,0.37658764904610115,Card,0.1916239074832494,0,1
5388,52,Tier3,Startup,57476,26256,2,11,13,2,0.39785491248374794,0.34089873088576456,Card,0.45681675829911617,1,81
5389,46,Tier2,Gig,82476,29553,2,15,7,1,0.7217987166778486,0.03861024613238014,UPI,0.35832242106794704,0,5
5390,45,Tier2,Startup,57876,12681,1,23,17,2,0.17967779500366995,0.03757733956102044,UPI,0.21910636533278044,0,4
5391,38,Tier1,MNC,34124,6200,2,17,5,3,0.07368622009055768,0.17997684924850502,Wallet,0.1816903059430313,0,2
5392,38,Tier3,Startup,43288,18607,1,9,4,3,0.23243126123226726,0.026618805243787708,UPI,0.4298419885418592,0,0
5393,32,Tier1,SME,40959,14063,2,14,0,3,0.2514218558240201,0.27911060570953733,UPI,0.3433433433433433,0,2
5394,40,Tier1,Startup,42812,11824,0,16,0,3,0.1761442789455344,0.12366116517945472,UPI,0.276184247407269,0,0
5395,46,Tier2,Gig,62915,20155,1,22,12,1,0.28777513246228986,0.062431060155358375,UPI,0.32035285702932526,0,3
5396,42,Tier1,SME,67028,32237,3,16,8,4,0.2833195726660534,0.04931683223083634,UPI,0.48094826042847766,0,1
5397,28,Tier2,SME,55176,16690,1,11,17,0,0.2595013185534688,0.002749688886124574,UPI,0.30248658837175585,0,2
5398,41,Tier3,MNC,52984,24982,1,19,1,2,0.09121868616114916,0.006572045267117899,NetBanking,0.4715008304393779,0,1
5399,41,Tier1,MNC,78216,33967,3,14,11,3,0.11227844830726973,0.04150528548682304,UPI,0.43427176025365655,0,4
5400,50,Tier3,SME,69029,24707,1,12,8,2,0.1896486919595027,0.33614972243719354,UPI,0.3579220327688363,0,0
5401,30,Tier1,SME,26354,10095,0,22,2,2,0.25325515519918895,0.30945115465715745,UPI,0.3830538058738711,0,1
5402,44,Tier2,Gig,55680,9072,2,10,10,3,0.16149995921023652,0.06299195195325825,UPI,0.1629310344827586,0,2
5403,54,Tier1,SME,89132,33498,2,11,3,3,0.4791339686472445,0.03310978095844617,UPI,0.37582461966521563,0,3
5404,44,Tier1,MNC,53618,8732,3,20,10,1,0.4548889600407597,0.37569292073407473,UPI,0.1628557573949047,0,1
5405,43,Tier2,MNC,61252,14942,1,14,15,4,0.4450584534447677,0.03731759854050936,UPI,0.24394305492065566,0,1
5406,43,Tier1,MNC,95392,21790,2,12,13,3,0.2768310444801721,0.06368829500907813,Card,0.22842586380409258,0,1
5407,32,Tier1,SME,63416,27422,1,18,9,5,0.3814735617065733,0.13993666570705937,UPI,0.43241453261006685,0,1
5408,45,Tier3,SME,52958,20642,2,15,10,4,0.21221217008512944,0.0688864905913863,NetBanking,0.38978058083764494,0,2
5409,30,Tier1,Startup,28929,8678,0,13,16,0,0.35866129681647724,0.03047260724767512,UPI,0.29997580282761244,1,60
5410,28,Tier1,MNC,86464,36024,2,10,16,1,0.3515413347264591,0.05994094786108778,UPI,0.41663582531458176,0,1
5411,37,Tier2,Startup,44623,14190,2,11,5,1,0.19162775153450515,0.15890506242779742,UPI,0.31799744526365326,0,2
5412,46,Tier2,Startup,93181,39081,1,9,8,1,0.19777001207212896,0.050083855953965736,Wallet,0.41940953627885513,0,4
5413,28,Tier3,MNC,68448,12163,0,16,8,0,0.28827276039270666,0.07138842372916666,Card,0.17769693782141188,0,0
5414,35,Tier1,MNC,78679,31833,3,12,8,1,0.2969851365747895,0.037774068689562665,UPI,0.40459334765312216,0,1
5415,25,Tier1,MNC,103122,29959,1,6,3,2,0.41137686899685416,0.1835624590029266,UPI,0.2905199666414538,0,2
5416,45,Tier1,Gig,82709,20934,0,14,13,2,0.260279551600421,0.10009563429486021,UPI,0.25310425709414935,0,0
5417,34,Tier1,MNC,44526,10320,1,21,17,0,0.43027461597379213,0.12007673635110049,UPI,0.23177469343754212,0,1
5418,54,Tier2,MNC,35543,8662,3,22,15,1,0.04074431096686583,0.004129234526168464,NetBanking,0.24370480826041696,0,5
5419,37,Tier3,SME,58376,22619,2,20,0,1,0.10943536580954147,0.030661649749074732,Card,0.38747087844319583,0,2
5420,51,Tier2,SME,57299,28218,0,21,17,3,0.09104826018774874,0.09586456236340835,Card,0.49246932756243567,1,67
5421,46,Tier1,MNC,51859,23153,2,6,9,1,0.1911690743926182,0.006238685013737159,UPI,0.4464605950751075,0,0
5422,51,Tier1,Startup,90332,33681,2,19,3,1,0.31305715923845956,0.028224638194757238,UPI,0.3728579019616526,0,5
5423,40,Tier1,MNC,58606,25646,3,20,9,2,0.20832695222724115,0.03409513440859454,UPI,0.43760024570863054,0,3
5424,38,Tier1,Startup,74488,25792,1,19,14,5,0.3430221703804727,0.37948279370173926,UPI,0.34625711524003866,1,55
5425,27,Tier1,MNC,51666,20941,1,12,8,3,0.3422340090032803,0.11554039594217218,NetBanking,0.40531490728912634,0,2
5426,24,Tier1,Startup,59061,24686,3,19,5,0,0.09532435371917822,0.0928507682534158,UPI,0.41797463639288196,0,2
5427,49,Tier1,Gig,47478,13346,0,23,15,4,0.51676127680423,0.06784191980241391,Card,0.28109861409494924,1,94
5428,23,Tier1,SME,69546,15738,1,19,1,2,0.1524371011480177,0.17284254946788827,UPI,0.22629626434302477,0,0
5429,54,Tier1,MNC,31655,10353,1,9,0,2,0.2346609910697977,0.1939877533353975,NetBanking,0.3270573369135997,0,3
5430,53,Tier1,SME,60614,11245,3,17,7,4,0.46072967288529915,0.08597917716689027,UPI,0.18551819711617779,0,3
5431,31,Tier1,SME,56236,14931,2,23,10,4,0.31539749427623753,0.08997832673770917,UPI,0.26550608151362115,0,1
5432,40,Tier1,Startup,45811,15637,2,7,12,2,0.16707097344215752,0.26771835416932716,UPI,0.3413372334155552,0,1
5433,49,Tier1,MNC,72523,20873,1,20,0,3,0.3299944511242628,0.1227559147310786,UPI,0.28781214235483915,0,3
5434,39,Tier1,MNC,58650,19549,1,9,11,1,0.18365305298234552,0.03573227333527242,UPI,0.3333162830349531,0,4
5435,46,Tier1,Startup,56836,8731,2,20,9,1,0.11946491532545567,0.07988887638758028,Wallet,0.15361742557533958,0,4
5436,43,Tier2,SME,71186,13085,0,20,2,4,0.13925595342770383,0.07638348661809402,UPI,0.18381423313572892,0,1
5437,37,Tier1,Gig,40834,13586,1,17,12,1,0.16687686482439942,0.09489579107131789,Card,0.3327129352990155,0,3
5438,36,Tier2,Gig,72821,14080,0,21,17,1,0.2761552182655193,0.003420672393116348,Card,0.19335081913184385,0,2
5439,40,Tier2,Gig,53114,16110,3,16,17,4,0.13954083856861849,0.09795736793590377,UPI,0.30330986180667996,0,1
5440,40,Tier3,Startup,66456,16832,2,17,1,3,0.15260478976050806,0.13902213327116655,Card,0.2532803659564223,1,40
5441,30,Tier1,MNC,70170,12184,2,15,5,3,0.29284922640722993,0.1596091963039292,Card,0.17363545674789796,0,0
5442,47,Tier1,MNC,80493,23020,3,22,15,1,0.6918196310769589,0.056599067913055134,Card,0.28598760140633345,0,2
5443,51,Tier1,MNC,59038,9165,3,10,17,3,0.1547108266405539,0.04535484534353361,UPI,0.15523899861106405,0,1
5444,43,Tier1,MNC,76552,18350,1,9,12,4,0.36960044650112917,0.07496378271932291,Card,0.23970634340056432,0,2
5445,51,Tier2,MNC,82783,16481,2,14,9,4,0.30657493346691317,0.060910479267113654,Card,0.19908676902262543,0,2
5446,27,Tier2,Startup,42487,19133,3,15,0,2,0.22664410377852093,0.13823632036808853,UPI,0.45032598206510227,0,3
5447,26,Tier1,Startup,42161,7510,0,19,16,0,0.11133817042324155,0.08626018389861616,UPI,0.1781267047745547,0,1
5448,46,Tier2,SME,65083,20883,1,15,14,1,0.19480526825510558,0.09231410467706556,NetBanking,0.3208672003441759,0,4
5449,27,Tier2,Gig,67871,27780,1,19,12,2,0.30045815103826595,0.15022479209565262,NetBanking,0.40930588911317056,1,48
5450,49,Tier2,Startup,95526,44161,2,21,11,0,0.14616733380520283,0.02035773308457395,Card,0.46229298829638005,0,2
5451,25,Tier1,MNC,44618,11545,2,14,1,1,0.23646762773534277,0.014082284011486798,NetBanking,0.25875207315433235,0,3
5452,36,Tier2,SME,69305,24362,2,17,4,1,0.22260351278991902,0.01953251112552941,UPI,0.35151864944809175,0,1
5453,29,Tier2,MNC,83811,34829,2,13,7,4,0.06425272476396175,0.03766054530909214,Card,0.41556597582656213,0,2
5454,35,Tier2,MNC,22447,4310,2,19,4,4,0.17492705308094736,0.02285347584969339,UPI,0.19200784069140642,0,2
5455,54,Tier1,Startup,55721,26175,2,8,10,1,0.20752140211283931,0.1566025522718433,UPI,0.4697510812799483,0,1
5456,37,Tier2,MNC,53770,8157,1,7,1,1,0.3024154671712011,0.06991306378663587,UPI,0.151701692393528,1,81
5457,50,Tier3,MNC,64335,26023,2,11,8,1,0.40425512717819334,0.012508808461503436,UPI,0.4044921116033263,0,6
5458,28,Tier1,MNC,76481,32597,2,18,12,2,0.02379610813428577,0.04225109372712285,UPI,0.42621043134896247,0,3
5459,30,Tier2,Startup,44507,16375,2,17,14,4,0.36810501997668443,0.23041129890736267,UPI,0.36791965308827823,0,2
5460,41,Tier2,Startup,88743,22447,0,6,11,1,0.09190029599361474,0.02893360425481579,Card,0.2529438941663004,0,2
5461,47,Tier2,SME,78664,25707,2,21,2,3,0.020408427447673703,0.298492904027227,Card,0.32679497610088476,0,2
5462,53,Tier1,MNC,51210,15425,1,9,14,1,0.19235158632267857,0.11992186098368421,Card,0.3012107010349541,0,1
5463,21,Tier3,SME,72031,24372,2,11,8,1,0.38244029755855086,0.045742017809438346,Card,0.33835431966792073,0,0
5464,36,Tier1,SME,74077,18946,1,7,9,1,0.05129025384049713,0.05066124864053481,UPI,0.25576089744455094,0,3
5465,21,Tier2,SME,82791,15809,2,11,7,1,0.2733944780519557,0.1377510564510658,UPI,0.1909507072024737,0,2
5466,39,Tier2,MNC,50488,20960,2,15,2,4,0.10432292752702135,0.10055375671478464,Card,0.41514815401679606,0,1
5467,52,Tier1,SME,37640,17971,3,17,11,2,0.21513023979739876,0.3144397690621311,UPI,0.4774442082890542,0,4
5468,29,Tier3,MNC,45570,13147,3,7,3,5,0.06856079174959072,0.14637253680538687,UPI,0.28850120693438663,0,2
5469,24,Tier3,SME,49888,19394,1,9,6,2,0.19227729483032188,0.03043721549470381,NetBanking,0.3887508017960231,0,4
5470,38,Tier3,Gig,57336,25929,3,11,14,4,0.0867694951112679,0.10956143153552163,UPI,0.4522289660946002,1,63
5471,27,Tier3,Gig,42173,10322,0,13,10,4,0.4646187208815097,0.1140977753096704,Card,0.24475375240082517,1,77
5472,23,Tier1,Gig,62380,27792,2,13,8,1,0.1572052739309726,0.06325003677209425,Card,0.4455274126322539,0,2
5473,34,Tier1,SME,73420,16213,2,21,13,3,0.2762063467635792,0.039801459408455975,Card,0.22082538817760827,0,6
5474,38,Tier1,Gig,72821,18893,2,16,13,3,0.2995026232110806,0.04710940090953019,Card,0.25944439104104583,0,4
5475,53,Tier1,Gig,104809,33196,1,18,9,1,0.2358662408546005,0.01818255777506504,NetBanking,0.3167285252220706,0,3
5476,25,Tier2,Gig,57980,17594,1,21,16,3,0.33542887964802864,0.011186953216614297,NetBanking,0.3034494653328734,0,2
5477,51,Tier3,SME,40039,6649,2,10,2,0,0.2907452087205992,0.037969133456949494,NetBanking,0.1660630884887235,0,4
5478,24,Tier2,Startup,38108,13304,1,6,10,1,0.07796436114296204,0.16093440831026334,Card,0.3491130471292117,0,2
5479,38,Tier2,Gig,64520,23340,2,6,4,2,0.09733452469942167,0.10803897300579782,Card,0.36174829510229384,0,3
5480,36,Tier2,MNC,49782,18553,2,11,11,3,0.27207280232460307,0.200131998442969,Card,0.3726849061909927,0,4
5481,49,Tier1,Startup,33125,16426,2,16,2,2,0.23474026734117065,0.03488160787298332,UPI,0.49587924528301885,0,3
5482,54,Tier1,MNC,67381,14207,3,6,14,3,0.17173880595237134,0.16673735700461179,UPI,0.2108457873881361,0,3
5483,22,Tier1,Gig,41911,19913,3,13,7,1,0.1657833101429198,0.09224409212033999,Card,0.4751258619455513,0,2
5484,35,Tier1,Gig,52580,11350,0,21,11,3,0.3030313979368123,0.0687781863173404,NetBanking,0.21586154431342716,0,2
5485,46,Tier2,MNC,84290,37150,3,15,9,2,0.036053465114960034,0.0185892620321663,Card,0.4407403013406098,0,3
5486,23,Tier2,MNC,42297,16689,3,23,7,2,0.29842372035430403,0.16437370870467666,UPI,0.39456699056670685,0,1
5487,27,Tier2,SME,35209,14792,2,7,2,3,0.018566494886016697,0.1933865964735858,Card,0.4201198557187083,0,2
5488,22,Tier1,Gig,30776,8818,2,11,8,1,0.3725385320643949,0.16545550887738214,UPI,0.2865219651676631,1,42
5489,27,Tier1,MNC,50219,16168,1,6,3,1,0.2701643780142945,0.12416330544135887,UPI,0.3219498596148868,0,2
5490,49,Tier2,Startup,37777,8897,1,10,3,2,0.2624815971747382,0.3105257800857023,UPI,0.2355136723403129,0,5
5491,22,Tier2,Startup,35259,5340,2,22,9,1,0.2992677237315993,0.068027607457433,UPI,0.15145069343997278,1,64
5492,46,Tier2,Gig,45023,9648,1,18,9,0,0.6286102188783138,0.27809728351988006,NetBanking,0.2142904737578571,0,1
5493,26,Tier2,Startup,44843,13041,0,19,4,2,0.04133310523023664,0.048494197000186715,Card,0.29081461989608187,0,1
5494,47,Tier3,SME,39483,13547,1,20,0,4,0.15689976493787547,0.05401945771367108,UPI,0.3431096927791708,0,1
5495,24,Tier2,SME,102255,35659,2,9,13,5,0.1333539251892293,0.02453516920930575,UPI,0.34872622365654493,0,0
5496,22,Tier1,Gig,95492,38934,0,6,8,1,0.07867049603793043,0.14361261058394612,UPI,0.4077200184308633,0,0
5497,34,Tier2,Startup,52762,25275,3,19,7,1,0.06891197344318124,0.08510420575673419,UPI,0.47903794397483035,0,1
5498,53,Tier2,MNC,48933,9443,0,10,9,4,0.22960995469245588,0.07343655678970545,UPI,0.19297815380213762,0,3
5499,36,Tier2,Gig,57380,16964,0,18,7,3,0.0891493769633496,0.13276946432195513,Card,0.2956430812129662,0,3
5500,29,Tier1,Gig,39999,7209,2,19,12,4,0.1400563944621507,0.050962938737736184,NetBanking,0.18022950573764343,0,2
5501,52,Tier1,SME,40322,10734,1,14,15,1,0.21371780032010765,0.08657463007877976,UPI,0.2662070333812807,0,3
5502,38,Tier1,Gig,49850,9904,2,14,10,2,0.32561469154126454,0.09535607362328728,UPI,0.19867602808425275,0,1
5503,47,Tier1,SME,51954,11250,1,23,8,1,0.26935567314416353,0.2338938301385376,UPI,0.21653770643261347,1,31
5504,24,Tier3,MNC,75967,33129,3,22,10,2,0.2045752588392373,0.19682305193662383,UPI,0.4360972527544855,0,2
5505,28,Tier2,Startup,51672,13674,1,20,17,1,0.14554091977737518,0.34197155108486776,NetBanking,0.2646307477937761,0,3
5506,22,Tier2,MNC,59993,23779,1,10,3,3,0.3159219258224881,0.15766796178188722,UPI,0.3963629090060507,1,48
5507,34,Tier3,MNC,47526,13960,2,7,6,2,0.11196776884876809,0.10471140629588267,UPI,0.2937339561503177,0,2
5508,47,Tier3,SME,94376,34499,2,21,8,1,0.357584997333926,0.13281959111047986,Card,0.3655484445197932,0,3
5509,42,Tier3,Startup,102343,39063,2,14,0,5,0.23815824592329526,0.19194690635679854,UPI,0.38168707190525974,0,3
5510,25,Tier1,MNC,80228,26394,1,20,12,1,0.27302047668581536,0.14292584628198726,UPI,0.3289873859500424,0,0
5511,52,Tier1,Startup,71819,15637,2,12,7,1,0.09531285559515111,0.09985789170327272,UPI,0.217727899302413,0,3
5512,45,Tier1,SME,23562,10847,1,9,17,0,0.15537405581168887,0.15711108027776466,UPI,0.46035990153637213,1,119
5513,35,Tier1,MNC,67283,16441,1,15,11,1,0.28286288968938006,0.3777369233538585,NetBanking,0.24435592943239748,0,5
5514,21,Tier3,SME,88290,37496,0,8,9,0,0.14273152991724733,0.015402307233451783,Wallet,0.4246913580246914,0,3
5515,25,Tier2,MNC,20743,4877,2,9,10,3,0.21205292063172207,0.11493472011919012,UPI,0.23511546063732344,0,0
5516,22,Tier3,SME,71078,26766,1,16,4,1,0.1462639045774373,0.11651854772394643,UPI,0.3765722164382791,1,95
5517,53,Tier2,SME,105231,34507,3,17,12,0,0.07689764565564874,0.08931860012888093,NetBanking,0.3279166785452956,0,2
5518,39,Tier1,Gig,59021,12313,3,21,1,2,0.4050844789357133,0.050731391800717104,NetBanking,0.2086206604428932,0,4
5519,44,Tier1,MNC,61587,16461,2,7,17,4,0.15423927136652257,0.19307737527783006,Card,0.2672804325588192,0,3
5520,49,Tier1,MNC,105308,43088,2,15,15,0,0.726609619139616,0.13689263101338833,Card,0.40916169711702816,1,95
5521,28,Tier1,MNC,85761,34751,0,18,10,1,0.23000543470504434,0.0553242516833235,NetBanking,0.4052074952484229,0,3
5522,51,Tier1,SME,12000,3432,2,15,7,0,0.1149512452906967,0.029306579313071585,UPI,0.286,0,0
5523,41,Tier2,SME,41139,14140,1,9,3,4,0.4326862650188772,0.1496449672954001,Card,0.343712778628552,0,3
5524,54,Tier2,MNC,80279,29754,2,21,0,3,0.09080974298852582,0.09850074041934256,UPI,0.3706324194372127,0,0
5525,37,Tier2,MNC,27028,10027,1,10,8,1,0.31844995663883385,0.05025023305897273,NetBanking,0.3709856445167974,0,1
5526,22,Tier1,MNC,39360,18804,2,12,6,2,0.3179452782151687,0.18670291031114025,UPI,0.47774390243902437,1,89
5527,28,Tier1,MNC,45497,7797,1,22,13,0,0.5801000198153572,0.15948419314055765,NetBanking,0.17137393674308196,0,1
5528,51,Tier2,MNC,43210,20927,0,12,11,1,0.11398430971114838,0.05945872657522029,UPI,0.48430918768803516,1,106
5529,44,Tier2,Startup,42413,19359,3,10,2,2,0.1770362986282188,0.09832135443275844,UPI,0.45644024237851605,0,3
5530,54,Tier1,SME,52379,15247,2,7,2,4,0.6214707126681643,0.04941360181423541,UPI,0.29108994062505966,0,0
5531,32,Tier3,Gig,37428,10706,2,14,17,1,0.2371267609572333,0.03532852854006752,UPI,0.28604253500053434,0,2
5532,54,Tier1,Gig,12000,4760,1,15,14,3,0.1866188018387835,0.04981792540161102,NetBanking,0.39666666666666667,0,3
5533,31,Tier1,SME,63708,31120,0,23,1,1,0.4339874990607439,0.006850662186364314,Card,0.4884786839957305,0,3
5534,49,Tier1,MNC,75407,25954,2,14,13,3,0.22329203073132223,0.2348800788912291,UPI,0.3441855530653653,0,0
5535,48,Tier3,MNC,56209,22631,2,11,8,1,0.2685659260760877,0.25555900838106743,UPI,0.40262235585048656,0,2
5536,44,Tier1,SME,66678,14509,2,20,0,1,0.0821517041162566,0.03760069925542655,UPI,0.21759800833858245,0,5
5537,46,Tier1,MNC,85362,33374,1,8,10,3,0.017590462733148047,0.09354893840856425,UPI,0.3909702209414025,0,1
5538,27,Tier3,MNC,68302,34119,1,23,12,1,0.4018688350056186,0.02366358185773604,Card,0.49953149248923895,1,65
5539,49,Tier1,MNC,58110,26723,2,15,13,1,0.1257426728521464,0.08312058013865592,Card,0.4598692135604887,0,2
5540,43,Tier1,Startup,88378,26453,2,14,13,2,0.1654218549461,0.42113350500548663,Card,0.29931657199755596,0,2
5541,21,Tier1,MNC,81292,20660,2,11,9,6,0.0722955255036261,0.1109126967101091,Wallet,0.2541455493775525,0,1
5542,40,Tier3,Gig,56102,17724,1,9,14,5,0.2211117324001087,0.07493480012545478,UPI,0.31592456596912766,0,2
5543,30,Tier1,Gig,73981,30682,1,11,8,3,0.26972860743267885,0.09049698797851591,UPI,0.4147281058650194,1,87
5544,53,Tier2,MNC,68239,32869,1,23,12,1,0.19589233488693786,0.0017994562324116397,UPI,0.481674702149797,0,2
5545,43,Tier2,Startup,108347,35948,1,14,7,0,0.2024608798623422,0.1291316946345928,UPI,0.33178583624835023,0,1
5546,47,Tier2,MNC,92019,26735,1,12,16,3,0.46561572823344616,0.050665783782538186,Wallet,0.2905378237103207,0,1
5547,45,Tier2,Startup,68013,10432,3,18,7,0,0.5758263509165835,0.10151436888510623,UPI,0.15338244159204859,0,3
5548,46,Tier1,Gig,76884,13907,2,10,4,2,0.007219833069836239,0.1243373421327164,Card,0.18088288850736173,0,3
5549,27,Tier3,Startup,25081,9419,2,22,15,2,0.15035229162643987,0.027636880188178996,UPI,0.3755432399027152,0,5
5550,32,Tier1,SME,60138,14550,2,19,1,3,0.49022797280581154,0.2061795024623145,UPI,0.24194352988127307,0,2
5551,50,Tier1,SME,60842,21851,0,17,16,4,0.38103477683352843,0.11214166236525336,NetBanking,0.35914335491929916,0,3
5552,27,Tier1,SME,67838,29332,2,14,9,1,0.11613905664754667,0.011840745492860905,NetBanking,0.4323830301600873,0,5
5553,40,Tier2,Startup,49737,21070,1,18,17,1,0.13880111935683614,0.317444506262912,Card,0.4236282847779319,1,104
5554,44,Tier1,MNC,59634,9847,0,7,9,2,0.24145067390751698,0.09203279967607086,UPI,0.16512392259449307,0,2
5555,52,Tier2,Startup,66673,18038,2,18,11,1,0.12489699276475781,0.16841333116996565,UPI,0.27054429829166227,0,1
5556,47,Tier1,MNC,49808,22081,2,14,10,3,0.3772926025689808,0.0858202797945256,NetBanking,0.44332235785415997,0,0
5557,27,Tier3,Gig,55684,26535,3,23,3,1,0.1417583316135881,0.014513032537857901,UPI,0.47652826664751097,0,1
5558,52,Tier1,SME,52136,23597,2,6,5,1,0.6033120782384602,0.09485584332014653,UPI,0.4526047261009667,0,4
5559,21,Tier2,Startup,79411,19216,1,10,14,1,0.04699925124708065,0.2758171602600607,UPI,0.24198158945234288,0,1
5560,50,Tier2,MNC,84329,34229,3,19,6,3,0.054725317945413576,0.12802294234775297,NetBanking,0.40589832679149523,0,3
5561,54,Tier2,Startup,100256,35247,0,19,17,1,0.2262328144642728,0.07326265448933729,NetBanking,0.3515699808490265,0,5
5562,26,Tier1,Startup,59548,22038,2,8,15,1,0.3077569069465137,0.17042188495330907,Card,0.3700879962383287,0,2
5563,46,Tier2,SME,94531,43132,2,8,12,3,0.41204408226410116,0.09598616610890616,UPI,0.45627360336820727,0,3
5564,30,Tier1,SME,43858,8347,1,22,2,1,0.12460898313617517,0.06514675504527988,NetBanking,0.19031875598522505,0,1
5565,28,Tier1,SME,31890,12891,1,11,16,1,0.2574908819305843,0.15431383141350455,Card,0.4042333019755409,0,5
5566,25,Tier2,MNC,58532,14407,1,13,0,3,0.31723967078023746,0.11448259051089928,UPI,0.24613886421102987,0,5
5567,41,Tier2,Startup,66809,30026,0,21,15,1,0.47884893160256115,0.04881344180211713,NetBanking,0.44943046595518565,0,0
5568,32,Tier2,SME,31974,14050,1,21,9,1,0.10663842140098172,0.34888190815747555,NetBanking,0.43941952836679804,0,0
5569,53,Tier3,MNC,54306,9824,3,21,3,2,0.13027897129896987,0.09184013220353368,UPI,0.18090082127205098,0,1
5570,29,Tier2,Gig,61667,24867,0,16,7,1,0.1412818326885623,0.104312220362789,UPI,0.40324646893800575,0,2
5571,28,Tier2,MNC,49368,23489,2,19,10,1,0.415131062568611,0.0036802570375674393,NetBanking,0.47579403662291364,0,1
5572,46,Tier1,MNC,56371,12187,2,10,12,2,0.44518311992722426,0.12437384751912677,UPI,0.21619272320874208,0,1
5573,44,Tier1,Startup,63645,19620,3,14,8,2,0.19543915209524132,0.1378491554251643,UPI,0.3082724487390997,0,2
5574,21,Tier1,SME,83083,30562,3,21,7,2,0.14505767846761639,0.07558499041039814,UPI,0.3678490184514281,0,1
5575,31,Tier1,SME,74409,26667,3,20,8,0,0.13302505371789647,0.11137372172650625,Card,0.3583840664435754,0,3
5576,25,Tier3,MNC,69547,30757,2,18,12,1,0.43773963959857914,0.08021175990123637,UPI,0.44224768861345565,0,1
5577,29,Tier1,MNC,28518,9684,1,13,17,1,0.6281436979855926,0.20985227891523844,NetBanking,0.3395750052598359,0,0
5578,30,Tier2,SME,59684,14496,1,19,11,2,0.304252891455335,0.0628628410001806,UPI,0.2428791635949333,1,52
5579,21,Tier1,Startup,83898,14256,3,7,5,1,0.164229169266724,0.08639019006847025,UPI,0.16992061789315596,0,1
5580,52,Tier2,SME,64630,13193,2,16,9,1,0.06760034589288882,0.13862391637618068,Card,0.20413120841714374,0,0
5581,53,Tier1,MNC,71818,25322,2,14,7,0,0.18321384786266948,0.09768812188552375,Card,0.35258570274861456,0,1
5582,31,Tier2,MNC,44237,7120,2,6,1,3,0.38292015213664066,0.0035098365569297607,Wallet,0.16095123991229063,0,5
5583,36,Tier1,MNC,41194,14120,1,18,7,2,0.09341382907951573,0.10617055854779776,UPI,0.3427683643249017,0,2
5584,39,Tier1,Startup,50437,18072,2,13,12,1,0.18613560285986192,0.1462851155233531,UPI,0.35830838471756843,0,4
5585,26,Tier3,SME,89160,19227,0,7,0,2,0.28509748147057135,0.1312865169378554,UPI,0.21564602960969045,0,3
5586,47,Tier1,Gig,61716,26993,2,21,11,1,0.16582185782311362,0.06606350861571726,UPI,0.43737442478449673,1,73
5587,37,Tier2,SME,92349,22434,2,18,13,1,0.24238283833760008,0.1192155206848809,Card,0.24292629048500797,0,1
5588,35,Tier2,MNC,44969,21859,2,7,2,0,0.20108309645842512,0.0657583630688422,UPI,0.48609041784340323,0,2
5589,23,Tier1,MNC,27154,10221,2,9,7,0,0.2933514213286844,0.11193528851746892,UPI,0.37640863224570964,1,41
5590,44,Tier3,MNC,57214,18843,1,10,6,1,0.26015205764699084,0.274352882584759,UPI,0.3293424686265599,1,31
5591,31,Tier2,SME,49975,22212,3,19,4,1,0.23133549820385343,0.30152424300584124,NetBanking,0.44446223111555777,0,2
5592,49,Tier2,Startup,81237,18444,2,6,6,1,0.11887202484789396,0.19998244405648458,Wallet,0.22703940322759333,0,1
5593,22,Tier1,SME,90364,38357,1,8,6,1,0.1271994664260555,0.005991862555968834,NetBanking,0.42447213492098623,1,110
5594,41,Tier1,MNC,89138,20730,2,21,0,2,0.30737306897105854,0.38161495003709345,NetBanking,0.23256074850232225,0,3
5595,43,Tier1,SME,69807,28766,0,9,12,3,0.06438029235330707,0.04308103084848254,Card,0.41207901786353807,0,3
5596,25,Tier2,Gig,74921,32132,3,6,9,6,0.30416190884834426,0.025354025941338988,UPI,0.4288784186009263,0,0
5597,25,Tier1,MNC,73593,17917,1,17,6,5,0.13488377832756493,0.11053069627267931,UPI,0.24346065522536112,0,3
5598,52,Tier1,MNC,48236,7844,2,6,12,2,0.1331255608775216,0.0222070360322979,UPI,0.16261713243220832,0,0
5599,37,Tier2,Gig,64640,18859,3,12,6,2,0.1445788132042585,0.044040713268880004,UPI,0.29175433168316833,0,4
5600,37,Tier2,Gig,61386,26249,1,14,13,3,0.21220873172868274,0.25777725452999467,UPI,0.42760564298048415,1,68
5601,35,Tier1,Startup,49252,12198,3,20,5,2,0.18094204092312394,0.3596877067089359,UPI,0.2476650694388045,0,3
5602,37,Tier2,MNC,55458,11448,1,17,8,1,0.14731873595168582,0.1561367624539181,NetBanking,0.20642648490749757,0,2
5603,34,Tier3,Gig,50289,20969,2,20,17,1,0.10433485946150042,0.1838499923741035,UPI,0.41696991389767146,0,2
5604,34,Tier1,MNC,74016,29141,0,16,8,2,0.021757332496168326,0.09446039614679332,UPI,0.39371217034154776,0,1
5605,37,Tier1,MNC,76857,17980,2,7,3,1,0.28353611965744563,0.06759489874578996,Card,0.23394095528058603,0,4
5606,27,Tier3,MNC,74972,13993,3,8,6,2,0.28124470940194846,0.050043330544497146,UPI,0.18664301339166622,0,2
5607,28,Tier1,Gig,57082,20682,2,9,1,1,0.3350122034940156,0.17521043220140703,NetBanking,0.3623208717283907,0,1
5608,31,Tier1,MNC,76949,16926,2,23,5,2,0.10376914362615453,0.06119860285773966,UPI,0.21996387217507699,0,1
5609,46,Tier2,SME,54244,12826,2,15,16,2,0.12209631086815494,0.01987858623557244,NetBanking,0.23645011429835558,0,2
5610,45,Tier2,SME,56400,10470,2,11,3,2,0.04098539631363048,0.4358181195574963,Card,0.18563829787234043,1,109
5611,30,Tier2,SME,58511,21946,2,6,6,3,0.4800120368785492,0.06531402716266951,Wallet,0.37507477226504415,0,3
5612,42,Tier2,Gig,83870,25603,1,13,12,0,0.2687759632187732,0.01329342461553297,UPI,0.3052700608083939,0,0
5613,37,Tier3,SME,58121,23356,1,20,12,0,0.22956014431116664,0.07973291833016867,UPI,0.40185131019769105,0,2
5614,21,Tier2,SME,50660,24599,1,14,9,1,0.22432952914717713,0.18350735335013477,Card,0.4855704697986577,1,52
5615,26,Tier3,Startup,44733,14411,2,7,16,0,0.38830262110563313,0.045913001634164126,NetBanking,0.3221559028010641,0,2
5616,22,Tier1,MNC,57042,28480,2,7,16,1,0.4182964752163297,0.14496250802153282,Card,0.499281231373374,1,50
5617,52,Tier1,MNC,28309,7113,2,11,9,3,0.3079083700719506,0.06602255238856133,NetBanking,0.25126284927055,0,1
5618,21,Tier3,Startup,71241,19265,3,10,0,1,0.13307828961931042,0.1099393782923075,UPI,0.2704201232436378,0,1
5619,41,Tier3,MNC,49860,13208,2,16,10,1,0.2518533641192153,0.19580127909430503,NetBanking,0.2649017248295227,1,85
5620,28,Tier1,MNC,12893,6179,0,9,15,0,0.19115008052164364,0.3792558299948131,UPI,0.47925230745365704,1,53
5621,40,Tier2,Startup,34650,11099,1,10,0,2,0.2648912400774808,0.17282027880062714,UPI,0.32031746031746033,0,2
5622,38,Tier3,SME,44172,19223,2,15,6,4,0.12255661864955504,0.11345321550077979,Card,0.4351851851851852,0,3
5623,30,Tier2,SME,51329,21534,2,14,1,3,0.0832051894896003,0.052852563504824764,UPI,0.41952892127257496,0,2
5624,44,Tier1,MNC,54181,25023,1,18,2,3,0.07512680585772688,0.02761272257869646,UPI,0.46184086672449753,1,76
5625,39,Tier3,MNC,72518,34306,2,16,15,3,0.4431998732866699,0.03460842831424737,UPI,0.4730687553435009,1,94
5626,25,Tier1,MNC,58531,10345,3,9,4,0,0.04699910712891306,0.04244046705706088,UPI,0.17674394765167176,0,4
5627,35,Tier3,Gig,60177,20333,2,13,13,0,0.08172585512244748,0.18394041447711698,UPI,0.33788656795785765,0,2
5628,54,Tier2,SME,67962,15540,2,22,4,5,0.6002955101285709,0.04575901127440723,UPI,0.22865719078308466,0,3
5629,54,Tier1,Startup,44405,20750,1,15,5,1,0.28514652345918323,0.09848413753824826,NetBanking,0.4672897196261682,0,0
5630,22,Tier2,Startup,58536,15692,0,18,4,2,0.060845176510595685,0.10177858911596552,Card,0.26807434741014075,0,1
5631,21,Tier3,MNC,55577,11028,1,9,17,1,0.11973850254313766,0.4526383175624573,UPI,0.19842740702088993,0,1
5632,48,Tier2,MNC,85506,14718,0,20,6,3,0.2180466254795646,0.010085640910313423,Card,0.17212827170023157,0,1
5633,48,Tier1,Gig,64642,31629,2,17,0,2,0.1820113023415134,0.10160710846681184,UPI,0.48929488567804214,1,84
5634,50,Tier2,MNC,69558,25179,1,7,10,7,0.1144783444560735,0.34319247681701504,NetBanking,0.36198568101440526,0,2
5635,28,Tier2,MNC,64957,29199,1,15,13,3,0.2707545756982267,0.18334211289819727,UPI,0.449512754591499,0,2
5636,37,Tier1,MNC,76134,35867,3,18,15,0,0.28296508282887317,0.32884125784483653,NetBanking,0.47110358052906715,0,3
5637,45,Tier1,SME,83810,34607,0,11,3,3,0.3302554205935871,0.1240534869730258,Card,0.4129220856699678,1,77
5638,47,Tier2,MNC,63450,25027,1,21,13,1,0.06047047118570581,0.019117357183714677,UPI,0.39443656422379825,0,4
5639,54,Tier2,Gig,45281,11995,2,15,15,1,0.327837415847463,0.05502457735838801,UPI,0.2649013935204611,0,4
5640,50,Tier2,MNC,57803,20227,3,17,0,2,0.25240724026265887,0.3027298334639603,UPI,0.3499299344324689,0,5
5641,31,Tier1,MNC,35340,13082,1,6,1,2,0.2327656480578274,0.037287367029306275,UPI,0.3701754385964912,0,2
5642,53,Tier1,Startup,28756,10820,2,9,15,3,0.07643399344767424,0.05278557980773417,Card,0.3762693003199332,0,4
5643,37,Tier1,Startup,57925,23617,2,7,12,1,0.14583570291770115,0.047007847069487046,UPI,0.40771687526974537,0,1
5644,41,Tier1,MNC,68125,12122,1,23,12,2,0.2064453179581701,0.08742668957406713,UPI,0.17793761467889907,0,4
5645,47,Tier1,SME,52948,22911,0,8,6,2,0.3065040609363036,0.05797359171880978,UPI,0.43270756213643574,0,1
5646,33,Tier1,SME,71608,18303,3,21,1,1,0.35903915796398306,0.07035441938491627,Card,0.2555999329683834,0,1
5647,23,Tier2,MNC,97920,45279,1,21,10,1,0.035221294101993435,0.2158322225049783,Card,0.4624080882352941,1,115
5648,21,Tier2,SME,81180,22295,1,16,3,3,0.4846379378336011,0.12243863698590952,UPI,0.27463661000246364,0,1
5649,35,Tier1,Gig,46324,9567,2,22,10,2,0.26581320451947776,0.1639667357885873,Card,0.2065236162680252,0,1
5650,53,Tier2,Startup,49470,14829,3,13,10,1,0.2436274880286494,0.16600982860507185,UPI,0.29975742874469374,0,3
5651,27,Tier1,Startup,59634,20056,0,17,16,0,0.14998657923348888,0.12306487052972241,Wallet,0.33631820773384313,0,0
5652,28,Tier1,SME,20402,9731,1,8,10,1,0.186725883379289,0.06547779945055157,Wallet,0.47696304283893737,0,0
5653,40,Tier2,MNC,58644,23572,0,11,7,0,0.29279274142760775,0.09969670116795909,Wallet,0.4019507537002933,0,3
5654,47,Tier1,Gig,56916,19307,0,16,12,3,0.2357413795162697,0.19409383046504136,NetBanking,0.3392192002248928,0,1
5655,53,Tier1,Gig,86285,42227,3,19,15,2,0.3930476267652312,0.35072409992893655,NetBanking,0.4893898128295764,0,0
5656,42,Tier3,Startup,54663,8474,1,12,1,1,0.19110455344929286,0.3774944668404976,UPI,0.15502259297879736,0,2
5657,44,Tier1,SME,55329,12609,2,13,4,3,0.4913370936221494,0.2062474352847198,NetBanking,0.22789134088814184,1,69
5658,53,Tier2,Startup,67047,24600,2,17,1,4,0.15171320526946203,0.14729412600104377,UPI,0.3669067967246857,1,80
5659,53,Tier1,Startup,67679,33378,1,12,12,0,0.24571356636024932,0.21781402942218464,Card,0.49318104581923494,0,2
5660,36,Tier1,Gig,67758,10445,1,12,6,1,0.38888043991239685,0.07476359221241075,UPI,0.15415153930163228,0,1
5661,42,Tier1,SME,40660,6191,0,8,2,1,0.043017856524769964,0.12488824154661281,NetBanking,0.15226266601082145,0,1
5662,36,Tier1,MNC,49231,11760,2,21,15,3,0.2777879133593338,0.1659747489165626,UPI,0.2388738802786862,0,0
5663,48,Tier2,Gig,70855,22560,2,6,10,2,0.41371117731084606,0.036000231730740295,Wallet,0.31839672570743066,0,2
5664,25,Tier2,SME,62075,22680,1,6,3,1,0.19592597414137888,0.04294222418875823,UPI,0.3653644784534837,0,4
5665,53,Tier1,MNC,56782,27258,1,20,17,3,0.14116600166611804,0.027354697412561173,UPI,0.48004649360712903,0,2
5666,26,Tier2,Startup,39644,18742,1,10,17,2,0.30432204165144394,0.016194073365418334,UPI,0.4727575421249117,0,3
5667,54,Tier1,Startup,51440,9092,2,6,10,4,0.04504101118604339,0.13815842387216412,Card,0.17674961119751167,0,4
5668,52,Tier2,MNC,77063,18143,3,21,5,0,0.3756309587817405,0.07606365116982851,Card,0.23543075146308864,0,1
5669,31,Tier3,SME,96940,42690,3,21,8,2,0.3064580099648651,0.12838935753782432,Card,0.4403754899938106,0,2
5670,38,Tier3,MNC,90215,29075,1,23,1,1,0.08590885105519933,0.009721317256548977,UPI,0.3222856509449648,1,74
5671,49,Tier2,MNC,40996,8734,2,18,15,2,0.20419158603980733,0.03855363057610167,Card,0.21304517513903795,0,1
5672,21,Tier2,SME,76077,12113,0,16,17,1,0.29089340218780574,0.1087015239621883,UPI,0.15922026368021872,0,1
5673,49,Tier2,Gig,57077,18389,1,6,16,1,0.3606756385113407,0.06843870997565164,Card,0.3221788110797694,0,5
5674,38,Tier3,Gig,30604,15172,2,6,15,0,0.008977137529142911,0.026563761324688632,Card,0.4957521892563064,0,2
5675,31,Tier3,Gig,69854,14559,1,14,3,4,0.5427184621094813,0.20673512401331962,UPI,0.2084204197325851,0,1
5676,52,Tier2,MNC,64468,10727,2,23,13,1,0.17863341934973012,0.035344878545701786,UPI,0.16639262890116027,0,0
5677,46,Tier2,MNC,68750,14058,1,11,6,1,0.6536793135856048,0.3290731898725411,NetBanking,0.20448,0,2
5678,46,Tier1,MNC,39784,8820,1,10,0,3,0.4390606375931301,0.08377639895785059,UPI,0.22169716468932235,0,3
5679,29,Tier1,SME,26416,5269,3,16,11,2,0.013848659719005075,0.0694561786504567,UPI,0.1994624470018171,0,2
5680,36,Tier1,MNC,55013,11292,2,10,0,2,0.045790587300967855,0.11078974268856821,UPI,0.20526057477323542,0,1
5681,43,Tier1,Gig,66219,28197,2,9,13,1,0.4080122391664866,0.11475931205412757,Wallet,0.42581434331536266,0,2
5682,41,Tier2,MNC,73052,30868,2,17,9,2,0.18219697880031704,0.026741202585625675,UPI,0.42254832174341567,0,2
5683,46,Tier2,MNC,51598,9572,0,18,11,2,0.42327741230022825,0.028718974403308516,UPI,0.18551106632040001,0,1
5684,52,Tier1,Gig,47419,10169,2,22,4,3,0.22818906517155738,0.30945077729746223,Wallet,0.21444990404690104,0,0
5685,25,Tier2,SME,54367,21244,0,19,9,1,0.3186670849953919,0.02477664018927426,Card,0.3907517427851454,0,1
5686,32,Tier3,SME,36223,15906,2,8,8,2,0.36843580787785996,0.015263846700205419,Card,0.4391132705739447,0,2
5687,45,Tier1,Startup,59586,23490,0,18,6,3,0.13250574466002588,0.03317332317516671,Card,0.394220118819857,0,2
5688,30,Tier2,Startup,64331,29004,0,12,14,1,0.44137243761562045,0.01844375711428899,UPI,0.45085573051872346,0,1
5689,41,Tier1,Startup,53754,9367,2,6,9,3,0.1527305464836171,0.11662193411162206,NetBanking,0.17425679949399114,0,0
5690,43,Tier2,Gig,68165,27846,2,19,0,1,0.5051650720828623,0.012445647398178983,UPI,0.40850876549548887,0,5
5691,44,Tier1,SME,71132,19160,2,8,0,3,0.23651533207853512,0.1952830665981222,Card,0.26935837597705675,0,2
5692,27,Tier1,MNC,66975,27162,2,21,9,2,0.14199218037363726,0.05728804204136388,UPI,0.4055543113101904,0,1
5693,36,Tier3,MNC,73595,12570,1,21,2,2,0.2669359482691868,0.23106659027957221,Card,0.1707996467151301,1,119
5694,29,Tier1,SME,73216,35516,1,22,9,0,0.01371057627243156,0.105002549928255,UPI,0.4850852272727273,0,2
5695,44,Tier2,MNC,51997,20276,2,7,2,2,0.18519035211588034,0.0006066050190485297,NetBanking,0.38994557378310285,0,1
5696,39,Tier1,MNC,67058,26927,2,22,8,3,0.4134030478678377,0.17499231861733042,UPI,0.40154791374630916,0,1
5697,33,Tier3,MNC,72476,25935,0,19,8,2,0.14905707834221812,0.09762028478240418,UPI,0.35784259616976655,0,4
5698,29,Tier1,MNC,55623,20157,1,23,4,4,0.2327055672720453,0.5226222010841489,UPI,0.3623860633191306,0,2
5699,30,Tier1,Gig,81179,18078,0,20,4,1,0.17687882479813843,0.02902101989977313,Card,0.22269306101331626,0,2
5700,26,Tier2,MNC,73806,21791,1,16,8,2,0.14448694768744252,0.03031366684205451,UPI,0.2952469988889792,0,2
5701,26,Tier1,Gig,77202,27890,2,9,14,3,0.20946410353013692,0.11171358789313866,UPI,0.36126007098261703,0,3
5702,36,Tier1,SME,35768,11639,2,15,8,4,0.10860792201340705,0.12427946746116154,Wallet,0.3254025944978752,0,3
5703,36,Tier1,MNC,35447,12479,1,19,12,3,0.17941706845567976,0.02370188866010469,UPI,0.3520467176347787,0,5
5704,23,Tier1,SME,70086,25131,3,12,12,2,0.3698713060901854,0.0707406780029398,Card,0.3585737522472391,0,3
5705,35,Tier2,Gig,87057,24096,2,13,4,2,0.20925514680367785,0.3453576143084115,NetBanking,0.27678417588476517,1,73
5706,50,Tier3,Gig,69204,17958,1,23,1,1,0.4920869505763188,0.06320314806914848,UPI,0.25949367088607594,1,84
5707,34,Tier1,Startup,54284,13473,1,14,14,2,0.18562201048908267,0.06411660792564561,Wallet,0.2481946798319947,0,1
5708,47,Tier1,MNC,65077,10286,3,16,7,1,0.11971311267089922,0.0775516060376325,UPI,0.15805891482397774,0,1
5709,52,Tier3,Startup,85779,37423,2,19,2,0,0.01411714291851867,0.06239511285169471,UPI,0.4362722810944404,0,2
5710,30,Tier2,MNC,95866,31287,0,23,1,1,0.5412795079108175,0.07794971523675046,Card,0.32636179667452486,0,1
5711,45,Tier2,SME,69407,20270,2,20,14,1,0.2907915110918175,0.0782633446378142,UPI,0.29204547091791894,0,4
5712,35,Tier2,MNC,47596,7630,1,12,14,1,0.18357011954273816,0.05513412586355335,UPI,0.16030758887301455,0,1
5713,21,Tier1,MNC,72659,18097,2,20,3,3,0.1913738514977012,0.11265347817364502,Card,0.24906756217399084,0,1
5714,32,Tier1,MNC,72868,26672,2,15,2,4,0.17631761422793307,0.050607305656896986,UPI,0.36603172860514904,1,103
5715,28,Tier2,MNC,69854,29518,2,15,12,3,0.1560183846364855,0.04676409403573472,Card,0.4225670684570676,0,2
5716,27,Tier1,Startup,79896,15993,2,6,8,2,0.5315175380341967,0.1702975356629039,NetBanking,0.20017272454190446,0,2
5717,52,Tier2,SME,55096,19775,0,6,4,0,0.05855191255139547,0.05598768657234677,UPI,0.35891897778423115,0,3
5718,26,Tier3,MNC,37937,11393,1,19,11,1,0.17093100276332573,0.14697740527314737,UPI,0.30031367793974223,1,49
5719,48,Tier3,Gig,89701,18394,2,10,10,4,0.10429510818463887,0.0034720666859244793,Card,0.20505902944225818,0,0
5720,27,Tier2,Gig,58240,12972,0,22,12,1,0.34090132771749715,0.23935914256174592,UPI,0.2227335164835165,1,30
5721,43,Tier3,MNC,33315,5504,2,21,7,3,0.09722174247087902,0.040442140632611374,Card,0.16521086597628695,0,2
5722,24,Tier2,SME,43120,13829,2,6,15,2,0.41391867970997753,0.05886252874168084,UPI,0.3207096474953618,0,2
5723,41,Tier2,MNC,93350,18905,2,22,12,3,0.17124415750592029,0.008458878961438649,UPI,0.20251740760578468,0,0
5724,39,Tier1,MNC,56379,15250,2,23,15,1,0.38364228995624805,0.13330638659798513,NetBanking,0.2704907855761897,0,2
5725,50,Tier1,Gig,35040,16381,2,7,11,6,0.14526145592150824,0.03563255673638008,NetBanking,0.46749429223744293,0,0
5726,28,Tier1,Gig,84652,29483,2,18,14,0,0.1405237396579009,0.28489811704835155,UPI,0.348284742238813,0,2
5727,53,Tier1,Gig,49213,11046,3,20,7,2,0.22848268783214784,0.34836678597870824,Card,0.22445288846443012,0,1
5728,28,Tier2,Gig,69377,17559,2,15,1,4,0.09978230857725238,0.2055876784895191,Card,0.2530954062585583,1,103
5729,38,Tier1,Gig,60615,19191,2,20,3,2,0.08732331902161426,0.0025735308270051645,UPI,0.3166048007918832,0,2
5730,49,Tier2,SME,84709,31363,0,22,14,2,0.2848467676858024,0.14038624420078724,UPI,0.37024401185234157,0,2
5731,25,Tier2,SME,65251,23720,2,6,6,4,0.30220022695491006,0.10909602784393667,Card,0.3635193330370416,0,1
5732,29,Tier1,SME,98481,17066,2,23,3,0,0.263406894130691,0.008391335443036519,Card,0.17329231019181365,0,2
5733,37,Tier2,Gig,45858,9353,2,14,12,1,0.18450124405334972,0.05409363180602577,UPI,0.2039556893017576,0,2
5734,26,Tier3,MNC,12000,5613,2,20,2,0,0.028672161186539372,0.053274197364702236,UPI,0.46775,0,0
5735,45,Tier3,Startup,46726,17068,2,15,12,6,0.4360693083457734,0.09347692944210292,Card,0.36527843170825663,0,4
5736,32,Tier1,MNC,59252,20616,3,13,2,2,0.1845173950442241,0.1416493296187412,Wallet,0.34793762235873893,0,1
5737,37,Tier3,MNC,55209,24231,1,15,13,4,0.09746297173174848,0.00866818743279348,Card,0.43889583220127154,0,0
5738,53,Tier1,MNC,58253,10012,2,10,15,4,0.46574539681947896,0.10709332849959523,UPI,0.1718709766020634,0,2
5739,54,Tier3,SME,51288,22417,1,10,14,3,0.1833306386999245,0.13628029912851125,UPI,0.4370807986273592,0,3
5740,22,Tier1,MNC,79281,15026,2,16,13,6,0.2220106132945779,0.20123124956731833,UPI,0.18952838637252306,0,5
5741,42,Tier2,Startup,20761,6477,2,7,7,2,0.15238644740629656,0.04734238557948823,Wallet,0.3119791917537691,0,0
5742,21,Tier2,Startup,45508,21780,1,22,14,4,0.5346794756959856,0.24859083825385744,UPI,0.4785971697283994,1,89
5743,27,Tier1,Startup,87725,28417,1,17,1,1,0.32435988507193325,0.15117843301839443,UPI,0.32393274437161584,0,2
5744,50,Tier3,Gig,58978,29341,2,18,11,5,0.46075277893106725,0.08891008908623435,Card,0.4974905897114178,1,71
5745,23,Tier1,Gig,60089,26171,3,23,5,1,0.2596293038656866,0.4235598977766374,UPI,0.43553728635856814,0,2
5746,50,Tier1,MNC,44173,11601,3,13,0,1,0.4022995527247734,0.08289295707815558,UPI,0.2626264912955878,0,1
5747,50,Tier1,MNC,64714,14104,2,7,2,2,0.12308908482462719,0.03246713397459649,Card,0.21794356707976636,0,0
5748,30,Tier1,SME,60354,13430,1,19,14,3,0.36636344831203166,0.03703286427653642,Card,0.2225204626039699,0,3
5749,48,Tier1,MNC,81178,28356,2,12,4,1,0.06576332317980182,0.06096234697719683,NetBanking,0.34930646234201385,0,1
5750,23,Tier1,Startup,70550,17390,1,22,16,0,0.07752187088146721,0.09641432805724685,UPI,0.24649184975194896,0,4
5751,30,Tier2,Startup,44930,14403,1,18,2,4,0.03153646196297397,0.08694173822865577,Card,0.3205653238370799,0,1
5752,32,Tier1,SME,71634,23311,1,16,0,4,0.3915466983079581,0.16505415595322726,Card,0.3254180975514421,1,93
5753,51,Tier1,Startup,57505,13355,1,19,4,2,0.3665591947967029,0.14642653129641028,Card,0.23224067472393706,0,1
5754,47,Tier3,SME,80879,21140,2,10,16,0,0.300814246941051,0.28188371781525956,UPI,0.2613781080379332,0,1
5755,54,Tier2,MNC,83213,27463,1,13,11,1,0.3622994892074711,0.24396578326103924,UPI,0.3300325670267867,0,2
5756,39,Tier3,SME,30940,14990,2,19,11,2,0.3656302658544829,0.001225736043790096,UPI,0.48448610213316096,1,100
5757,38,Tier1,SME,57512,14747,2,20,4,0,0.09555126507551569,0.015901359141270482,UPI,0.2564160523021283,0,1
5758,34,Tier1,SME,43056,21423,3,20,6,2,0.17833144522901573,0.1752151644156906,NetBanking,0.4975613154960981,1,102
5759,36,Tier2,MNC,54056,22648,2,9,7,4,0.37562453458780026,0.27512759925573677,UPI,0.4189729169749889,0,2
5760,51,Tier1,MNC,33874,16672,1,21,6,2,0.15940747760598156,0.016228167920015763,UPI,0.49217689083072563,0,0
5761,27,Tier1,MNC,74683,16921,2,17,7,3,0.23839463102869735,0.06747924484502087,NetBanking,0.2265709733138733,0,3
5762,41,Tier3,Startup,42923,11146,2,7,14,2,0.09536142444444153,0.15387802136891193,UPI,0.25967430049157797,0,0
5763,46,Tier3,SME,65838,15638,2,22,12,1,0.2593406624125719,0.100344099970486,Card,0.2375224034751967,0,1
5764,37,Tier1,Startup,39237,18587,2,20,12,1,0.49259960589497015,0.11380247378311038,UPI,0.4737110380508194,0,1
5765,26,Tier1,SME,27779,9984,2,19,15,1,0.5378910601652502,0.04014311632769575,Card,0.3594081860398142,0,1
5766,47,Tier2,Startup,55717,12539,3,18,0,3,0.1064229548813674,0.04495572637315302,Card,0.22504801048154063,0,3
5767,38,Tier2,SME,80578,25173,3,9,8,2,0.3904310833596661,0.017486027945091707,UPI,0.3124053711931296,0,3
5768,25,Tier2,SME,79220,25296,2,6,12,1,0.4110032958486839,0.04791249597057477,UPI,0.31931330472103003,0,5
5769,33,Tier3,Startup,56741,14591,2,23,4,1,0.6657595289946792,0.02691604813091522,Card,0.2571509138013077,0,3
5770,26,Tier3,SME,35783,12295,2,21,14,0,0.2333935848658655,0.14234529813148206,NetBanking,0.3435989156862197,1,64
5771,46,Tier2,SME,45531,13012,3,6,7,1,0.20193352222746122,0.031855289972484345,UPI,0.2857833124684281,0,4
5772,34,Tier3,SME,67836,29403,2,15,17,1,0.06323197296875091,0.01783026827063304,Card,0.43344241995400673,0,3
5773,33,Tier1,SME,47932,16540,2,7,10,2,0.28330572753664784,0.19031673243257505,NetBanking,0.34507218559626135,0,2
5774,33,Tier1,MNC,59837,16560,2,22,2,2,0.17184786417827908,0.07108068905748754,UPI,0.2767518425054732,0,3
5775,32,Tier2,MNC,57801,15921,2,20,16,0,0.0694357636312189,0.09757121353383262,Card,0.27544506150412623,0,5
5776,39,Tier2,Gig,53485,14246,2,20,0,1,0.038488785378454855,0.04298860682347441,UPI,0.26635505281854727,0,2
5777,27,Tier1,MNC,79133,39137,2,9,12,4,0.03808006463539727,0.06938572941568116,Card,0.4945724286959928,1,103
5778,53,Tier3,SME,38694,14175,2,15,3,0,0.51266568647449,0.019072774358650745,UPI,0.3663358660257404,0,5
5779,33,Tier1,MNC,55093,19026,2,9,0,2,0.09031297248443447,0.009992682712414231,Card,0.3453433285535367,0,4
5780,35,Tier1,MNC,81750,29844,2,20,11,2,0.1766096142768502,0.10046019559748554,UPI,0.3650642201834862,0,4
5781,45,Tier2,Startup,37969,10006,1,10,13,3,0.25992999290025504,0.080866970321993,NetBanking,0.26353077510600753,0,1
5782,21,Tier3,Startup,84389,39439,2,18,17,2,0.2226982904766859,0.16182662046986762,NetBanking,0.4673476400952731,1,76
5783,33,Tier1,SME,63328,26750,2,21,0,2,0.05000093932996583,0.09158883718383241,UPI,0.42240399191510863,0,1
5784,41,Tier2,SME,55300,9596,0,21,15,1,0.28491373682382565,0.03302139633528416,UPI,0.1735262206148282,0,1
5785,32,Tier1,Gig,89087,19079,3,17,15,0,0.2723499995392726,0.10540563725285365,UPI,0.21416143769573562,1,118
5786,26,Tier3,Startup,23176,9681,2,13,8,4,0.4596525156723486,0.14466940253350594,Card,0.4177166033828098,1,98
5787,38,Tier1,Startup,45191,14297,3,17,13,1,0.10323331114071065,0.258334521726483,UPI,0.316368303423248,0,3
5788,51,Tier2,Gig,43352,7907,2,18,12,2,0.2126878919682156,0.1971247998845911,UPI,0.1823906624838531,0,2
5789,25,Tier1,SME,52958,17149,3,10,14,0,0.19604854313206516,0.14034429542896434,UPI,0.3238226519128366,0,4
5790,41,Tier1,Startup,28228,5291,2,9,9,2,0.34482274479815084,0.29028803898270683,UPI,0.18743800481791129,1,53
5791,34,Tier2,MNC,75987,16457,0,7,17,2,0.40825513976092204,0.08537117094973203,Card,0.21657651966783792,0,0
5792,42,Tier1,SME,63128,21360,2,17,16,0,0.1533118605895976,0.08971772922268587,UPI,0.3383601571410468,0,2
5793,48,Tier1,Startup,70959,34791,1,15,1,0,0.2986849592351535,0.09948102465550442,UPI,0.4902972138840739,0,2
5794,42,Tier1,SME,76346,32418,3,19,15,1,0.13959308672423834,0.13567067192386234,Wallet,0.4246194954549027,1,85
5795,24,Tier2,Gig,61353,21671,2,7,6,3,0.17156739971282375,0.0940808383775849,UPI,0.35321826153570324,0,1
5796,49,Tier3,MNC,59955,18126,2,18,5,1,0.4250082145756668,0.16952315063043188,UPI,0.3023267450587941,1,112
5797,43,Tier3,SME,53805,19058,2,17,1,2,0.10920264521189595,0.0168305048070185,UPI,0.35420499953535917,0,1
5798,26,Tier3,MNC,83749,35014,3,13,11,2,0.17292135969774272,0.3288541627856788,UPI,0.4180826039713907,1,83
5799,43,Tier1,MNC,33514,13964,3,7,0,0,0.2979692140132942,0.19051889137244846,Wallet,0.4166616936205765,1,33
5800,34,Tier2,Startup,56828,19364,1,21,2,1,0.2298913479757244,0.06170674793499419,NetBanking,0.3407475188287464,0,5
5801,28,Tier1,SME,64294,22283,3,22,3,0,0.316561681412177,0.176330634065511,UPI,0.3465797741624413,0,1
5802,35,Tier2,MNC,53852,23940,1,22,16,0,0.15380643793210352,0.07523750977363741,NetBanking,0.4445517343831241,0,0
5803,53,Tier1,MNC,43216,16963,1,21,0,3,0.3752821118223887,0.26186427281552976,NetBanking,0.39251666049611256,0,1
5804,31,Tier3,SME,46447,22635,2,14,7,2,0.2417998174956697,0.07424832816565778,UPI,0.48732964454108985,1,108
5805,32,Tier2,MNC,46624,19123,1,14,6,2,0.10830058899675872,0.1397534435609668,UPI,0.4101535689773507,0,3
5806,21,Tier2,MNC,52578,19007,0,9,6,1,0.22573043204009577,0.04329612904825344,Card,0.36150100802617063,0,4
5807,38,Tier1,Startup,86489,18072,2,19,13,4,0.13085797748107783,0.07112240271422689,NetBanking,0.20895142734914265,0,1
5808,30,Tier1,MNC,74545,29925,2,23,4,4,0.1301922780038936,0.09484395175347214,NetBanking,0.4014353746059427,0,3
5809,24,Tier3,Startup,59478,23893,2,18,17,1,0.12984645422597502,0.12653293456883405,UPI,0.40171155721443225,0,1
5810,41,Tier3,MNC,55547,11878,2,13,0,3,0.5052969761990788,0.07342961552687151,Wallet,0.21383693088735664,0,1
5811,41,Tier3,Gig,78258,20569,3,22,5,1,0.05234402585920185,0.023680337324037338,Card,0.26283574842188656,0,1
5812,34,Tier1,Startup,40218,10423,1,22,9,3,0.06706808003913303,0.019842509213585137,Card,0.259162564026058,0,3
5813,29,Tier2,Gig,97484,40379,1,19,15,3,0.19153378073763466,0.012903051371678215,UPI,0.41421156292314637,0,3
5814,49,Tier1,MNC,41206,19565,2,7,2,1,0.23373633834765775,0.13852673089022102,UPI,0.4748094937630442,1,43
5815,31,Tier3,Startup,74234,15882,2,9,0,0,0.36971043217975524,0.20649956570316447,UPI,0.21394509254519492,0,2
5816,45,Tier2,MNC,48378,11450,2,17,15,2,0.29045991610412947,0.02912462405576323,UPI,0.23667782876514118,0,3
5817,45,Tier3,Gig,39124,17158,2,8,8,3,0.1403873428608653,0.017764335529338836,Card,0.43855434004703,1,39
5818,54,Tier1,Gig,39945,8612,2,7,6,1,0.3598564633993275,0.6000175577629344,Card,0.21559644511202905,1,53
5819,29,Tier1,SME,71472,27981,0,15,11,3,0.2883770770056355,0.04203188682564037,UPI,0.3914959704499664,0,1
5820,41,Tier3,Startup,64337,14523,1,17,13,6,0.30810404386869833,0.060152150481074494,UPI,0.22573324836408287,0,3
5821,47,Tier3,Gig,52206,23931,0,21,5,2,0.27149389073476343,0.0431097055097809,UPI,0.4583955867141708,0,3
5822,46,Tier1,SME,30781,8836,2,13,5,0,0.4818686486347405,0.1275431630374109,Wallet,0.2870601994737013,0,4
5823,31,Tier3,MNC,56251,18665,2,14,5,1,0.3127721965823088,0.37227274291757906,UPI,0.33181632326536414,1,45
5824,27,Tier1,MNC,50169,22332,2,11,2,2,0.1734128322305937,0.04983697165598022,Card,0.44513544220534595,0,2
5825,37,Tier1,Gig,73913,13321,1,14,6,4,0.2591961823238773,0.011607704173269501,UPI,0.1802254001325883,0,0
5826,22,Tier3,SME,60817,26703,2,7,14,2,0.14412002508276536,0.20320373893593066,UPI,0.43907131229754837,1,43
5827,28,Tier3,MNC,51294,24908,2,8,11,3,0.10509069015077001,0.05990039562938557,UPI,0.4855928568643506,0,4
5828,29,Tier1,SME,87188,23080,2,10,2,3,0.3380751485582423,0.02699313568118889,UPI,0.2647153277974033,0,2
5829,32,Tier3,Startup,81800,32085,2,21,15,3,0.043681521426297755,0.02670194293084092,UPI,0.39223716381418094,0,3
5830,32,Tier1,SME,93877,36807,1,14,2,2,0.21246098023472795,0.048704224471811,Card,0.3920768665381297,0,4
5831,21,Tier2,MNC,16981,3808,3,7,5,3,0.1489325011757178,0.41996173168075684,NetBanking,0.22425063306047935,0,2
5832,23,Tier1,Startup,77392,17463,2,8,13,0,0.133548525652815,0.06091365570442177,UPI,0.22564347736200124,0,2
5833,30,Tier3,Startup,51763,17723,1,18,13,0,0.2612173528544974,0.02660060527851575,Card,0.34238741958541813,1,30
5834,49,Tier1,SME,64817,23937,1,16,15,1,0.3203432889907582,0.24410795173487781,UPI,0.36930126355740006,0,3
5835,26,Tier3,SME,80042,26479,1,18,0,1,0.20348919950117472,0.09995251317315205,Card,0.33081382274305987,0,3
5836,29,Tier1,MNC,49654,13789,0,16,3,1,0.25469497824772347,0.29293977058636456,Card,0.2777016957344826,0,0
5837,40,Tier1,Gig,36254,7912,1,10,8,6,0.4751048095512771,0.007842357065102558,UPI,0.21823798753241022,0,2
5838,54,Tier1,MNC,44525,16626,1,8,14,1,0.207600619553498,0.10662713784487049,UPI,0.3734081976417743,0,0
5839,38,Tier1,SME,60862,11598,2,21,11,1,0.13547918530331143,0.1397547778326538,UPI,0.1905622555946239,0,0
5840,37,Tier1,SME,81293,29459,2,10,11,2,0.15257564417422664,0.24139389212839527,UPI,0.36238052476843025,0,1
5841,50,Tier1,MNC,76850,36546,2,7,3,2,0.22003279148264396,0.26940518139063824,Card,0.47554977228366946,0,1
5842,52,Tier2,SME,68963,24408,2,18,12,3,0.3387771412683678,0.2328001739310385,UPI,0.3539289184055218,1,74
5843,37,Tier2,Gig,35523,7023,0,6,12,0,0.36745829462596524,0.10318172236383406,UPI,0.19770289671480448,0,3
5844,33,Tier2,Gig,47381,14088,2,22,3,4,0.026243612302785168,0.1445067065058575,NetBanking,0.29733437453831707,1,81
5845,23,Tier2,Startup,27409,11578,2,16,5,4,0.1163942840259329,0.020928448038444607,NetBanking,0.42241599474625124,0,1
5846,41,Tier1,MNC,48618,16379,1,14,11,1,0.12897548534361442,0.0802084859366644,UPI,0.3368916862067547,0,3
5847,21,Tier1,SME,63275,30954,0,23,14,2,0.12181515382441147,0.08903366686963239,UPI,0.4891979454760964,0,3
5848,40,Tier2,SME,68591,13768,2,18,4,1,0.08406559673501546,0.006554171265523385,Card,0.2007260427752912,0,1
5849,25,Tier1,SME,70323,25461,1,13,15,1,0.36468051903258963,0.03671610436691024,NetBanking,0.36205793268205283,0,4
5850,36,Tier2,SME,111048,18822,2,13,5,1,0.23827153852243657,0.2695744660517341,UPI,0.16949427274692025,0,2
5851,43,Tier1,Gig,38786,14165,3,18,9,3,0.14492573234937206,0.18937125044633923,NetBanking,0.36520909606559065,0,1
5852,41,Tier2,Gig,54067,10778,2,14,4,2,0.32057814641870774,0.147301203515249,UPI,0.19934525681099377,0,1
5853,33,Tier2,Startup,77461,18106,1,19,7,0,0.35057780675750616,0.2717770677279265,Card,0.23374343217877383,0,1
5854,34,Tier2,Gig,63410,9716,3,22,2,0,0.32777000673907714,0.03603689354136686,NetBanking,0.15322504336855386,0,2
5855,33,Tier1,MNC,97439,40780,1,10,12,3,0.38955752376343245,0.06431945917387918,UPI,0.41851825244511953,0,2
5856,25,Tier2,MNC,37359,10189,2,19,13,1,0.35318931895218053,0.3043024428843951,UPI,0.2727321395112289,0,6
5857,25,Tier2,SME,77074,35870,2,12,6,2,0.3535805212735533,0.07881230820355944,UPI,0.4653968912992708,0,7
5858,54,Tier1,SME,62799,12624,2,15,1,5,0.16267531218630774,0.026583550705575484,UPI,0.20102230927244064,0,2
5859,35,Tier2,SME,85643,30065,0,12,17,1,0.1418905447207856,0.07500556695642153,Card,0.3510502901579814,0,1
5860,24,Tier2,Startup,48252,15102,2,14,13,3,0.1315499834920364,0.016113780238384667,UPI,0.31298184531211143,0,3
5861,33,Tier1,SME,41681,17868,2,17,2,3,0.16905963074720656,0.010592049150747598,Card,0.42868453252081284,0,1
5862,29,Tier1,SME,63388,14397,3,14,15,3,0.22474298563109396,0.19026115188849063,UPI,0.2271250078879283,1,39
5863,52,Tier1,MNC,81161,22951,2,13,5,4,0.3153082154548131,0.2215913693255979,NetBanking,0.28278360296201377,1,87
5864,23,Tier2,Gig,51751,16778,1,14,0,2,0.3004677628874312,0.029471470986154047,UPI,0.32420629553052116,0,3
5865,34,Tier2,Startup,63236,13779,1,12,7,1,0.19865699028903933,0.041806928680320675,Card,0.21789803276614586,0,2
5866,44,Tier1,Startup,31593,4910,2,23,6,2,0.21387187594434678,0.0047278572503944,Card,0.1554141740258918,0,2
5867,21,Tier1,MNC,62233,27104,2,22,13,0,0.3503922864042059,0.018046759929248448,NetBanking,0.4355245609242685,0,4
5868,39,Tier3,Gig,89242,36798,1,21,15,3,0.36245574813480663,0.07474726594551746,UPI,0.4123394814100984,1,54
5869,25,Tier2,MNC,29687,12304,1,23,0,1,0.33543235932274046,0.0282357400230234,UPI,0.4144575066527436,0,0
5870,44,Tier3,SME,67840,26034,3,7,6,0,0.2215632113855067,0.03309637832755594,UPI,0.3837558962264151,0,3
5871,40,Tier2,Startup,66002,11107,2,6,11,2,0.1515480198619169,0.09016061433884404,NetBanking,0.16828277930971788,0,3
5872,51,Tier1,Gig,54506,23321,2,15,13,1,0.21813496486199896,0.019086979744751084,Card,0.4278611529005981,0,0
5873,47,Tier2,SME,75409,31307,1,10,15,3,0.20439025463189708,0.05631334902804529,Wallet,0.4151626463684706,0,3
5874,33,Tier1,SME,69552,23098,3,7,15,1,0.23947827669230987,0.15087615553762604,Wallet,0.33209684840119624,0,4
5875,28,Tier2,MNC,21083,4286,3,10,14,2,0.343559060599481,0.02832388875789358,UPI,0.2032917516482474,0,1
5876,35,Tier3,SME,36331,5610,2,23,16,1,0.2630737796343921,0.03672072532843299,UPI,0.15441358619360876,0,0
5877,24,Tier3,Startup,73819,25972,1,6,0,5,0.5191028731387596,0.21233197626534195,UPI,0.3518335387908262,1,103
5878,43,Tier1,SME,78952,20344,0,19,15,2,0.23940203617992226,0.08925786385816101,Card,0.2576755497010842,0,2
5879,44,Tier2,Gig,73458,18130,2,23,10,3,0.08799988756240786,0.18422818809265493,UPI,0.24680769963788832,1,48
5880,34,Tier1,MNC,69215,15359,2,15,8,1,0.22941282675126226,0.010639882898674525,UPI,0.2219027667413133,0,3
5881,52,Tier1,SME,77442,27584,2,23,11,1,0.12648324037811406,0.07566595487141296,UPI,0.35618914800754115,0,1
5882,25,Tier1,Gig,12000,1872,1,18,2,2,0.06452709187197699,0.07285144176901007,UPI,0.156,0,3
5883,24,Tier1,MNC,41411,18490,2,7,12,1,0.13934199915714432,0.02483258179288781,Card,0.4464997222960083,0,4
5884,52,Tier3,MNC,58068,26173,2,21,17,2,0.34514936892646597,0.0462152949392404,UPI,0.4507301784115175,1,72
5885,47,Tier1,Startup,54214,11780,1,12,0,0,0.2954537971908728,0.034767554258409245,UPI,0.21728704762607445,0,3
5886,45,Tier2,Gig,54561,13524,3,17,10,2,0.11513241625476757,0.07859992900102225,Card,0.24786935723318854,0,2
5887,46,Tier1,Startup,60744,18987,1,13,3,1,0.4481135103786931,0.09763761384558932,Card,0.31257408139075465,1,71
5888,30,Tier1,Gig,53556,12141,2,7,6,5,0.17438993554774684,0.1408790332969552,UPI,0.22669728881917992,1,102
5889,33,Tier2,Startup,59308,14103,0,8,16,1,0.03201241869918715,0.10118671885540276,UPI,0.23779254063532745,0,4
5890,52,Tier3,SME,44343,16791,3,16,3,1,0.08635666348393228,0.17896265623487612,NetBanking,0.37866179554833906,0,4
5891,39,Tier1,Gig,53747,21655,3,12,10,1,0.4819023550377293,0.25004791655328856,Card,0.40290620871862615,1,47
5892,49,Tier1,Startup,67125,30850,3,23,5,4,0.3272766212999133,0.010758641299118939,Card,0.4595903165735568,0,3
5893,32,Tier1,MNC,59662,13402,0,11,12,2,0.3055098580675559,0.042477783017375,UPI,0.22463209413026716,0,2
5894,26,Tier2,Startup,53062,8495,2,17,8,2,0.3998232472769539,0.2392454784861561,Card,0.16009573706230448,0,4
5895,29,Tier3,Gig,65119,23596,2,12,3,1,0.15433683551327612,0.09901744819743218,UPI,0.36235200171992815,0,5
5896,45,Tier3,Gig,74253,26151,1,14,0,1,0.11684366517562189,0.0028401416327960144,Wallet,0.35218779039230735,0,1
5897,37,Tier3,MNC,37259,14241,2,9,4,0,0.19637423914006064,0.1916813784413437,NetBanking,0.38221637725113394,0,2
5898,44,Tier3,Startup,58490,10137,1,19,17,3,0.21685182954045237,0.1915148707804862,UPI,0.17331167720977944,1,77
5899,52,Tier2,Startup,47989,17393,1,22,17,3,0.13448901798691956,0.03748820335250922,Card,0.3624372251974411,0,0
5900,30,Tier1,Startup,66877,14613,2,18,7,4,0.47158960538500333,0.3931190086148456,UPI,0.21850561478535221,1,74
5901,47,Tier2,Startup,59894,27312,2,12,12,2,0.15509415014085937,0.4792401522440545,Card,0.4560056099108425,0,1
5902,34,Tier1,SME,67246,13487,2,22,7,0,0.36100139637314044,0.23955212826565864,NetBanking,0.20056211521874906,0,1
5903,43,Tier3,Gig,69700,32385,0,23,3,5,0.32351292075441035,0.08614689261950319,Card,0.46463414634146344,1,90
5904,24,Tier1,MNC,47852,22793,2,8,14,2,0.16793672607603213,0.29284158834331137,Card,0.4763228287218925,0,1
5905,23,Tier1,SME,62897,23904,2,23,17,2,0.2161927292148316,0.05747730955425573,UPI,0.380049922889804,0,3
5906,52,Tier1,SME,30652,7322,1,20,10,2,0.16496827736807704,0.2011081472375507,UPI,0.23887511418504503,0,3
5907,36,Tier2,SME,45977,13157,2,19,7,0,0.1983824092327204,0.09944159509855774,UPI,0.28616482154120537,0,2
5908,44,Tier1,MNC,46030,11077,0,18,15,0,0.21644935392772305,0.037114422125788846,NetBanking,0.24064740386704322,0,3
5909,31,Tier2,SME,40365,7329,2,13,14,5,0.19840679737736175,0.28468899258148145,UPI,0.18156819026384244,0,1
5910,37,Tier1,SME,102655,39768,1,14,1,2,0.29952859519369945,0.05391039493331024,UPI,0.3873946714724076,1,105
5911,22,Tier2,SME,25193,6476,3,7,2,1,0.01902338329084912,0.1089770180830714,Card,0.25705553129837655,0,2
5912,46,Tier1,MNC,69132,17025,0,9,1,2,0.277474283964622,0.09648070802252728,Card,0.24626800902621074,0,2
5913,53,Tier2,MNC,45906,7861,2,13,6,1,0.3332590532028898,0.04442564809070594,Card,0.1712412320829521,0,7
5914,50,Tier2,MNC,49381,13488,1,17,16,1,0.1179277341584147,0.22096399030495809,NetBanking,0.27314149166683543,0,1
5915,53,Tier2,Startup,85958,27144,1,10,9,2,0.24152775785828992,0.029967841791917006,Card,0.31578212615463364,0,0
5916,54,Tier1,SME,58901,16437,2,10,8,1,0.1972808789342021,0.22306565577639634,Card,0.2790614760360605,0,0
5917,30,Tier3,MNC,31550,12797,1,15,4,0,0.4077160426030381,0.2527019393916787,UPI,0.40561014263074485,1,72
5918,52,Tier2,Gig,75463,16709,2,11,6,2,0.3276103787669699,0.19930084377404872,UPI,0.22141976862833443,0,0
5919,37,Tier2,MNC,67062,12939,2,13,6,2,0.26944617003136995,0.1569021865383787,UPI,0.1929408606960723,0,4
5920,40,Tier2,MNC,41528,7484,1,11,2,2,0.042082295626654186,0.02837241527080845,NetBanking,0.18021575804276632,0,1
5921,40,Tier2,Gig,40545,18018,3,12,3,2,0.1409733852887747,0.12209394541364635,NetBanking,0.4443951165371809,0,1
5922,24,Tier3,Gig,66775,16697,1,9,12,3,0.49066224560901445,0.11927673973006682,UPI,0.2500486709097716,0,5
5923,25,Tier1,SME,20121,9343,2,20,8,1,0.27833129353867814,0.10998791188492779,Card,0.4643407385318821,0,6
5924,42,Tier1,MNC,54354,14058,0,19,17,3,0.3154072453882842,0.06465093960808745,UPI,0.2586378187437907,0,1
5925,47,Tier2,Startup,32096,13994,1,22,4,0,0.10403677879275114,0.009695886245899786,NetBanking,0.4360044865403789,0,1
5926,26,Tier2,MNC,54054,10272,1,7,5,1,0.305928271340003,0.2072597119176718,UPI,0.19003219003219005,0,2
5927,39,Tier2,SME,63459,29791,2,21,11,2,0.24090117967948077,0.06463733257706925,NetBanking,0.4694527175026395,0,2
5928,38,Tier3,SME,60370,27571,2,11,17,2,0.4568595010713011,0.06800218115769421,UPI,0.45670034785489483,1,93
5929,31,Tier1,MNC,64882,27491,1,11,2,1,0.22389833724384095,0.009193340605027444,UPI,0.4237076538947628,0,0
5930,24,Tier3,MNC,41640,15878,2,10,8,2,0.06470351241728675,0.40989345853004505,Wallet,0.3813160422670509,0,3
5931,45,Tier2,MNC,50670,10877,1,13,2,1,0.1764225343732587,0.1607698624654236,UPI,0.2146635089796724,1,87
5932,38,Tier1,Startup,74212,22402,2,11,0,4,0.12521960859806372,0.08990732333225468,UPI,0.3018649275049857,0,2
5933,28,Tier1,Gig,55681,15007,3,12,4,0,0.28401280179727606,0.0517923654179631,Card,0.26951742964386416,0,5
5934,31,Tier2,MNC,45280,9519,3,19,4,1,0.11340073507273979,0.05648212800265742,UPI,0.21022526501766783,0,2
5935,35,Tier2,Gig,82925,25362,3,22,14,3,0.5374145877009956,0.0010883229449792644,UPI,0.3058426288815194,0,2
5936,25,Tier2,Gig,53592,14183,2,8,13,1,0.23295711410350586,0.06296818056072544,UPI,0.26464770861322584,0,4
5937,36,Tier3,Startup,53707,14890,0,8,13,2,0.19653783064580393,0.04432471880328281,UPI,0.27724505185543785,0,1
5938,45,Tier1,SME,43266,18669,2,14,1,1,0.38313201413093473,0.08122751642486818,UPI,0.4314935515185134,0,3
5939,46,Tier2,Gig,68255,20776,0,14,12,2,0.10529578989276385,0.051482084332499935,UPI,0.3043879569262325,0,2
5940,35,Tier3,MNC,65866,20078,2,22,0,2,0.15898393980819553,0.0013654383022789272,Card,0.3048310205568882,0,2
5941,23,Tier2,Gig,51026,10548,2,9,3,1,0.463374266583303,0.08280439618067273,UPI,0.20671814369145142,0,1
5942,37,Tier2,Gig,87097,34811,0,6,12,0,0.3247123794751701,0.01702087551549209,Card,0.3996808156423298,1,93
5943,49,Tier2,SME,83492,18051,1,15,0,0,0.03495365126301204,0.23387329840223392,Card,0.21620035452498443,0,2
5944,53,Tier1,SME,48737,13286,1,11,8,3,0.16047958101830956,0.19101850839072862,UPI,0.27260602827420644,0,2
5945,50,Tier2,Startup,73043,27583,1,11,2,1,0.11092881066676741,0.03856044641187355,NetBanking,0.3776268773188396,0,2
5946,25,Tier3,SME,51286,13520,1,8,10,0,0.32577017017078974,0.009195500974598545,UPI,0.2636197012830012,1,48
5947,35,Tier2,Startup,61355,12909,2,7,12,1,0.2787490036426963,0.04482431221303004,NetBanking,0.21039850052970419,0,1
5948,53,Tier1,Startup,52558,21613,2,13,10,3,0.6094416642458056,0.13763680456782104,UPI,0.4112218881997032,0,3
5949,42,Tier1,SME,93669,38137,1,22,5,1,0.07069688926613978,0.0160082520720625,NetBanking,0.40714644119185645,0,2
5950,37,Tier1,MNC,47137,20985,2,22,10,5,0.398975413036301,0.020691302329153047,UPI,0.4451916753293591,0,1
5951,25,Tier1,Startup,77526,26401,1,10,17,3,0.21331906766617384,0.11296584270472045,UPI,0.3405438175579805,1,116
5952,42,Tier3,MNC,74476,26716,1,11,17,2,0.11877941774544303,0.07214800183997575,Card,0.35871958751812666,0,7
5953,38,Tier1,Gig,73536,31594,1,22,10,3,0.43845253921380983,0.07270743163465962,UPI,0.4296399042645779,0,1
5954,29,Tier1,Startup,47590,17181,2,23,14,3,0.16246587408463536,0.04543881458335177,UPI,0.36102122294599703,0,2
5955,53,Tier3,MNC,81077,36661,1,23,13,1,0.13804476494009474,0.16482913905053617,UPI,0.45217509281300494,0,1
5956,43,Tier1,Startup,72837,17745,2,9,13,1,0.4799968689560257,0.34501190426643685,UPI,0.24362617900243008,0,0
5957,50,Tier2,Gig,65340,12392,1,12,10,0,0.3955745176002592,0.13810153798835628,Wallet,0.1896541169268442,1,46
5958,35,Tier3,MNC,64587,23659,3,21,0,1,0.6692404997598612,0.20820144556627207,Card,0.3663121061513927,1,32
5959,35,Tier3,SME,75059,23324,3,21,1,1,0.08071091516392077,0.03869623411006353,UPI,0.3107422161233163,0,0
5960,48,Tier2,Gig,54885,15463,1,20,1,3,0.1023259285917018,0.026757382797650574,UPI,0.2817345358476815,0,0
5961,28,Tier2,Gig,81787,31664,2,14,13,2,0.6402528032856175,0.07215693112492452,Card,0.38715199237042563,0,3
5962,37,Tier2,Gig,63614,23583,0,13,7,3,0.41164970447502414,0.024058052233403456,UPI,0.37072028169899707,0,2
5963,42,Tier2,Startup,75154,32213,1,20,13,3,0.06931750335982229,0.0453026141771864,UPI,0.42862655347686085,0,0
5964,31,Tier3,Startup,76002,28868,2,19,12,3,0.2536473153725125,0.03872024889579558,UPI,0.3798321096813242,0,0
5965,32,Tier3,MNC,70012,15644,2,16,13,0,0.47362599385920817,0.012036104033100686,UPI,0.22344740901559731,1,111
5966,40,Tier1,Startup,53644,16621,3,14,15,2,0.2173770305074148,0.014351169237910485,Card,0.30983893818507197,0,2
5967,32,Tier2,MNC,64801,23055,2,18,1,1,0.2926438140163296,0.16890767593256614,Card,0.3557815465810713,0,2
5968,53,Tier1,Startup,30085,7210,1,18,0,1,0.34107146738232774,0.4169277952132035,UPI,0.23965431278045538,1,90
5969,45,Tier1,SME,45619,15208,2,7,14,3,0.291769558411032,0.020291476821212576,UPI,0.33336986781823363,0,3
5970,54,Tier1,Startup,60302,15283,1,15,15,3,0.2777685477072209,0.12317013722112626,Card,0.2534410135650559,0,1
5971,30,Tier2,MNC,64823,17631,2,17,3,3,0.43986457997071565,0.2209583826654345,Card,0.27198679481048393,1,53
5972,38,Tier2,Gig,54949,17226,2,14,9,1,0.33497093373651693,0.0014846544083357942,Wallet,0.3134906913683598,0,1
5973,37,Tier2,SME,77896,28471,2,22,6,2,0.3287037883154583,0.00765745888394332,UPI,0.36550015405155595,0,1
5974,33,Tier2,MNC,66622,13862,0,21,13,4,0.29792321794589727,0.06386462939606675,UPI,0.20806940650235659,0,0
5975,29,Tier1,Startup,30729,15049,2,10,14,3,0.42637345243526503,0.03560409677299386,Card,0.48973282566956294,1,87
5976,51,Tier2,MNC,73047,14413,3,23,13,3,0.3272035293831123,0.1263134698652321,Card,0.19731132010897093,0,2
5977,33,Tier3,Gig,63910,27825,0,16,17,3,0.28788061453782443,0.15225525507713708,NetBanking,0.4353778751369113,0,4
5978,36,Tier1,SME,80896,20050,3,13,17,4,0.33130100619307035,0.08546804003648771,Card,0.24784909018987342,0,0
5979,35,Tier3,MNC,84681,13871,2,12,1,3,0.231023342711139,0.023191825196338393,UPI,0.16380297823596793,0,2
5980,44,Tier1,Startup,82069,27173,1,8,17,1,0.4337985235161668,0.053956579270590665,NetBanking,0.3310994407145207,0,0
5981,29,Tier2,SME,71542,23646,3,9,2,5,0.1692583702055916,0.04747336145664009,UPI,0.3305191356126471,0,2
5982,46,Tier1,Startup,81277,23011,2,14,8,2,0.122293306256756,0.013880172561370507,UPI,0.28311822532819864,0,1
5983,41,Tier1,Startup,41357,16084,1,21,0,3,0.09766075266194137,0.0372761209263252,Card,0.3889063520081244,0,1
5984,23,Tier1,SME,84304,39467,2,11,14,1,0.19406626834107946,0.00028895379603963443,UPI,0.4681509774150693,0,1
5985,39,Tier1,Startup,86789,19595,1,17,3,1,0.19544300053746225,0.1798910633646767,UPI,0.22577746027722406,0,0
5986,34,Tier1,Gig,84095,21305,2,16,17,1,0.4103308379152711,0.2819345851975187,UPI,0.25334443189250255,0,1
5987,41,Tier1,Startup,57230,23227,2,17,6,1,0.12146725013999397,0.08116096486866824,Card,0.4058535733007164,0,1
5988,30,Tier1,Gig,75013,33749,0,8,3,0,0.3185108427897671,0.028523882230660328,UPI,0.4499086824950342,1,32
5989,48,Tier1,SME,79880,18641,0,21,8,2,0.3408360515224357,0.069625774912764,Card,0.23336254381572358,0,5
5990,21,Tier3,SME,49869,18052,2,21,17,2,0.2386403121126205,0.0948401422625184,NetBanking,0.3619884096332391,0,3
5991,38,Tier1,Startup,22419,10946,2,20,4,1,0.316156826161531,0.1340380087408412,Wallet,0.48824657656452114,0,0
5992,22,Tier3,SME,66372,26859,2,22,0,2,0.4819910982391717,0.03206555135979584,Card,0.4046736575664437,0,0
5993,30,Tier1,MNC,117018,34370,2,18,5,2,0.2213815405112482,0.06538740285492083,UPI,0.293715496761182,1,98
5994,30,Tier2,Startup,27702,13499,1,13,17,2,0.1471368005182928,0.13817824407547563,UPI,0.48729333622121146,1,47
5995,51,Tier2,MNC,31616,5594,2,15,11,1,0.2548313001958835,0.14259961803965815,Card,0.17693572874493926,0,2
5996,36,Tier3,Startup,43426,14380,2,14,16,2,0.24068955586776325,0.030649855706745593,NetBanking,0.3311380279095473,0,3
5997,28,Tier3,MNC,56554,12045,0,20,6,4,0.3813132720842184,0.041814134293364405,UPI,0.21298228242034162,1,36
5998,22,Tier1,Startup,50626,17562,1,6,13,1,0.3126520326664386,0.046214073273454594,UPI,0.34689685142021887,0,2
5999,29,Tier2,MNC,56876,14398,3,20,13,2,0.212283084872495,0.079804318620566,Card,0.25314719741191366,0,2
6000,50,Tier2,Startup,67772,15729,1,18,7,0,0.3696557031517962,0.07143331423407273,Card,0.23208699758012158,0,3
